path,file_type,domain,subsystem,purpose,production_or_test,referenced_by,active_or_legacy,data_source,security_sensitive,health_safety_sensitive,tests_known,documentation_known,audit_status,reviewer,notes
mobile/lib/firebase_options.dart,dart,UNKNOWN,,Flutter production source,production,,ACTIVE,,,,,,INVENTORIED,orchestrator,
mobile/lib/main.dart,dart,APP ENTRYPOINT,,Flutter production source,production,,ACTIVE,,,,,,INVENTORIED,orchestrator,
mobile/lib/core/assets/asset_bootstrap.dart,dart,MEDIA / ANIMATION,assets,Flutter production source,production,,ACTIVE,,,,,,INVENTORIED,orchestrator,
mobile/lib/core/camera/camera_availability.dart,dart,CAMERA,camera,Flutter production source,production,,ACTIVE,,,,,,INVENTORIED,orchestrator,
mobile/lib/core/camera/camera_session.dart,dart,CAMERA,camera,Flutter production source,production,,ACTIVE,,,,,,INVENTORIED,orchestrator,
mobile/lib/core/camera/centre_crop.dart,dart,CAMERA,camera,Flutter production source,production,,ACTIVE,,,,,,INVENTORIED,orchestrator,
mobile/lib/core/camera/frame_brightness.dart,dart,CAMERA,camera,Flutter production source,production,,ACTIVE,,,,,,INVENTORIED,orchestrator,
mobile/lib/core/camera/nv21_converter.dart,dart,CAMERA,camera,Flutter production source,production,,ACTIVE,,,,,,INVENTORIED,orchestrator,
mobile/lib/core/diagnostics/debug_telemetry.dart,dart,ANALYTICS,diagnostics,Flutter production source,production,,ACTIVE,,,,,,INVENTORIED,orchestrator,
mobile/lib/core/diagnostics/debug_telemetry_sink.dart,dart,ANALYTICS,diagnostics,Flutter production source,production,,ACTIVE,,,,,,INVENTORIED,orchestrator,
mobile/lib/core/firebase/functions_region.dart,dart,FIREBASE,firebase,Flutter production source,production,,ACTIVE,,,,,,INVENTORIED,orchestrator,
mobile/lib/core/health/health_models.dart,dart,HEALTH DATA,health,Flutter production source,production,,ACTIVE,,,,,,INVENTORIED,orchestrator,
mobile/lib/core/health/health_service.dart,dart,HEALTH DATA,health,Flutter production source,production,,ACTIVE,,,,,,INVENTORIED,orchestrator,
mobile/lib/core/health/platform_health_service.dart,dart,HEALTH DATA,health,Flutter production source,production,,ACTIVE,,,,,,INVENTORIED,orchestrator,
mobile/lib/core/health/state/health_providers.dart,dart,HEALTH DATA,health,Flutter production source,production,,ACTIVE,,,,,,INVENTORIED,orchestrator,
mobile/lib/core/health/widgets/health_sync_card.dart,dart,HEALTH DATA,health,Flutter production source,production,,ACTIVE,,,,,,INVENTORIED,orchestrator,
mobile/lib/core/licences/asset_licences.dart,dart,DOCUMENTATION,licences,Flutter production source,production,,ACTIVE,,,,,,INVENTORIED,orchestrator,
mobile/lib/core/notifications/local_notification_service.dart,dart,NOTIFICATIONS,notifications,Flutter production source,production,,ACTIVE,,,,,,INVENTORIED,orchestrator,
mobile/lib/core/notifications/mock_notification_service.dart,dart,NOTIFICATIONS,notifications,Flutter production source,production,,ACTIVE,,,,,,INVENTORIED,orchestrator,
mobile/lib/core/notifications/notification_providers.dart,dart,NOTIFICATIONS,notifications,Flutter production source,production,,ACTIVE,,,,,,INVENTORIED,orchestrator,
mobile/lib/core/notifications/notification_service.dart,dart,NOTIFICATIONS,notifications,Flutter production source,production,,ACTIVE,,,,,,INVENTORIED,orchestrator,
mobile/lib/core/router/app_router.dart,dart,ROUTING,router,Flutter production source,production,,ACTIVE,,,,,,INVENTORIED,orchestrator,
mobile/lib/core/settings/app_settings.dart,dart,STATE MANAGEMENT,settings,Flutter production source,production,,ACTIVE,,,,,,INVENTORIED,orchestrator,
mobile/lib/core/settings/settings_repository.dart,dart,STATE MANAGEMENT,settings,Flutter production source,production,,ACTIVE,,,,,,INVENTORIED,orchestrator,
mobile/lib/core/settings/state/settings_providers.dart,dart,STATE MANAGEMENT,settings,Flutter production source,production,,ACTIVE,,,,,,INVENTORIED,orchestrator,
mobile/lib/core/theme/app_palette.dart,dart,DESIGN SYSTEM,theme,Flutter production source,production,,ACTIVE,,,,,,INVENTORIED,orchestrator,
mobile/lib/core/theme/app_semantic_colors.dart,dart,DESIGN SYSTEM,theme,Flutter production source,production,,ACTIVE,,,,,,INVENTORIED,orchestrator,
mobile/lib/core/theme/app_theme.dart,dart,DESIGN SYSTEM,theme,Flutter production source,production,,ACTIVE,,,,,,INVENTORIED,orchestrator,
mobile/lib/core/wear/wear_sync_service.dart,dart,WEARABLES,wear,Flutter production source,production,,ACTIVE,,,,,,INVENTORIED,orchestrator,
mobile/lib/core/wear/state/wear_providers.dart,dart,WEARABLES,wear,Flutter production source,production,,ACTIVE,,,,,,INVENTORIED,orchestrator,
mobile/lib/features/about/about_page.dart,dart,DOCUMENTATION,about,Flutter production source,production,,ACTIVE,,,,,,INVENTORIED,orchestrator,
mobile/lib/features/account_deletion/account_deletion_page.dart,dart,PRIVACY,account_deletion,Flutter production source,production,,ACTIVE,,yes,,,,INVENTORIED,orchestrator,
mobile/lib/features/account_deletion/data/account_deletion_service.dart,dart,PRIVACY,account_deletion,Flutter production source,production,,ACTIVE,,yes,,,,INVENTORIED,orchestrator,
mobile/lib/features/account_deletion/data/cloud_functions_account_deletion_service.dart,dart,PRIVACY,account_deletion,Flutter production source,production,,ACTIVE,,yes,,,,INVENTORIED,orchestrator,
mobile/lib/features/account_deletion/data/local_data_wipe.dart,dart,PRIVACY,account_deletion,Flutter production source,production,,ACTIVE,,yes,,,,INVENTORIED,orchestrator,
mobile/lib/features/account_deletion/state/account_deletion_providers.dart,dart,PRIVACY,account_deletion,Flutter production source,production,,ACTIVE,,yes,,,,INVENTORIED,orchestrator,
mobile/lib/features/ai_coach/ai_coach_context.dart,dart,AI COACH,ai_coach,Flutter production source,production,,ACTIVE,,,yes,,,INVENTORIED,orchestrator,
mobile/lib/features/ai_coach/ai_coach_service.dart,dart,AI COACH,ai_coach,Flutter production source,production,,ACTIVE,,,yes,,,INVENTORIED,orchestrator,
mobile/lib/features/ai_coach/ai_coach_sheet.dart,dart,AI COACH,ai_coach,Flutter production source,production,,ACTIVE,,,yes,,,INVENTORIED,orchestrator,
mobile/lib/features/ai_coach/ai_exercise_generator.dart,dart,AI COACH,ai_coach,Flutter production source,production,,ACTIVE,,,yes,,,INVENTORIED,orchestrator,
mobile/lib/features/ai_coach/generated_exercise_repository.dart,dart,AI COACH,ai_coach,Flutter production source,production,,ACTIVE,,,yes,,,INVENTORIED,orchestrator,
mobile/lib/features/ai_planner/ai_planner_page.dart,dart,PROGRAMME GENERATION,ai_planner,Flutter production source,production,,ACTIVE,,,yes,,,INVENTORIED,orchestrator,
mobile/lib/features/ai_planner/data/plan_builder.dart,dart,PROGRAMME GENERATION,ai_planner,Flutter production source,production,,ACTIVE,,,yes,,,INVENTORIED,orchestrator,
mobile/lib/features/ai_planner/data/workout_plan.dart,dart,PROGRAMME GENERATION,ai_planner,Flutter production source,production,,ACTIVE,,,yes,,,INVENTORIED,orchestrator,
mobile/lib/features/ai_planner/state/ai_planner_providers.dart,dart,PROGRAMME GENERATION,ai_planner,Flutter production source,production,,ACTIVE,,,yes,,,INVENTORIED,orchestrator,
mobile/lib/features/auth/login_page.dart,dart,AUTH,auth,Flutter production source,production,,ACTIVE,,yes,,,,INVENTORIED,orchestrator,
mobile/lib/features/auth/data/auth_repository.dart,dart,AUTH,auth,Flutter production source,production,,ACTIVE,,yes,,,,INVENTORIED,orchestrator,
mobile/lib/features/auth/data/auth_user.dart,dart,AUTH,auth,Flutter production source,production,,ACTIVE,,yes,,,,INVENTORIED,orchestrator,
mobile/lib/features/auth/data/firebase_auth_repository.dart,dart,AUTH,auth,Flutter production source,production,,ACTIVE,,yes,,,,INVENTORIED,orchestrator,
mobile/lib/features/auth/data/mock_auth_repository.dart,dart,AUTH,auth,Flutter production source,production,,ACTIVE,,yes,,,,INVENTORIED,orchestrator,
mobile/lib/features/auth/state/auth_providers.dart,dart,AUTH,auth,Flutter production source,production,,ACTIVE,,yes,,,,INVENTORIED,orchestrator,
mobile/lib/features/body_comp/data/body_comp_estimate.dart,dart,BODY METRICS,body_comp,Flutter production source,production,,ACTIVE,,,,,,INVENTORIED,orchestrator,
mobile/lib/features/buddy/data/buddy_match.dart,dart,COMMUNITY,buddy,Flutter production source,production,,ACTIVE,,,,,,INVENTORIED,orchestrator,
mobile/lib/features/catalog/contribute_video_page.dart,dart,EXERCISE CATALOG,catalog,Flutter production source,production,,ACTIVE,,,,,,INVENTORIED,orchestrator,
mobile/lib/features/catalog/moderation_page.dart,dart,EXERCISE CATALOG,catalog,Flutter production source,production,,ACTIVE,,,,,,INVENTORIED,orchestrator,
mobile/lib/features/catalog/data/community_video.dart,dart,EXERCISE CATALOG,catalog,Flutter production source,production,,ACTIVE,,,,,,INVENTORIED,orchestrator,
mobile/lib/features/catalog/data/community_video_repository.dart,dart,EXERCISE CATALOG,catalog,Flutter production source,production,,ACTIVE,,,,,,INVENTORIED,orchestrator,
mobile/lib/features/catalog/state/catalog_providers.dart,dart,EXERCISE CATALOG,catalog,Flutter production source,production,,ACTIVE,,,,,,INVENTORIED,orchestrator,
mobile/lib/features/celebrity_plans/celebrity_plans_page.dart,dart,PROGRAMME GENERATION,celebrity_plans,Flutter production source,production,,ACTIVE,,,,,,INVENTORIED,orchestrator,
mobile/lib/features/celebrity_plans/data/celebrity_plan.dart,dart,PROGRAMME GENERATION,celebrity_plans,Flutter production source,production,,ACTIVE,,,,,,INVENTORIED,orchestrator,
mobile/lib/features/celebrity_plans/data/celebrity_plan_repository.dart,dart,PROGRAMME GENERATION,celebrity_plans,Flutter production source,production,,ACTIVE,,,,,,INVENTORIED,orchestrator,
mobile/lib/features/celebrity_plans/state/celebrity_plan_providers.dart,dart,PROGRAMME GENERATION,celebrity_plans,Flutter production source,production,,ACTIVE,,,,,,INVENTORIED,orchestrator,
mobile/lib/features/community/team_feed_page.dart,dart,COMMUNITY,community,Flutter production source,production,,ACTIVE,,,,,,INVENTORIED,orchestrator,
mobile/lib/features/community/data/team_feed.dart,dart,COMMUNITY,community,Flutter production source,production,,ACTIVE,,,,,,INVENTORIED,orchestrator,
mobile/lib/features/community/data/team_feed_repository.dart,dart,COMMUNITY,community,Flutter production source,production,,ACTIVE,,,,,,INVENTORIED,orchestrator,
mobile/lib/features/community/state/team_feed_providers.dart,dart,COMMUNITY,community,Flutter production source,production,,ACTIVE,,,,,,INVENTORIED,orchestrator,
mobile/lib/features/cycle_aware/data/cycle_phase.dart,dart,FEMALE HEALTH,cycle_aware,Flutter production source,production,,ACTIVE,,,yes,,,INVENTORIED,orchestrator,
mobile/lib/features/data_export/backup_envelope.dart,dart,PRIVACY,data_export,Flutter production source,production,,ACTIVE,,yes,,,,INVENTORIED,orchestrator,
mobile/lib/features/data_export/backup_page.dart,dart,PRIVACY,data_export,Flutter production source,production,,ACTIVE,,yes,,,,INVENTORIED,orchestrator,
mobile/lib/features/data_export/backup_providers.dart,dart,PRIVACY,data_export,Flutter production source,production,,ACTIVE,,yes,,,,INVENTORIED,orchestrator,
mobile/lib/features/data_export/backup_transfer.dart,dart,PRIVACY,data_export,Flutter production source,production,,ACTIVE,,yes,,,,INVENTORIED,orchestrator,
mobile/lib/features/data_export/data_export.dart,dart,PRIVACY,data_export,Flutter production source,production,,ACTIVE,,yes,,,,INVENTORIED,orchestrator,
mobile/lib/features/data_export/data_export_providers.dart,dart,PRIVACY,data_export,Flutter production source,production,,ACTIVE,,yes,,,,INVENTORIED,orchestrator,
mobile/lib/features/data_export/data_export_sink.dart,dart,PRIVACY,data_export,Flutter production source,production,,ACTIVE,,yes,,,,INVENTORIED,orchestrator,
mobile/lib/features/data_export/server_export.dart,dart,PRIVACY,data_export,Flutter production source,production,,ACTIVE,,yes,,,,INVENTORIED,orchestrator,
mobile/lib/features/donor_wall/donor_wall_page.dart,dart,SUBSCRIPTIONS,donor_wall,Flutter production source,production,,ACTIVE,,,,,,INVENTORIED,orchestrator,
mobile/lib/features/donor_wall/data/cloud_donor_wall_repository.dart,dart,SUBSCRIPTIONS,donor_wall,Flutter production source,production,,ACTIVE,,,,,,INVENTORIED,orchestrator,
mobile/lib/features/donor_wall/data/donor_wall_entry.dart,dart,SUBSCRIPTIONS,donor_wall,Flutter production source,production,,ACTIVE,,,,,,INVENTORIED,orchestrator,
mobile/lib/features/donor_wall/data/donor_wall_repository.dart,dart,SUBSCRIPTIONS,donor_wall,Flutter production source,production,,ACTIVE,,,,,,INVENTORIED,orchestrator,
mobile/lib/features/donor_wall/state/donor_wall_providers.dart,dart,SUBSCRIPTIONS,donor_wall,Flutter production source,production,,ACTIVE,,,,,,INVENTORIED,orchestrator,
mobile/lib/features/equipment/equipment_detail_page.dart,dart,EXERCISE CATALOG,equipment,Flutter production source,production,,ACTIVE,,,,,,INVENTORIED,orchestrator,
mobile/lib/features/equipment/exercise_page.dart,dart,EXERCISE CATALOG,equipment,Flutter production source,production,,ACTIVE,,,,,,INVENTORIED,orchestrator,
mobile/lib/features/equipment/workout_player_page.dart,dart,EXERCISE CATALOG,equipment,Flutter production source,production,,ACTIVE,,,,,,INVENTORIED,orchestrator,
mobile/lib/features/equipment/data/anatomy_map.dart,dart,EXERCISE CATALOG,equipment,Flutter production source,production,,ACTIVE,,,,,,INVENTORIED,orchestrator,
mobile/lib/features/equipment/data/asset_equipment_repository.dart,dart,EXERCISE CATALOG,equipment,Flutter production source,production,,ACTIVE,,,,,,INVENTORIED,orchestrator,
mobile/lib/features/equipment/data/catalog_labels.dart,dart,EXERCISE CATALOG,equipment,Flutter production source,production,,ACTIVE,,,,,,INVENTORIED,orchestrator,
mobile/lib/features/equipment/data/clip_url_resolver.dart,dart,EXERCISE CATALOG,equipment,Flutter production source,production,,ACTIVE,,,,,,INVENTORIED,orchestrator,
mobile/lib/features/equipment/data/cloud_functions_equipment_report_service.dart,dart,EXERCISE CATALOG,equipment,Flutter production source,production,,ACTIVE,,,,,,INVENTORIED,orchestrator,
mobile/lib/features/equipment/data/equipment_alias_index.dart,dart,EXERCISE CATALOG,equipment,Flutter production source,production,,ACTIVE,,,,,,INVENTORIED,orchestrator,
mobile/lib/features/equipment/data/equipment_models.dart,dart,EXERCISE CATALOG,equipment,Flutter production source,production,,ACTIVE,,,,,,INVENTORIED,orchestrator,
mobile/lib/features/equipment/data/equipment_report.dart,dart,EXERCISE CATALOG,equipment,Flutter production source,production,,ACTIVE,,,,,,INVENTORIED,orchestrator,
mobile/lib/features/equipment/data/equipment_report_service.dart,dart,EXERCISE CATALOG,equipment,Flutter production source,production,,ACTIVE,,,,,,INVENTORIED,orchestrator,
mobile/lib/features/equipment/data/equipment_repository.dart,dart,EXERCISE CATALOG,equipment,Flutter production source,production,,ACTIVE,,,,,,INVENTORIED,orchestrator,
mobile/lib/features/equipment/data/exercise_filter.dart,dart,EXERCISE CATALOG,equipment,Flutter production source,production,,ACTIVE,,,,,,INVENTORIED,orchestrator,
mobile/lib/features/equipment/data/mock_equipment_report_service.dart,dart,EXERCISE CATALOG,equipment,Flutter production source,production,,ACTIVE,,,,,,INVENTORIED,orchestrator,
mobile/lib/features/equipment/data/video_failure.dart,dart,EXERCISE CATALOG,equipment,Flutter production source,production,,ACTIVE,,,,,,INVENTORIED,orchestrator,
mobile/lib/features/equipment/state/equipment_providers.dart,dart,EXERCISE CATALOG,equipment,Flutter production source,production,,ACTIVE,,,,,,INVENTORIED,orchestrator,
mobile/lib/features/equipment/state/safety_coverage_providers.dart,dart,EXERCISE CATALOG,equipment,Flutter production source,production,,ACTIVE,,,,,,INVENTORIED,orchestrator,
mobile/lib/features/equipment/widgets/equipment_report_sheet.dart,dart,EXERCISE CATALOG,equipment,Flutter production source,production,,ACTIVE,,,,,,INVENTORIED,orchestrator,
mobile/lib/features/equipment/widgets/exercise_reference.dart,dart,EXERCISE CATALOG,equipment,Flutter production source,production,,ACTIVE,,,,,,INVENTORIED,orchestrator,
mobile/lib/features/equipment/widgets/exercise_thumb.dart,dart,EXERCISE CATALOG,equipment,Flutter production source,production,,ACTIVE,,,,,,INVENTORIED,orchestrator,
mobile/lib/features/equipment/widgets/muscle_map.dart,dart,EXERCISE CATALOG,equipment,Flutter production source,production,,ACTIVE,,,,,,INVENTORIED,orchestrator,
mobile/lib/features/equipment/widgets/safety_disclosure.dart,dart,EXERCISE CATALOG,equipment,Flutter production source,production,,ACTIVE,,,,,,INVENTORIED,orchestrator,
mobile/lib/features/form_check/form_check_page.dart,dart,FORM CHECK,form_check,Flutter production source,production,,ACTIVE,,,yes,,,INVENTORIED,orchestrator,
mobile/lib/features/form_check/data/coach_phases.dart,dart,FORM CHECK,form_check,Flutter production source,production,,ACTIVE,,,yes,,,INVENTORIED,orchestrator,
mobile/lib/features/form_check/data/cue_text.dart,dart,FORM CHECK,form_check,Flutter production source,production,,ACTIVE,,,yes,,,INVENTORIED,orchestrator,
mobile/lib/features/form_check/data/form_classifier.dart,dart,FORM CHECK,form_check,Flutter production source,production,,ACTIVE,,,yes,,,INVENTORIED,orchestrator,
mobile/lib/features/form_check/data/measured_rep_configs.dart,dart,FORM CHECK,form_check,Flutter production source,production,,ACTIVE,,,yes,,,INVENTORIED,orchestrator,
mobile/lib/features/form_check/data/mlkit_pose_detector_service.dart,dart,FORM CHECK,form_check,Flutter production source,production,,ACTIVE,,,yes,,,INVENTORIED,orchestrator,
mobile/lib/features/form_check/data/pose_avatar.dart,dart,FORM CHECK,form_check,Flutter production source,production,,ACTIVE,,,yes,,,INVENTORIED,orchestrator,
mobile/lib/features/form_check/data/pose_coordinate_space.dart,dart,FORM CHECK,form_check,Flutter production source,production,,ACTIVE,,,yes,,,INVENTORIED,orchestrator,
mobile/lib/features/form_check/data/pose_detector_service.dart,dart,FORM CHECK,form_check,Flutter production source,production,,ACTIVE,,,yes,,,INVENTORIED,orchestrator,
mobile/lib/features/form_check/data/pose_gate.dart,dart,FORM CHECK,form_check,Flutter production source,production,,ACTIVE,,,yes,,,INVENTORIED,orchestrator,
mobile/lib/features/form_check/data/pose_landmark.dart,dart,FORM CHECK,form_check,Flutter production source,production,,ACTIVE,,,yes,,,INVENTORIED,orchestrator,
mobile/lib/features/form_check/data/pose_projection.dart,dart,FORM CHECK,form_check,Flutter production source,production,,ACTIVE,,,yes,,,INVENTORIED,orchestrator,
mobile/lib/features/form_check/data/pose_silhouette.dart,dart,FORM CHECK,form_check,Flutter production source,production,,ACTIVE,,,yes,,,INVENTORIED,orchestrator,
mobile/lib/features/form_check/data/pose_target.dart,dart,FORM CHECK,form_check,Flutter production source,production,,ACTIVE,,,yes,,,INVENTORIED,orchestrator,
mobile/lib/features/form_check/data/pose_unit_probe.dart,dart,FORM CHECK,form_check,Flutter production source,production,,ACTIVE,,,yes,,,INVENTORIED,orchestrator,
mobile/lib/features/form_check/data/rep_counter.dart,dart,FORM CHECK,form_check,Flutter production source,production,,ACTIVE,,,yes,,,INVENTORIED,orchestrator,
mobile/lib/features/form_check/data/rep_signals.dart,dart,FORM CHECK,form_check,Flutter production source,production,,ACTIVE,,,yes,,,INVENTORIED,orchestrator,
mobile/lib/features/form_check/data/tts_voice_coach.dart,dart,FORM CHECK,form_check,Flutter production source,production,,ACTIVE,,,yes,,,INVENTORIED,orchestrator,
mobile/lib/features/form_check/data/voice_coach.dart,dart,FORM CHECK,form_check,Flutter production source,production,,ACTIVE,,,yes,,,INVENTORIED,orchestrator,
mobile/lib/features/form_check/state/coach_phase_providers.dart,dart,FORM CHECK,form_check,Flutter production source,production,,ACTIVE,,,yes,,,INVENTORIED,orchestrator,
mobile/lib/features/form_check/state/form_check_providers.dart,dart,FORM CHECK,form_check,Flutter production source,production,,ACTIVE,,,yes,,,INVENTORIED,orchestrator,
mobile/lib/features/form_check/widgets/camera_flip_button.dart,dart,FORM CHECK,form_check,Flutter production source,production,,ACTIVE,,,yes,,,INVENTORIED,orchestrator,
mobile/lib/features/form_check/widgets/coach_intro_cards.dart,dart,FORM CHECK,form_check,Flutter production source,production,,ACTIVE,,,yes,,,INVENTORIED,orchestrator,
mobile/lib/features/form_check/widgets/coach_readiness_band.dart,dart,FORM CHECK,form_check,Flutter production source,production,,ACTIVE,,,yes,,,INVENTORIED,orchestrator,
mobile/lib/features/goal_photo/data/goal_photo_request.dart,dart,AI COACH,goal_photo,Flutter production source,production,,ACTIVE,,,,,,INVENTORIED,orchestrator,
mobile/lib/features/home/home_page.dart,dart,HOME,home,Flutter production source,production,,ACTIVE,,,,,,INVENTORIED,orchestrator,
mobile/lib/features/home/data/home_dashboard.dart,dart,HOME,home,Flutter production source,production,,ACTIVE,,,,,,INVENTORIED,orchestrator,
mobile/lib/features/home/data/suggestion_builder.dart,dart,HOME,home,Flutter production source,production,,ACTIVE,,,,,,INVENTORIED,orchestrator,
mobile/lib/features/home/state/home_dashboard_providers.dart,dart,HOME,home,Flutter production source,production,,ACTIVE,,,,,,INVENTORIED,orchestrator,
mobile/lib/features/home/state/suggestion_providers.dart,dart,HOME,home,Flutter production source,production,,ACTIVE,,,,,,INVENTORIED,orchestrator,
mobile/lib/features/legal/legal_body.dart,dart,PRIVACY,legal,Flutter production source,production,,ACTIVE,,yes,,,,INVENTORIED,orchestrator,
mobile/lib/features/legal/privacy_page.dart,dart,PRIVACY,legal,Flutter production source,production,,ACTIVE,,yes,,,,INVENTORIED,orchestrator,
mobile/lib/features/legal/terms_page.dart,dart,PRIVACY,legal,Flutter production source,production,,ACTIVE,,yes,,,,INVENTORIED,orchestrator,
mobile/lib/features/licences/licences_page.dart,dart,DOCUMENTATION,licences,Flutter production source,production,,ACTIVE,,,,,,INVENTORIED,orchestrator,
mobile/lib/features/marketplace/marketplace_page.dart,dart,SUBSCRIPTIONS,marketplace,Flutter production source,production,,ACTIVE,,,,,,INVENTORIED,orchestrator,
mobile/lib/features/marketplace/data/coach_listing.dart,dart,SUBSCRIPTIONS,marketplace,Flutter production source,production,,ACTIVE,,,,,,INVENTORIED,orchestrator,
mobile/lib/features/marketplace/data/coach_marketplace_service.dart,dart,SUBSCRIPTIONS,marketplace,Flutter production source,production,,ACTIVE,,,,,,INVENTORIED,orchestrator,
mobile/lib/features/marketplace/state/marketplace_providers.dart,dart,SUBSCRIPTIONS,marketplace,Flutter production source,production,,ACTIVE,,,,,,INVENTORIED,orchestrator,
mobile/lib/features/moments/data/moment.dart,dart,PROGRESS,moments,Flutter production source,production,,ACTIVE,,,,,,INVENTORIED,orchestrator,
mobile/lib/features/moments/data/moment_repository.dart,dart,PROGRESS,moments,Flutter production source,production,,ACTIVE,,,,,,INVENTORIED,orchestrator,
mobile/lib/features/moments/data/prefs_moment_repository.dart,dart,PROGRESS,moments,Flutter production source,production,,ACTIVE,,,,,,INVENTORIED,orchestrator,
mobile/lib/features/moments/state/moment_providers.dart,dart,PROGRESS,moments,Flutter production source,production,,ACTIVE,,,,,,INVENTORIED,orchestrator,
mobile/lib/features/moments/widgets/day3_welcome_modal.dart,dart,PROGRESS,moments,Flutter production source,production,,ACTIVE,,,,,,INVENTORIED,orchestrator,
mobile/lib/features/onboarding/onboarding_page.dart,dart,ONBOARDING,onboarding,Flutter production source,production,,ACTIVE,,,yes,,,INVENTORIED,orchestrator,
mobile/lib/features/onboarding/data/body_metrics.dart,dart,ONBOARDING,onboarding,Flutter production source,production,,ACTIVE,,,yes,,,INVENTORIED,orchestrator,
mobile/lib/features/onboarding/data/step_answered.dart,dart,ONBOARDING,onboarding,Flutter production source,production,,ACTIVE,,,yes,,,INVENTORIED,orchestrator,
mobile/lib/features/onboarding/state/plan_preview_provider.dart,dart,ONBOARDING,onboarding,Flutter production source,production,,ACTIVE,,,yes,,,INVENTORIED,orchestrator,
mobile/lib/features/onboarding/state/questionnaire_notifier.dart,dart,ONBOARDING,onboarding,Flutter production source,production,,ACTIVE,,,yes,,,INVENTORIED,orchestrator,
mobile/lib/features/onboarding/steps/step_barriers.dart,dart,ONBOARDING,onboarding,Flutter production source,production,,ACTIVE,,,yes,,,INVENTORIED,orchestrator,
mobile/lib/features/onboarding/steps/step_body.dart,dart,ONBOARDING,onboarding,Flutter production source,production,,ACTIVE,,,yes,,,INVENTORIED,orchestrator,
mobile/lib/features/onboarding/steps/step_equipment.dart,dart,ONBOARDING,onboarding,Flutter production source,production,,ACTIVE,,,yes,,,INVENTORIED,orchestrator,
mobile/lib/features/onboarding/steps/step_goal_and_level.dart,dart,ONBOARDING,onboarding,Flutter production source,production,,ACTIVE,,,yes,,,INVENTORIED,orchestrator,
mobile/lib/features/onboarding/steps/step_health.dart,dart,ONBOARDING,onboarding,Flutter production source,production,,ACTIVE,,,yes,,,INVENTORIED,orchestrator,
mobile/lib/features/onboarding/steps/step_health_flags.dart,dart,ONBOARDING,onboarding,Flutter production source,production,,ACTIVE,,,yes,,,INVENTORIED,orchestrator,
mobile/lib/features/onboarding/steps/step_lifestyle.dart,dart,ONBOARDING,onboarding,Flutter production source,production,,ACTIVE,,,yes,,,INVENTORIED,orchestrator,
mobile/lib/features/onboarding/steps/step_personal.dart,dart,ONBOARDING,onboarding,Flutter production source,production,,ACTIVE,,,yes,,,INVENTORIED,orchestrator,
mobile/lib/features/onboarding/steps/step_preview.dart,dart,ONBOARDING,onboarding,Flutter production source,production,,ACTIVE,,,yes,,,INVENTORIED,orchestrator,
mobile/lib/features/onboarding/steps/step_schedule.dart,dart,ONBOARDING,onboarding,Flutter production source,production,,ACTIVE,,,yes,,,INVENTORIED,orchestrator,
mobile/lib/features/onboarding/steps/step_screening.dart,dart,ONBOARDING,onboarding,Flutter production source,production,,ACTIVE,,,yes,,,INVENTORIED,orchestrator,
mobile/lib/features/onboarding/widgets/body_metric_cards.dart,dart,ONBOARDING,onboarding,Flutter production source,production,,ACTIVE,,,yes,,,INVENTORIED,orchestrator,
mobile/lib/features/onboarding/widgets/body_zone_map.dart,dart,ONBOARDING,onboarding,Flutter production source,production,,ACTIVE,,,yes,,,INVENTORIED,orchestrator,
mobile/lib/features/onboarding/widgets/inputs.dart,dart,ONBOARDING,onboarding,Flutter production source,production,,ACTIVE,,,yes,,,INVENTORIED,orchestrator,
mobile/lib/features/onboarding/widgets/measure_ruler.dart,dart,ONBOARDING,onboarding,Flutter production source,production,,ACTIVE,,,yes,,,INVENTORIED,orchestrator,
mobile/lib/features/onboarding/widgets/ob_shell.dart,dart,ONBOARDING,onboarding,Flutter production source,production,,ACTIVE,,,yes,,,INVENTORIED,orchestrator,
mobile/lib/features/personalisation/data/fitness_model.dart,dart,RECOMMENDATION ENGINE,personalisation,Flutter production source,production,,ACTIVE,,,,,,INVENTORIED,orchestrator,
mobile/lib/features/personalisation/data/for_you_ranker.dart,dart,RECOMMENDATION ENGINE,personalisation,Flutter production source,production,,ACTIVE,,,,,,INVENTORIED,orchestrator,
mobile/lib/features/personalisation/data/volume_ledger.dart,dart,RECOMMENDATION ENGINE,personalisation,Flutter production source,production,,ACTIVE,,,,,,INVENTORIED,orchestrator,
mobile/lib/features/personalisation/state/personalisation_providers.dart,dart,RECOMMENDATION ENGINE,personalisation,Flutter production source,production,,ACTIVE,,,,,,INVENTORIED,orchestrator,
mobile/lib/features/posture/posture_page.dart,dart,FORM CHECK,posture,Flutter production source,production,,ACTIVE,,,yes,,,INVENTORIED,orchestrator,
mobile/lib/features/posture/data/measured_posture_config.dart,dart,FORM CHECK,posture,Flutter production source,production,,ACTIVE,,,yes,,,INVENTORIED,orchestrator,
mobile/lib/features/posture/data/posture_metrics.dart,dart,FORM CHECK,posture,Flutter production source,production,,ACTIVE,,,yes,,,INVENTORIED,orchestrator,
mobile/lib/features/posture/state/posture_providers.dart,dart,FORM CHECK,posture,Flutter production source,production,,ACTIVE,,,yes,,,INVENTORIED,orchestrator,
mobile/lib/features/profile/injuries_page.dart,dart,PROFILE,profile,Flutter production source,production,,ACTIVE,,,yes,,,INVENTORIED,orchestrator,
mobile/lib/features/profile/profile_page.dart,dart,PROFILE,profile,Flutter production source,production,,ACTIVE,,,yes,,,INVENTORIED,orchestrator,
mobile/lib/features/profile/data/device_health_profile_repository.dart,dart,PROFILE,profile,Flutter production source,production,,ACTIVE,,,yes,,,INVENTORIED,orchestrator,
mobile/lib/features/profile/data/firestore_profile_repository.dart,dart,PROFILE,profile,Flutter production source,production,,ACTIVE,,,yes,,,INVENTORIED,orchestrator,
mobile/lib/features/profile/data/injury_regions.dart,dart,PROFILE,profile,Flutter production source,production,,ACTIVE,,,yes,,,INVENTORIED,orchestrator,
mobile/lib/features/profile/data/local_sensitive_store.dart,dart,PROFILE,profile,Flutter production source,production,,ACTIVE,,,yes,,,INVENTORIED,orchestrator,
mobile/lib/features/profile/data/mock_profile_repository.dart,dart,PROFILE,profile,Flutter production source,production,,ACTIVE,,,yes,,,INVENTORIED,orchestrator,
mobile/lib/features/profile/data/profile_models.dart,dart,PROFILE,profile,Flutter production source,production,,ACTIVE,,,yes,,,INVENTORIED,orchestrator,
mobile/lib/features/profile/data/profile_repository.dart,dart,PROFILE,profile,Flutter production source,production,,ACTIVE,,,yes,,,INVENTORIED,orchestrator,
mobile/lib/features/profile/data/sensitive_profile.dart,dart,PROFILE,profile,Flutter production source,production,,ACTIVE,,,yes,,,INVENTORIED,orchestrator,
mobile/lib/features/profile/state/profile_providers.dart,dart,PROFILE,profile,Flutter production source,production,,ACTIVE,,,yes,,,INVENTORIED,orchestrator,
mobile/lib/features/programmes/data/firestore_programme_repository.dart,dart,PROGRAMME GENERATION,programmes,Flutter production source,production,,ACTIVE,,,yes,,,INVENTORIED,orchestrator,
mobile/lib/features/programmes/data/mock_programme_repository.dart,dart,PROGRAMME GENERATION,programmes,Flutter production source,production,,ACTIVE,,,yes,,,INVENTORIED,orchestrator,
mobile/lib/features/programmes/data/movement_role.dart,dart,PROGRAMME GENERATION,programmes,Flutter production source,production,,ACTIVE,,,yes,,,INVENTORIED,orchestrator,
mobile/lib/features/programmes/data/programme.dart,dart,PROGRAMME GENERATION,programmes,Flutter production source,production,,ACTIVE,,,yes,,,INVENTORIED,orchestrator,
mobile/lib/features/programmes/data/programme_builder.dart,dart,PROGRAMME GENERATION,programmes,Flutter production source,production,,ACTIVE,,,yes,,,INVENTORIED,orchestrator,
mobile/lib/features/programmes/data/programme_fit.dart,dart,PROGRAMME GENERATION,programmes,Flutter production source,production,,ACTIVE,,,yes,,,INVENTORIED,orchestrator,
mobile/lib/features/programmes/data/programme_labels.dart,dart,PROGRAMME GENERATION,programmes,Flutter production source,production,,ACTIVE,,,yes,,,INVENTORIED,orchestrator,
mobile/lib/features/programmes/data/programme_repository.dart,dart,PROGRAMME GENERATION,programmes,Flutter production source,production,,ACTIVE,,,yes,,,INVENTORIED,orchestrator,
mobile/lib/features/programmes/data/programme_schedule.dart,dart,PROGRAMME GENERATION,programmes,Flutter production source,production,,ACTIVE,,,yes,,,INVENTORIED,orchestrator,
mobile/lib/features/programmes/data/programme_specs.dart,dart,PROGRAMME GENERATION,programmes,Flutter production source,production,,ACTIVE,,,yes,,,INVENTORIED,orchestrator,
mobile/lib/features/programmes/data/programme_templates.dart,dart,PROGRAMME GENERATION,programmes,Flutter production source,production,,ACTIVE,,,yes,,,INVENTORIED,orchestrator,
mobile/lib/features/programmes/state/programme_providers.dart,dart,PROGRAMME GENERATION,programmes,Flutter production source,production,,ACTIVE,,,yes,,,INVENTORIED,orchestrator,
mobile/lib/features/progress/progress_page.dart,dart,PROGRESS,progress,Flutter production source,production,,ACTIVE,,,,,,INVENTORIED,orchestrator,
mobile/lib/features/progress/data/progress_charts.dart,dart,PROGRESS,progress,Flutter production source,production,,ACTIVE,,,,,,INVENTORIED,orchestrator,
mobile/lib/features/progress/data/progress_stats.dart,dart,PROGRESS,progress,Flutter production source,production,,ACTIVE,,,,,,INVENTORIED,orchestrator,
mobile/lib/features/progress_photos/progress_photos_page.dart,dart,PHOTOS,progress_photos,Flutter production source,production,,ACTIVE,,yes,,,,INVENTORIED,orchestrator,
mobile/lib/features/progress_photos/data/aes_photo_cipher.dart,dart,PHOTOS,progress_photos,Flutter production source,production,,ACTIVE,,yes,,,,INVENTORIED,orchestrator,
mobile/lib/features/progress_photos/data/local_progress_photos_repository.dart,dart,PHOTOS,progress_photos,Flutter production source,production,,ACTIVE,,yes,,,,INVENTORIED,orchestrator,
mobile/lib/features/progress_photos/data/photo_consent.dart,dart,PHOTOS,progress_photos,Flutter production source,production,,ACTIVE,,yes,,,,INVENTORIED,orchestrator,
mobile/lib/features/progress_photos/data/photo_directory.dart,dart,PHOTOS,progress_photos,Flutter production source,production,,ACTIVE,,yes,,,,INVENTORIED,orchestrator,
mobile/lib/features/progress_photos/data/photo_encryption.dart,dart,PHOTOS,progress_photos,Flutter production source,production,,ACTIVE,,yes,,,,INVENTORIED,orchestrator,
mobile/lib/features/progress_photos/data/photo_key_store.dart,dart,PHOTOS,progress_photos,Flutter production source,production,,ACTIVE,,yes,,,,INVENTORIED,orchestrator,
mobile/lib/features/progress_photos/data/photo_store.dart,dart,PHOTOS,progress_photos,Flutter production source,production,,ACTIVE,,yes,,,,INVENTORIED,orchestrator,
mobile/lib/features/progress_photos/data/photo_timeline.dart,dart,PHOTOS,progress_photos,Flutter production source,production,,ACTIVE,,yes,,,,INVENTORIED,orchestrator,
mobile/lib/features/progress_photos/data/progress_photo.dart,dart,PHOTOS,progress_photos,Flutter production source,production,,ACTIVE,,yes,,,,INVENTORIED,orchestrator,
mobile/lib/features/progress_photos/state/progress_photos_providers.dart,dart,PHOTOS,progress_photos,Flutter production source,production,,ACTIVE,,yes,,,,INVENTORIED,orchestrator,
mobile/lib/features/progress_photos/widgets/photo_bitmap.dart,dart,PHOTOS,progress_photos,Flutter production source,production,,ACTIVE,,yes,,,,INVENTORIED,orchestrator,
mobile/lib/features/progress_photos/widgets/photo_capture_sheet.dart,dart,PHOTOS,progress_photos,Flutter production source,production,,ACTIVE,,yes,,,,INVENTORIED,orchestrator,
mobile/lib/features/progress_photos/widgets/photo_consent_sheet.dart,dart,PHOTOS,progress_photos,Flutter production source,production,,ACTIVE,,yes,,,,INVENTORIED,orchestrator,
mobile/lib/features/progress_photos/widgets/photo_delete_sheet.dart,dart,PHOTOS,progress_photos,Flutter production source,production,,ACTIVE,,yes,,,,INVENTORIED,orchestrator,
mobile/lib/features/progress_photos/widgets/photo_details_sheet.dart,dart,PHOTOS,progress_photos,Flutter production source,production,,ACTIVE,,yes,,,,INVENTORIED,orchestrator,
mobile/lib/features/progress_photos/widgets/photo_review_screen.dart,dart,PHOTOS,progress_photos,Flutter production source,production,,ACTIVE,,yes,,,,INVENTORIED,orchestrator,
mobile/lib/features/recovery/data/deload_detector.dart,dart,RECOVERY,recovery,Flutter production source,production,,ACTIVE,,,yes,,,INVENTORIED,orchestrator,
mobile/lib/features/recovery/state/recovery_providers.dart,dart,RECOVERY,recovery,Flutter production source,production,,ACTIVE,,,yes,,,INVENTORIED,orchestrator,
mobile/lib/features/recovery/widgets/deload_banner.dart,dart,RECOVERY,recovery,Flutter production source,production,,ACTIVE,,,yes,,,INVENTORIED,orchestrator,
mobile/lib/features/safety/data/eligibility.dart,dart,INJURY SAFETY,safety,Flutter production source,production,,ACTIVE,,yes,yes,,,INVENTORIED,orchestrator,
mobile/lib/features/safety/data/health_flags.dart,dart,INJURY SAFETY,safety,Flutter production source,production,,ACTIVE,,yes,yes,,,INVENTORIED,orchestrator,
mobile/lib/features/safety/data/par_q.dart,dart,INJURY SAFETY,safety,Flutter production source,production,,ACTIVE,,yes,yes,,,INVENTORIED,orchestrator,
mobile/lib/features/safety/state/eligibility_providers.dart,dart,INJURY SAFETY,safety,Flutter production source,production,,ACTIVE,,yes,yes,,,INVENTORIED,orchestrator,
mobile/lib/features/safety/state/safety_providers.dart,dart,INJURY SAFETY,safety,Flutter production source,production,,ACTIVE,,yes,yes,,,INVENTORIED,orchestrator,
mobile/lib/features/safety/widgets/eligibility_notice.dart,dart,INJURY SAFETY,safety,Flutter production source,production,,ACTIVE,,yes,yes,,,INVENTORIED,orchestrator,
mobile/lib/features/safety/widgets/safety_refusal_card.dart,dart,INJURY SAFETY,safety,Flutter production source,production,,ACTIVE,,yes,yes,,,INVENTORIED,orchestrator,
mobile/lib/features/scanner/scanner_page.dart,dart,SCANNER,scanner,Flutter production source,production,,ACTIVE,,,,,,INVENTORIED,orchestrator,
mobile/lib/features/scanner/widgets/scan_frame.dart,dart,SCANNER,scanner,Flutter production source,production,,ACTIVE,,,,,,INVENTORIED,orchestrator,
mobile/lib/features/sdk_export/data/sdk_export_config.dart,dart,LEGACY,sdk_export,Flutter production source,production,,ACTIVE,,,,,,INVENTORIED,orchestrator,
mobile/lib/features/settings/settings_page.dart,dart,DESIGN SYSTEM,settings,Flutter production source,production,,ACTIVE,,,,,,INVENTORIED,orchestrator,
mobile/lib/features/social_feed/social_feed_page.dart,dart,COMMUNITY,social_feed,Flutter production source,production,,ACTIVE,,,,,,INVENTORIED,orchestrator,
mobile/lib/features/social_feed/data/social_feed_repository.dart,dart,COMMUNITY,social_feed,Flutter production source,production,,ACTIVE,,,,,,INVENTORIED,orchestrator,
mobile/lib/features/social_feed/data/social_post.dart,dart,COMMUNITY,social_feed,Flutter production source,production,,ACTIVE,,,,,,INVENTORIED,orchestrator,
mobile/lib/features/social_feed/state/social_feed_providers.dart,dart,COMMUNITY,social_feed,Flutter production source,production,,ACTIVE,,,,,,INVENTORIED,orchestrator,
mobile/lib/features/splash/splash_page.dart,dart,APP ENTRYPOINT,splash,Flutter production source,production,,ACTIVE,,,,,,INVENTORIED,orchestrator,
mobile/lib/features/subscription/subscription_page.dart,dart,SUBSCRIPTIONS,subscription,Flutter production source,production,,ACTIVE,,yes,,,,INVENTORIED,orchestrator,
mobile/lib/features/subscription/data/cloud_functions_stripe_service.dart,dart,SUBSCRIPTIONS,subscription,Flutter production source,production,,ACTIVE,,yes,,,,INVENTORIED,orchestrator,
mobile/lib/features/subscription/data/feature_gates.dart,dart,SUBSCRIPTIONS,subscription,Flutter production source,production,,ACTIVE,,yes,,,,INVENTORIED,orchestrator,
mobile/lib/features/subscription/data/firestore_subscription_repository.dart,dart,SUBSCRIPTIONS,subscription,Flutter production source,production,,ACTIVE,,yes,,,,INVENTORIED,orchestrator,
mobile/lib/features/subscription/data/mock_stripe_checkout_service.dart,dart,SUBSCRIPTIONS,subscription,Flutter production source,production,,ACTIVE,,yes,,,,INVENTORIED,orchestrator,
mobile/lib/features/subscription/data/mock_subscription_repository.dart,dart,SUBSCRIPTIONS,subscription,Flutter production source,production,,ACTIVE,,yes,,,,INVENTORIED,orchestrator,
mobile/lib/features/subscription/data/stripe_checkout_service.dart,dart,SUBSCRIPTIONS,subscription,Flutter production source,production,,ACTIVE,,yes,,,,INVENTORIED,orchestrator,
mobile/lib/features/subscription/data/subscription_models.dart,dart,SUBSCRIPTIONS,subscription,Flutter production source,production,,ACTIVE,,yes,,,,INVENTORIED,orchestrator,
mobile/lib/features/subscription/data/subscription_repository.dart,dart,SUBSCRIPTIONS,subscription,Flutter production source,production,,ACTIVE,,yes,,,,INVENTORIED,orchestrator,
mobile/lib/features/subscription/state/subscription_providers.dart,dart,SUBSCRIPTIONS,subscription,Flutter production source,production,,ACTIVE,,yes,,,,INVENTORIED,orchestrator,
mobile/lib/features/visual_equipment/data/firestore_machine_cards.dart,dart,ML INFERENCE,visual_equipment,Flutter production source,production,,ACTIVE,,,,,,INVENTORIED,orchestrator,
mobile/lib/features/visual_equipment/data/firestore_recognition_history.dart,dart,ML INFERENCE,visual_equipment,Flutter production source,production,,ACTIVE,,,,,,INVENTORIED,orchestrator,
mobile/lib/features/visual_equipment/data/gemini_equipment_service.dart,dart,ML INFERENCE,visual_equipment,Flutter production source,production,,ACTIVE,,,,,,INVENTORIED,orchestrator,
mobile/lib/features/visual_equipment/data/live_equipment_service.dart,dart,ML INFERENCE,visual_equipment,Flutter production source,production,,ACTIVE,,,,,,INVENTORIED,orchestrator,
mobile/lib/features/visual_equipment/data/live_recognition.dart,dart,ML INFERENCE,visual_equipment,Flutter production source,production,,ACTIVE,,,,,,INVENTORIED,orchestrator,
mobile/lib/features/visual_equipment/data/machine_card.dart,dart,ML INFERENCE,visual_equipment,Flutter production source,production,,ACTIVE,,,,,,INVENTORIED,orchestrator,
mobile/lib/features/visual_equipment/data/machine_card_repository.dart,dart,ML INFERENCE,visual_equipment,Flutter production source,production,,ACTIVE,,,,,,INVENTORIED,orchestrator,
mobile/lib/features/visual_equipment/data/machine_describer.dart,dart,ML INFERENCE,visual_equipment,Flutter production source,production,,ACTIVE,,,,,,INVENTORIED,orchestrator,
mobile/lib/features/visual_equipment/data/machine_text_anchor.dart,dart,ML INFERENCE,visual_equipment,Flutter production source,production,,ACTIVE,,,,,,INVENTORIED,orchestrator,
mobile/lib/features/visual_equipment/data/mlkit_live_equipment_service.dart,dart,ML INFERENCE,visual_equipment,Flutter production source,production,,ACTIVE,,,,,,INVENTORIED,orchestrator,
mobile/lib/features/visual_equipment/data/mlkit_text_recogniser.dart,dart,ML INFERENCE,visual_equipment,Flutter production source,production,,ACTIVE,,,,,,INVENTORIED,orchestrator,
mobile/lib/features/visual_equipment/data/mlkit_visual_equipment_service.dart,dart,ML INFERENCE,visual_equipment,Flutter production source,production,,ACTIVE,,,,,,INVENTORIED,orchestrator,
mobile/lib/features/visual_equipment/data/recognition_history.dart,dart,ML INFERENCE,visual_equipment,Flutter production source,production,,ACTIVE,,,,,,INVENTORIED,orchestrator,
mobile/lib/features/visual_equipment/data/scan_outcome.dart,dart,ML INFERENCE,visual_equipment,Flutter production source,production,,ACTIVE,,,,,,INVENTORIED,orchestrator,
mobile/lib/features/visual_equipment/data/visual_equipment_match.dart,dart,ML INFERENCE,visual_equipment,Flutter production source,production,,ACTIVE,,,,,,INVENTORIED,orchestrator,
mobile/lib/features/visual_equipment/data/visual_equipment_service.dart,dart,ML INFERENCE,visual_equipment,Flutter production source,production,,ACTIVE,,,,,,INVENTORIED,orchestrator,
mobile/lib/features/visual_equipment/state/live_equipment_providers.dart,dart,ML INFERENCE,visual_equipment,Flutter production source,production,,ACTIVE,,,,,,INVENTORIED,orchestrator,
mobile/lib/features/visual_equipment/state/machine_card_providers.dart,dart,ML INFERENCE,visual_equipment,Flutter production source,production,,ACTIVE,,,,,,INVENTORIED,orchestrator,
mobile/lib/features/visual_equipment/state/recognition_history_providers.dart,dart,ML INFERENCE,visual_equipment,Flutter production source,production,,ACTIVE,,,,,,INVENTORIED,orchestrator,
mobile/lib/features/visual_equipment/state/visual_equipment_providers.dart,dart,ML INFERENCE,visual_equipment,Flutter production source,production,,ACTIVE,,,,,,INVENTORIED,orchestrator,
mobile/lib/features/visual_equipment/widgets/live_equipment_preview.dart,dart,ML INFERENCE,visual_equipment,Flutter production source,production,,ACTIVE,,,,,,INVENTORIED,orchestrator,
mobile/lib/features/visual_equipment/widgets/machine_card_view.dart,dart,ML INFERENCE,visual_equipment,Flutter production source,production,,ACTIVE,,,,,,INVENTORIED,orchestrator,
mobile/lib/features/voice/data/voice_command.dart,dart,VOICE,voice,Flutter production source,production,,ACTIVE,,,,,,INVENTORIED,orchestrator,
mobile/lib/features/workouts/workouts_page.dart,dart,WORKOUT PLAYER,workouts,Flutter production source,production,,ACTIVE,,,,,,INVENTORIED,orchestrator,
mobile/lib/features/workouts/workout_summary_page.dart,dart,WORKOUT PLAYER,workouts,Flutter production source,production,,ACTIVE,,,,,,INVENTORIED,orchestrator,
mobile/lib/features/workouts/data/cue_player.dart,dart,WORKOUT PLAYER,workouts,Flutter production source,production,,ACTIVE,,,,,,INVENTORIED,orchestrator,
mobile/lib/features/workouts/data/day_result.dart,dart,WORKOUT PLAYER,workouts,Flutter production source,production,,ACTIVE,,,,,,INVENTORIED,orchestrator,
mobile/lib/features/workouts/data/firestore_scheduled_session_repository.dart,dart,WORKOUT PLAYER,workouts,Flutter production source,production,,ACTIVE,,,,,,INVENTORIED,orchestrator,
mobile/lib/features/workouts/data/firestore_workout_log_repository.dart,dart,WORKOUT PLAYER,workouts,Flutter production source,production,,ACTIVE,,,,,,INVENTORIED,orchestrator,
mobile/lib/features/workouts/data/firestore_workout_session_repository.dart,dart,WORKOUT PLAYER,workouts,Flutter production source,production,,ACTIVE,,,,,,INVENTORIED,orchestrator,
mobile/lib/features/workouts/data/mock_scheduled_session_repository.dart,dart,WORKOUT PLAYER,workouts,Flutter production source,production,,ACTIVE,,,,,,INVENTORIED,orchestrator,
mobile/lib/features/workouts/data/mock_workout_log_repository.dart,dart,WORKOUT PLAYER,workouts,Flutter production source,production,,ACTIVE,,,,,,INVENTORIED,orchestrator,
mobile/lib/features/workouts/data/mock_workout_session_repository.dart,dart,WORKOUT PLAYER,workouts,Flutter production source,production,,ACTIVE,,,,,,INVENTORIED,orchestrator,
mobile/lib/features/workouts/data/offline_video_cache.dart,dart,WORKOUT PLAYER,workouts,Flutter production source,production,,ACTIVE,,,,,,INVENTORIED,orchestrator,
mobile/lib/features/workouts/data/progression.dart,dart,WORKOUT PLAYER,workouts,Flutter production source,production,,ACTIVE,,,,,,INVENTORIED,orchestrator,
mobile/lib/features/workouts/data/scheduled_session.dart,dart,WORKOUT PLAYER,workouts,Flutter production source,production,,ACTIVE,,,,,,INVENTORIED,orchestrator,
mobile/lib/features/workouts/data/scheduled_session_repository.dart,dart,WORKOUT PLAYER,workouts,Flutter production source,production,,ACTIVE,,,,,,INVENTORIED,orchestrator,
mobile/lib/features/workouts/data/session_digest.dart,dart,WORKOUT PLAYER,workouts,Flutter production source,production,,ACTIVE,,,,,,INVENTORIED,orchestrator,
mobile/lib/features/workouts/data/set_capture.dart,dart,WORKOUT PLAYER,workouts,Flutter production source,production,,ACTIVE,,,,,,INVENTORIED,orchestrator,
mobile/lib/features/workouts/data/set_session.dart,dart,WORKOUT PLAYER,workouts,Flutter production source,production,,ACTIVE,,,,,,INVENTORIED,orchestrator,
mobile/lib/features/workouts/data/workout_log.dart,dart,WORKOUT PLAYER,workouts,Flutter production source,production,,ACTIVE,,,,,,INVENTORIED,orchestrator,
mobile/lib/features/workouts/data/workout_log_repository.dart,dart,WORKOUT PLAYER,workouts,Flutter production source,production,,ACTIVE,,,,,,INVENTORIED,orchestrator,
mobile/lib/features/workouts/data/workout_log_totals.dart,dart,WORKOUT PLAYER,workouts,Flutter production source,production,,ACTIVE,,,,,,INVENTORIED,orchestrator,
mobile/lib/features/workouts/data/workout_session.dart,dart,WORKOUT PLAYER,workouts,Flutter production source,production,,ACTIVE,,,,,,INVENTORIED,orchestrator,
mobile/lib/features/workouts/data/workout_session_repository.dart,dart,WORKOUT PLAYER,workouts,Flutter production source,production,,ACTIVE,,,,,,INVENTORIED,orchestrator,
mobile/lib/features/workouts/state/day_result_providers.dart,dart,WORKOUT PLAYER,workouts,Flutter production source,production,,ACTIVE,,,,,,INVENTORIED,orchestrator,
mobile/lib/features/workouts/state/offline_video_providers.dart,dart,WORKOUT PLAYER,workouts,Flutter production source,production,,ACTIVE,,,,,,INVENTORIED,orchestrator,
mobile/lib/features/workouts/state/rest_timer_providers.dart,dart,WORKOUT PLAYER,workouts,Flutter production source,production,,ACTIVE,,,,,,INVENTORIED,orchestrator,
mobile/lib/features/workouts/state/scheduled_session_providers.dart,dart,WORKOUT PLAYER,workouts,Flutter production source,production,,ACTIVE,,,,,,INVENTORIED,orchestrator,
mobile/lib/features/workouts/state/session_digest_providers.dart,dart,WORKOUT PLAYER,workouts,Flutter production source,production,,ACTIVE,,,,,,INVENTORIED,orchestrator,
mobile/lib/features/workouts/state/session_screening_providers.dart,dart,WORKOUT PLAYER,workouts,Flutter production source,production,,ACTIVE,,,,,,INVENTORIED,orchestrator,
mobile/lib/features/workouts/state/set_timer_providers.dart,dart,WORKOUT PLAYER,workouts,Flutter production source,production,,ACTIVE,,,,,,INVENTORIED,orchestrator,
mobile/lib/features/workouts/state/workout_log_providers.dart,dart,WORKOUT PLAYER,workouts,Flutter production source,production,,ACTIVE,,,,,,INVENTORIED,orchestrator,
mobile/lib/features/workouts/state/workout_session_providers.dart,dart,WORKOUT PLAYER,workouts,Flutter production source,production,,ACTIVE,,,,,,INVENTORIED,orchestrator,
mobile/lib/features/workouts/widgets/difficulty_rating_sheet.dart,dart,WORKOUT PLAYER,workouts,Flutter production source,production,,ACTIVE,,,,,,INVENTORIED,orchestrator,
mobile/lib/features/workouts/widgets/plate_calculator.dart,dart,WORKOUT PLAYER,workouts,Flutter production source,production,,ACTIVE,,,,,,INVENTORIED,orchestrator,
mobile/lib/features/workouts/widgets/rest_timer.dart,dart,WORKOUT PLAYER,workouts,Flutter production source,production,,ACTIVE,,,,,,INVENTORIED,orchestrator,
mobile/lib/features/workouts/widgets/set_capture_sheet.dart,dart,WORKOUT PLAYER,workouts,Flutter production source,production,,ACTIVE,,,,,,INVENTORIED,orchestrator,
mobile/lib/features/workouts/widgets/set_timer_card.dart,dart,WORKOUT PLAYER,workouts,Flutter production source,production,,ACTIVE,,,,,,INVENTORIED,orchestrator,
mobile/lib/features/workouts/widgets/warmup_calculator.dart,dart,WORKOUT PLAYER,workouts,Flutter production source,production,,ACTIVE,,,,,,INVENTORIED,orchestrator,
mobile/lib/l10n/app_en.arb,arb,UNKNOWN,,Flutter production source,production,,ACTIVE,,,,,,INVENTORIED,orchestrator,
mobile/lib/l10n/app_ru.arb,arb,UNKNOWN,,Flutter production source,production,,ACTIVE,,,,,,INVENTORIED,orchestrator,
mobile/lib/shared/widgets/app_buttons.dart,dart,UNKNOWN,,Flutter production source,production,,ACTIVE,,,,,,INVENTORIED,orchestrator,
mobile/lib/shared/widgets/aurora_background.dart,dart,UNKNOWN,,Flutter production source,production,,ACTIVE,,,,,,INVENTORIED,orchestrator,
mobile/lib/shared/widgets/demo_data_banner.dart,dart,UNKNOWN,,Flutter production source,production,,ACTIVE,,,,,,INVENTORIED,orchestrator,
mobile/lib/shared/widgets/experimental_banner.dart,dart,UNKNOWN,,Flutter production source,production,,ACTIVE,,,,,,INVENTORIED,orchestrator,
mobile/lib/shared/widgets/glass.dart,dart,UNKNOWN,,Flutter production source,production,,ACTIVE,,,,,,INVENTORIED,orchestrator,
mobile/lib/shared/widgets/glass_nav_bar.dart,dart,UNKNOWN,,Flutter production source,production,,ACTIVE,,,,,,INVENTORIED,orchestrator,
mobile/lib/shared/widgets/main_shell.dart,dart,UNKNOWN,,Flutter production source,production,,ACTIVE,,,,,,INVENTORIED,orchestrator,
mobile/lib/shared/widgets/shell_insets.dart,dart,UNKNOWN,,Flutter production source,production,,ACTIVE,,,,,,INVENTORIED,orchestrator,
mobile/lib/shared/widgets/smooth_scroll_list.dart,dart,UNKNOWN,,Flutter production source,production,,ACTIVE,,,,,,INVENTORIED,orchestrator,
mobile/test/widget_test.dart,dart,TESTS,,Dart test,test,,ACTIVE,,,,,,INVENTORIED,orchestrator,
mobile/test/_g12b_board.dart,dart,TESTS,,Dart test,test,,ACTIVE,,,,,,INVENTORIED,orchestrator,
mobile/test/_mockups.dart,dart,TESTS,,Dart test,test,,ACTIVE,,,,,,INVENTORIED,orchestrator,
mobile/test/assets/bundled_assets_test.dart,dart,TESTS,,Dart test,test,,ACTIVE,,,,,,INVENTORIED,orchestrator,
mobile/test/core/camera_availability_test.dart,dart,TESTS,,Dart test,test,,ACTIVE,,,,,,INVENTORIED,orchestrator,
mobile/test/core/camera_session_facing_test.dart,dart,TESTS,,Dart test,test,,ACTIVE,,,,,,INVENTORIED,orchestrator,
mobile/test/core/camera_session_start_test.dart,dart,TESTS,,Dart test,test,,ACTIVE,,,,,,INVENTORIED,orchestrator,
mobile/test/core/frame_brightness_test.dart,dart,TESTS,,Dart test,test,,ACTIVE,,,,,,INVENTORIED,orchestrator,
mobile/test/core/camera/centre_crop_test.dart,dart,TESTS,,Dart test,test,,ACTIVE,,,,,,INVENTORIED,orchestrator,
mobile/test/core/camera/nv21_converter_test.dart,dart,TESTS,,Dart test,test,,ACTIVE,,,,,,INVENTORIED,orchestrator,
mobile/test/core/diagnostics/debug_telemetry_test.dart,dart,TESTS,,Dart test,test,,ACTIVE,,,,,,INVENTORIED,orchestrator,
mobile/test/core/health/health_service_test.dart,dart,TESTS,,Dart test,test,,ACTIVE,,,,,,INVENTORIED,orchestrator,
mobile/test/core/health/health_sync_card_test.dart,dart,TESTS,,Dart test,test,,ACTIVE,,,,,,INVENTORIED,orchestrator,
mobile/test/core/health/platform_health_types_test.dart,dart,TESTS,,Dart test,test,,ACTIVE,,,,,,INVENTORIED,orchestrator,
mobile/test/core/licences/asset_licences_test.dart,dart,TESTS,,Dart test,test,,ACTIVE,,,,,,INVENTORIED,orchestrator,
mobile/test/core/notifications/mock_notification_service_test.dart,dart,TESTS,,Dart test,test,,ACTIVE,,,,,,INVENTORIED,orchestrator,
mobile/test/core/router/profile_watch_test.dart,dart,TESTS,,Dart test,test,,ACTIVE,,,,,,INVENTORIED,orchestrator,
mobile/test/core/settings/settings_test.dart,dart,TESTS,,Dart test,test,,ACTIVE,,,,,,INVENTORIED,orchestrator,
mobile/test/core/wear/wear_sync_service_test.dart,dart,TESTS,,Dart test,test,,ACTIVE,,,,,,INVENTORIED,orchestrator,
mobile/test/features/experimental_banner_test.dart,dart,TESTS,experimental_banner_test.dart,Dart test,test,,ACTIVE,,,,,,INVENTORIED,orchestrator,
mobile/test/features/home_page_test.dart,dart,TESTS,home_page_test.dart,Dart test,test,,ACTIVE,,,,,,INVENTORIED,orchestrator,
mobile/test/features/login_page_test.dart,dart,TESTS,login_page_test.dart,Dart test,test,,ACTIVE,,,,,,INVENTORIED,orchestrator,
mobile/test/features/profile_page_test.dart,dart,TESTS,profile_page_test.dart,Dart test,test,,ACTIVE,,,,,,INVENTORIED,orchestrator,
mobile/test/features/progress_page_test.dart,dart,TESTS,progress_page_test.dart,Dart test,test,,ACTIVE,,,,,,INVENTORIED,orchestrator,
mobile/test/features/scanner_page_test.dart,dart,TESTS,scanner_page_test.dart,Dart test,test,,ACTIVE,,,,,,INVENTORIED,orchestrator,
mobile/test/features/splash_page_test.dart,dart,TESTS,splash_page_test.dart,Dart test,test,,ACTIVE,,,,,,INVENTORIED,orchestrator,
mobile/test/features/workouts_page_test.dart,dart,TESTS,workouts_page_test.dart,Dart test,test,,ACTIVE,,,,,,INVENTORIED,orchestrator,
mobile/test/features/about/about_claims_test.dart,dart,TESTS,about,Dart test,test,,ACTIVE,,,,,,INVENTORIED,orchestrator,
mobile/test/features/accessibility/semantics_targets_test.dart,dart,TESTS,accessibility,Dart test,test,,ACTIVE,,,,,,INVENTORIED,orchestrator,
mobile/test/features/account_deletion/account_deletion_page_test.dart,dart,TESTS,account_deletion,Dart test,test,,ACTIVE,,yes,,,,INVENTORIED,orchestrator,
mobile/test/features/account_deletion/account_deletion_providers_test.dart,dart,TESTS,account_deletion,Dart test,test,,ACTIVE,,yes,,,,INVENTORIED,orchestrator,
mobile/test/features/account_deletion/local_data_wipe_test.dart,dart,TESTS,account_deletion,Dart test,test,,ACTIVE,,yes,,,,INVENTORIED,orchestrator,
mobile/test/features/ai_coach/ai_coach_context_test.dart,dart,TESTS,ai_coach,Dart test,test,,ACTIVE,,,yes,,,INVENTORIED,orchestrator,
mobile/test/features/ai_coach/ai_exercise_generator_test.dart,dart,TESTS,ai_coach,Dart test,test,,ACTIVE,,,yes,,,INVENTORIED,orchestrator,
mobile/test/features/ai_coach/generated_exercise_repository_test.dart,dart,TESTS,ai_coach,Dart test,test,,ACTIVE,,,yes,,,INVENTORIED,orchestrator,
mobile/test/features/ai_planner/plan_builder_test.dart,dart,TESTS,ai_planner,Dart test,test,,ACTIVE,,,yes,,,INVENTORIED,orchestrator,
mobile/test/features/ai_planner/plan_refusal_test.dart,dart,TESTS,ai_planner,Dart test,test,,ACTIVE,,,yes,,,INVENTORIED,orchestrator,
mobile/test/features/auth/auth_providers_test.dart,dart,TESTS,auth,Dart test,test,,ACTIVE,,yes,,,,INVENTORIED,orchestrator,
mobile/test/features/auth/auth_repository_test.dart,dart,TESTS,auth,Dart test,test,,ACTIVE,,yes,,,,INVENTORIED,orchestrator,
mobile/test/features/auth/firebase_auth_repository_test.dart,dart,TESTS,auth,Dart test,test,,ACTIVE,,yes,,,,INVENTORIED,orchestrator,
mobile/test/features/body_comp/body_comp_test.dart,dart,TESTS,body_comp,Dart test,test,,ACTIVE,,,,,,INVENTORIED,orchestrator,
mobile/test/features/buddy/buddy_match_test.dart,dart,TESTS,buddy,Dart test,test,,ACTIVE,,,,,,INVENTORIED,orchestrator,
mobile/test/features/catalog/community_video_test.dart,dart,TESTS,catalog,Dart test,test,,ACTIVE,,,,,,INVENTORIED,orchestrator,
mobile/test/features/celebrity_plans/celebrity_plan_test.dart,dart,TESTS,celebrity_plans,Dart test,test,,ACTIVE,,,,,,INVENTORIED,orchestrator,
mobile/test/features/community/team_feed_demo_banner_test.dart,dart,TESTS,community,Dart test,test,,ACTIVE,,,,,,INVENTORIED,orchestrator,
mobile/test/features/cycle_aware/cycle_phase_test.dart,dart,TESTS,cycle_aware,Dart test,test,,ACTIVE,,,yes,,,INVENTORIED,orchestrator,
mobile/test/features/data_export/backup_envelope_test.dart,dart,TESTS,data_export,Dart test,test,,ACTIVE,,yes,,,,INVENTORIED,orchestrator,
mobile/test/features/data_export/backup_transfer_test.dart,dart,TESTS,data_export,Dart test,test,,ACTIVE,,yes,,,,INVENTORIED,orchestrator,
mobile/test/features/data_export/data_export_providers_test.dart,dart,TESTS,data_export,Dart test,test,,ACTIVE,,yes,,,,INVENTORIED,orchestrator,
mobile/test/features/data_export/data_export_test.dart,dart,TESTS,data_export,Dart test,test,,ACTIVE,,yes,,,,INVENTORIED,orchestrator,
mobile/test/features/data_export/server_export_merge_test.dart,dart,TESTS,data_export,Dart test,test,,ACTIVE,,yes,,,,INVENTORIED,orchestrator,
mobile/test/features/donor_wall/donor_wall_test.dart,dart,TESTS,donor_wall,Dart test,test,,ACTIVE,,,,,,INVENTORIED,orchestrator,
mobile/test/features/equipment/ai_fallback_provider_test.dart,dart,TESTS,equipment,Dart test,test,,ACTIVE,,,,,,INVENTORIED,orchestrator,
mobile/test/features/equipment/asset_equipment_repository_test.dart,dart,TESTS,equipment,Dart test,test,,ACTIVE,,,,,,INVENTORIED,orchestrator,
mobile/test/features/equipment/catalog_boundary_test.dart,dart,TESTS,equipment,Dart test,test,,ACTIVE,,,,,,INVENTORIED,orchestrator,
mobile/test/features/equipment/catalog_corrections_test.dart,dart,TESTS,equipment,Dart test,test,,ACTIVE,,,,,,INVENTORIED,orchestrator,
mobile/test/features/equipment/catalog_description_coverage_test.dart,dart,TESTS,equipment,Dart test,test,,ACTIVE,,,,,,INVENTORIED,orchestrator,
mobile/test/features/equipment/catalog_labels_test.dart,dart,TESTS,equipment,Dart test,test,,ACTIVE,,,,,,INVENTORIED,orchestrator,
mobile/test/features/equipment/clip_only_test.dart,dart,TESTS,equipment,Dart test,test,,ACTIVE,,,,,,INVENTORIED,orchestrator,
mobile/test/features/equipment/clip_url_resolver_test.dart,dart,TESTS,equipment,Dart test,test,,ACTIVE,,,,,,INVENTORIED,orchestrator,
mobile/test/features/equipment/equipment_label_invariant_test.dart,dart,TESTS,equipment,Dart test,test,,ACTIVE,,,,,,INVENTORIED,orchestrator,
mobile/test/features/equipment/equipment_report_test.dart,dart,TESTS,equipment,Dart test,test,,ACTIVE,,,,,,INVENTORIED,orchestrator,
mobile/test/features/equipment/exercise_filter_test.dart,dart,TESTS,equipment,Dart test,test,,ACTIVE,,,,,,INVENTORIED,orchestrator,
mobile/test/features/equipment/exercise_immersive_hero_test.dart,dart,TESTS,equipment,Dart test,test,,ACTIVE,,,,,,INVENTORIED,orchestrator,
mobile/test/features/equipment/exercise_page_test.dart,dart,TESTS,equipment,Dart test,test,,ACTIVE,,,,,,INVENTORIED,orchestrator,
mobile/test/features/equipment/exercise_quarantine_test.dart,dart,TESTS,equipment,Dart test,test,,ACTIVE,,,,,,INVENTORIED,orchestrator,
mobile/test/features/equipment/exercise_steps_card_test.dart,dart,TESTS,equipment,Dart test,test,,ACTIVE,,,,,,INVENTORIED,orchestrator,
mobile/test/features/equipment/exercise_thumb_test.dart,dart,TESTS,equipment,Dart test,test,,ACTIVE,,,,,,INVENTORIED,orchestrator,
mobile/test/features/equipment/exercise_translations_test.dart,dart,TESTS,equipment,Dart test,test,,ACTIVE,,,,,,INVENTORIED,orchestrator,
mobile/test/features/equipment/exercise_video_test.dart,dart,TESTS,equipment,Dart test,test,,ACTIVE,,,,,,INVENTORIED,orchestrator,
mobile/test/features/equipment/hero_image_test.dart,dart,TESTS,equipment,Dart test,test,,ACTIVE,,,,,,INVENTORIED,orchestrator,
mobile/test/features/equipment/muscle_map_test.dart,dart,TESTS,equipment,Dart test,test,,ACTIVE,,,,,,INVENTORIED,orchestrator,
mobile/test/features/equipment/poster_and_order_test.dart,dart,TESTS,equipment,Dart test,test,,ACTIVE,,,,,,INVENTORIED,orchestrator,
mobile/test/features/equipment/recommendation_providers_test.dart,dart,TESTS,equipment,Dart test,test,,ACTIVE,,,,,,INVENTORIED,orchestrator,
mobile/test/features/equipment/registry_test.dart,dart,TESTS,equipment,Dart test,test,,ACTIVE,,,,,,INVENTORIED,orchestrator,
mobile/test/features/equipment/safety_coverage_test.dart,dart,TESTS,equipment,Dart test,test,,ACTIVE,,,,,,INVENTORIED,orchestrator,
mobile/test/features/equipment/safety_disclosure_test.dart,dart,TESTS,equipment,Dart test,test,,ACTIVE,,,,,,INVENTORIED,orchestrator,
mobile/test/features/equipment/stretching_filter_test.dart,dart,TESTS,equipment,Dart test,test,,ACTIVE,,,,,,INVENTORIED,orchestrator,
mobile/test/features/equipment/vendor_catalog_test.dart,dart,TESTS,equipment,Dart test,test,,ACTIVE,,,,,,INVENTORIED,orchestrator,
mobile/test/features/equipment/video_failure_test.dart,dart,TESTS,equipment,Dart test,test,,ACTIVE,,,,,,INVENTORIED,orchestrator,
mobile/test/features/equipment/vocabulary_test.dart,dart,TESTS,equipment,Dart test,test,,ACTIVE,,,,,,INVENTORIED,orchestrator,
mobile/test/features/equipment/workout_player_day_test.dart,dart,TESTS,equipment,Dart test,test,,ACTIVE,,,,,,INVENTORIED,orchestrator,
mobile/test/features/form_check/avatar_mode_test.dart,dart,TESTS,form_check,Dart test,test,,ACTIVE,,,yes,,,INVENTORIED,orchestrator,
mobile/test/features/form_check/camera_flip_button_test.dart,dart,TESTS,form_check,Dart test,test,,ACTIVE,,,yes,,,INVENTORIED,orchestrator,
mobile/test/features/form_check/coach_backdrop_test.dart,dart,TESTS,form_check,Dart test,test,,ACTIVE,,,yes,,,INVENTORIED,orchestrator,
mobile/test/features/form_check/coach_intro_cards_test.dart,dart,TESTS,form_check,Dart test,test,,ACTIVE,,,yes,,,INVENTORIED,orchestrator,
mobile/test/features/form_check/coach_phases_test.dart,dart,TESTS,form_check,Dart test,test,,ACTIVE,,,yes,,,INVENTORIED,orchestrator,
mobile/test/features/form_check/coach_readiness_band_test.dart,dart,TESTS,form_check,Dart test,test,,ACTIVE,,,yes,,,INVENTORIED,orchestrator,
mobile/test/features/form_check/coach_single_status_test.dart,dart,TESTS,form_check,Dart test,test,,ACTIVE,,,yes,,,INVENTORIED,orchestrator,
mobile/test/features/form_check/coach_top_strip_test.dart,dart,TESTS,form_check,Dart test,test,,ACTIVE,,,yes,,,INVENTORIED,orchestrator,
mobile/test/features/form_check/complete_profile_prompt_test.dart,dart,TESTS,form_check,Dart test,test,,ACTIVE,,,yes,,,INVENTORIED,orchestrator,
mobile/test/features/form_check/cue_gate_test.dart,dart,TESTS,form_check,Dart test,test,,ACTIVE,,,yes,,,INVENTORIED,orchestrator,
mobile/test/features/form_check/cue_text_test.dart,dart,TESTS,form_check,Dart test,test,,ACTIVE,,,yes,,,INVENTORIED,orchestrator,
mobile/test/features/form_check/debug_overlay_release_test.dart,dart,TESTS,form_check,Dart test,test,,ACTIVE,,,yes,,,INVENTORIED,orchestrator,
mobile/test/features/form_check/demo_silhouette_test.dart,dart,TESTS,form_check,Dart test,test,,ACTIVE,,,yes,,,INVENTORIED,orchestrator,
mobile/test/features/form_check/form_classifier_test.dart,dart,TESTS,form_check,Dart test,test,,ACTIVE,,,yes,,,INVENTORIED,orchestrator,
mobile/test/features/form_check/form_coach_support_test.dart,dart,TESTS,form_check,Dart test,test,,ACTIVE,,,yes,,,INVENTORIED,orchestrator,
mobile/test/features/form_check/live_rep_signal_test.dart,dart,TESTS,form_check,Dart test,test,,ACTIVE,,,yes,,,INVENTORIED,orchestrator,
mobile/test/features/form_check/measured_rep_configs_test.dart,dart,TESTS,form_check,Dart test,test,,ACTIVE,,,yes,,,INVENTORIED,orchestrator,
mobile/test/features/form_check/one_cue_per_rep_test.dart,dart,TESTS,form_check,Dart test,test,,ACTIVE,,,yes,,,INVENTORIED,orchestrator,
mobile/test/features/form_check/paused_set_test.dart,dart,TESTS,form_check,Dart test,test,,ACTIVE,,,yes,,,INVENTORIED,orchestrator,
mobile/test/features/form_check/pose_avatar_test.dart,dart,TESTS,form_check,Dart test,test,,ACTIVE,,,yes,,,INVENTORIED,orchestrator,
mobile/test/features/form_check/pose_coordinate_space_test.dart,dart,TESTS,form_check,Dart test,test,,ACTIVE,,,yes,,,INVENTORIED,orchestrator,
mobile/test/features/form_check/pose_error_surfacing_test.dart,dart,TESTS,form_check,Dart test,test,,ACTIVE,,,yes,,,INVENTORIED,orchestrator,
mobile/test/features/form_check/pose_gate_test.dart,dart,TESTS,form_check,Dart test,test,,ACTIVE,,,yes,,,INVENTORIED,orchestrator,
mobile/test/features/form_check/pose_projection_test.dart,dart,TESTS,form_check,Dart test,test,,ACTIVE,,,yes,,,INVENTORIED,orchestrator,
mobile/test/features/form_check/pose_service_restart_test.dart,dart,TESTS,form_check,Dart test,test,,ACTIVE,,,yes,,,INVENTORIED,orchestrator,
mobile/test/features/form_check/pose_silhouette_test.dart,dart,TESTS,form_check,Dart test,test,,ACTIVE,,,yes,,,INVENTORIED,orchestrator,
mobile/test/features/form_check/pose_target_test.dart,dart,TESTS,form_check,Dart test,test,,ACTIVE,,,yes,,,INVENTORIED,orchestrator,
mobile/test/features/form_check/pose_unit_probe_test.dart,dart,TESTS,form_check,Dart test,test,,ACTIVE,,,yes,,,INVENTORIED,orchestrator,
mobile/test/features/form_check/rep_counter_test.dart,dart,TESTS,form_check,Dart test,test,,ACTIVE,,,yes,,,INVENTORIED,orchestrator,
mobile/test/features/form_check/rep_count_visibility_test.dart,dart,TESTS,form_check,Dart test,test,,ACTIVE,,,yes,,,INVENTORIED,orchestrator,
mobile/test/features/form_check/rep_rejection_test.dart,dart,TESTS,form_check,Dart test,test,,ACTIVE,,,yes,,,INVENTORIED,orchestrator,
mobile/test/features/form_check/rep_signals_test.dart,dart,TESTS,form_check,Dart test,test,,ACTIVE,,,yes,,,INVENTORIED,orchestrator,
mobile/test/features/form_check/skeleton_overlay_test.dart,dart,TESTS,form_check,Dart test,test,,ACTIVE,,,yes,,,INVENTORIED,orchestrator,
mobile/test/features/form_check/start_lifecycle_test.dart,dart,TESTS,form_check,Dart test,test,,ACTIVE,,,yes,,,INVENTORIED,orchestrator,
mobile/test/features/form_check/tracking_lost_test.dart,dart,TESTS,form_check,Dart test,test,,ACTIVE,,,yes,,,INVENTORIED,orchestrator,
mobile/test/features/form_check/two_sided_avatar_test.dart,dart,TESTS,form_check,Dart test,test,,ACTIVE,,,yes,,,INVENTORIED,orchestrator,
mobile/test/features/form_check/unscorable_frame_test.dart,dart,TESTS,form_check,Dart test,test,,ACTIVE,,,yes,,,INVENTORIED,orchestrator,
mobile/test/features/home/format_schedule_label_test.dart,dart,TESTS,home,Dart test,test,,ACTIVE,,,,,,INVENTORIED,orchestrator,
mobile/test/features/home/home_dashboard_test.dart,dart,TESTS,home,Dart test,test,,ACTIVE,,,,,,INVENTORIED,orchestrator,
mobile/test/features/home/suggestion_builder_test.dart,dart,TESTS,home,Dart test,test,,ACTIVE,,,,,,INVENTORIED,orchestrator,
mobile/test/features/legal/health_disclosure_test.dart,dart,TESTS,legal,Dart test,test,,ACTIVE,,yes,,,,INVENTORIED,orchestrator,
mobile/test/features/legal/legal_pages_test.dart,dart,TESTS,legal,Dart test,test,,ACTIVE,,yes,,,,INVENTORIED,orchestrator,
mobile/test/features/marketplace/coach_listing_test.dart,dart,TESTS,marketplace,Dart test,test,,ACTIVE,,,,,,INVENTORIED,orchestrator,
mobile/test/features/marketplace/coach_marketplace_service_test.dart,dart,TESTS,marketplace,Dart test,test,,ACTIVE,,,,,,INVENTORIED,orchestrator,
mobile/test/features/marketplace/marketplace_page_test.dart,dart,TESTS,marketplace,Dart test,test,,ACTIVE,,,,,,INVENTORIED,orchestrator,
mobile/test/features/moments/moment_test.dart,dart,TESTS,moments,Dart test,test,,ACTIVE,,,,,,INVENTORIED,orchestrator,
mobile/test/features/onboarding/barriers_test.dart,dart,TESTS,onboarding,Dart test,test,,ACTIVE,,,yes,,,INVENTORIED,orchestrator,
mobile/test/features/onboarding/birth_year_and_injury_input_test.dart,dart,TESTS,onboarding,Dart test,test,,ACTIVE,,,yes,,,INVENTORIED,orchestrator,
mobile/test/features/onboarding/body_zones_test.dart,dart,TESTS,onboarding,Dart test,test,,ACTIVE,,,yes,,,INVENTORIED,orchestrator,
mobile/test/features/onboarding/equipment_access_test.dart,dart,TESTS,onboarding,Dart test,test,,ACTIVE,,,yes,,,INVENTORIED,orchestrator,
mobile/test/features/onboarding/glass_text_field_test.dart,dart,TESTS,onboarding,Dart test,test,,ACTIVE,,,yes,,,INVENTORIED,orchestrator,
mobile/test/features/onboarding/measure_ruler_test.dart,dart,TESTS,onboarding,Dart test,test,,ACTIVE,,,yes,,,INVENTORIED,orchestrator,
mobile/test/features/onboarding/onboarding_shell_test.dart,dart,TESTS,onboarding,Dart test,test,,ACTIVE,,,yes,,,INVENTORIED,orchestrator,
mobile/test/features/onboarding/questionnaire_notifier_test.dart,dart,TESTS,onboarding,Dart test,test,,ACTIVE,,,yes,,,INVENTORIED,orchestrator,
mobile/test/features/onboarding/step_answered_test.dart,dart,TESTS,onboarding,Dart test,test,,ACTIVE,,,yes,,,INVENTORIED,orchestrator,
mobile/test/features/onboarding/step_goal_and_level_test.dart,dart,TESTS,onboarding,Dart test,test,,ACTIVE,,,yes,,,INVENTORIED,orchestrator,
mobile/test/features/onboarding/training_schedule_test.dart,dart,TESTS,onboarding,Dart test,test,,ACTIVE,,,yes,,,INVENTORIED,orchestrator,
mobile/test/features/personalisation/difficulty_does_not_target_test.dart,dart,TESTS,personalisation,Dart test,test,,ACTIVE,,,,,,INVENTORIED,orchestrator,
mobile/test/features/personalisation/fitness_model_test.dart,dart,TESTS,personalisation,Dart test,test,,ACTIVE,,,,,,INVENTORIED,orchestrator,
mobile/test/features/personalisation/for_you_ranker_test.dart,dart,TESTS,personalisation,Dart test,test,,ACTIVE,,,,,,INVENTORIED,orchestrator,
mobile/test/features/personalisation/ranked_feed_wiring_test.dart,dart,TESTS,personalisation,Dart test,test,,ACTIVE,,,,,,INVENTORIED,orchestrator,
mobile/test/features/personalisation/volume_ledger_test.dart,dart,TESTS,personalisation,Dart test,test,,ACTIVE,,,,,,INVENTORIED,orchestrator,
mobile/test/features/posture/posture_metrics_test.dart,dart,TESTS,posture,Dart test,test,,ACTIVE,,,yes,,,INVENTORIED,orchestrator,
mobile/test/features/posture/posture_page_test.dart,dart,TESTS,posture,Dart test,test,,ACTIVE,,,yes,,,INVENTORIED,orchestrator,
mobile/test/features/posture/posture_providers_test.dart,dart,TESTS,posture,Dart test,test,,ACTIVE,,,yes,,,INVENTORIED,orchestrator,
mobile/test/features/profile/device_health_profile_repository_test.dart,dart,TESTS,profile,Dart test,test,,ACTIVE,,,yes,,,INVENTORIED,orchestrator,
mobile/test/features/profile/injuries_page_test.dart,dart,TESTS,profile,Dart test,test,,ACTIVE,,,yes,,,INVENTORIED,orchestrator,
mobile/test/features/profile/injury_regions_test.dart,dart,TESTS,profile,Dart test,test,,ACTIVE,,,yes,,,INVENTORIED,orchestrator,
mobile/test/features/profile/mock_profile_repository_test.dart,dart,TESTS,profile,Dart test,test,,ACTIVE,,,yes,,,INVENTORIED,orchestrator,
mobile/test/features/profile/profile_models_test.dart,dart,TESTS,profile,Dart test,test,,ACTIVE,,,yes,,,INVENTORIED,orchestrator,
mobile/test/features/profile/profile_page_test.dart,dart,TESTS,profile,Dart test,test,,ACTIVE,,,yes,,,INVENTORIED,orchestrator,
mobile/test/features/profile/profile_providers_test.dart,dart,TESTS,profile,Dart test,test,,ACTIVE,,,yes,,,INVENTORIED,orchestrator,
mobile/test/features/profile/unresolved_injuries_test.dart,dart,TESTS,profile,Dart test,test,,ACTIVE,,,yes,,,INVENTORIED,orchestrator,
mobile/test/features/programmes/programme_builder_test.dart,dart,TESTS,programmes,Dart test,test,,ACTIVE,,,yes,,,INVENTORIED,orchestrator,
mobile/test/features/programmes/data/programme_fit_test.dart,dart,TESTS,programmes,Dart test,test,,ACTIVE,,,yes,,,INVENTORIED,orchestrator,
mobile/test/features/programmes/data/programme_schedule_test.dart,dart,TESTS,programmes,Dart test,test,,ACTIVE,,,yes,,,INVENTORIED,orchestrator,
mobile/test/features/programmes/data/programme_test.dart,dart,TESTS,programmes,Dart test,test,,ACTIVE,,,yes,,,INVENTORIED,orchestrator,
mobile/test/features/programmes/state/programme_action_test.dart,dart,TESTS,programmes,Dart test,test,,ACTIVE,,,yes,,,INVENTORIED,orchestrator,
mobile/test/features/programmes/state/programme_from_profile_test.dart,dart,TESTS,programmes,Dart test,test,,ACTIVE,,,yes,,,INVENTORIED,orchestrator,
mobile/test/features/programmes/state/programme_providers_test.dart,dart,TESTS,programmes,Dart test,test,,ACTIVE,,,yes,,,INVENTORIED,orchestrator,
mobile/test/features/progress/progress_charts_test.dart,dart,TESTS,progress,Dart test,test,,ACTIVE,,,,,,INVENTORIED,orchestrator,
mobile/test/features/progress/progress_stats_test.dart,dart,TESTS,progress,Dart test,test,,ACTIVE,,,,,,INVENTORIED,orchestrator,
mobile/test/features/progress_photos/aes_photo_cipher_test.dart,dart,TESTS,progress_photos,Dart test,test,,ACTIVE,,yes,,,,INVENTORIED,orchestrator,
mobile/test/features/progress_photos/capture_flow_test.dart,dart,TESTS,progress_photos,Dart test,test,,ACTIVE,,yes,,,,INVENTORIED,orchestrator,
mobile/test/features/progress_photos/delete_flow_test.dart,dart,TESTS,progress_photos,Dart test,test,,ACTIVE,,yes,,,,INVENTORIED,orchestrator,
mobile/test/features/progress_photos/photo_capture_sheet_test.dart,dart,TESTS,progress_photos,Dart test,test,,ACTIVE,,yes,,,,INVENTORIED,orchestrator,
mobile/test/features/progress_photos/photo_consent_test.dart,dart,TESTS,progress_photos,Dart test,test,,ACTIVE,,yes,,,,INVENTORIED,orchestrator,
mobile/test/features/progress_photos/photo_directory_test.dart,dart,TESTS,progress_photos,Dart test,test,,ACTIVE,,yes,,,,INVENTORIED,orchestrator,
mobile/test/features/progress_photos/photo_encryption_test.dart,dart,TESTS,progress_photos,Dart test,test,,ACTIVE,,yes,,,,INVENTORIED,orchestrator,
mobile/test/features/progress_photos/photo_key_store_test.dart,dart,TESTS,progress_photos,Dart test,test,,ACTIVE,,yes,,,,INVENTORIED,orchestrator,
mobile/test/features/progress_photos/photo_paging_test.dart,dart,TESTS,progress_photos,Dart test,test,,ACTIVE,,yes,,,,INVENTORIED,orchestrator,
mobile/test/features/progress_photos/photo_reminder_test.dart,dart,TESTS,progress_photos,Dart test,test,,ACTIVE,,yes,,,,INVENTORIED,orchestrator,
mobile/test/features/progress_photos/photo_store_test.dart,dart,TESTS,progress_photos,Dart test,test,,ACTIVE,,yes,,,,INVENTORIED,orchestrator,
mobile/test/features/progress_photos/photo_timeline_test.dart,dart,TESTS,progress_photos,Dart test,test,,ACTIVE,,yes,,,,INVENTORIED,orchestrator,
mobile/test/features/progress_photos/progress_photos_demo_banner_test.dart,dart,TESTS,progress_photos,Dart test,test,,ACTIVE,,yes,,,,INVENTORIED,orchestrator,
mobile/test/features/recovery/deload_detector_test.dart,dart,TESTS,recovery,Dart test,test,,ACTIVE,,,yes,,,INVENTORIED,orchestrator,
mobile/test/features/recovery/recovery_providers_test.dart,dart,TESTS,recovery,Dart test,test,,ACTIVE,,,yes,,,INVENTORIED,orchestrator,
mobile/test/features/safety/eligibility_test.dart,dart,TESTS,safety,Dart test,test,,ACTIVE,,yes,yes,,,INVENTORIED,orchestrator,
mobile/test/features/safety/par_q_test.dart,dart,TESTS,safety,Dart test,test,,ACTIVE,,yes,yes,,,INVENTORIED,orchestrator,
mobile/test/features/safety/screening_reaches_the_screen_test.dart,dart,TESTS,safety,Dart test,test,,ACTIVE,,yes,yes,,,INVENTORIED,orchestrator,
mobile/test/features/scanner/gallery_button_a11y_test.dart,dart,TESTS,scanner,Dart test,test,,ACTIVE,,,,,,INVENTORIED,orchestrator,
mobile/test/features/scanner/scan_frame_test.dart,dart,TESTS,scanner,Dart test,test,,ACTIVE,,,,,,INVENTORIED,orchestrator,
mobile/test/features/scanner/scan_strip_overflow_test.dart,dart,TESTS,scanner,Dart test,test,,ACTIVE,,,,,,INVENTORIED,orchestrator,
mobile/test/features/settings/settings_page_test.dart,dart,TESTS,settings,Dart test,test,,ACTIVE,,,,,,INVENTORIED,orchestrator,
mobile/test/features/social_feed/social_feed_like_button_test.dart,dart,TESTS,social_feed,Dart test,test,,ACTIVE,,,,,,INVENTORIED,orchestrator,
mobile/test/features/social_feed/social_feed_test.dart,dart,TESTS,social_feed,Dart test,test,,ACTIVE,,,,,,INVENTORIED,orchestrator,
mobile/test/features/subscription/entitlement_status_test.dart,dart,TESTS,subscription,Dart test,test,,ACTIVE,,yes,,,,INVENTORIED,orchestrator,
mobile/test/features/subscription/feature_gates_test.dart,dart,TESTS,subscription,Dart test,test,,ACTIVE,,yes,,,,INVENTORIED,orchestrator,
mobile/test/features/subscription/mock_stripe_checkout_service_test.dart,dart,TESTS,subscription,Dart test,test,,ACTIVE,,yes,,,,INVENTORIED,orchestrator,
mobile/test/features/subscription/mock_subscription_repository_test.dart,dart,TESTS,subscription,Dart test,test,,ACTIVE,,yes,,,,INVENTORIED,orchestrator,
mobile/test/features/subscription/subscription_models_test.dart,dart,TESTS,subscription,Dart test,test,,ACTIVE,,yes,,,,INVENTORIED,orchestrator,
mobile/test/features/subscription/subscription_page_test.dart,dart,TESTS,subscription,Dart test,test,,ACTIVE,,yes,,,,INVENTORIED,orchestrator,
mobile/test/features/subscription/subscription_period_test.dart,dart,TESTS,subscription,Dart test,test,,ACTIVE,,yes,,,,INVENTORIED,orchestrator,
mobile/test/features/subscription/subscription_providers_test.dart,dart,TESTS,subscription,Dart test,test,,ACTIVE,,yes,,,,INVENTORIED,orchestrator,
mobile/test/features/subscription/tier_override_guard_test.dart,dart,TESTS,subscription,Dart test,test,,ACTIVE,,yes,,,,INVENTORIED,orchestrator,
mobile/test/features/subscription/tier_override_test.dart,dart,TESTS,subscription,Dart test,test,,ACTIVE,,yes,,,,INVENTORIED,orchestrator,
mobile/test/features/visual_equipment/firestore_recognition_history_test.dart,dart,TESTS,visual_equipment,Dart test,test,,ACTIVE,,,,,,INVENTORIED,orchestrator,
mobile/test/features/visual_equipment/gemini_equipment_service_test.dart,dart,TESTS,visual_equipment,Dart test,test,,ACTIVE,,,,,,INVENTORIED,orchestrator,
mobile/test/features/visual_equipment/live_lifecycle_test.dart,dart,TESTS,visual_equipment,Dart test,test,,ACTIVE,,,,,,INVENTORIED,orchestrator,
mobile/test/features/visual_equipment/live_preview_test.dart,dart,TESTS,visual_equipment,Dart test,test,,ACTIVE,,,,,,INVENTORIED,orchestrator,
mobile/test/features/visual_equipment/live_recognition_test.dart,dart,TESTS,visual_equipment,Dart test,test,,ACTIVE,,,,,,INVENTORIED,orchestrator,
mobile/test/features/visual_equipment/live_text_anchor_test.dart,dart,TESTS,visual_equipment,Dart test,test,,ACTIVE,,,,,,INVENTORIED,orchestrator,
mobile/test/features/visual_equipment/machine_card_flow_test.dart,dart,TESTS,visual_equipment,Dart test,test,,ACTIVE,,,,,,INVENTORIED,orchestrator,
mobile/test/features/visual_equipment/machine_card_repository_test.dart,dart,TESTS,visual_equipment,Dart test,test,,ACTIVE,,,,,,INVENTORIED,orchestrator,
mobile/test/features/visual_equipment/machine_card_test.dart,dart,TESTS,visual_equipment,Dart test,test,,ACTIVE,,,,,,INVENTORIED,orchestrator,
mobile/test/features/visual_equipment/machine_describer_test.dart,dart,TESTS,visual_equipment,Dart test,test,,ACTIVE,,,,,,INVENTORIED,orchestrator,
mobile/test/features/visual_equipment/machine_text_anchor_test.dart,dart,TESTS,visual_equipment,Dart test,test,,ACTIVE,,,,,,INVENTORIED,orchestrator,
mobile/test/features/visual_equipment/recognition_history_providers_test.dart,dart,TESTS,visual_equipment,Dart test,test,,ACTIVE,,,,,,INVENTORIED,orchestrator,
mobile/test/features/visual_equipment/recognition_history_test.dart,dart,TESTS,visual_equipment,Dart test,test,,ACTIVE,,,,,,INVENTORIED,orchestrator,
mobile/test/features/visual_equipment/scan_controller_test.dart,dart,TESTS,visual_equipment,Dart test,test,,ACTIVE,,,,,,INVENTORIED,orchestrator,
mobile/test/features/visual_equipment/scan_outcome_test.dart,dart,TESTS,visual_equipment,Dart test,test,,ACTIVE,,,,,,INVENTORIED,orchestrator,
mobile/test/features/visual_equipment/text_anchor_pipeline_test.dart,dart,TESTS,visual_equipment,Dart test,test,,ACTIVE,,,,,,INVENTORIED,orchestrator,
mobile/test/features/visual_equipment/visual_match_test.dart,dart,TESTS,visual_equipment,Dart test,test,,ACTIVE,,,,,,INVENTORIED,orchestrator,
mobile/test/features/voice/voice_command_test.dart,dart,TESTS,voice,Dart test,test,,ACTIVE,,,,,,INVENTORIED,orchestrator,
mobile/test/features/workouts/day_result_test.dart,dart,TESTS,workouts,Dart test,test,,ACTIVE,,,,,,INVENTORIED,orchestrator,
mobile/test/features/workouts/exercise_subtitle_test.dart,dart,TESTS,workouts,Dart test,test,,ACTIVE,,,,,,INVENTORIED,orchestrator,
mobile/test/features/workouts/form_coach_filter_test.dart,dart,TESTS,workouts,Dart test,test,,ACTIVE,,,,,,INVENTORIED,orchestrator,
mobile/test/features/workouts/history_window_test.dart,dart,TESTS,workouts,Dart test,test,,ACTIVE,,,,,,INVENTORIED,orchestrator,
mobile/test/features/workouts/mock_scheduled_session_repository_test.dart,dart,TESTS,workouts,Dart test,test,,ACTIVE,,,,,,INVENTORIED,orchestrator,
mobile/test/features/workouts/mock_workout_log_repository_test.dart,dart,TESTS,workouts,Dart test,test,,ACTIVE,,,,,,INVENTORIED,orchestrator,
mobile/test/features/workouts/mock_workout_session_repository_test.dart,dart,TESTS,workouts,Dart test,test,,ACTIVE,,,,,,INVENTORIED,orchestrator,
mobile/test/features/workouts/plate_calculator_test.dart,dart,TESTS,workouts,Dart test,test,,ACTIVE,,,,,,INVENTORIED,orchestrator,
mobile/test/features/workouts/programme_card_chip_overflow_test.dart,dart,TESTS,workouts,Dart test,test,,ACTIVE,,,,,,INVENTORIED,orchestrator,
mobile/test/features/workouts/programme_card_hue_test.dart,dart,TESTS,workouts,Dart test,test,,ACTIVE,,,,,,INVENTORIED,orchestrator,
mobile/test/features/workouts/progression_test.dart,dart,TESTS,workouts,Dart test,test,,ACTIVE,,,,,,INVENTORIED,orchestrator,
mobile/test/features/workouts/rest_timer_card_test.dart,dart,TESTS,workouts,Dart test,test,,ACTIVE,,,,,,INVENTORIED,orchestrator,
mobile/test/features/workouts/rest_timer_test.dart,dart,TESTS,workouts,Dart test,test,,ACTIVE,,,,,,INVENTORIED,orchestrator,
mobile/test/features/workouts/scheduled_session_providers_test.dart,dart,TESTS,workouts,Dart test,test,,ACTIVE,,,,,,INVENTORIED,orchestrator,
mobile/test/features/workouts/scheduled_session_test.dart,dart,TESTS,workouts,Dart test,test,,ACTIVE,,,,,,INVENTORIED,orchestrator,
mobile/test/features/workouts/session_digest_providers_test.dart,dart,TESTS,workouts,Dart test,test,,ACTIVE,,,,,,INVENTORIED,orchestrator,
mobile/test/features/workouts/session_digest_test.dart,dart,TESTS,workouts,Dart test,test,,ACTIVE,,,,,,INVENTORIED,orchestrator,
mobile/test/features/workouts/session_screening_test.dart,dart,TESTS,workouts,Dart test,test,,ACTIVE,,,,,,INVENTORIED,orchestrator,
mobile/test/features/workouts/set_capture_sheet_wording_test.dart,dart,TESTS,workouts,Dart test,test,,ACTIVE,,,,,,INVENTORIED,orchestrator,
mobile/test/features/workouts/set_capture_test.dart,dart,TESTS,workouts,Dart test,test,,ACTIVE,,,,,,INVENTORIED,orchestrator,
mobile/test/features/workouts/set_load_question_test.dart,dart,TESTS,workouts,Dart test,test,,ACTIVE,,,,,,INVENTORIED,orchestrator,
mobile/test/features/workouts/set_session_test.dart,dart,TESTS,workouts,Dart test,test,,ACTIVE,,,,,,INVENTORIED,orchestrator,
mobile/test/features/workouts/set_timer_controller_test.dart,dart,TESTS,workouts,Dart test,test,,ACTIVE,,,,,,INVENTORIED,orchestrator,
mobile/test/features/workouts/warmup_calculator_test.dart,dart,TESTS,workouts,Dart test,test,,ACTIVE,,,,,,INVENTORIED,orchestrator,
mobile/test/features/workouts/workout_log_models_test.dart,dart,TESTS,workouts,Dart test,test,,ACTIVE,,,,,,INVENTORIED,orchestrator,
mobile/test/features/workouts/workout_log_providers_test.dart,dart,TESTS,workouts,Dart test,test,,ACTIVE,,,,,,INVENTORIED,orchestrator,
mobile/test/features/workouts/workout_session_models_test.dart,dart,TESTS,workouts,Dart test,test,,ACTIVE,,,,,,INVENTORIED,orchestrator,
mobile/test/features/workouts/offline/file_offline_video_cache_test.dart,dart,TESTS,workouts,Dart test,test,,ACTIVE,,,,,,INVENTORIED,orchestrator,
mobile/test/features/workouts/offline/offline_video_cache_test.dart,dart,TESTS,workouts,Dart test,test,,ACTIVE,,,,,,INVENTORIED,orchestrator,
mobile/test/features/workouts/state/offline_video_providers_test.dart,dart,TESTS,workouts,Dart test,test,,ACTIVE,,,,,,INVENTORIED,orchestrator,
mobile/test/features/workouts/widgets/weight_stepper_a11y_test.dart,dart,TESTS,workouts,Dart test,test,,ACTIVE,,,,,,INVENTORIED,orchestrator,
mobile/test/helpers/test_app.dart,dart,TESTS,,Dart test,test,,ACTIVE,,,,,,INVENTORIED,orchestrator,
mobile/test/l10n/no_untranslated_strings_test.dart,dart,TESTS,,Dart test,test,,ACTIVE,,,,,,INVENTORIED,orchestrator,
mobile/test/l10n/translation_completeness_test.dart,dart,TESTS,,Dart test,test,,ACTIVE,,,,,,INVENTORIED,orchestrator,
mobile/test/router/app_router_test.dart,dart,TESTS,,Dart test,test,,ACTIVE,,,,,,INVENTORIED,orchestrator,
mobile/test/router/back_navigation_test.dart,dart,TESTS,,Dart test,test,,ACTIVE,,,,,,INVENTORIED,orchestrator,
mobile/test/router/reachability_test.dart,dart,TESTS,,Dart test,test,,ACTIVE,,,,,,INVENTORIED,orchestrator,
mobile/test/shared/demo_data_banner_test.dart,dart,TESTS,,Dart test,test,,ACTIVE,,,,,,INVENTORIED,orchestrator,
mobile/test/shared/widgets/shell_insets_test.dart,dart,TESTS,,Dart test,test,,ACTIVE,,,,,,INVENTORIED,orchestrator,
mobile/test/theme/app_semantic_colors_test.dart,dart,TESTS,,Dart test,test,,ACTIVE,,,,,,INVENTORIED,orchestrator,
mobile/test/theme/app_theme_test.dart,dart,TESTS,,Dart test,test,,ACTIVE,,,,,,INVENTORIED,orchestrator,
mobile/test/theme/font_bundle_test.dart,dart,TESTS,,Dart test,test,,ACTIVE,,,,,,INVENTORIED,orchestrator,
mobile/test/widgets/app_buttons_test.dart,dart,TESTS,,Dart test,test,,ACTIVE,,,,,,INVENTORIED,orchestrator,
mobile/test/widgets/aurora_background_test.dart,dart,TESTS,,Dart test,test,,ACTIVE,,,,,,INVENTORIED,orchestrator,
mobile/test/widgets/blur_budget_test.dart,dart,TESTS,,Dart test,test,,ACTIVE,,,,,,INVENTORIED,orchestrator,
mobile/test/widgets/floating_sheet_test.dart,dart,TESTS,,Dart test,test,,ACTIVE,,,,,,INVENTORIED,orchestrator,
mobile/test/widgets/glass_card_test.dart,dart,TESTS,,Dart test,test,,ACTIVE,,,,,,INVENTORIED,orchestrator,
mobile/test/widgets/glass_nav_bar_test.dart,dart,TESTS,,Dart test,test,,ACTIVE,,,,,,INVENTORIED,orchestrator,
functions/src/abuse_guard.ts,ts,CLOUD FUNCTIONS,,TypeScript Cloud Function,production,,ACTIVE,,,,,,INVENTORIED,orchestrator,
functions/src/account_export.ts,ts,CLOUD FUNCTIONS,,TypeScript Cloud Function,production,,ACTIVE,,,,,,INVENTORIED,orchestrator,
functions/src/index.ts,ts,CLOUD FUNCTIONS,,TypeScript Cloud Function,production,,ACTIVE,,,,,,INVENTORIED,orchestrator,
functions/src/scaling.ts,ts,CLOUD FUNCTIONS,,TypeScript Cloud Function,production,,ACTIVE,,,,,,INVENTORIED,orchestrator,
functions/src/tiers.ts,ts,CLOUD FUNCTIONS,,TypeScript Cloud Function,production,,ACTIVE,,,,,,INVENTORIED,orchestrator,
functions/src/video_urls.ts,ts,CLOUD FUNCTIONS,,TypeScript Cloud Function,production,,ACTIVE,,,,,,INVENTORIED,orchestrator,
functions/src/__e2e__/account_deletion.e2e.test.ts,ts,CLOUD FUNCTIONS,,Cloud Function test,test,,ACTIVE,,,,,,INVENTORIED,orchestrator,
functions/src/__rules__/firestore_rules.test.ts,ts,CLOUD FUNCTIONS,,Cloud Function test,test,,ACTIVE,,,,,,INVENTORIED,orchestrator,
functions/src/__tests__/account_export.test.ts,ts,CLOUD FUNCTIONS,,Cloud Function test,test,,ACTIVE,,,,,,INVENTORIED,orchestrator,
functions/src/__tests__/delete_account.test.ts,ts,CLOUD FUNCTIONS,,Cloud Function test,test,,ACTIVE,,,,,,INVENTORIED,orchestrator,
functions/src/__tests__/index.test.ts,ts,CLOUD FUNCTIONS,,Cloud Function test,test,,ACTIVE,,,,,,INVENTORIED,orchestrator,
functions/src/__tests__/scaling.test.ts,ts,CLOUD FUNCTIONS,,Cloud Function test,test,,ACTIVE,,,,,,INVENTORIED,orchestrator,
functions/src/__tests__/stripe_field_moves.test.ts,ts,CLOUD FUNCTIONS,,Cloud Function test,test,,ACTIVE,,,,,,INVENTORIED,orchestrator,
functions/src/__tests__/stripe_webhook.test.ts,ts,CLOUD FUNCTIONS,,Cloud Function test,test,,ACTIVE,,,,,,INVENTORIED,orchestrator,
functions/src/__tests__/tiers.test.ts,ts,CLOUD FUNCTIONS,,Cloud Function test,test,,ACTIVE,,,,,,INVENTORIED,orchestrator,
functions/src/__tests__/video_urls.test.ts,ts,CLOUD FUNCTIONS,,Cloud Function test,test,,ACTIVE,,,,,,INVENTORIED,orchestrator,
scripts/catalog/apply_free_exercise_db_translations.py,py,DATA SCRIPTS,,Python tooling,production,,ACTIVE,,,,,,INVENTORIED,orchestrator,
scripts/catalog/build_catalog.py,py,DATA SCRIPTS,,Python tooling,production,,ACTIVE,,,,,,INVENTORIED,orchestrator,
scripts/catalog/build_library.py,py,DATA SCRIPTS,,Python tooling,production,,ACTIVE,,,,,,INVENTORIED,orchestrator,
scripts/catalog/build_registry.py,py,DATA SCRIPTS,,Python tooling,production,,ACTIVE,,,,,,INVENTORIED,orchestrator,
scripts/catalog/build_vendor_catalog.py,py,DATA SCRIPTS,,Python tooling,production,,ACTIVE,,,,,,INVENTORIED,orchestrator,
scripts/catalog/build_vendor_request_batch.py,py,DATA SCRIPTS,,Python tooling,production,,ACTIVE,,,,,,INVENTORIED,orchestrator,
scripts/catalog/build_video_library.py,py,DATA SCRIPTS,,Python tooling,production,,ACTIVE,,,,,,INVENTORIED,orchestrator,
scripts/catalog/bundle_layout.py,py,DATA SCRIPTS,,Python tooling,production,,ACTIVE,,,,,,INVENTORIED,orchestrator,
scripts/catalog/close_empty_machines.py,py,DATA SCRIPTS,,Python tooling,production,,ACTIVE,,,,,,INVENTORIED,orchestrator,
scripts/catalog/fix_video_urls.py,py,DATA SCRIPTS,,Python tooling,production,,ACTIVE,,,,,,INVENTORIED,orchestrator,
scripts/catalog/import_bundle_clips.py,py,DATA SCRIPTS,,Python tooling,production,,ACTIVE,,,,,,INVENTORIED,orchestrator,
scripts/catalog/import_free_exercise_db.py,py,DATA SCRIPTS,,Python tooling,production,,ACTIVE,,,,,,INVENTORIED,orchestrator,
scripts/catalog/injury_regions.json,json,DATA SCRIPTS,,Python tooling,production,,ACTIVE,,,,,,INVENTORIED,orchestrator,
scripts/catalog/library_source.py,py,DATA SCRIPTS,,Python tooling,production,,ACTIVE,,,,,,INVENTORIED,orchestrator,
scripts/catalog/link_vendor_equipment.py,py,DATA SCRIPTS,,Python tooling,production,,ACTIVE,,,,,,INVENTORIED,orchestrator,
scripts/catalog/make_cue_sounds.py,py,DATA SCRIPTS,,Python tooling,production,,ACTIVE,,,,,,INVENTORIED,orchestrator,
scripts/catalog/make_posters.py,py,DATA SCRIPTS,,Python tooling,production,,ACTIVE,,,,,,INVENTORIED,orchestrator,
scripts/catalog/make_vendor_posters.py,py,DATA SCRIPTS,,Python tooling,production,,ACTIVE,,,,,,INVENTORIED,orchestrator,
scripts/catalog/match_legacy_semantic.py,py,DATA SCRIPTS,,Python tooling,production,,ACTIVE,,,,,,INVENTORIED,orchestrator,
scripts/catalog/match_vendor_list.py,py,DATA SCRIPTS,,Python tooling,production,,ACTIVE,,,,,,INVENTORIED,orchestrator,
scripts/catalog/merge_video_library.py,py,DATA SCRIPTS,,Python tooling,production,,ACTIVE,,,,,,INVENTORIED,orchestrator,
scripts/catalog/pose_patterns.json,json,DATA SCRIPTS,,Python tooling,production,,ACTIVE,,,,,,INVENTORIED,orchestrator,
scripts/catalog/preflight_video_hosting.py,py,DATA SCRIPTS,,Python tooling,production,,ACTIVE,,,,,,INVENTORIED,orchestrator,
scripts/catalog/provision_video_bucket.py,py,DATA SCRIPTS,,Python tooling,production,,ACTIVE,,,,,,INVENTORIED,orchestrator,
scripts/catalog/relicense_legacy_catalog.py,py,DATA SCRIPTS,,Python tooling,production,,ACTIVE,,,,,,INVENTORIED,orchestrator,
scripts/catalog/resolve_vendor_equipment.py,py,DATA SCRIPTS,,Python tooling,production,,ACTIVE,,,,,,INVENTORIED,orchestrator,
scripts/catalog/seed_stock_videos.ps1,ps1,DATA SCRIPTS,,Python tooling,production,,ACTIVE,,,,,,INVENTORIED,orchestrator,
scripts/catalog/set_scaffold_bucket_public.py,py,DATA SCRIPTS,,Python tooling,production,,ACTIVE,,,,,,INVENTORIED,orchestrator,
scripts/catalog/set_video_host.py,py,DATA SCRIPTS,,Python tooling,production,,ACTIVE,,,,,,INVENTORIED,orchestrator,
scripts/catalog/sweep_orphan_posters.py,py,DATA SCRIPTS,,Python tooling,production,,ACTIVE,,,,,,INVENTORIED,orchestrator,
scripts/catalog/tag_contraindications.py,py,DATA SCRIPTS,,Python tooling,production,,ACTIVE,,,,,,INVENTORIED,orchestrator,
scripts/catalog/tag_pose_targets.py,py,DATA SCRIPTS,,Python tooling,production,,ACTIVE,,,,,,INVENTORIED,orchestrator,
scripts/catalog/test_build_vendor_catalog.py,py,DATA SCRIPTS,,Python tooling,production,,ACTIVE,,,,,,INVENTORIED,orchestrator,
scripts/catalog/test_build_vendor_request_batch.py,py,DATA SCRIPTS,,Python tooling,production,,ACTIVE,,,,,,INVENTORIED,orchestrator,
scripts/catalog/test_bundle_layout.py,py,DATA SCRIPTS,,Python tooling,production,,ACTIVE,,,,,,INVENTORIED,orchestrator,
scripts/catalog/test_tag_contraindications.py,py,DATA SCRIPTS,,Python tooling,production,,ACTIVE,,,,,,INVENTORIED,orchestrator,
scripts/catalog/test_tag_pose_targets.py,py,DATA SCRIPTS,,Python tooling,production,,ACTIVE,,,,,,INVENTORIED,orchestrator,
scripts/catalog/test_vendor_paths.py,py,DATA SCRIPTS,,Python tooling,production,,ACTIVE,,,,,,INVENTORIED,orchestrator,
scripts/catalog/transcode_bundle.py,py,DATA SCRIPTS,,Python tooling,production,,ACTIVE,,,,,,INVENTORIED,orchestrator,
scripts/catalog/translate_vendor_catalog.py,py,DATA SCRIPTS,,Python tooling,production,,ACTIVE,,,,,,INVENTORIED,orchestrator,
scripts/catalog/vendor_paths.py,py,DATA SCRIPTS,,Python tooling,production,,ACTIVE,,,,,,INVENTORIED,orchestrator,
scripts/catalog/verify_catalog_objects.py,py,DATA SCRIPTS,,Python tooling,production,,ACTIVE,,,,,,INVENTORIED,orchestrator,
scripts/catalog/verify_clip_signing.py,py,DATA SCRIPTS,,Python tooling,production,,ACTIVE,,,,,,INVENTORIED,orchestrator,
scripts/catalog/widen_stretch_flag.py,py,DATA SCRIPTS,,Python tooling,production,,ACTIVE,,,,,,INVENTORIED,orchestrator,
scripts/catalog/text/abs.py,py,DATA SCRIPTS,,Python tooling,production,,ACTIVE,,,,,,INVENTORIED,orchestrator,
scripts/catalog/text/back.py,py,DATA SCRIPTS,,Python tooling,production,,ACTIVE,,,,,,INVENTORIED,orchestrator,
scripts/catalog/text/biceps.py,py,DATA SCRIPTS,,Python tooling,production,,ACTIVE,,,,,,INVENTORIED,orchestrator,
scripts/catalog/text/calves.py,py,DATA SCRIPTS,,Python tooling,production,,ACTIVE,,,,,,INVENTORIED,orchestrator,
scripts/catalog/text/cardio.py,py,DATA SCRIPTS,,Python tooling,production,,ACTIVE,,,,,,INVENTORIED,orchestrator,
scripts/catalog/text/chest.py,py,DATA SCRIPTS,,Python tooling,production,,ACTIVE,,,,,,INVENTORIED,orchestrator,
scripts/catalog/text/forearms.py,py,DATA SCRIPTS,,Python tooling,production,,ACTIVE,,,,,,INVENTORIED,orchestrator,
scripts/catalog/text/hips.py,py,DATA SCRIPTS,,Python tooling,production,,ACTIVE,,,,,,INVENTORIED,orchestrator,
scripts/catalog/text/mix.py,py,DATA SCRIPTS,,Python tooling,production,,ACTIVE,,,,,,INVENTORIED,orchestrator,
scripts/catalog/text/shoulders.py,py,DATA SCRIPTS,,Python tooling,production,,ACTIVE,,,,,,INVENTORIED,orchestrator,
scripts/catalog/text/trapezius.py,py,DATA SCRIPTS,,Python tooling,production,,ACTIVE,,,,,,INVENTORIED,orchestrator,
scripts/catalog/text/triceps.py,py,DATA SCRIPTS,,Python tooling,production,,ACTIVE,,,,,,INVENTORIED,orchestrator,
scripts/catalog/text/__init__.py,py,DATA SCRIPTS,,Python tooling,production,,ACTIVE,,,,,,INVENTORIED,orchestrator,
scripts/catalog/__pycache__/import_free_exercise_db.cpython-314.pyc,pyc,DATA SCRIPTS,,Python tooling,production,,ACTIVE,,,,,,INVENTORIED,orchestrator,
scripts/dev/audit_doc_links.ps1,ps1,DATA SCRIPTS,,Python tooling,production,,ACTIVE,,,,,,INVENTORIED,orchestrator,
scripts/dev/build_release.ps1,ps1,DATA SCRIPTS,,Python tooling,production,,ACTIVE,,,,,,INVENTORIED,orchestrator,
scripts/dev/build_wear.ps1,ps1,DATA SCRIPTS,,Python tooling,production,,ACTIVE,,,,,,INVENTORIED,orchestrator,
scripts/dev/debug_daemon.ps1,ps1,DATA SCRIPTS,,Python tooling,production,,ACTIVE,,,,,,INVENTORIED,orchestrator,
scripts/dev/measure_context.ps1,ps1,DATA SCRIPTS,,Python tooling,production,,ACTIVE,,,,,,INVENTORIED,orchestrator,
scripts/dev/production_manifest.py,py,DATA SCRIPTS,,Python tooling,production,,ACTIVE,,,,,,INVENTORIED,orchestrator,
scripts/dev/run_app.ps1,ps1,DATA SCRIPTS,,Python tooling,production,,ACTIVE,,,,,,INVENTORIED,orchestrator,
scripts/dev/run_tests.ps1,ps1,DATA SCRIPTS,,Python tooling,production,,ACTIVE,,,,,,INVENTORIED,orchestrator,
scripts/dev/run_with_debug.ps1,ps1,DATA SCRIPTS,,Python tooling,production,,ACTIVE,,,,,,INVENTORIED,orchestrator,
scripts/l10n/apply_strings.py,py,DATA SCRIPTS,,Python tooling,production,,ACTIVE,,,,,,INVENTORIED,orchestrator,
scripts/l10n/extract_strings.py,py,DATA SCRIPTS,,Python tooling,production,,ACTIVE,,,,,,INVENTORIED,orchestrator,
scripts/l10n/fix_const.py,py,DATA SCRIPTS,,Python tooling,production,,ACTIVE,,,,,,INVENTORIED,orchestrator,
scripts/l10n/onboarding_l10n.py,py,DATA SCRIPTS,,Python tooling,production,,ACTIVE,,,,,,INVENTORIED,orchestrator,
scripts/l10n/profile_l10n.py,py,DATA SCRIPTS,,Python tooling,production,,ACTIVE,,,,,,INVENTORIED,orchestrator,
scripts/l10n/ru.json,json,DATA SCRIPTS,,Python tooling,production,,ACTIVE,,,,,,INVENTORIED,orchestrator,
scripts/l10n/strings_spec.json,json,DATA SCRIPTS,,Python tooling,production,,ACTIVE,,,,,,INVENTORIED,orchestrator,
scripts/l10n/subscription_l10n.py,py,DATA SCRIPTS,,Python tooling,production,,ACTIVE,,,,,,INVENTORIED,orchestrator,
scripts/l10n/tail_l10n.py,py,DATA SCRIPTS,,Python tooling,production,,ACTIVE,,,,,,INVENTORIED,orchestrator,
scripts/legal/build_legal.py,py,DATA SCRIPTS,,Python tooling,production,,ACTIVE,,,,,,INVENTORIED,orchestrator,
scripts/legal/legal_text.py,py,DATA SCRIPTS,,Python tooling,production,,ACTIVE,,,,,,INVENTORIED,orchestrator,
scripts/legal/__pycache__/legal_text.cpython-314.pyc,pyc,DATA SCRIPTS,,Python tooling,production,,ACTIVE,,,,,,INVENTORIED,orchestrator,
scripts/ops/create_video_bucket.py,py,DATA SCRIPTS,,Python tooling,production,,ACTIVE,,,,,,INVENTORIED,orchestrator,
scripts/ops/firebase_api.py,py,DATA SCRIPTS,,Python tooling,production,,ACTIVE,,,,,,INVENTORIED,orchestrator,
scripts/ops/setup_stripe_secrets.ps1,ps1,DATA SCRIPTS,,Python tooling,production,,ACTIVE,,,,,,INVENTORIED,orchestrator,
scripts/ops/strip_health_from_profiles.py,py,DATA SCRIPTS,,Python tooling,production,,ACTIVE,,,,,,INVENTORIED,orchestrator,
scripts/ops/upload_video_library.py,py,DATA SCRIPTS,,Python tooling,production,,ACTIVE,,,,,,INVENTORIED,orchestrator,
scripts/pose/extract_mmfit_posture.py,py,DATA SCRIPTS,,Python tooling,production,,ACTIVE,,,,,,INVENTORIED,orchestrator,
scripts/pose/extract_mmfit_targets.py,py,DATA SCRIPTS,,Python tooling,production,,ACTIVE,,,,,,INVENTORIED,orchestrator,
scripts/pose/extract_pose_targets.py,py,DATA SCRIPTS,,Python tooling,production,,ACTIVE,,,,,,INVENTORIED,orchestrator,
tools/catalog/correct_exercise_text.py,py,DATA SCRIPTS,,Python tooling,production,,ACTIVE,,,,,,INVENTORIED,orchestrator,
tools/catalog/json_io.py,py,DATA SCRIPTS,,Python tooling,production,,ACTIVE,,,,,,INVENTORIED,orchestrator,
tools/catalog/merge_exercise_text.py,py,DATA SCRIPTS,,Python tooling,production,,ACTIVE,,,,,,INVENTORIED,orchestrator,
tools/catalog/repair_equipment_label.py,py,DATA SCRIPTS,,Python tooling,production,,ACTIVE,,,,,,INVENTORIED,orchestrator,
tools/catalog/repair_ru_summary.py,py,DATA SCRIPTS,,Python tooling,production,,ACTIVE,,,,,,INVENTORIED,orchestrator,
tools/catalog/batches/b3_01_forearms_powerlifting.json,json,DATA SCRIPTS,,Python tooling,production,,ACTIVE,,,,,,INVENTORIED,orchestrator,
tools/catalog/batches/b3_02_biceps_triceps.json,json,DATA SCRIPTS,,Python tooling,production,,ACTIVE,,,,,,INVENTORIED,orchestrator,
tools/catalog/batches/b3_03_chest.json,json,DATA SCRIPTS,,Python tooling,production,,ACTIVE,,,,,,INVENTORIED,orchestrator,
tools/catalog/batches/b3_04_back.json,json,DATA SCRIPTS,,Python tooling,production,,ACTIVE,,,,,,INVENTORIED,orchestrator,
tools/catalog/batches/b3_05a_shoulders.json,json,DATA SCRIPTS,,Python tooling,production,,ACTIVE,,,,,,INVENTORIED,orchestrator,
tools/catalog/batches/b3_05b_shoulders.json,json,DATA SCRIPTS,,Python tooling,production,,ACTIVE,,,,,,INVENTORIED,orchestrator,
tools/catalog/batches/b3_06a_legs.json,json,DATA SCRIPTS,,Python tooling,production,,ACTIVE,,,,,,INVENTORIED,orchestrator,
tools/catalog/batches/b3_06b_legs.json,json,DATA SCRIPTS,,Python tooling,production,,ACTIVE,,,,,,INVENTORIED,orchestrator,
tools/catalog/batches/b3_07_abs.json,json,DATA SCRIPTS,,Python tooling,production,,ACTIVE,,,,,,INVENTORIED,orchestrator,
tools/catalog/batches/b3_08_stretching.json,json,DATA SCRIPTS,,Python tooling,production,,ACTIVE,,,,,,INVENTORIED,orchestrator,
tools/catalog/batches/b3_09_yoga.json,json,DATA SCRIPTS,,Python tooling,production,,ACTIVE,,,,,,INVENTORIED,orchestrator,
tools/catalog/batches/b3_10a_functional.json,json,DATA SCRIPTS,,Python tooling,production,,ACTIVE,,,,,,INVENTORIED,orchestrator,
tools/catalog/batches/b3_10b_functional.json,json,DATA SCRIPTS,,Python tooling,production,,ACTIVE,,,,,,INVENTORIED,orchestrator,
tools/catalog/corrections/c1_known_wrong_2026-08-16.json,json,DATA SCRIPTS,,Python tooling,production,,ACTIVE,,,,,,INVENTORIED,orchestrator,
tools/catalog/__pycache__/json_io.cpython-314.pyc,pyc,DATA SCRIPTS,,Python tooling,production,,ACTIVE,,,,,,INVENTORIED,orchestrator,
tools/evidence/validate_csv_evidence.py,py,DATA SCRIPTS,,Python tooling,production,,ACTIVE,,,,,,INVENTORIED,orchestrator,
core/AUDIT_REPORT_2026-08-11.md,md,AUDITS,,Document / evidence,production,,ACTIVE,,,,,,INVENTORIED,orchestrator,
core/BACKLOG_2026-07-31.md,md,AUDITS,,Document / evidence,production,,ACTIVE,,,,,,INVENTORIED,orchestrator,
core/bundle_import_report.csv,csv,AUDITS,,Document / evidence,production,,ACTIVE,,,,,,INVENTORIED,orchestrator,
core/CATALOG_STATE_2026-08-03.csv,csv,AUDITS,,Document / evidence,production,,ACTIVE,,,,,,INVENTORIED,orchestrator,
core/CATALOG_STATE_2026-08-03.md,md,AUDITS,,Document / evidence,production,,ACTIVE,,,,,,INVENTORIED,orchestrator,
core/CLIPLESS_FOR_REVIEW.csv,csv,AUDITS,,Document / evidence,production,,ACTIVE,,,,,,INVENTORIED,orchestrator,
core/CLIP_LICENCE_AUDIT_2026-08-03.csv,csv,AUDITS,,Document / evidence,production,,ACTIVE,,,,,,INVENTORIED,orchestrator,
core/CLIP_LICENCE_AUDIT_2026-08-03.md,md,AUDITS,,Document / evidence,production,,ACTIVE,,,,,,INVENTORIED,orchestrator,
core/CODEMAP.md,md,AUDITS,,Document / evidence,production,,ACTIVE,,,,,,INVENTORIED,orchestrator,
core/COMMIT_PLANS_2026-08-04.md,md,AUDITS,,Document / evidence,production,,ACTIVE,,,,,,INVENTORIED,orchestrator,
core/context_baseline.csv,csv,AUDITS,,Document / evidence,production,,ACTIVE,,,,,,INVENTORIED,orchestrator,
core/CONVENTIONS.md,md,AUDITS,,Document / evidence,production,,ACTIVE,,,,,,INVENTORIED,orchestrator,
core/DATA_INVENTORY_2026-08-11.csv,csv,AUDITS,,Document / evidence,production,,ACTIVE,,,,,,INVENTORIED,orchestrator,
core/DATA_INVENTORY_2026-08-11.md,md,AUDITS,,Document / evidence,production,,ACTIVE,,,,,,INVENTORIED,orchestrator,
core/DEBUGGING.md,md,AUDITS,,Document / evidence,production,,ACTIVE,,,,,,INVENTORIED,orchestrator,
core/DECISION_LOG.md,md,AUDITS,,Document / evidence,production,,ACTIVE,,,,,,INVENTORIED,orchestrator,
core/DEPENDENCIES.csv,csv,AUDITS,,Document / evidence,production,,ACTIVE,,,,,,INVENTORIED,orchestrator,
core/DEPENDENCIES.md,md,AUDITS,,Document / evidence,production,,ACTIVE,,,,,,INVENTORIED,orchestrator,
core/EQUIPMENT_GAP_ITEMS_2026-08-03.csv,csv,AUDITS,,Document / evidence,production,,ACTIVE,,,,,,INVENTORIED,orchestrator,
core/EQUIPMENT_REGISTRY_EXPANSION_2026-08-03.csv,csv,AUDITS,,Document / evidence,production,,ACTIVE,,,,,,INVENTORIED,orchestrator,
core/EQUIPMENT_REGISTRY_EXPANSION_2026-08-03.md,md,AUDITS,,Document / evidence,production,,ACTIVE,,,,,,INVENTORIED,orchestrator,
core/EXERCISES_WE_NEED.xlsx,xlsx,AUDITS,,Document / evidence,production,,ACTIVE,,,,,,INVENTORIED,orchestrator,
core/INDEX.md,md,AUDITS,,Document / evidence,production,,ACTIVE,,,,,,INVENTORIED,orchestrator,
core/LEGACY_CATALOG_REMOVED_2026-08-04.csv,csv,AUDITS,,Document / evidence,production,,ACTIVE,,,,,,INVENTORIED,orchestrator,
core/LEGACY_CATALOG_REMOVED_2026-08-04.md,md,AUDITS,,Document / evidence,production,,ACTIVE,,,,,,INVENTORIED,orchestrator,
core/legacy_match_proposals.csv,csv,AUDITS,,Document / evidence,production,,ACTIVE,,,,,,INVENTORIED,orchestrator,
core/PHASE_1B_FIREBASE_SETUP.md,md,AUDITS,,Document / evidence,production,,ACTIVE,,,,,,INVENTORIED,orchestrator,
core/PHASE_4B_STRIPE_SETUP.md,md,AUDITS,,Document / evidence,production,,ACTIVE,,,,,,INVENTORIED,orchestrator,
core/PLAN_2026-07-31.md,md,AUDITS,,Document / evidence,production,,ACTIVE,,,,,,INVENTORIED,orchestrator,
core/PLAN_AUDIT_REMEDIATION_2026-08-04.md,md,AUDITS,,Document / evidence,production,,ACTIVE,,,,,,INVENTORIED,orchestrator,
core/PLAN_GYMS_AND_NEWS_2026-08-01.md,md,AUDITS,,Document / evidence,production,,ACTIVE,,,,,,INVENTORIED,orchestrator,
core/PLATFORM_SCOPE.md,md,AUDITS,,Document / evidence,production,,ACTIVE,,,,,,INVENTORIED,orchestrator,
core/PLAY_DATA_SAFETY_2026-08-05.md,md,AUDITS,,Document / evidence,production,,ACTIVE,,,,,,INVENTORIED,orchestrator,
core/PRODUCTION_MANIFEST.csv,csv,AUDITS,,Document / evidence,production,,ACTIVE,,,,,,INVENTORIED,orchestrator,
core/PRODUCTION_MANIFEST.md,md,AUDITS,,Document / evidence,production,,ACTIVE,,,,,,INVENTORIED,orchestrator,
core/RELEASE_BUILD_2026-08-16.md,md,AUDITS,,Document / evidence,production,,ACTIVE,,,,,,INVENTORIED,orchestrator,
core/RESUME_2026-08-14.md,md,AUDITS,,Document / evidence,production,,ACTIVE,,,,,,INVENTORIED,orchestrator,
core/RESUME_PROMPT_2026-08-04.md,md,AUDITS,,Document / evidence,production,,ACTIVE,,,,,,INVENTORIED,orchestrator,
core/SESSION_STATE_2026-08-07.md,md,AUDITS,,Document / evidence,production,,ACTIVE,,,,,,INVENTORIED,orchestrator,
core/SESSION_STATE_2026-08-08.md,md,AUDITS,,Document / evidence,production,,ACTIVE,,,,,,INVENTORIED,orchestrator,
core/STATE_H_GATES_2026-08-03.md,md,AUDITS,,Document / evidence,production,,ACTIVE,,,,,,INVENTORIED,orchestrator,
core/subset_verdicts.csv,csv,AUDITS,,Document / evidence,production,,ACTIVE,,,,,,INVENTORIED,orchestrator,
core/TECHSTACK.md,md,AUDITS,,Document / evidence,production,,ACTIVE,,,,,,INVENTORIED,orchestrator,
core/vendor_clip_gaps_2026-08-05.csv,csv,AUDITS,,Document / evidence,production,,ACTIVE,,,,,,INVENTORIED,orchestrator,
core/vendor_clip_gaps_2026-08-05.xlsx,xlsx,AUDITS,,Document / evidence,production,,ACTIVE,,,,,,INVENTORIED,orchestrator,
core/vendor_coverage_all_511.csv,csv,AUDITS,,Document / evidence,production,,ACTIVE,,,,,,INVENTORIED,orchestrator,
core/vendor_coverage_gap_168.csv,csv,AUDITS,,Document / evidence,production,,ACTIVE,,,,,,INVENTORIED,orchestrator,
core/VENDOR_EQUIPMENT_LINK_2026-08-03.csv,csv,AUDITS,,Document / evidence,production,,ACTIVE,,,,,,INVENTORIED,orchestrator,
core/VENDOR_EQUIPMENT_LINK_2026-08-03.md,md,AUDITS,,Document / evidence,production,,ACTIVE,,,,,,INVENTORIED,orchestrator,
core/vendor_equipment_needs_review.csv,csv,AUDITS,,Document / evidence,production,,ACTIVE,,,,,,INVENTORIED,orchestrator,
core/vendor_equipment_resolved.csv,csv,AUDITS,,Document / evidence,production,,ACTIVE,,,,,,INVENTORIED,orchestrator,
core/vendor_equipment_visual_audit.csv,csv,AUDITS,,Document / evidence,production,,ACTIVE,,,,,,INVENTORIED,orchestrator,
core/video_gap_168.csv,csv,AUDITS,,Document / evidence,production,,ACTIVE,,,,,,INVENTORIED,orchestrator,
core/VIDEO_SOURCES_RESEARCH_2026-08-01.md,md,AUDITS,,Document / evidence,production,,ACTIVE,,,,,,INVENTORIED,orchestrator,
core/agent-engine-v2.3.1/CHANGELOG_V2.2_TO_V2.3.md,md,AUDITS,,Document / evidence,production,,ACTIVE,,,,,,INVENTORIED,orchestrator,
core/agent-engine-v2.3.1/CHANGELOG_V2.3_TO_V2.3.1.md,md,AUDITS,,Document / evidence,production,,ACTIVE,,,,,,INVENTORIED,orchestrator,
core/agent-engine-v2.3.1/CLAUDE_CODE_COMPATIBILITY.md,md,AUDITS,,Document / evidence,production,,ACTIVE,,,,,,INVENTORIED,orchestrator,
core/agent-engine-v2.3.1/EVIDENCE_REGISTRY.md,md,AUDITS,,Document / evidence,production,,ACTIVE,,,,,,INVENTORIED,orchestrator,
core/agent-engine-v2.3.1/FILE_MANIFEST_SHA256.json,json,AUDITS,,Document / evidence,production,,ACTIVE,,,,,,INVENTORIED,orchestrator,
core/agent-engine-v2.3.1/GOVERNANCE_OWNERSHIP.md,md,AUDITS,,Document / evidence,production,,ACTIVE,,,,,,INVENTORIED,orchestrator,
core/agent-engine-v2.3.1/manifest.json,json,AUDITS,,Document / evidence,production,,ACTIVE,,,,,,INVENTORIED,orchestrator,
core/agent-engine-v2.3.1/MIGRATION_FROM_V1.md,md,AUDITS,,Document / evidence,production,,ACTIVE,,,,,,INVENTORIED,orchestrator,
core/agent-engine-v2.3.1/PACK_README.md,md,AUDITS,,Document / evidence,production,,ACTIVE,,,,,,INVENTORIED,orchestrator,
core/agent-engine-v2.3.1/README.md,md,AUDITS,,Document / evidence,production,,ACTIVE,,,,,,INVENTORIED,orchestrator,
core/agent-engine-v2.3.1/REVIEW_V2.1_TO_V2.2.md,md,AUDITS,,Document / evidence,production,,ACTIVE,,,,,,INVENTORIED,orchestrator,
core/agent-engine-v2.3.1/REVIEW_V2_TO_V2.1.md,md,AUDITS,,Document / evidence,production,,ACTIVE,,,,,,INVENTORIED,orchestrator,
core/agent-engine-v2.3.1/ROUTING_MATRIX.md,md,AUDITS,,Document / evidence,production,,ACTIVE,,,,,,INVENTORIED,orchestrator,
core/agent-engine-v2.3.1/RUNTIME_SAFETY_PROMPT.md,md,AUDITS,,Document / evidence,production,,ACTIVE,,,,,,INVENTORIED,orchestrator,
core/agent-engine-v2.3.1/SAFETY_EVAL_CASES.md,md,AUDITS,,Document / evidence,production,,ACTIVE,,,,,,INVENTORIED,orchestrator,
core/agent-engine-v2.3.1/evals/cases.jsonl,jsonl,AUDITS,,Document / evidence,production,,ACTIVE,,,,,,INVENTORIED,orchestrator,
core/agent-engine-v2.3.1/evals/README.md,md,AUDITS,,Document / evidence,production,,ACTIVE,,,,,,INVENTORIED,orchestrator,
core/agent-engine-v2.3.1/evals/run_reference_policy_gate.py,py,AUDITS,,Document / evidence,production,,ACTIVE,,,,,,INVENTORIED,orchestrator,
core/agent-engine-v2.3.1/evals/run_safety_evals.py,py,AUDITS,,Document / evidence,production,,ACTIVE,,,,,,INVENTORIED,orchestrator,
core/agent-engine-v2.3.1/evals/run_static_gates.py,py,AUDITS,,Document / evidence,production,,ACTIVE,,,,,,INVENTORIED,orchestrator,
core/agent-engine-v2.3.1/evals/adapters/app_adapter_template.py,py,AUDITS,,Document / evidence,production,,ACTIVE,,,,,,INVENTORIED,orchestrator,
core/agent-engine-v2.3.1/evals/adapters/reference_policy_adapter.py,py,AUDITS,,Document / evidence,production,,ACTIVE,,,,,,INVENTORIED,orchestrator,
core/agent-engine-v2.3.1/evals/adapters/__init__.py,py,AUDITS,,Document / evidence,production,,ACTIVE,,,,,,INVENTORIED,orchestrator,
core/agent-engine-v2.3.1/evals/adapters/__pycache__/app_adapter_template.cpython-314.pyc,pyc,AUDITS,,Document / evidence,production,,ACTIVE,,,,,,INVENTORIED,orchestrator,
core/agent-engine-v2.3.1/evals/adapters/__pycache__/reference_policy_adapter.cpython-314.pyc,pyc,AUDITS,,Document / evidence,production,,ACTIVE,,,,,,INVENTORIED,orchestrator,
core/agent-engine-v2.3.1/evals/adapters/__pycache__/__init__.cpython-314.pyc,pyc,AUDITS,,Document / evidence,production,,ACTIVE,,,,,,INVENTORIED,orchestrator,
core/agent-engine-v2.3.1/evals/__pycache__/run_safety_evals.cpython-314.pyc,pyc,AUDITS,,Document / evidence,production,,ACTIVE,,,,,,INVENTORIED,orchestrator,
core/agent-engine-v2.3.1/g0.5_agent_engine_contract/00_AGENT_ENGINE_CONTRACT.md,md,AUDITS,,Document / evidence,production,,ACTIVE,,,,,,INVENTORIED,orchestrator,
core/agent-engine-v2.3.1/g0.5_agent_engine_contract/01_MULTI_AGENT_WORKFLOW.md,md,AUDITS,,Document / evidence,production,,ACTIVE,,,,,,INVENTORIED,orchestrator,
core/agent-engine-v2.3.1/g0.5_agent_engine_contract/02_GATE_REVIEW_MATRIX.md,md,AUDITS,,Document / evidence,production,,ACTIVE,,,,,,INVENTORIED,orchestrator,
core/agent-engine-v2.3.1/g0.5_agent_engine_contract/03_CONFLICT_VETO_POLICY.md,md,AUDITS,,Document / evidence,production,,ACTIVE,,,,,,INVENTORIED,orchestrator,
core/agent-engine-v2.3.1/g0.5_agent_engine_contract/04_ARTIFACT_CONTRACTS.md,md,AUDITS,,Document / evidence,production,,ACTIVE,,,,,,INVENTORIED,orchestrator,
core/agent-engine-v2.3.1/g0.5_agent_engine_contract/05_REAL_REPO_BINDING.md,md,AUDITS,,Document / evidence,production,,ACTIVE,,,,,,INVENTORIED,orchestrator,
core/agent-engine-v2.3.1/g0.5_agent_engine_contract/06_DEPLOYMENT_MAP.md,md,AUDITS,,Document / evidence,production,,ACTIVE,,,,,,INVENTORIED,orchestrator,
core/agent-engine-v2.3.1/g0.5_agent_engine_contract/07_G0_REMOTE_VERIFICATION.md,md,AUDITS,,Document / evidence,production,,ACTIVE,,,,,,INVENTORIED,orchestrator,
core/agent-engine-v2.3.1/g0.5_agent_engine_contract/agent_engine_ownership.json,json,AUDITS,,Document / evidence,production,,ACTIVE,,,,,,INVENTORIED,orchestrator,
core/agent-engine-v2.3.1/g0.5_agent_engine_contract/gate_review_matrix.json,json,AUDITS,,Document / evidence,production,,ACTIVE,,,,,,INVENTORIED,orchestrator,
core/agent-engine-v2.3.1/g0.5_agent_engine_contract/real_repo_map.json,json,AUDITS,,Document / evidence,production,,ACTIVE,,,,,,INVENTORIED,orchestrator,
core/agent-engine-v2.3.1/recommendation_engine_v1.1_real_repo/00_G0_REAL_REPO_AUDIT.md,md,AUDITS,,Document / evidence,production,,ACTIVE,,,,,,INVENTORIED,orchestrator,
core/agent-engine-v2.3.1/recommendation_engine_v1.1_real_repo/01_IMPLEMENTATION_MAP.md,md,AUDITS,,Document / evidence,production,,ACTIVE,,,,,,INVENTORIED,orchestrator,
core/agent-engine-v2.3.1/recommendation_engine_v1.1_real_repo/02_FINDINGS_REGISTER.md,md,AUDITS,,Document / evidence,production,,ACTIVE,,,,,,INVENTORIED,orchestrator,
core/agent-engine-v2.3.1/recommendation_engine_v1.1_real_repo/03_DATA_CONTRACT_AND_MIGRATION.md,md,AUDITS,,Document / evidence,production,,ACTIVE,,,,,,INVENTORIED,orchestrator,
core/agent-engine-v2.3.1/recommendation_engine_v1.1_real_repo/04_GATE_PLAN.md,md,AUDITS,,Document / evidence,production,,ACTIVE,,,,,,INVENTORIED,orchestrator,
core/agent-engine-v2.3.1/recommendation_engine_v1.1_real_repo/05_TEST_MATRIX.md,md,AUDITS,,Document / evidence,production,,ACTIVE,,,,,,INVENTORIED,orchestrator,
core/agent-engine-v2.3.1/recommendation_engine_v1.1_real_repo/06_G1_CLAUDE_CODE_PROMPT.md,md,AUDITS,,Document / evidence,production,,ACTIVE,,,,,,INVENTORIED,orchestrator,
core/agent-engine-v2.3.1/recommendation_engine_v1.1_real_repo/findings.json,json,AUDITS,,Document / evidence,production,,ACTIVE,,,,,,INVENTORIED,orchestrator,
core/agent-engine-v2.3.1/recommendation_engine_v1.1_real_repo/implementation_map.json,json,AUDITS,,Document / evidence,production,,ACTIVE,,,,,,INVENTORIED,orchestrator,
core/agent-engine-v2.3.1/recommendation_engine_v1.1_real_repo/README.md,md,AUDITS,,Document / evidence,production,,ACTIVE,,,,,,INVENTORIED,orchestrator,
core/agent-engine-v2.3.1/runtime/medication_effects.v1.json,json,AUDITS,,Document / evidence,production,,ACTIVE,,,,,,INVENTORIED,orchestrator,
core/agent-engine-v2.3.1/runtime/recommendation_contract.schema.json,json,AUDITS,,Document / evidence,production,,ACTIVE,,,,,,INVENTORIED,orchestrator,
core/agent-engine-v2.3.1/runtime/safety_rules.v1.json,json,AUDITS,,Document / evidence,production,,ACTIVE,,,,,,INVENTORIED,orchestrator,
core/audit/full_catalog_1887_2026-08-15/MANIFEST.csv,csv,AUDITS,,Document / evidence,production,,ACTIVE,,,,,,INVENTORIED,orchestrator,
core/audit/full_catalog_1887_2026-08-15/SPTR_FULL_CATALOG_1887_AUDIT_STATUS_2026-08-15.md,md,AUDITS,,Document / evidence,production,,ACTIVE,,,,,,INVENTORIED,orchestrator,
core/audit/full_catalog_1887_2026-08-15/SPTR_FULL_CATALOG_1887_FINAL_ISSUES_2026-08-15.csv,csv,AUDITS,,Document / evidence,production,,ACTIVE,,,,,,INVENTORIED,orchestrator,
core/audit/full_catalog_1887_2026-08-15/SPTR_FULL_CATALOG_1887_FINAL_SUMMARY_2026-08-15.md,md,AUDITS,,Document / evidence,production,,ACTIVE,,,,,,INVENTORIED,orchestrator,
core/audit/full_catalog_1887_2026-08-15/SPTR_FULL_CATALOG_1887_FINAL_VERIFIED_2026-08-15.csv,csv,AUDITS,,Document / evidence,production,,ACTIVE,,,,,,INVENTORIED,orchestrator,
core/audit/full_catalog_1887_2026-08-15/SPTR_FULL_CATALOG_1887_GATE_E_RECLASSIFIED_2026-08-15.csv,csv,AUDITS,,Document / evidence,production,,ACTIVE,,,,,,INVENTORIED,orchestrator,
core/audit/full_catalog_1887_2026-08-15/SPTR_FULL_CATALOG_1887_ISSUE_MATRIX_2026-08-15.csv,csv,AUDITS,,Document / evidence,production,,ACTIVE,,,,,,INVENTORIED,orchestrator,
core/audit/full_catalog_1887_2026-08-15/SPTR_FULL_CATALOG_1887_MISMATCH_MATRIX_2026-08-15.csv,csv,AUDITS,,Document / evidence,production,,ACTIVE,,,,,,INVENTORIED,orchestrator,
core/audit/full_catalog_1887_2026-08-15/SPTR_FULL_CATALOG_1887_PATTERN_AUDIT_2026-08-15.html,html,AUDITS,,Document / evidence,production,,ACTIVE,,,,,,INVENTORIED,orchestrator,
core/audit/full_catalog_1887_2026-08-15/SPTR_FULL_CATALOG_1887_PATTERN_AUDIT_SUMMARY_2026-08-15.md,md,AUDITS,,Document / evidence,production,,ACTIVE,,,,,,INVENTORIED,orchestrator,
core/audit/gate_j_regulatory_review_2026-08-15/GATE_J_REGULATORY_REVIEW_2026-08-15.md,md,AUDITS,,Document / evidence,production,,ACTIVE,,,,,,INVENTORIED,orchestrator,
core/audit/gate_j_regulatory_review_2026-08-15/MANIFEST.csv,csv,AUDITS,,Document / evidence,production,,ACTIVE,,,,,,INVENTORIED,orchestrator,
core/audit/gate_j_regulatory_review_2026-08-15/README.md,md,AUDITS,,Document / evidence,production,,ACTIVE,,,,,,INVENTORIED,orchestrator,
core/audits/FULL_PROJECT_AUDIT_2026-08-16/07_EXERCISE_INVENTORY.csv,csv,AUDITS,,Document / evidence,production,,ACTIVE,,,,,,INVENTORIED,orchestrator,
core/audits/FULL_PROJECT_AUDIT_2026-08-16/09_MEDIA_COVERAGE.csv,csv,AUDITS,,Document / evidence,production,,ACTIVE,,,,,,INVENTORIED,orchestrator,
core/audits/FULL_PROJECT_AUDIT_2026-08-16/10_EQUIPMENT_INVENTORY.csv,csv,AUDITS,,Document / evidence,production,,ACTIVE,,,,,,INVENTORIED,orchestrator,
core/audits/FULL_PROJECT_AUDIT_2026-08-16/20_EQUIPMENT_EXERCISE_MATRIX.csv,csv,AUDITS,,Document / evidence,production,,ACTIVE,,,,,,INVENTORIED,orchestrator,
core/bundle/duplicate_pairs_1.png,png,AUDITS,,Document / evidence,production,,ACTIVE,,,,,,INVENTORIED,orchestrator,
core/bundle/duplicate_pairs_2.png,png,AUDITS,,Document / evidence,production,,ACTIVE,,,,,,INVENTORIED,orchestrator,
core/business/AGE_COHORT_STRATEGY.md,md,AUDITS,,Document / evidence,production,,ACTIVE,,,,,,INVENTORIED,orchestrator,
core/business/COMPETITIVE_ASSESSMENT.md,md,AUDITS,,Document / evidence,production,,ACTIVE,,,,,,INVENTORIED,orchestrator,
core/business/NONPROFIT_PLAN.md,md,AUDITS,,Document / evidence,production,,ACTIVE,,,,,,INVENTORIED,orchestrator,
core/business/PITCH_2026.md,md,AUDITS,,Document / evidence,production,,ACTIVE,,,,,,INVENTORIED,orchestrator,
core/business/USER_GROWTH_PLAN.md,md,AUDITS,,Document / evidence,production,,ACTIVE,,,,,,INVENTORIED,orchestrator,
core/contraindications/ankle.csv,csv,AUDITS,,Document / evidence,production,,ACTIVE,,,,,,INVENTORIED,orchestrator,
core/contraindications/elbow.csv,csv,AUDITS,,Document / evidence,production,,ACTIVE,,,,,,INVENTORIED,orchestrator,
core/contraindications/hip.csv,csv,AUDITS,,Document / evidence,production,,ACTIVE,,,,,,INVENTORIED,orchestrator,
core/contraindications/knee.csv,csv,AUDITS,,Document / evidence,production,,ACTIVE,,,,,,INVENTORIED,orchestrator,
core/contraindications/lower_back.csv,csv,AUDITS,,Document / evidence,production,,ACTIVE,,,,,,INVENTORIED,orchestrator,
core/contraindications/neck.csv,csv,AUDITS,,Document / evidence,production,,ACTIVE,,,,,,INVENTORIED,orchestrator,
core/contraindications/shoulder.csv,csv,AUDITS,,Document / evidence,production,,ACTIVE,,,,,,INVENTORIED,orchestrator,
core/contraindications/upper_back.csv,csv,AUDITS,,Document / evidence,production,,ACTIVE,,,,,,INVENTORIED,orchestrator,
core/contraindications/wrist.csv,csv,AUDITS,,Document / evidence,production,,ACTIVE,,,,,,INVENTORIED,orchestrator,
core/plans/B1_RECOGNITION_MEASUREMENT_2026-08-07.md,md,AUDITS,,Document / evidence,production,,ACTIVE,,,,,,INVENTORIED,orchestrator,
core/plans/B3_EXERCISES_WITHOUT_STEPS_2026-08-13.csv,csv,AUDITS,,Document / evidence,production,,ACTIVE,,,,,,INVENTORIED,orchestrator,
core/plans/B3_MEDIA_DIAGNOSIS_2026-08-07.md,md,AUDITS,,Document / evidence,production,,ACTIVE,,,,,,INVENTORIED,orchestrator,
core/plans/B5b_TEXT_ANCHOR_2026-08-07.md,md,AUDITS,,Document / evidence,production,,ACTIVE,,,,,,INVENTORIED,orchestrator,
core/plans/B5_DATA_SOURCES_2026-08-07.md,md,AUDITS,,Document / evidence,production,,ACTIVE,,,,,,INVENTORIED,orchestrator,
core/plans/CARD_403_CONTENT_REMEDIATION_2026-08-15.md,md,AUDITS,,Document / evidence,production,,ACTIVE,,,,,,INVENTORIED,orchestrator,
core/plans/CARD_FULL_CATALOG_AUDIT_2026-08-15.md,md,AUDITS,,Document / evidence,production,,ACTIVE,,,,,,INVENTORIED,orchestrator,
core/plans/CATALOG_DESCRIPTION_COVERAGE_2026-08-15.md,md,AUDITS,,Document / evidence,production,,ACTIVE,,,,,,INVENTORIED,orchestrator,
core/plans/FIGMA_MAKE_REFACTOR_AUDIT_2026-08-05.md,md,AUDITS,,Document / evidence,production,,ACTIVE,,,,,,INVENTORIED,orchestrator,
core/plans/FINAL_AUTONOMOUS_ACTION_LOG.csv,csv,AUDITS,,Document / evidence,production,,ACTIVE,,,,,,INVENTORIED,orchestrator,
core/plans/FINAL_SCOPE_2026-08-16.md,md,AUDITS,,Document / evidence,production,,ACTIVE,,,,,,INVENTORIED,orchestrator,
core/plans/FULL_CATALOG_REVIEW_2026-08-15.html,html,AUDITS,,Document / evidence,production,,ACTIVE,,,,,,INVENTORIED,orchestrator,
core/plans/FULL_CATALOG_REVIEW_2026-08-15_REV2.html,html,AUDITS,,Document / evidence,production,,ACTIVE,,,,,,INVENTORIED,orchestrator,
core/plans/GATE_C_CONFIRMED_FINDINGS_REVIEW_2026-08-15.html,html,AUDITS,,Document / evidence,production,,ACTIVE,,,,,,INVENTORIED,orchestrator,
core/plans/GATE_V0_REVISED.md,md,AUDITS,,Document / evidence,production,,ACTIVE,,,,,,INVENTORIED,orchestrator,
core/plans/H3_PURPOSE_REVIEW_2026-08-15.html,html,AUDITS,,Document / evidence,production,,ACTIVE,,,,,,INVENTORIED,orchestrator,
core/plans/H3_PURPOSE_REVIEW_2026-08-15_REV2.html,html,AUDITS,,Document / evidence,production,,ACTIVE,,,,,,INVENTORIED,orchestrator,
core/plans/H5_MUSCLE_GROUP_CANDIDATES_2026-08-14.csv,csv,AUDITS,,Document / evidence,production,,ACTIVE,,,,,,INVENTORIED,orchestrator,
core/plans/IMPLEMENTATION_PLAN.md,md,AUDITS,,Document / evidence,production,,ACTIVE,,,,,,INVENTORIED,orchestrator,
core/plans/ML_STRATEGY_2026-08-11.md,md,AUDITS,,Document / evidence,production,,ACTIVE,,,,,,INVENTORIED,orchestrator,
core/plans/NEXT_STEPS_2026-07-31.md,md,AUDITS,,Document / evidence,production,,ACTIVE,,,,,,INVENTORIED,orchestrator,
core/plans/NEXT_TICKETS.md,md,AUDITS,,Document / evidence,production,,ACTIVE,,,,,,INVENTORIED,orchestrator,
core/plans/O0_ONBOARDING_SCHEMA_2026-08-12.md,md,AUDITS,,Document / evidence,production,,ACTIVE,,,,,,INVENTORIED,orchestrator,
core/plans/PLAN_AI_RESTRUCTURE_2026-07-28.csv,csv,AUDITS,,Document / evidence,production,,ACTIVE,,,,,,INVENTORIED,orchestrator,
core/plans/PLAN_AI_RESTRUCTURE_2026-07-28.md,md,AUDITS,,Document / evidence,production,,ACTIVE,,,,,,INVENTORIED,orchestrator,
core/plans/PLAN_AUDIT_2026-08-11_REMEDIATION.md,md,AUDITS,,Document / evidence,production,,ACTIVE,,,,,,INVENTORIED,orchestrator,
core/plans/PLAN_BUGS_2026-08-13.md,md,AUDITS,,Document / evidence,production,,ACTIVE,,,,,,INVENTORIED,orchestrator,
core/plans/PLAN_DEVICE_DEFECTS_2026-07-30.md,md,AUDITS,,Document / evidence,production,,ACTIVE,,,,,,INVENTORIED,orchestrator,
core/plans/PLAN_DEVICE_DEFECTS_ROUND2_2026-07-30.md,md,AUDITS,,Document / evidence,production,,ACTIVE,,,,,,INVENTORIED,orchestrator,
core/plans/PLAN_F3_WORKOUT_SESSION_2026-08-06.md,md,AUDITS,,Document / evidence,production,,ACTIVE,,,,,,INVENTORIED,orchestrator,
core/plans/PLAN_R10_POSTURE_2026-08-08.md,md,AUDITS,,Document / evidence,production,,ACTIVE,,,,,,INVENTORIED,orchestrator,
core/plans/PLAN_R11_DECISIONS_2026-08-12.md,md,AUDITS,,Document / evidence,production,,ACTIVE,,,,,,INVENTORIED,orchestrator,
core/plans/PLAN_R11_FIGMA_PARITY_REBUILD_2026-08-08.md,md,AUDITS,,Document / evidence,production,,ACTIVE,,,,,,INVENTORIED,orchestrator,
core/plans/PLAN_REDESIGN_REMAINDER_2026-08-12.md,md,AUDITS,,Document / evidence,production,,ACTIVE,,,,,,INVENTORIED,orchestrator,
core/plans/RESUME_O_SERIES_2026-08-12.md,md,AUDITS,,Document / evidence,production,,ACTIVE,,,,,,INVENTORIED,orchestrator,
core/plans/ROADMAP_2026_V2.md,md,AUDITS,,Document / evidence,production,,ACTIVE,,,,,,INVENTORIED,orchestrator,
core/plans/SESSION_HANDOFF_2026-07-29.md,md,AUDITS,,Document / evidence,production,,ACTIVE,,,,,,INVENTORIED,orchestrator,
core/plans/SESSION_HANDOFF_2026-08-06.md,md,AUDITS,,Document / evidence,production,,ACTIVE,,,,,,INVENTORIED,orchestrator,
core/plans/SESSION_HANDOFF_2026-08-15_CATALOG_GATE_E.md,md,AUDITS,,Document / evidence,production,,ACTIVE,,,,,,INVENTORIED,orchestrator,
core/plans/SESSION_STATE_2026-07-29.md,md,AUDITS,,Document / evidence,production,,ACTIVE,,,,,,INVENTORIED,orchestrator,
core/pose_targets/measured_2026-08-08.json,json,AUDITS,,Document / evidence,production,,ACTIVE,,,,,,INVENTORIED,orchestrator,
core/pose_targets/pose_target_tags.csv,csv,AUDITS,,Document / evidence,production,,ACTIVE,,,,,,INVENTORIED,orchestrator,
core/screenshots/g12b_dark_after.png,png,AUDITS,,Document / evidence,production,,ACTIVE,,,,,,INVENTORIED,orchestrator,
core/screenshots/g12b_dark_before.png,png,AUDITS,,Document / evidence,production,,ACTIVE,,,,,,INVENTORIED,orchestrator,
core/screenshots/g12b_light_after.png,png,AUDITS,,Document / evidence,production,,ACTIVE,,,,,,INVENTORIED,orchestrator,
core/screenshots/g12b_light_before.png,png,AUDITS,,Document / evidence,production,,ACTIVE,,,,,,INVENTORIED,orchestrator,
core/screenshots/g12c_dark_after.png,png,AUDITS,,Document / evidence,production,,ACTIVE,,,,,,INVENTORIED,orchestrator,
core/screenshots/g12c_dark_before.png,png,AUDITS,,Document / evidence,production,,ACTIVE,,,,,,INVENTORIED,orchestrator,
core/screenshots/g12c_light_after.png,png,AUDITS,,Document / evidence,production,,ACTIVE,,,,,,INVENTORIED,orchestrator,
core/screenshots/g12c_light_before.png,png,AUDITS,,Document / evidence,production,,ACTIVE,,,,,,INVENTORIED,orchestrator,
core/screenshots/README.md,md,AUDITS,,Document / evidence,production,,ACTIVE,,,,,,INVENTORIED,orchestrator,
core/vendor_requests/legs_2026-08-06.csv,csv,AUDITS,,Document / evidence,production,,ACTIVE,,,,,,INVENTORIED,orchestrator,
core/vendor_requests/legs_2026-08-06.md,md,AUDITS,,Document / evidence,production,,ACTIVE,,,,,,INVENTORIED,orchestrator,
core/vendor_requests/legs_2026-08-06.xlsx,xlsx,AUDITS,,Document / evidence,production,,ACTIVE,,,,,,INVENTORIED,orchestrator,
runbooks/video_bundle_import.md,md,DOCUMENTATION,,Runbook,production,,ACTIVE,,,,,,INVENTORIED,orchestrator,
runbooks/video_hosting.md,md,DOCUMENTATION,,Runbook,production,,ACTIVE,,,,,,INVENTORIED,orchestrator,
docs/fb_after_finish.png,png,DOCUMENTATION,,Doc,production,,ACTIVE,,,,,,INVENTORIED,orchestrator,
docs/fb_after_signin.png,png,DOCUMENTATION,,Doc,production,,ACTIVE,,,,,,INVENTORIED,orchestrator,
docs/fb_clean_login.png,png,DOCUMENTATION,,Doc,production,,ACTIVE,,,,,,INVENTORIED,orchestrator,
docs/fb_clean_step1.png,png,DOCUMENTATION,,Doc,production,,ACTIVE,,,,,,INVENTORIED,orchestrator,
docs/fb_login.png,png,DOCUMENTATION,,Doc,production,,ACTIVE,,,,,,INVENTORIED,orchestrator,
docs/fb_now.png,png,DOCUMENTATION,,Doc,production,,ACTIVE,,,,,,INVENTORIED,orchestrator,
docs/p1_01_login.png,png,DOCUMENTATION,,Doc,production,,ACTIVE,,,,,,INVENTORIED,orchestrator,
docs/p1_02_onboarding_step1.png,png,DOCUMENTATION,,Doc,production,,ACTIVE,,,,,,INVENTORIED,orchestrator,
docs/p1_login.png,png,DOCUMENTATION,,Doc,production,,ACTIVE,,,,,,INVENTORIED,orchestrator,
docs/p1_onboarding_step1.png,png,DOCUMENTATION,,Doc,production,,ACTIVE,,,,,,INVENTORIED,orchestrator,
docs/p1_step2.png,png,DOCUMENTATION,,Doc,production,,ACTIVE,,,,,,INVENTORIED,orchestrator,
docs/p1_step3.png,png,DOCUMENTATION,,Doc,production,,ACTIVE,,,,,,INVENTORIED,orchestrator,
docs/p1_step4.png,png,DOCUMENTATION,,Doc,production,,ACTIVE,,,,,,INVENTORIED,orchestrator,
docs/p1_step5.png,png,DOCUMENTATION,,Doc,production,,ACTIVE,,,,,,INVENTORIED,orchestrator,
docs/p1_step6.png,png,DOCUMENTATION,,Doc,production,,ACTIVE,,,,,,INVENTORIED,orchestrator,
docs/p1_step7.png,png,DOCUMENTATION,,Doc,production,,ACTIVE,,,,,,INVENTORIED,orchestrator,
docs/p2c_after_continue.png,png,DOCUMENTATION,,Doc,production,,ACTIVE,,,,,,INVENTORIED,orchestrator,
docs/p2c_login.png,png,DOCUMENTATION,,Doc,production,,ACTIVE,,,,,,INVENTORIED,orchestrator,
docs/p2c_step1.png,png,DOCUMENTATION,,Doc,production,,ACTIVE,,,,,,INVENTORIED,orchestrator,
docs/p2_home.png,png,DOCUMENTATION,,Doc,production,,ACTIVE,,,,,,INVENTORIED,orchestrator,
docs/p2_login.png,png,DOCUMENTATION,,Doc,production,,ACTIVE,,,,,,INVENTORIED,orchestrator,
docs/p2_onboarding.png,png,DOCUMENTATION,,Doc,production,,ACTIVE,,,,,,INVENTORIED,orchestrator,
docs/p2_scan.png,png,DOCUMENTATION,,Doc,production,,ACTIVE,,,,,,INVENTORIED,orchestrator,
docs/p2_scan_camera.png,png,DOCUMENTATION,,Doc,production,,ACTIVE,,,,,,INVENTORIED,orchestrator,
docs/p3d_after.png,png,DOCUMENTATION,,Doc,production,,ACTIVE,,,,,,INVENTORIED,orchestrator,
docs/p3d_boot.png,png,DOCUMENTATION,,Doc,production,,ACTIVE,,,,,,INVENTORIED,orchestrator,
docs/p3d_login.png,png,DOCUMENTATION,,Doc,production,,ACTIVE,,,,,,INVENTORIED,orchestrator,
docs/p3d_login2.png,png,DOCUMENTATION,,Doc,production,,ACTIVE,,,,,,INVENTORIED,orchestrator,
docs/p4b_after.png,png,DOCUMENTATION,,Doc,production,,ACTIVE,,,,,,INVENTORIED,orchestrator,
docs/p4b_boot.png,png,DOCUMENTATION,,Doc,production,,ACTIVE,,,,,,INVENTORIED,orchestrator,
docs/p4b_login.png,png,DOCUMENTATION,,Doc,production,,ACTIVE,,,,,,INVENTORIED,orchestrator,
docs/p4b_login2.png,png,DOCUMENTATION,,Doc,production,,ACTIVE,,,,,,INVENTORIED,orchestrator,
docs/p4b_relaunch.png,png,DOCUMENTATION,,Doc,production,,ACTIVE,,,,,,INVENTORIED,orchestrator,
docs/p4b_relaunch2.png,png,DOCUMENTATION,,Doc,production,,ACTIVE,,,,,,INVENTORIED,orchestrator,
docs/README.md,md,DOCUMENTATION,,Doc,production,,ACTIVE,,,,,,INVENTORIED,orchestrator,
docs/Redisign/DEV_COMPLETION_SCOPE_v1.5.md,md,DOCUMENTATION,,Doc,production,,ACTIVE,,,,,,INVENTORIED,orchestrator,
docs/Redisign/DEV_SINGLE_FILE_MASTER_PROMPT_v1.6.md,md,DOCUMENTATION,,Doc,production,,ACTIVE,,,,,,INVENTORIED,orchestrator,
docs/Redisign/DEV_SINGLE_FILE_MASTER_PROMPT_v1.7_EN.md,md,DOCUMENTATION,,Doc,production,,ACTIVE,,,,,,INVENTORIED,orchestrator,
docs/Redisign/DEV_SINGLE_FILE_MASTER_PROMPT_v1.8_EN.md,md,DOCUMENTATION,,Doc,production,,ACTIVE,,,,,,INVENTORIED,orchestrator,
docs/Redisign/DEV_SINGLE_FILE_MASTER_PROMPT_v1.9_EN.md,md,DOCUMENTATION,,Doc,production,,ACTIVE,,,,,,INVENTORIED,orchestrator,
docs/Redisign/DEV_SINGLE_FILE_MASTER_PROMPT_v2.0_EN(1).md,md,DOCUMENTATION,,Doc,production,,ACTIVE,,,,,,INVENTORIED,orchestrator,
docs/Redisign/DEV_SINGLE_FILE_MASTER_PROMPT_v2.0_EN.md,md,DOCUMENTATION,,Doc,production,,ACTIVE,,,,,,INVENTORIED,orchestrator,
docs/Redisign/FIGMA_DECISION_REGISTRY_SCREEN_PROMPT_v1.3 (1).md,md,DOCUMENTATION,,Doc,production,,ACTIVE,,,,,,INVENTORIED,orchestrator,
docs/Redisign/FIGMA_DECISION_REGISTRY_SCREEN_PROMPT_v1.3.md,md,DOCUMENTATION,,Doc,production,,ACTIVE,,,,,,INVENTORIED,orchestrator,
docs/Redisign/FIGMA_FINAL_MINIMUM_SCOPE_PROMPT_v1.5 (1).md,md,DOCUMENTATION,,Doc,production,,ACTIVE,,,,,,INVENTORIED,orchestrator,
docs/Redisign/FIGMA_FINAL_MINIMUM_SCOPE_PROMPT_v1.5.md,md,DOCUMENTATION,,Doc,production,,ACTIVE,,,,,,INVENTORIED,orchestrator,
docs/Redisign/FIGMA_FULL_APP_REFACTOR_PROMPT_v1.3 (1).md,md,DOCUMENTATION,,Doc,production,,ACTIVE,,,,,,INVENTORIED,orchestrator,
docs/Redisign/FIGMA_FULL_APP_REFACTOR_PROMPT_v1.3.md,md,DOCUMENTATION,,Doc,production,,ACTIVE,,,,,,INVENTORIED,orchestrator,
docs/Redisign/HANDOFF_GAP_MATRIX_v1.5 (1).md,md,DOCUMENTATION,,Doc,production,,ACTIVE,,,,,,INVENTORIED,orchestrator,
docs/Redisign/HANDOFF_GAP_MATRIX_v1.5.md,md,DOCUMENTATION,,Doc,production,,ACTIVE,,,,,,INVENTORIED,orchestrator,
docs/Redisign/LATEST_DEV_SINGLE_FILE_MASTER_PROMPT_EN.md,md,DOCUMENTATION,,Doc,production,,ACTIVE,,,,,,INVENTORIED,orchestrator,
docs/Redisign/OPEN_DECISIONS_REGISTER_v1.3.md,md,DOCUMENTATION,,Doc,production,,ACTIVE,,,,,,INVENTORIED,orchestrator,
docs/Redisign/R2_SCANNER_EXECUTION_CORRECTION_v2.0(1).md,md,DOCUMENTATION,,Doc,production,,ACTIVE,,,,,,INVENTORIED,orchestrator,
docs/Redisign/R2_SCANNER_EXECUTION_CORRECTION_v2.0.md,md,DOCUMENTATION,,Doc,production,,ACTIVE,,,,,,INVENTORIED,orchestrator,
docs/Redisign/R2_SCANNER_SCOPE_CORRECTION_v1.9.md,md,DOCUMENTATION,,Doc,production,,ACTIVE,,,,,,INVENTORIED,orchestrator,
docs/Redisign/Review Existing Examples (Copy).zip,zip,DOCUMENTATION,,Doc,production,,ACTIVE,,,,,,INVENTORIED,orchestrator,
docs/Redisign/reference/emulator/f2_home_2026-08-09.png,png,DOCUMENTATION,,Doc,production,,ACTIVE,,,,,,INVENTORIED,orchestrator,
docs/Redisign/reference/emulator/README.md,md,DOCUMENTATION,,Doc,production,,ACTIVE,,,,,,INVENTORIED,orchestrator,
docs/Redisign/reference/prototype/p_045.jpg,jpg,DOCUMENTATION,,Doc,production,,ACTIVE,,,,,,INVENTORIED,orchestrator,
docs/Redisign/reference/prototype/p_048.jpg,jpg,DOCUMENTATION,,Doc,production,,ACTIVE,,,,,,INVENTORIED,orchestrator,
docs/Redisign/reference/prototype/p_051.jpg,jpg,DOCUMENTATION,,Doc,production,,ACTIVE,,,,,,INVENTORIED,orchestrator,
docs/Redisign/reference/prototype/p_054.jpg,jpg,DOCUMENTATION,,Doc,production,,ACTIVE,,,,,,INVENTORIED,orchestrator,
docs/Redisign/reference/prototype/p_057.jpg,jpg,DOCUMENTATION,,Doc,production,,ACTIVE,,,,,,INVENTORIED,orchestrator,
docs/Redisign/reference/prototype/p_060.jpg,jpg,DOCUMENTATION,,Doc,production,,ACTIVE,,,,,,INVENTORIED,orchestrator,
docs/Redisign/reference/prototype/p_063.jpg,jpg,DOCUMENTATION,,Doc,production,,ACTIVE,,,,,,INVENTORIED,orchestrator,
docs/Redisign/reference/prototype/p_066.jpg,jpg,DOCUMENTATION,,Doc,production,,ACTIVE,,,,,,INVENTORIED,orchestrator,
docs/Redisign/reference/prototype/p_069.jpg,jpg,DOCUMENTATION,,Doc,production,,ACTIVE,,,,,,INVENTORIED,orchestrator,
docs/Redisign/reference/prototype/p_072.jpg,jpg,DOCUMENTATION,,Doc,production,,ACTIVE,,,,,,INVENTORIED,orchestrator,
docs/Redisign/reference/prototype/p_075.jpg,jpg,DOCUMENTATION,,Doc,production,,ACTIVE,,,,,,INVENTORIED,orchestrator,
docs/Redisign/reference/prototype/p_078.jpg,jpg,DOCUMENTATION,,Doc,production,,ACTIVE,,,,,,INVENTORIED,orchestrator,
docs/Redisign/reference/prototype/p_081.jpg,jpg,DOCUMENTATION,,Doc,production,,ACTIVE,,,,,,INVENTORIED,orchestrator,
docs/Redisign/reference/prototype/p_084.jpg,jpg,DOCUMENTATION,,Doc,production,,ACTIVE,,,,,,INVENTORIED,orchestrator,
docs/Redisign/reference/prototype/p_087.jpg,jpg,DOCUMENTATION,,Doc,production,,ACTIVE,,,,,,INVENTORIED,orchestrator,
docs/Redisign/reference/prototype/p_090.jpg,jpg,DOCUMENTATION,,Doc,production,,ACTIVE,,,,,,INVENTORIED,orchestrator,
docs/Redisign/reference/prototype/p_093.jpg,jpg,DOCUMENTATION,,Doc,production,,ACTIVE,,,,,,INVENTORIED,orchestrator,
docs/Redisign/reference/prototype/p_096.jpg,jpg,DOCUMENTATION,,Doc,production,,ACTIVE,,,,,,INVENTORIED,orchestrator,
docs/Redisign/reference/prototype/p_099.jpg,jpg,DOCUMENTATION,,Doc,production,,ACTIVE,,,,,,INVENTORIED,orchestrator,
docs/Redisign/reference/prototype/p_102.jpg,jpg,DOCUMENTATION,,Doc,production,,ACTIVE,,,,,,INVENTORIED,orchestrator,
docs/Redisign/reference/prototype/p_105.jpg,jpg,DOCUMENTATION,,Doc,production,,ACTIVE,,,,,,INVENTORIED,orchestrator,
docs/Redisign/reference/prototype/p_108.jpg,jpg,DOCUMENTATION,,Doc,production,,ACTIVE,,,,,,INVENTORIED,orchestrator,
docs/Redisign/reference/prototype/p_111.jpg,jpg,DOCUMENTATION,,Doc,production,,ACTIVE,,,,,,INVENTORIED,orchestrator,
docs/Redisign/reference/prototype/p_114.jpg,jpg,DOCUMENTATION,,Doc,production,,ACTIVE,,,,,,INVENTORIED,orchestrator,
docs/Redisign/reference/prototype/p_117.jpg,jpg,DOCUMENTATION,,Doc,production,,ACTIVE,,,,,,INVENTORIED,orchestrator,
docs/Redisign/reference/prototype/p_120.jpg,jpg,DOCUMENTATION,,Doc,production,,ACTIVE,,,,,,INVENTORIED,orchestrator,
docs/Redisign/reference/prototype/p_123.jpg,jpg,DOCUMENTATION,,Doc,production,,ACTIVE,,,,,,INVENTORIED,orchestrator,
docs/Redisign/reference/prototype/p_126.jpg,jpg,DOCUMENTATION,,Doc,production,,ACTIVE,,,,,,INVENTORIED,orchestrator,
docs/Redisign/reference/prototype/p_129.jpg,jpg,DOCUMENTATION,,Doc,production,,ACTIVE,,,,,,INVENTORIED,orchestrator,
docs/Redisign/reference/prototype/p_132.jpg,jpg,DOCUMENTATION,,Doc,production,,ACTIVE,,,,,,INVENTORIED,orchestrator,
docs/Redisign/reference/prototype/p_135.jpg,jpg,DOCUMENTATION,,Doc,production,,ACTIVE,,,,,,INVENTORIED,orchestrator,
docs/Redisign/reference/prototype/p_138.jpg,jpg,DOCUMENTATION,,Doc,production,,ACTIVE,,,,,,INVENTORIED,orchestrator,
docs/Redisign/reference/prototype/p_141.jpg,jpg,DOCUMENTATION,,Doc,production,,ACTIVE,,,,,,INVENTORIED,orchestrator,
docs/Redisign/reference/prototype/p_144.jpg,jpg,DOCUMENTATION,,Doc,production,,ACTIVE,,,,,,INVENTORIED,orchestrator,
docs/Redisign/reference/prototype/p_147.jpg,jpg,DOCUMENTATION,,Doc,production,,ACTIVE,,,,,,INVENTORIED,orchestrator,
docs/Redisign/reference/prototype/p_150.jpg,jpg,DOCUMENTATION,,Doc,production,,ACTIVE,,,,,,INVENTORIED,orchestrator,
docs/Redisign/reference/prototype/p_153.jpg,jpg,DOCUMENTATION,,Doc,production,,ACTIVE,,,,,,INVENTORIED,orchestrator,
docs/Redisign/reference/prototype/p_156.jpg,jpg,DOCUMENTATION,,Doc,production,,ACTIVE,,,,,,INVENTORIED,orchestrator,
docs/Redisign/reference/prototype/p_159.jpg,jpg,DOCUMENTATION,,Doc,production,,ACTIVE,,,,,,INVENTORIED,orchestrator,
docs/Redisign/reference/prototype/p_162.jpg,jpg,DOCUMENTATION,,Doc,production,,ACTIVE,,,,,,INVENTORIED,orchestrator,
docs/Redisign/reference/prototype/p_165.jpg,jpg,DOCUMENTATION,,Doc,production,,ACTIVE,,,,,,INVENTORIED,orchestrator,
docs/Redisign/reference/prototype/p_168.jpg,jpg,DOCUMENTATION,,Doc,production,,ACTIVE,,,,,,INVENTORIED,orchestrator,
docs/Redisign/reference/prototype/p_171.jpg,jpg,DOCUMENTATION,,Doc,production,,ACTIVE,,,,,,INVENTORIED,orchestrator,
docs/Redisign/reference/prototype/p_174.jpg,jpg,DOCUMENTATION,,Doc,production,,ACTIVE,,,,,,INVENTORIED,orchestrator,
docs/Redisign/reference/prototype/p_177.jpg,jpg,DOCUMENTATION,,Doc,production,,ACTIVE,,,,,,INVENTORIED,orchestrator,
docs/Redisign/reference/prototype/p_180.jpg,jpg,DOCUMENTATION,,Doc,production,,ACTIVE,,,,,,INVENTORIED,orchestrator,
docs/Redisign/reference/prototype/p_183.jpg,jpg,DOCUMENTATION,,Doc,production,,ACTIVE,,,,,,INVENTORIED,orchestrator,
docs/Redisign/reference/prototype/p_186.jpg,jpg,DOCUMENTATION,,Doc,production,,ACTIVE,,,,,,INVENTORIED,orchestrator,
docs/Redisign/reference/prototype/p_189.jpg,jpg,DOCUMENTATION,,Doc,production,,ACTIVE,,,,,,INVENTORIED,orchestrator,
docs/Redisign/reference/prototype/README.md,md,DOCUMENTATION,,Doc,production,,ACTIVE,,,,,,INVENTORIED,orchestrator,
wear/build.gradle.kts,kts,WEARABLES,,Wear OS,production,,ACTIVE,,,,,,INVENTORIED,orchestrator,
wear/gradle.properties,properties,WEARABLES,,Wear OS,production,,ACTIVE,,,,,,INVENTORIED,orchestrator,
wear/README.md,md,WEARABLES,,Wear OS,production,,ACTIVE,,,,,,INVENTORIED,orchestrator,
wear/settings.gradle.kts,kts,WEARABLES,,Wear OS,production,,ACTIVE,,,,,,INVENTORIED,orchestrator,
wear/src/main/AndroidManifest.xml,xml,WEARABLES,,Wear OS,production,,ACTIVE,,,,,,INVENTORIED,orchestrator,
wear/src/main/java/com/fitnessapp/wear/MainActivity.kt,kt,WEARABLES,,Wear OS,production,,ACTIVE,,,,,,INVENTORIED,orchestrator,
wear/src/main/java/com/fitnessapp/wear/data/WearStateListenerService.kt,kt,WEARABLES,,Wear OS,production,,ACTIVE,,,,,,INVENTORIED,orchestrator,
wear/src/main/java/com/fitnessapp/wear/data/WearStateRepository.kt,kt,WEARABLES,,Wear OS,production,,ACTIVE,,,,,,INVENTORIED,orchestrator,
wear/src/main/java/com/fitnessapp/wear/ui/WatchFace.kt,kt,WEARABLES,,Wear OS,production,,ACTIVE,,,,,,INVENTORIED,orchestrator,
public/checkout-cancel.html,html,STORAGE,,Static page,production,,ACTIVE,,,,,,INVENTORIED,orchestrator,
public/checkout-success.html,html,STORAGE,,Static page,production,,ACTIVE,,,,,,INVENTORIED,orchestrator,
public/portal-return.html,html,STORAGE,,Static page,production,,ACTIVE,,,,,,INVENTORIED,orchestrator,
public/privacy.html,html,STORAGE,,Static page,production,,ACTIVE,,,,,,INVENTORIED,orchestrator,
public/terms.html,html,STORAGE,,Static page,production,,ACTIVE,,,,,,INVENTORIED,orchestrator,
public/coach/onboarding-done.html,html,STORAGE,,Static page,production,,ACTIVE,,,,,,INVENTORIED,orchestrator,
public/coach/onboarding-refresh.html,html,STORAGE,,Static page,production,,ACTIVE,,,,,,INVENTORIED,orchestrator,
data/preflight/video_hosting.json,json,EVIDENCE,,Data,production,,ACTIVE,,,,,,INVENTORIED,orchestrator,
data/staging/free_exercise_db_import_en.json,json,EVIDENCE,,Data,production,,ACTIVE,,,,,,INVENTORIED,orchestrator,
data/staging/video_library.json,json,EVIDENCE,,Data,production,,ACTIVE,,,,,,INVENTORIED,orchestrator,
data/staging/library/abs.json,json,EVIDENCE,,Data,production,,ACTIVE,,,,,,INVENTORIED,orchestrator,
data/staging/library/back.json,json,EVIDENCE,,Data,production,,ACTIVE,,,,,,INVENTORIED,orchestrator,
data/staging/library/biceps.json,json,EVIDENCE,,Data,production,,ACTIVE,,,,,,INVENTORIED,orchestrator,
data/staging/library/calves.json,json,EVIDENCE,,Data,production,,ACTIVE,,,,,,INVENTORIED,orchestrator,
data/staging/library/cardio.json,json,EVIDENCE,,Data,production,,ACTIVE,,,,,,INVENTORIED,orchestrator,
data/staging/library/chest.json,json,EVIDENCE,,Data,production,,ACTIVE,,,,,,INVENTORIED,orchestrator,
data/staging/library/forearms.json,json,EVIDENCE,,Data,production,,ACTIVE,,,,,,INVENTORIED,orchestrator,
data/staging/library/hips.json,json,EVIDENCE,,Data,production,,ACTIVE,,,,,,INVENTORIED,orchestrator,
data/staging/library/mix.json,json,EVIDENCE,,Data,production,,ACTIVE,,,,,,INVENTORIED,orchestrator,
data/staging/library/shoulders.json,json,EVIDENCE,,Data,production,,ACTIVE,,,,,,INVENTORIED,orchestrator,
data/staging/library/trapezius.json,json,EVIDENCE,,Data,production,,ACTIVE,,,,,,INVENTORIED,orchestrator,
data/staging/library/triceps.json,json,EVIDENCE,,Data,production,,ACTIVE,,,,,,INVENTORIED,orchestrator,
data/staging/library/UNSURE.txt,txt,EVIDENCE,,Data,production,,ACTIVE,,,,,,INVENTORIED,orchestrator,
firestore.rules,rules,FIRESTORE,,Config / root artefact,production,,ACTIVE,,,,,,INVENTORIED,orchestrator,
firestore.indexes.json,json,FIRESTORE,,Config / root artefact,production,,ACTIVE,,,,,,INVENTORIED,orchestrator,
firebase.json,json,FIREBASE,,Config / root artefact,production,,ACTIVE,,,,,,INVENTORIED,orchestrator,
mobile/pubspec.yaml,yaml,APP ENTRYPOINT,,Config / root artefact,production,,ACTIVE,,,,,,INVENTORIED,orchestrator,
functions/package.json,json,CLOUD FUNCTIONS,,Config / root artefact,production,,ACTIVE,,,,,,INVENTORIED,orchestrator,
.github/workflows/flutter.yml,yml,TESTS,,Config / root artefact,production,,ACTIVE,,,,,,INVENTORIED,orchestrator,
.github/workflows/functions.yml,yml,TESTS,,Config / root artefact,production,,ACTIVE,,,,,,INVENTORIED,orchestrator,
CLAUDE.md,md,DOCUMENTATION,,Config / root artefact,production,,ACTIVE,,,,,,INVENTORIED,orchestrator,
AGENTS.md,md,DOCUMENTATION,,Config / root artefact,production,,ACTIVE,,,,,,INVENTORIED,orchestrator,
FITNESS_APP_TASK_LIST.md,md,PLANS,,Config / root artefact,production,,ACTIVE,,,,,,INVENTORIED,orchestrator,
mobile/assets/models/equipment_v1.tflite,tflite,MODEL ARTIFACTS,,Config / root artefact,production,,ACTIVE,,,,,,INVENTORIED,orchestrator,
mobile/assets/models/README.md,md,MODEL ARTIFACTS,,Config / root artefact,production,,ACTIVE,,,,,,INVENTORIED,orchestrator,
mobile/assets/data/exercises_vendor.json,json,EXERCISE CATALOG,,Shipped dataset,production,,ACTIVE,,,,,,INVENTORIED,orchestrator,
mobile/assets/data/exercises_vendor.ru.json,json,EXERCISE CATALOG,,Shipped dataset,production,,ACTIVE,,,,,,INVENTORIED,orchestrator,
mobile/assets/data/equipment.json,json,EXERCISE CATALOG,,Shipped dataset,production,,ACTIVE,,,,,,INVENTORIED,orchestrator,
mobile/assets/data/equipment.ru.json,json,EXERCISE CATALOG,,Shipped dataset,production,,ACTIVE,,,,,,INVENTORIED,orchestrator,
mobile/assets/data/equipment_aliases.json,json,EXERCISE CATALOG,,Shipped dataset,production,,ACTIVE,,,,,,INVENTORIED,orchestrator,
mobile/assets/data/exercises_quarantine.json,json,EXERCISE CATALOG,,Shipped dataset,production,,ACTIVE,,,,,,INVENTORIED,orchestrator,
