claim_id,claim,source_file,source_lines,date,claimed_scope,claimed_status,code_reference,test_reference,evidence_reference,current_verification,actual_result,contradiction,staleness,reviewer,notes
CL0001,"| Scanner/Form Coach/Posture | Экспериментальные, accuracy claims не подтверждены |",core/AUDIT_REPORT_2026-08-11.md,31,,ACCURACY,,,,,NOT_CHECKED,,,,orchestrator,
CL0002,Текущие accuracy-цифры не доказывают качество production Form Coach.,core/AUDIT_REPORT_2026-08-11.md,127,,ACCURACY,,,,,NOT_CHECKED,,,,orchestrator,
CL0003,"7. Убрать или явно пометить как experimental live recognition, rep accuracy и posture reporting.",core/AUDIT_REPORT_2026-08-11.md,360,,ACCURACY,,,,,NOT_CHECKED,,,,orchestrator,
CL0004,"7. Сделать CI fail-closed: Functions tests, integration tests, signer verification, dependency audit и deployment drift.",core/AUDIT_REPORT_2026-08-11.md,371,,CLOSED,,,,,NOT_CHECKED,,,,orchestrator,
CL0005,"| 16, 21, 23 | full functional test coverage, agent review, design | **E6 Quality** |",core/BACKLOG_2026-07-31.md,23,,COVERAGE,,,,,NOT_CHECKED,,,,orchestrator,
CL0006,> **E3.1 and E3.2 are SHIPPED — re-verified against the code 2026-08-08.** The,core/BACKLOG_2026-07-31.md,30,,COMPLETE,,,,,NOT_CHECKED,,,,orchestrator,
CL0007,> * **E3.1 fixed.** `form_classifier.dart` no longer holds sentences at all —,core/BACKLOG_2026-07-31.md,35,,FIXED,,,,,NOT_CHECKED,,,,orchestrator,
CL0008,> * **E3.2 fixed.** `pose_gate.dart` exists and `evaluateGated`,core/BACKLOG_2026-07-31.md,40,,FIXED,,,,,NOT_CHECKED,,,,orchestrator,
CL0009,4. Hard filter (100 % chosen location) or proportional mixing (e.g. 80/20) for discovery?,core/BACKLOG_2026-07-31.md,159,,HUNDRED_PERCENT,,,,,NOT_CHECKED,,,,orchestrator,
CL0010,"- ""100 % эффективные"" — no training programme is 100 % effective for everyone; the honest version is",core/BACKLOG_2026-07-31.md,176,,HUNDRED_PERCENT,,,,,NOT_CHECKED,,,,orchestrator,
CL0011,- **16** — full functional coverage: one consolidated high-level workflow script plus per-element,core/BACKLOG_2026-07-31.md,311,,COVERAGE,,,,,NOT_CHECKED,,,,orchestrator,
CL0012,"| **vendor** (purchased) | 1,887 | **1,887 (100%)** | the animation pack |",core/CATALOG_STATE_2026-08-03.md,16,,HUNDRED_PERCENT,,,,,NOT_CHECKED,,,,orchestrator,
CL0013,## The vendor catalog itself is complete,core/CATALOG_STATE_2026-08-03.md,47,,COMPLETE,,,,,NOT_CHECKED,,,,orchestrator,
CL0014,> then **re-point all 511 rows** at licensed assets and purge the old bucket,core/CLIP_LICENCE_AUDIT_2026-08-03.md,38,,UNIVERSAL_SCOPE,,,,,NOT_CHECKED,,,,orchestrator,
CL0015,`mobile/lib/features/equipment/data/exercise_filter.dart`. Injury-aware filtering is the product's,core/CONVENTIONS.md,57,,INJURY_AWARE,,,,,NOT_CHECKED,,,,orchestrator,
CL0016,| `<temp>/` camera stills | **plaintext JPEG** of the shot just encrypted | **NO** | no |,core/DATA_INVENTORY_2026-08-11.md,70,,ENCRYPTED,,,,,NOT_CHECKED,,,,orchestrator,
CL0017,- **Network requests at the wire level.** Capturing TLS-encrypted HTTPS,core/DEBUGGING.md,96,,ENCRYPTED,,,,,NOT_CHECKED,,,,orchestrator,
CL0018,directly. Fixed in commit `4f42ef6` by routing trials through a new,core/DEBUGGING.md,116,,FIXED,,,,,NOT_CHECKED,,,,orchestrator,
CL0019,user bounced through Stripe Checkout in the browser. Fixed in commit,core/DEBUGGING.md,121,,FIXED,,,,,NOT_CHECKED,,,,orchestrator,
CL0020,"безупречным"". It fixed abstention — the abduction machine that v1 called",core/DECISION_LOG.md,25,,FIXED,,,,,NOT_CHECKED,,,,orchestrator,
CL0021,single subject; grading them would have manufactured whatever accuracy I,core/DECISION_LOG.md,29,,ACCURACY,,,,,NOT_CHECKED,,,,orchestrator,
CL0022,Audited against the 5 datasets v2 was actually trained on: **0 mappings,core/DECISION_LOG.md,66,,TRAINED,,,,,NOT_CHECKED,,,,orchestrator,
CL0023,"### Finding, NOT fixed — Wear pairing will fail on a release install",core/DECISION_LOG.md,102,,FIXED,,,,,NOT_CHECKED,,,,orchestrator,
CL0024,error. Fixed in `2a930c0` with the eight rules copied verbatim.,core/DECISION_LOG.md,155,,FIXED,,,,,NOT_CHECKED,,,,orchestrator,
CL0025,"`train_v2.py` wrote to a fixed path, so the 37-class run landed on top of the",core/DECISION_LOG.md,257,,FIXED,,,,,NOT_CHECKED,,,,orchestrator,
CL0026,"Fixed: each run now writes `out_v2/<classes>c_<UTC stamp>/`, with the stable",core/DECISION_LOG.md,266,,FIXED,,,,,NOT_CHECKED,,,,orchestrator,
CL0027,history and no backup. Two real bugs were fixed in those files today with,core/DECISION_LOG.md,278,,FIXED,,,,,NOT_CHECKED,,,,orchestrator,
CL0028,"Not fixed here: `git init` in the operator's tools directory is new scope,",core/DECISION_LOG.md,281,,FIXED,,,,,NOT_CHECKED,,,,orchestrator,
CL0029,"Fixed: `meta()` now returns `(data, error)`; a 404 is a real answer and stays",core/DECISION_LOG.md,330,,FIXED,,,,,NOT_CHECKED,,,,orchestrator,
CL0030,"Proven in both directions rather than asserted — same input, same script:",core/DECISION_LOG.md,336,,PROVEN,,,,,NOT_CHECKED,,,,orchestrator,
CL0031,Fixed by the operator adding the fingerprint in the Firebase console; the,core/DECISION_LOG.md,373,,FIXED,,,,,NOT_CHECKED,,,,orchestrator,
CL0032,"Fixed with `classifyVideoFailure` — pure, unit-tested — which names the",core/DECISION_LOG.md,419,,FIXED,,,,,NOT_CHECKED,,,,orchestrator,
CL0033,### Finding — the backlog said two defects were open; both are shipped,core/DECISION_LOG.md,451,,COMPLETE,,,,,NOT_CHECKED,,,,orchestrator,
CL0034,"**Скептически к 100 %:** сегменты сета взяты из `labels.csv`, то есть счёт",core/DECISION_LOG.md,811,,HUNDRED_PERCENT,,,,,NOT_CHECKED,,,,orchestrator,
CL0035,| Приседы | 100 % | 100 % | **100 %** | да |,core/DECISION_LOG.md,886,,HUNDRED_PERCENT,,,,,NOT_CHECKED,,,,orchestrator,
CL0036,| Сгибания | 0 % | 100 % | **93 %** | да |,core/DECISION_LOG.md,887,,HUNDRED_PERCENT,,,,,NOT_CHECKED,,,,orchestrator,
CL0037,| Выпады | 85 % | 100 % | **84 %** | да |,core/DECISION_LOG.md,889,,HUNDRED_PERCENT,,,,,NOT_CHECKED,,,,orchestrator,
CL0038,## 2026-08-08 13:50 local / 10:50 UTC — R8 remainder closed: live counter was never wired to any per-exercise signal at all,core/DECISION_LOG.md,943,,CLOSED,,,,,NOT_CHECKED,,,,orchestrator,
CL0039,Found and fixed the actual biggest gap along the way:,core/DECISION_LOG.md,1108,,FIXED,,,,,NOT_CHECKED,,,,orchestrator,
CL0040,"Fixed by determining one forward axis globally, from pooled variance across",core/DECISION_LOG.md,1141,,FIXED,,,,,NOT_CHECKED,,,,orchestrator,
CL0041,"is a fixed 5 tabs, none of which R10 obviously belongs on) as a product",core/DECISION_LOG.md,1163,,FIXED,,,,,NOT_CHECKED,,,,orchestrator,
CL0042,exact `StateError` at teardown. Fixed the same way Form Check's own,core/DECISION_LOG.md,1215,,FIXED,,,,,NOT_CHECKED,,,,orchestrator,
CL0043,`RepSessionController.resetSet` is fixed: the reset moved to the NEXT,core/DECISION_LOG.md,1216,,FIXED,,,,,NOT_CHECKED,,,,orchestrator,
CL0044,"## 2026-08-08 19:15 local / 16:15 UTC — Full-app Figma parity audit: 10 screens checked, 9 diverge structurally, 6 real bugs fixed",core/DECISION_LOG.md,1313,,FIXED,,,,,NOT_CHECKED,,,,orchestrator,
CL0045,now confirmed FIXED -- workout_player_page.dart:322-324.),core/DECISION_LOG.md,1355,,FIXED,,,,,NOT_CHECKED,,,,orchestrator,
CL0046,undocumented drifts found: the personalized subtitle was silently,core/DECISION_LOG.md,1378,,PERSONALISED,,,,,NOT_CHECKED,,,,orchestrator,
CL0047,"### Decision -- fixed 6 small, isolated, mechanical bugs found along the way; left 1 for the operator",core/DECISION_LOG.md,1400,,FIXED,,,,,NOT_CHECKED,,,,orchestrator,
CL0048,"Per ""почини баги"": fixed everything that was a contained, low-risk, purely",core/DECISION_LOG.md,1402,,FIXED,,,,,NOT_CHECKED,,,,orchestrator,
CL0049,"(captured == null means keep-stored, NOT captured.field == null). Fixed",core/DECISION_LOG.md,1417,,FIXED,,,,,NOT_CHECKED,,,,orchestrator,
CL0050,60) but still a real defect. Fixed by clamping the lower bound to,core/DECISION_LOG.md,1431,,FIXED,,,,,NOT_CHECKED,,,,orchestrator,
CL0051,"Left for the operator, not fixed silently: the donation-language",core/DECISION_LOG.md,1445,,FIXED,,,,,NOT_CHECKED,,,,orchestrator,
CL0052,hours-since-last-trained per muscle needs no new entity. Same for volume,core/DECISION_LOG.md,1501,,TRAINED,,,,,NOT_CHECKED,,,,orchestrator,
CL0053,"screen's signature element — the animated scan frame — fully tested, and",core/DECISION_LOG.md,1543,,FULLY_X,,,,,NOT_CHECKED,,,,orchestrator,
CL0054,fraction rather than the design's fixed 260px.,core/DECISION_LOG.md,1554,,FIXED,,,,,NOT_CHECKED,,,,orchestrator,
CL0055,rather than fixed inline a second time.,core/DECISION_LOG.md,1667,,FIXED,,,,,NOT_CHECKED,,,,orchestrator,
CL0056,Fixed: the suffix now applies only when `exercises.length > 1`.,core/DECISION_LOG.md,1719,,FIXED,,,,,NOT_CHECKED,,,,orchestrator,
CL0057,"the page through it) — fixed by switching to the canonical pattern,",core/DECISION_LOG.md,1731,,FIXED,,,,,NOT_CHECKED,,,,orchestrator,
CL0058,"`'You have not trained ${_pretty(untrained.first)} this week'`, plus the",core/DECISION_LOG.md,1832,,TRAINED,,,,,NOT_CHECKED,,,,orchestrator,
CL0059,of the `const ... exercise: null` that guaranteed the fallback tile.,core/DECISION_LOG.md,1964,,GUARANTEE,,,,,NOT_CHECKED,,,,orchestrator,
CL0060,which throws under a bare `MaterialApp`) was fixed in production code rather,core/DECISION_LOG.md,2125,,FIXED,,,,,NOT_CHECKED,,,,orchestrator,
CL0061,- Почему так: the lift is done in **layout** — a 46px circle inside a 28px,core/DECISION_LOG.md,2180,,COMPLETE,,,,,NOT_CHECKED,,,,orchestrator,
CL0062,"consequence more visible, not the mechanism worse. Deliberately NOT fixed",core/DECISION_LOG.md,2246,,FIXED,,,,,NOT_CHECKED,,,,orchestrator,
CL0063,"~390dp. Measured, not fixed.",core/DECISION_LOG.md,2258,,FIXED,,,,,NOT_CHECKED,,,,orchestrator,
CL0064,"release**, acceptable status ""closed Android beta with AI / progress photos /",core/DECISION_LOG.md,2282,,CLOSED,,,,,NOT_CHECKED,,,,orchestrator,
CL0065,account itself. **The grant is in place; that root cause is closed.** What,core/DECISION_LOG.md,2381,,CLOSED,,,,,NOT_CHECKED,,,,orchestrator,
CL0066,defect; stale-integration-test triage folds into P1's fail-closed CI item;,core/DECISION_LOG.md,2403,,CLOSED,,,,,NOT_CHECKED,,,,orchestrator,
CL0067,idempotency ships is not fixed by preventing new ones.,core/DECISION_LOG.md,2408,,FIXED,,,,,NOT_CHECKED,,,,orchestrator,
CL0068,four gates closed. This block stays as the plan-gate record.,core/DECISION_LOG.md,2413,,CLOSED,,,,,NOT_CHECKED,,,,orchestrator,
CL0069,"## 2026-08-11, 16:05 local (Europe/Chisinau) / 13:05 UTC — the run: four gates closed, six remaining, and why it stopped here",core/DECISION_LOG.md,2425,,CLOSED,,,,,NOT_CHECKED,,,,orchestrator,
CL0070,"(rules, functions, client) because no single one is complete: `coach_bookings`",core/DECISION_LOG.md,2438,,COMPLETE,,,,,NOT_CHECKED,,,,orchestrator,
CL0071,"gate and fixed before the report, not after it.",core/DECISION_LOG.md,2452,,FIXED,,,,,NOT_CHECKED,,,,orchestrator,
CL0072,"Two units, six findings. Four were real and are fixed in `e54bbef`: an",core/DECISION_LOG.md,2463,,FIXED,,,,,NOT_CHECKED,,,,orchestrator,
CL0073,"One finding was **deferred, not fixed**: `recursiveDelete` resolves even when",core/DECISION_LOG.md,2471,,FIXED,,,,,NOT_CHECKED,,,,orchestrator,
CL0074,"a user believes is complete, which is worse than today's known-incomplete one.",core/DECISION_LOG.md,2482,,COMPLETE,,,,,NOT_CHECKED,,,,orchestrator,
CL0075,"and 100%**, and has existed all along.",core/DECISION_LOG.md,2508,,HUNDRED_PERCENT,,,,,NOT_CHECKED,,,,orchestrator,
CL0076,"`abuse_guard.ts` + `video_urls.ts`. Three findings, all real, all closed in",core/DECISION_LOG.md,2558,,CLOSED,,,,,NOT_CHECKED,,,,orchestrator,
CL0077,no log line carrying uid or action. Now logged; behaviour stays fail-closed.,core/DECISION_LOG.md,2572,,CLOSED,,,,,NOT_CHECKED,,,,orchestrator,
CL0078,"Photo bytes are still not exported — they never leave the device, so the",core/DECISION_LOG.md,2626,,NEVER_LEAVES,,,,,NOT_CHECKED,,,,orchestrator,
CL0079,"all real, all closed in `aa9abf7`.",core/DECISION_LOG.md,2636,,CLOSED,,,,,NOT_CHECKED,,,,orchestrator,
CL0080,account that could never finish deleting and third-party data in a GDPR export.,core/DECISION_LOG.md,2662,,GDPR,,,,,NOT_CHECKED,,,,orchestrator,
CL0081,"Same message closed the logging loophole: *""теперь ты должен всегда писать",core/DECISION_LOG.md,2672,,CLOSED,,,,,NOT_CHECKED,,,,orchestrator,
CL0082,readable JPEG to the cache dir; everything downstream encrypted the BYTES,core/DECISION_LOG.md,2698,,ENCRYPTED,,,,,NOT_CHECKED,,,,orchestrator,
CL0083,"4. **The UI called it ""end-to-end encrypted.""** End-to-end describes data in",core/DECISION_LOG.md,2700,,ENCRYPTED,,,,,NOT_CHECKED,,,,orchestrator,
CL0084,"self-deprecation reference and two deprecated-option warnings — are fixed, not",core/DECISION_LOG.md,2733,,FIXED,,,,,NOT_CHECKED,,,,orchestrator,
CL0085,"with 50/90/100% thresholds exists on `projects/988522745882`, but its",core/DECISION_LOG.md,2830,,HUNDRED_PERCENT,,,,,NOT_CHECKED,,,,orchestrator,
CL0086,path has unit coverage and zero field evidence.,core/DECISION_LOG.md,2839,,COVERAGE,,,,,NOT_CHECKED,,,,orchestrator,
CL0087,- **Rep counting**'s accuracy numbers measure a different program than the one,core/DECISION_LOG.md,2859,,ACCURACY,,,,,NOT_CHECKED,,,,orchestrator,
CL0088,"same code did not. Two BLOCKERs, two MAJORs, one MINOR — all five closed.",core/DECISION_LOG.md,2903,,CLOSED,,,,,NOT_CHECKED,,,,orchestrator,
CL0089,correctly report that every blob was encrypted with a key this device no longer,core/DECISION_LOG.md,2913,,ENCRYPTED,,,,,NOT_CHECKED,,,,orchestrator,
CL0090,Closed by an earlier gate in this round; recorded so nobody re-opens it.,core/DECISION_LOG.md,2983,,CLOSED,,,,,NOT_CHECKED,,,,orchestrator,
CL0091,user-visible failure closed end to end: the three URLs that pointed at,core/DECISION_LOG.md,3010,,CLOSED,,,,,NOT_CHECKED,,,,orchestrator,
CL0092,"Everything except the build is done and verified: A2-sec + its act-gate fixes,",core/DECISION_LOG.md,3093,,COMPLETE,,,,,NOT_CHECKED,,,,orchestrator,
CL0093,| **P1b** | CI fail-closed | **DONE** |,core/DECISION_LOG.md,3169,,CLOSED,,,,,NOT_CHECKED,,,,orchestrator,
CL0094,"| — | Item 5, mock disclosure | **already closed** |",core/DECISION_LOG.md,3175,,CLOSED,,,,,NOT_CHECKED,,,,orchestrator,
CL0095,Both fixed by a non-breaking `npm audit fix`. The audit now exits 0 at `high`.,core/DECISION_LOG.md,3232,,FIXED,,,,,NOT_CHECKED,,,,orchestrator,
CL0096,Also fixed while here: I had installed `firebase@12.17.1` against,core/DECISION_LOG.md,3236,,FIXED,,,,,NOT_CHECKED,,,,orchestrator,
CL0097,"## 2026-08-11, 22:10 local (Europe/Chisinau) / 19:10 UTC — P1d/P1e: the app was showing a paywall to paying customers, and nothing ever fixed a double charge",core/DECISION_LOG.md,3266,,FIXED,,,,,NOT_CHECKED,,,,orchestrator,
CL0098,"**Fixed at the root, not at the call sites.** `currentSubscriptionProvider` now",core/DECISION_LOG.md,3294,,FIXED,,,,,NOT_CHECKED,,,,orchestrator,
CL0099,"### Evidence — the suite was proven by breaking the code, not by passing",core/DECISION_LOG.md,3379,,PROVEN,,,,,NOT_CHECKED,,,,orchestrator,
CL0100,Fixed by merging the two query results per document before building any op.,core/DECISION_LOG.md,3436,,FIXED,,,,,NOT_CHECKED,,,,orchestrator,
CL0101,"their own price minus a 15% platform fee. Named, not fixed: that is a payments",core/DECISION_LOG.md,3444,,FIXED,,,,,NOT_CHECKED,,,,orchestrator,
CL0102,No widget test drives any of the six gated sell surfaces; the coverage is at,core/DECISION_LOG.md,3529,,COVERAGE,,,,,NOT_CHECKED,,,,orchestrator,
CL0103,— the same silent-degradation class as the download I was removing. Fixed by,core/DECISION_LOG.md,3585,,FIXED,,,,,NOT_CHECKED,,,,orchestrator,
CL0104,Proven by mutation: removing the w800 face from the pubspec turns it red —,core/DECISION_LOG.md,3596,,PROVEN,,,,,NOT_CHECKED,,,,orchestrator,
CL0105,metadata coverage. That is also why no layout test moved when a real font was,core/DECISION_LOG.md,3612,,COVERAGE,,,,,NOT_CHECKED,,,,orchestrator,
CL0106,"Алисы, гейт Боба остаётся закрытым, то есть отказ fail-closed, а не утечка. Реальное последствие —",core/DECISION_LOG.md,6773,,CLOSED,,,,,NOT_CHECKED,,,,orchestrator,
CL0107,"Отказ fail-closed, не утечка.",core/DECISION_LOG.md,6818,,CLOSED,,,,,NOT_CHECKED,,,,orchestrator,
CL0108,`toJson` и `==`. Выгрузка GDPR тоже идёт через `asLogEntries()`,core/DECISION_LOG.md,6887,,GDPR,,,,,NOT_CHECKED,,,,orchestrator,
CL0109,"as-is""** with two findings neither internal reviewer had reached, both about coverage rather than",core/DECISION_LOG.md,7058,,COVERAGE,,,,,NOT_CHECKED,,,,orchestrator,
CL0110,"rules first. That is a guarantee about one call site, not about the class.",core/DECISION_LOG.md,7104,,GUARANTEE,,,,,NOT_CHECKED,,,,orchestrator,
CL0111,"wrong reason: there was nothing to admit, not something correctly excluded. Fixed to set",core/DECISION_LOG.md,7177,,FIXED,,,,,NOT_CHECKED,,,,orchestrator,
CL0112,"- **AGREE, three round-1 items already closed**: the six spelling misses, the inert-ruleset guard",core/DECISION_LOG.md,7181,,CLOSED,,,,,NOT_CHECKED,,,,orchestrator,
CL0113,"**""Consensus reached for P3 round 3: every prior BLOCKER/MAJOR is closed, with no new findings.",core/DECISION_LOG.md,7206,,CLOSED,,,,,NOT_CHECKED,,,,orchestrator,
CL0114,"The exact catalog/rule/audit sets agree, and the focused pytest suite passes all 36 tests.""** All",core/DECISION_LOG.md,7207,,UNIVERSAL_SCOPE,,,,,NOT_CHECKED,,,,orchestrator,
CL0115,"constants from `flutter.jar`, not from memory). So the encrypted envelopes were being copied to the",core/DECISION_LOG.md,7232,,ENCRYPTED,,,,,NOT_CHECKED,,,,orchestrator,
CL0116,awaiting the auth stream here would reopen the very gap being closed.,core/DECISION_LOG.md,7267,,CLOSED,,,,,NOT_CHECKED,,,,orchestrator,
CL0117,**NEEDS REVISION** on the first pass: the backup blocker closed cleanly and the sheet-open,core/DECISION_LOG.md,7315,,CLOSED,,,,,NOT_CHECKED,,,,orchestrator,
CL0118,"account-change guard closed cleanly, but Codex found a real gap the sheet-open fix did not cover.",core/DECISION_LOG.md,7316,,CLOSED,,,,,NOT_CHECKED,,,,orchestrator,
CL0119,"- Fixed with a second, earlier check: right after the store resolves (successfully or not), the",core/DECISION_LOG.md,7325,,FIXED,,,,,NOT_CHECKED,,,,orchestrator,
CL0120,"per the standing rule that a finding is either fixed, or its rejection is argued and shown —",core/DECISION_LOG.md,7345,,FIXED,,,,,NOT_CHECKED,,,,orchestrator,
CL0121,"- **AGREE, everything else already closed**: the backup blocker, the sheet-open account-change",core/DECISION_LOG.md,7347,,CLOSED,,,,,NOT_CHECKED,,,,orchestrator,
CL0122,"daily phone; always cross-check there too, but it is not guaranteed connected. Saved as",core/DECISION_LOG.md,7503,,GUARANTEE,,,,,NOT_CHECKED,,,,orchestrator,
CL0123,"**What broke, and what fixed it.** First `gradlew.bat :app:assembleDebug` failed:",core/DECISION_LOG.md,7522,,FIXED,,,,,NOT_CHECKED,,,,orchestrator,
CL0124,said not to restore the consent copy's delete clause until it was closed.,core/DECISION_LOG.md,7619,,CLOSED,,,,,NOT_CHECKED,,,,orchestrator,
CL0125,promises now exists. Updated `PhotoConsentSheet`'s doc comment to record that H6 closed the gap,core/DECISION_LOG.md,7632,,CLOSED,,,,,NOT_CHECKED,,,,orchestrator,
CL0126,"removed the `PhotoDeleteSheet.show` gate, re-ran the file, all 3 tests failed (2 on a missing key,",core/DECISION_LOG.md,7638,,UNIVERSAL_SCOPE,,,,,NOT_CHECKED,,,,orchestrator,
CL0127,"**What was fixed, and what was left as documented-but-unchanged.** Added `debugPrint` on the error",core/DECISION_LOG.md,7681,,FIXED,,,,,NOT_CHECKED,,,,orchestrator,
CL0128,"Fixed two stale doc comments that still said ""four"" dimensions after this diff made it five",core/DECISION_LOG.md,7691,,FIXED,,,,,NOT_CHECKED,,,,orchestrator,
CL0129,"### Decision — fixed 23 `purpose` rewrites + 60 `steps` rewrites, agreed with the audit",core/DECISION_LOG.md,7722,,FIXED,,,,,NOT_CHECKED,,,,orchestrator,
CL0130,"fixed correctly, 4 legitimately retained) and reaffirmed the ""Sled"" naming disagreement above as",core/DECISION_LOG.md,7750,,FIXED,,,,,NOT_CHECKED,,,,orchestrator,
CL0131,"correct. Found: a documentation overclaim in the CARD (said ""all 15 P0"" Purpose texts were fixed;",core/DECISION_LOG.md,7751,,FIXED,,,,,NOT_CHECKED,,,,orchestrator,
CL0132,"Purpose rewrite because their P0 finding was the naming question, which was rejected, not fixed);",core/DECISION_LOG.md,7753,,FIXED,,,,,NOT_CHECKED,,,,orchestrator,
CL0133,"### Decision — fixed the 1 remaining P0, corrected the doc overclaim",core/DECISION_LOG.md,7758,,FIXED,,,,,NOT_CHECKED,,,,orchestrator,
CL0134,it could only cover the 403 rows with a `purpose`). Scope: all 1887 rows. Result:,core/DECISION_LOG.md,7805,,UNIVERSAL_SCOPE,,,,,NOT_CHECKED,,,,orchestrator,
CL0135,"the audit's own pattern detection, which were **rejected with a cited reason, not ""fixed""**:",core/DECISION_LOG.md,7816,,FIXED,,,,,NOT_CHECKED,,,,orchestrator,
CL0136,Running the `SPINE_CUE` rewrite across all 1887 rows rather than only the audit's 224 flagged rows,core/DECISION_LOG.md,7834,,UNIVERSAL_SCOPE,,,,,NOT_CHECKED,,,,orchestrator,
CL0137,this vendor's pattern coverage is good but not exhaustive; re-deriving across the full file is,core/DECISION_LOG.md,7838,,COVERAGE,,,,,NOT_CHECKED,,,,orchestrator,
CL0138,"doesn't have) and refused to write anything until it was corrected. Result: **57 fixed (59 edits),",core/DECISION_LOG.md,7861,,FIXED,,,,,NOT_CHECKED,,,,orchestrator,
CL0139,differed. Fixed by reloading pristine content from `git show HEAD:...` and rewriting with,core/DECISION_LOG.md,7883,,FIXED,,,,,NOT_CHECKED,,,,orchestrator,
CL0140,tagged **Revised**. Both `core/plans/CARD_*.md` cards updated to closed status.,core/DECISION_LOG.md,7911,,CLOSED,,,,,NOT_CHECKED,,,,orchestrator,
CL0141,"fixed earlier in this pass, `Dumbbell Face Down Lying Shoulder Pres` → `Press`, made the",core/DECISION_LOG.md,7989,,FIXED,,,,,NOT_CHECKED,,,,orchestrator,
CL0142,"**Generalisable, and the reason this is logged rather than just fixed:** the tagger reads",core/DECISION_LOG.md,7997,,FIXED,,,,,NOT_CHECKED,,,,orchestrator,
CL0143,"`POSTURE_CAUSAL` / `NECK_SPECIALIZED` / `TOO_FEW_STEPS` reviewed the same way: 10 fixed,",core/DECISION_LOG.md,8013,,FIXED,,,,,NOT_CHECKED,,,,orchestrator,
CL0144,`ea_push_pull_front_handle_push`). Fixed — leaving a lock cue in a row this pass edited is,core/DECISION_LOG.md,8077,,FIXED,,,,,NOT_CHECKED,,,,orchestrator,
CL0145,never touched. They were **not** fixed here. Extending a commit from 4 rows to 34 on a,core/DECISION_LOG.md,8082,,FIXED,,,,,NOT_CHECKED,,,,orchestrator,
CL0146,substituting one fixed phrase everywhere. The repair deliberately did NOT do the same,core/DECISION_LOG.md,8093,,FIXED,,,,,NOT_CHECKED,,,,orchestrator,
CL0147,"**mandatory pre-release safety gate** rather than a closed item. Adopted verbatim, on the",core/DECISION_LOG.md,8101,,CLOSED,,,,,NOT_CHECKED,,,,orchestrator,
CL0148,`summary == steps[0]` holds on all 1887 rows; EN/RU step counts match on all 1887.,core/DECISION_LOG.md,8125,,UNIVERSAL_SCOPE,,,,,NOT_CHECKED,,,,orchestrator,
CL0149,surface-contact exclusion. Fixed in both languages; exclusion list now 10.,core/DECISION_LOG.md,8167,,FIXED,,,,,NOT_CHECKED,,,,orchestrator,
CL0150,**Why this is recorded and not just fixed:** the exclusion list for a blanket substitution,core/DECISION_LOG.md,8169,,FIXED,,,,,NOT_CHECKED,,,,orchestrator,
CL0151,Same error one level up: replacing one fixed phrase with another fixed phrase. Now rewritten,core/DECISION_LOG.md,8181,,FIXED,,,,,NOT_CHECKED,,,,orchestrator,
CL0152,"Also fixed: two rows reading ""as far as you can control while maintaining control"" (the",core/DECISION_LOG.md,8184,,FIXED,,,,,NOT_CHECKED,,,,orchestrator,
CL0153,showed it unstaged — I had fixed that in `DECISION_LOG.md` in round 2 and then repeated it,core/DECISION_LOG.md,8191,,FIXED,,,,,NOT_CHECKED,,,,orchestrator,
CL0154,class. They were not fixed here — extending a commit from 4 rows to 34 on a reviewer's,core/DECISION_LOG.md,8199,,FIXED,,,,,NOT_CHECKED,,,,orchestrator,
CL0155,`summary == steps[0]` on all 1887 rows; EN/RU step counts match on all 1887; zero Russian,core/DECISION_LOG.md,8209,,UNIVERSAL_SCOPE,,,,,NOT_CHECKED,,,,orchestrator,
CL0156,fixed an English defect — the reverse of this whole exercise's usual direction.,core/DECISION_LOG.md,8241,,FIXED,,,,,NOT_CHECKED,,,,orchestrator,
CL0157,"All fixed, in both languages where the Russian mirrored the error.",core/DECISION_LOG.md,8243,,FIXED,,,,,NOT_CHECKED,,,,orchestrator,
CL0158,"and step 1 says that is the left. Fixed to ""left forefoot"". The general lesson, worth more",core/DECISION_LOG.md,8255,,FIXED,,,,,NOT_CHECKED,,,,orchestrator,
CL0159,stopping there guarantees another round; fixing the class ends it.,core/DECISION_LOG.md,8265,,GUARANTEE,,,,,NOT_CHECKED,,,,orchestrator,
CL0160,`summary == steps[0]` on all 1887 rows; EN/RU step counts match on all 1887; zero Russian,core/DECISION_LOG.md,8290,,UNIVERSAL_SCOPE,,,,,NOT_CHECKED,,,,orchestrator,
CL0161,signal that the loop is done.,core/DECISION_LOG.md,8307,,COMPLETE,,,,,NOT_CHECKED,,,,orchestrator,
CL0162,"the real Steps/Purpose text. Three whole categories were 100% false (`KNEE_TOE_RULE` 15/15,",core/DECISION_LOG.md,8330,,HUNDRED_PERCENT,,,,,NOT_CHECKED,,,,orchestrator,
CL0163,well-written existing copy — not fixed anything.,core/DECISION_LOG.md,8351,,FIXED,,,,,NOT_CHECKED,,,,orchestrator,
CL0164,"`steps[0]`, a catalog-wide invariant verified on all 1887 rows), and `equipmentLabel`",core/DECISION_LOG.md,8367,,UNIVERSAL_SCOPE,,,,,NOT_CHECKED,,,,orchestrator,
CL0165,"1 of 199 confirmed-real rows fixed, committed (`372144f`), and pushed (`origin/master ==",core/DECISION_LOG.md,8383,,FIXED,,,,,NOT_CHECKED,,,,orchestrator,
CL0166,"exercise is done seated, not a lifestyle-cause claim), (b) programming-timing advice",core/DECISION_LOG.md,8509,,COMPLETE,,,,,NOT_CHECKED,,,,orchestrator,
CL0167,"- **BOX_SLED_STEP_IMAGE (1) — already fixed and pushed**, commit `372144f`.",core/DECISION_LOG.md,8558,,FIXED,,,,,NOT_CHECKED,,,,orchestrator,
CL0168,Of the 199 originally-flagged cards (1 P0 already fixed + 198 P1/P2):,core/DECISION_LOG.md,8562,,FIXED,,,,,NOT_CHECKED,,,,orchestrator,
CL0169,| Drop to PASS | 107 | every finding on the card was FALSE_POSITIVE/LEGITIMATE_VARIANT/already-fixed |,core/DECISION_LOG.md,8566,,FIXED,,,,,NOT_CHECKED,,,,orchestrator,
CL0170,"action items (of which 1, the P0, is already fixed and pushed). No further catalog edits.",core/DECISION_LOG.md,8585,,FIXED,,,,,NOT_CHECKED,,,,orchestrator,
CL0171,"items fixed in the catalog, EN + RU, with per-defect regression tests (operator GO ""ГО 1"")",core/DECISION_LOG.md,8589,,FIXED,,,,,NOT_CHECKED,,,,orchestrator,
CL0172,"""Slow"" title and the step just corrected above. Fixed in EN and RU. Not a scope expansion:",core/DECISION_LOG.md,8634,,FIXED,,,,,NOT_CHECKED,,,,orchestrator,
CL0173,self-contradictory in a different field. The other four fixed cards' tips were read and are,core/DECISION_LOG.md,8636,,FIXED,,,,,NOT_CHECKED,,,,orchestrator,
CL0174,"per fixed pair, each asserting the two siblings' Steps differ AND that the specific",core/DECISION_LOG.md,8643,,FIXED,,,,,NOT_CHECKED,,,,orchestrator,
CL0175,"### Newly discovered, deliberately NOT fixed (out of the approved scope)",core/DECISION_LOG.md,8658,,FIXED,,,,,NOT_CHECKED,,,,orchestrator,
CL0176,`ea_diagonal_chop_cable` was fixed because it was in the approved 33; the other 77,core/DECISION_LOG.md,8668,,FIXED,,,,,NOT_CHECKED,,,,orchestrator,
CL0177,"Also from Codex, both confirmed and fixed: the eye-protection cue said ""wear eye protection",core/DECISION_LOG.md,8728,,FIXED,,,,,NOT_CHECKED,,,,orchestrator,
CL0178,"An earlier version of this entry said ""1 fixed previously (P0) + 28 fixed here + 4 sibling +",core/DECISION_LOG.md,8738,,FIXED,,,,,NOT_CHECKED,,,,orchestrator,
CL0179,the Gate E CSV: the P0 (`ea_box_sled_push`) is labelled FIXED and is **not** one of the 33.,core/DECISION_LOG.md,8740,,FIXED,,,,,NOT_CHECKED,,,,orchestrator,
CL0180,deliberately open pending an operator decision. The P0 fixed earlier (`372144f`) is separate,core/DECISION_LOG.md,8750,,FIXED,,,,,NOT_CHECKED,,,,orchestrator,
CL0181,"### Newly found, NOT fixed — the tagger fails open on a spelling variant",core/DECISION_LOG.md,8754,,FIXED,,,,,NOT_CHECKED,,,,orchestrator,
CL0182,and `ea_tyre_flip` are also `advanced` with no tags at all. Not fixed here: correcting the,core/DECISION_LOG.md,8761,,FIXED,,,,,NOT_CHECKED,,,,orchestrator,
CL0183,"red suite as a BLOCKER and was right; the ""unrelated flakiness"" reply was wrong. It is fixed",core/DECISION_LOG.md,8812,,FIXED,,,,,NOT_CHECKED,,,,orchestrator,
CL0184,while trying to make a grip cue unambiguous — all now fixed:,core/DECISION_LOG.md,8845,,FIXED,,,,,NOT_CHECKED,,,,orchestrator,
CL0185,"**Four are pre-existing defects in text this gate never touched**, reported and NOT fixed —",core/DECISION_LOG.md,8889,,FIXED,,,,,NOT_CHECKED,,,,orchestrator,
CL0186,none introduced or fixed here. The EN invariant is what `vendor_catalog_test.dart` and the,core/DECISION_LOG.md,8907,,FIXED,,,,,NOT_CHECKED,,,,orchestrator,
CL0187,accepted and closed:,core/DECISION_LOG.md,8916,,CLOSED,,,,,NOT_CHECKED,,,,orchestrator,
CL0188,"PPE relocation stayed green: the standing RU tests check coverage, step counts and Cyrillic",core/DECISION_LOG.md,8964,,COVERAGE,,,,,NOT_CHECKED,,,,orchestrator,
CL0189,"assertion, so reverting any of the three stays green. Closed by adding them.",core/DECISION_LOG.md,8987,,CLOSED,,,,,NOT_CHECKED,,,,orchestrator,
CL0190,same test has guarded against hedges since round 1; the Russian half did not. Closed by,core/DECISION_LOG.md,8990,,CLOSED,,,,,NOT_CHECKED,,,,orchestrator,
CL0191,"returned one BLOCKER and one MAJOR against that file. They are recorded here rather than fixed,",core/DECISION_LOG.md,9001,,FIXED,,,,,NOT_CHECKED,,,,orchestrator,
CL0192,### Catalog description coverage measured and persisted,core/DECISION_LOG.md,9019,,COVERAGE,,,,,NOT_CHECKED,,,,orchestrator,
CL0193,### Session closed — full handoff written to the concurrent form-check session,core/DECISION_LOG.md,9049,,CLOSED,,,,,NOT_CHECKED,,,,orchestrator,
CL0194,"Fixed with `repVerdictShowing`, which silences only the band's informational rungs — a blocker",core/DECISION_LOG.md,9150,,FIXED,,,,,NOT_CHECKED,,,,orchestrator,
CL0195,"showed why: `frame=false, reps=0, verdict=ok` on all ten iterations — after the first",core/DECISION_LOG.md,9157,,VERDICT,,,,,NOT_CHECKED,,,,orchestrator,
CL0196,"surface list knew about it. Fixed by `showPhase: !instructing`; the NUMBER stays, because it",core/DECISION_LOG.md,9211,,FIXED,,,,,NOT_CHECKED,,,,orchestrator,
CL0197,The concurrent catalog session closed with a handoff (`5b7c9ac`) carrying a BLOCKER and a MAJOR,core/DECISION_LOG.md,9261,,CLOSED,,,,,NOT_CHECKED,,,,orchestrator,
CL0198,"## 2026-08-15 — Gate B, part 2: the coordinate question is closed, and the answer is ""not broken""",core/DECISION_LOG.md,9495,,CLOSED,,,,,NOT_CHECKED,,,,orchestrator,
CL0199,"- The conversion is not proven *correct*, only not wrong in the way that mattered. An error",core/DECISION_LOG.md,9545,,PROVEN,,,,,NOT_CHECKED,,,,orchestrator,
CL0200,and the `INSTALL PASS` line. Running it installs a **fail-closed delegation hook that has never been,core/DECISION_LOG.md,9685,,CLOSED,,,,,NOT_CHECKED,,,,orchestrator,
CL0201,"missing child type, non-Agent tool, and malformed JSON failing closed.",core/DECISION_LOG.md,9713,,CLOSED,,,,,NOT_CHECKED,,,,orchestrator,
CL0202,B closed it by measurement — the first 305 frames of that session were in contract and the verdict,core/DECISION_LOG.md,9788,,CLOSED,,,,,NOT_CHECKED,,,,orchestrator,
CL0203,### The duplication (fixed),core/DECISION_LOG.md,9851,,FIXED,,,,,NOT_CHECKED,,,,orchestrator,
CL0204,### The direction (NOT fixed — operator decision required),core/DECISION_LOG.md,9859,,FIXED,,,,,NOT_CHECKED,,,,orchestrator,
CL0205,one-sided avatar BLOCKER that Gate F closed. That is not a substitute for an independent external,core/DECISION_LOG.md,9952,,CLOSED,,,,,NOT_CHECKED,,,,orchestrator,
CL0206,"written, that the readings never leave the device, and how revoking works.",core/DECISION_LOG.md,9976,,NEVER_LEAVES,,,,,NOT_CHECKED,,,,orchestrator,
CL0207,"true: careful, injury-aware guidance.",core/DECISION_LOG.md,9985,,INJURY_AWARE,,,,,NOT_CHECKED,,,,orchestrator,
CL0208,"Two defects in the old signal, only one of which a sign change would have fixed.",core/DECISION_LOG.md,10038,,FIXED,,,,,NOT_CHECKED,,,,orchestrator,
CL0209,"2. It was a closed loop — the ranking chose what was shown, which chose what was rated, which",core/DECISION_LOG.md,10041,,CLOSED,,,,,NOT_CHECKED,,,,orchestrator,
CL0210,"challenge right where it should be"". FACT: `plan_builder.dart` closed with ""Built from your latest",core/DECISION_LOG.md,10110,,CLOSED,,,,,NOT_CHECKED,,,,orchestrator,
CL0211,"claim about strength that nothing in the app measures. Both fixed in EN and RU, with a test that",core/DECISION_LOG.md,10113,,FIXED,,,,,NOT_CHECKED,,,,orchestrator,
CL0212,layer. It is being fixed at each site rather than noted.,core/DECISION_LOG.md,10117,,FIXED,,,,,NOT_CHECKED,,,,orchestrator,
CL0213,"returned an empty map on null. That conflates ""still loading"" with ""has trained nothing"", and the",core/DECISION_LOG.md,10122,,TRAINED,,,,,NOT_CHECKED,,,,orchestrator,
CL0214,"### Fail-closed, and why it is the opposite of every other field here",core/DECISION_LOG.md,10185,,CLOSED,,,,,NOT_CHECKED,,,,orchestrator,
CL0215,**Reason.** The first version returned `const []` from `eligibleExercises` when the gate was closed.,core/DECISION_LOG.md,10306,,CLOSED,,,,,NOT_CHECKED,,,,orchestrator,
CL0216,"whole programme. That is fail-closed in the wrong place: the person can still hinge, pull, press and",core/DECISION_LOG.md,10483,,CLOSED,,,,,NOT_CHECKED,,,,orchestrator,
CL0217,"clinician's instruction. The player had been fixed in Gate N; the reference page had not, and it is",core/DECISION_LOG.md,10598,,FIXED,,,,,NOT_CHECKED,,,,orchestrator,
CL0218,while `data_export.dart:14-21` deliberately excludes the encrypted progress-photo bytes and prints,core/DECISION_LOG.md,10669,,ENCRYPTED,,,,,NOT_CHECKED,,,,orchestrator,
CL0219,"### Stale coverage claims, corrected",core/DECISION_LOG.md,10674,,COVERAGE,,,,,NOT_CHECKED,,,,orchestrator,
CL0220,"Basis: **UNKNOWN**, not fixed and not dismissed.",core/DECISION_LOG.md,10698,,FIXED,,,,,NOT_CHECKED,,,,orchestrator,
CL0221,front-on now yields a repetition reported as *unjudged* rather than as *clean*. Fail-closed end to,core/DECISION_LOG.md,10755,,CLOSED,,,,,NOT_CHECKED,,,,orchestrator,
CL0222,"### Equipment propagation — audited, already closed",core/DECISION_LOG.md,10764,,CLOSED,,,,,NOT_CHECKED,,,,orchestrator,
CL0223,not ceremony: six items in `PLAN_BUGS_2026-08-13.md` are closed and the file still lists them open —,core/DECISION_LOG.md,10879,,CLOSED,,,,,NOT_CHECKED,,,,orchestrator,
CL0224,its own `notes` column rather than leaving a reader to assume the log is complete from row 1.,core/DECISION_LOG.md,10953,,COMPLETE,,,,,NOT_CHECKED,,,,orchestrator,
CL0225,"loose files, so the container was skipped as a proven duplicate rather than imported twice.",core/DECISION_LOG.md,10996,,PROVEN,,,,,NOT_CHECKED,,,,orchestrator,
CL0226,"passing by construction. Fixed to read the return code, and re-verified against `8a16d2d` (a real",core/DECISION_LOG.md,11029,,FIXED,,,,,NOT_CHECKED,,,,orchestrator,
CL0227,C-series catalogue work. G6 is closed.,core/DECISION_LOG.md,11042,,CLOSED,,,,,NOT_CHECKED,,,,orchestrator,
CL0228,"### R11 — FIXED. The comment was wrong, and it was wrong in the direction that costs the most",core/DECISION_LOG.md,11071,,FIXED,,,,,NOT_CHECKED,,,,orchestrator,
CL0229,The Data safety answer itself does not change: photos never leave the device. What changes is that,core/DECISION_LOG.md,11088,,NEVER_LEAVES,,,,,NOT_CHECKED,,,,orchestrator,
CL0230,### R8 — FIXED. The notice described an erasure the code does not perform,core/DECISION_LOG.md,11091,,FIXED,,,,,NOT_CHECKED,,,,orchestrator,
CL0231,"### R9 — FIXED. Three things implied a clinical review programme, next to a sentence denying one",core/DECISION_LOG.md,11115,,FIXED,,,,,NOT_CHECKED,,,,orchestrator,
CL0232,"here would produce a build that compiles, passes all 2602 tests, and is visually broken for real",core/DECISION_LOG.md,11205,,UNIVERSAL_SCOPE,,,,,NOT_CHECKED,,,,orchestrator,
CL0233,Five cards the 2026-08-15 audit read and found wrong rather than merely thin. All five are closed:,core/DECISION_LOG.md,11220,,CLOSED,,,,,NOT_CHECKED,,,,orchestrator,
CL0234,"machine name, and — the one worth having — the contradiction ""fixed"" by nulling **every** machine",core/DECISION_LOG.md,11453,,FIXED,,,,,NOT_CHECKED,,,,orchestrator,
CL0235,"### Found while fixing it, and not fixed here",core/DECISION_LOG.md,11457,,FIXED,,,,,NOT_CHECKED,,,,orchestrator,
CL0236,| gate | what it closed |,core/DECISION_LOG.md,11480,,CLOSED,,,,,NOT_CHECKED,,,,orchestrator,
CL0237,"- **P2** ""the release build has never been run"" — closed by G2 today. The debug APK measures",core/DECISION_LOG.md,11547,,CLOSED,,,,,NOT_CHECKED,,,,orchestrator,
CL0238,"listed there has its `maxInstances` pinned and nothing else, which is coverage in a sense that does",core/DECISION_LOG.md,11601,,COVERAGE,,,,,NOT_CHECKED,,,,orchestrator,
CL0239,"Chosen by what actually goes wrong, not by line coverage. Two of the three write to shared",core/DECISION_LOG.md,11606,,COVERAGE,,,,,NOT_CHECKED,,,,orchestrator,
CL0240,"the injury gate is proven by the two deep-link tests, the only path that can surface a generated",core/DECISION_LOG.md,11870,,PROVEN,,,,,NOT_CHECKED,,,,orchestrator,
CL0241,§6 **P2** and **P3** carried prose naming five items that are closed — `purpose` on the programme,core/DECISION_LOG.md,11881,,CLOSED,,,,,NOT_CHECKED,,,,orchestrator,
CL0242,"and no MAJOR, and three MINOR findings. Two are accepted and fixed here; one is an operations note",core/DECISION_LOG.md,11892,,FIXED,,,,,NOT_CHECKED,,,,orchestrator,
CL0243,"myself, in the same commit that fixed a test for asserting more than its fixture could support.",core/DECISION_LOG.md,11939,,FIXED,,,,,NOT_CHECKED,,,,orchestrator,
CL0244,"fixed a real, independently-confirmed recognition bug found while doing it.",core/EQUIPMENT_REGISTRY_EXPANSION_2026-08-03.md,8,,FIXED,,,,,NOT_CHECKED,,,,orchestrator,
CL0245,Batch 4 (2026-08-04) closed the remaining 4 groups -- all 44 are resolved,core/EQUIPMENT_REGISTRY_EXPANSION_2026-08-03.md,9,,CLOSED,,,,,NOT_CHECKED,,,,orchestrator,
CL0246,Both fixed this gate; a new test closes the gap that let it happen,core/EQUIPMENT_REGISTRY_EXPANSION_2026-08-03.md,36,,FIXED,,,,,NOT_CHECKED,,,,orchestrator,
CL0247,## Two test gaps this closed,core/EQUIPMENT_REGISTRY_EXPANSION_2026-08-03.md,108,,CLOSED,,,,,NOT_CHECKED,,,,orchestrator,
CL0248,since they only have vendor exercises. Fixed to check the union. The 4,core/EQUIPMENT_REGISTRY_EXPANSION_2026-08-03.md,114,,FIXED,,,,,NOT_CHECKED,,,,orchestrator,
CL0249,"- **vertical pole** (Fixed Bar Stretch, Dragonfly) -- own id, `vertical_pole`",core/EQUIPMENT_REGISTRY_EXPANSION_2026-08-03.md,147,,FIXED,,,,,NOT_CHECKED,,,,orchestrator,
CL0250,All 44 rows in `core/EQUIPMENT_GAP_ITEMS_2026-08-03.csv` now carry a,core/EQUIPMENT_REGISTRY_EXPANSION_2026-08-03.md,168,,UNIVERSAL_SCOPE,,,,,NOT_CHECKED,,,,orchestrator,
CL0251,| `vendor_equipment_needs_review.csv` | 49 | **0** (closed 2026-08-04) |,core/EQUIPMENT_REGISTRY_EXPANSION_2026-08-03.md,178,,CLOSED,,,,,NOT_CHECKED,,,,orchestrator,
CL0252,The 4 machines with zero vendor coverage are still exactly the 4 named,core/EQUIPMENT_REGISTRY_EXPANSION_2026-08-03.md,180,,COVERAGE,,,,,NOT_CHECKED,,,,orchestrator,
CL0253,"| [CATALOG_STATE_2026-08-03.md](CATALOG_STATE_2026-08-03.md) | **How many exercises ship, how many play a clip, and what is still missing.** Start here for any catalog-coverage question. CSV twin beside it; the clipless list is `CLIPLESS_FOR_REVIEW.csv` |",core/INDEX.md,30,,COVERAGE,,,,,NOT_CHECKED,,,,orchestrator,
CL0254,"| [EQUIPMENT_REGISTRY_EXPANSION_2026-08-03.md](EQUIPMENT_REGISTRY_EXPANSION_2026-08-03.md) | **Why the registry is 69 machines, not 52** — the 17 new ids found in the vendor pack's own clips, a real kCanonicalMachines-vs-registry drift bug fixed along the way. Read before editing `scripts/catalog/bu",core/INDEX.md,32,,FIXED,,,,,NOT_CHECKED,,,,orchestrator,
CL0255,catalog that had zero. That is what the 2026-08-03/04 linking gates fixed:,core/LEGACY_CATALOG_REMOVED_2026-08-04.md,22,,FIXED,,,,,NOT_CHECKED,,,,orchestrator,
CL0256,"Fixed: the title is applied whenever it is present, and steps the overlay does",core/LEGACY_CATALOG_REMOVED_2026-08-04.md,48,,FIXED,,,,,NOT_CHECKED,,,,orchestrator,
CL0257,"| `demo_coverage_test.dart` | 4 tests, all about legacy's partial imagery — vendor is 100% clipped and `vendor_catalog_test` already asserts it |",core/LEGACY_CATALOG_REMOVED_2026-08-04.md,67,,HUNDRED_PERCENT,,,,,NOT_CHECKED,,,,orchestrator,
CL0258,"check reads the asset **manifest** instead — same question, complete coverage,",core/LEGACY_CATALOG_REMOVED_2026-08-04.md,84,,COVERAGE,,,,,NOT_CHECKED,,,,orchestrator,
CL0259,You'll be prompted to paste the values — they're stored encrypted in,core/PHASE_4B_STRIPE_SETUP.md,196,,ENCRYPTED,,,,,NOT_CHECKED,,,,orchestrator,
CL0260,### 4. Code I'll write once 1+2 are done,core/PHASE_4B_STRIPE_SETUP.md,200,,COMPLETE,,,,,NOT_CHECKED,,,,orchestrator,
CL0261,- «100 % эффективные» — ни одна программа не эффективна для всех на 100 %. Честный вариант:,core/PLAN_2026-07-31.md,571,,HUNDRED_PERCENT,,,,,NOT_CHECKED,,,,orchestrator,
CL0262,| «100 % эффективные планы» | доказательные программы с диапазонами | ни одна программа не эффективна для всех на 100 % |,core/PLAN_2026-07-31.md,697,,HUNDRED_PERCENT,,,,,NOT_CHECKED,,,,orchestrator,
CL0263,coverage counters and not one for `contraindications`. Confirmed by direct,core/PLAN_AUDIT_REMEDIATION_2026-08-04.md,24,,COVERAGE,,,,,NOT_CHECKED,,,,orchestrator,
CL0264,"**Contraindication coverage of the shipped catalog is 0 of 1887, not 6%.**",core/PLAN_AUDIT_REMEDIATION_2026-08-04.md,70,,COVERAGE,,,,,NOT_CHECKED,,,,orchestrator,
CL0265,### I0 — Coverage instrument + non-destructive catalog writes (~half day) — FIRST,core/PLAN_AUDIT_REMEDIATION_2026-08-04.md,86,,COVERAGE,,,,,NOT_CHECKED,,,,orchestrator,
CL0266,"4. Test: coverage floor constant checked into the test file, starting at the",core/PLAN_AUDIT_REMEDIATION_2026-08-04.md,100,,COVERAGE,,,,,NOT_CHECKED,,,,orchestrator,
CL0267,"1. Injury-aware surfaces show an explicit, honest banner when coverage is",core/PLAN_AUDIT_REMEDIATION_2026-08-04.md,111,,INJURY_AWARE,,,,,NOT_CHECKED,,,,orchestrator,
CL0268,"4. **Test:** if catalog coverage is below the floor, no surface renders an",core/PLAN_AUDIT_REMEDIATION_2026-08-04.md,142,,COVERAGE,,,,,NOT_CHECKED,,,,orchestrator,
CL0269,"1. Closed enum (shoulder, elbow, wrist, lower back, hip, knee, ankle, neck)",core/PLAN_AUDIT_REMEDIATION_2026-08-04.md,239,,CLOSED,,,,,NOT_CHECKED,,,,orchestrator,
CL0270,Name the tag set from S1a's enum. Wire the coverage floor test (already built,core/PLAN_AUDIT_REMEDIATION_2026-08-04.md,281,,COVERAGE,,,,,NOT_CHECKED,,,,orchestrator,
CL0271,"generation time as part of this work, or are excluded for injury-aware users",core/PLAN_AUDIT_REMEDIATION_2026-08-04.md,295,,INJURY_AWARE,,,,,NOT_CHECKED,,,,orchestrator,
CL0272,has proven the vocabulary against real exercise data means migrating live,core/PLAN_AUDIT_REMEDIATION_2026-08-04.md,304,,PROVEN,,,,,NOT_CHECKED,,,,orchestrator,
CL0273,"unconditionally, and Stripe does not guarantee delivery order. A delayed",core/PLAN_AUDIT_REMEDIATION_2026-08-04.md,511,,GUARANTEE,,,,,NOT_CHECKED,,,,orchestrator,
CL0274,replace the lock behind the closed door (S1a) after. `code-architect`'s,core/PLAN_AUDIT_REMEDIATION_2026-08-04.md,609,,CLOSED,,,,,NOT_CHECKED,,,,orchestrator,
CL0275,"closed catalog boundary (nothing bypasses the filter, including the deep",core/PLAN_AUDIT_REMEDIATION_2026-08-04.md,624,,CLOSED,,,,,NOT_CHECKED,,,,orchestrator,
CL0276,со всеми последствиями GDPR. Ссылаться на оригинал — нет.,core/PLAN_GYMS_AND_NEWS_2026-08-01.md,52,,GDPR,,,,,NOT_CHECKED,,,,orchestrator,
CL0277,signing gap is closed.,core/PLATFORM_SCOPE.md,89,,CLOSED,,,,,NOT_CHECKED,,,,orchestrator,
CL0278,| Is all of the user data collected by your app encrypted in transit? | **Yes** | All traffic is Firebase SDK / HTTPS; no cleartext endpoint exists in the app. `android:usesCleartextTraffic` is not set. |,core/PLAY_DATA_SAFETY_2026-08-05.md,20,,ENCRYPTED,,,,,NOT_CHECKED,,,,orchestrator,
CL0279,"| Health info | **No** — changed 2026-08-06, see below | — | — | `sensitive_profile.dart` defines what never leaves the device; `device_health_profile_repository.dart` performs the split and `main.dart` binds it |",core/PLAY_DATA_SAFETY_2026-08-05.md,55,,NEVER_LEAVES,,,,,NOT_CHECKED,,,,orchestrator,
CL0280,documents directory and never uploaded: nothing under,core/PLAY_DATA_SAFETY_2026-08-05.md,114,,NEVER_LEAVES,,,,,NOT_CHECKED,,,,orchestrator,
CL0281,Play forbids it and GDPR Art. 9 covers it. The device-only split above now,core/PLAY_DATA_SAFETY_2026-08-05.md,193,,GDPR,,,,,NOT_CHECKED,,,,orchestrator,
CL0282,- Направления отказов: чтение упало → **спрашиваем снова** (fail-closed); запись упала → сессия,core/RESUME_2026-08-14.md,78,,CLOSED,,,,,NOT_CHECKED,,,,orchestrator,
CL0283,"**fail-closed**, а не утечка. Реальное последствие — неточная атрибуция: согласие приписано тому,",core/RESUME_2026-08-14.md,119,,CLOSED,,,,,NOT_CHECKED,,,,orchestrator,
CL0284,of the audit itself (headline correction: catalog safety-tag coverage is,core/RESUME_PROMPT_2026-08-04.md,24,,COVERAGE,,,,,NOT_CHECKED,,,,orchestrator,
CL0285,| I0 | `77d7c99` | merge-by-id write path; `safetyCoverage()`; coverage floor test |,core/RESUME_PROMPT_2026-08-04.md,36,,COVERAGE,,,,,NOT_CHECKED,,,,orchestrator,
CL0286,| S2 | `23553c4` | catalog boundary made real; deep link screened; cold-start race closed |,core/RESUME_PROMPT_2026-08-04.md,45,,CLOSED,,,,,NOT_CHECKED,,,,orchestrator,
CL0287,"**Safety chain is complete.** Catalog coverage: 1,435 of 1,887 rows tagged",core/RESUME_PROMPT_2026-08-04.md,56,,COMPLETE,,,,,NOT_CHECKED,,,,orchestrator,
CL0288,redeploy binds the secrets — the tier mapping fixed in N3.,core/RESUME_PROMPT_2026-08-04.md,88,,FIXED,,,,,NOT_CHECKED,,,,orchestrator,
CL0289,"with zero video coverage — `recumbent_bike`, `glute_kickback_machine`,",core/RESUME_PROMPT_2026-08-04.md,115,,COVERAGE,,,,,NOT_CHECKED,,,,orchestrator,
CL0290,`D:\Temp\...\scratchpad\scan3.log`. Ждать строку `All tests passed` или,core/SESSION_STATE_2026-08-07.md,36,,UNIVERSAL_SCOPE,,,,,NOT_CHECKED,,,,orchestrator,
CL0291,"- v2, 29 классов: `top-3 accuracy on 18 labelled photos: 5/18 (28%)`,",core/SESSION_STATE_2026-08-07.md,74,,ACCURACY,,,,,NOT_CHECKED,,,,orchestrator,
CL0292,"3. Upload is done — all 2,563 objects are already in",core/STATE_H_GATES_2026-08-03.md,74,,COMPLETE,,,,,NOT_CHECKED,,,,orchestrator,
CL0293,"excluded `""None""`. Fixed, and re-checked: **9** of those had vision find real",core/VENDOR_EQUIPMENT_LINK_2026-08-03.md,81,,FIXED,,,,,NOT_CHECKED,,,,orchestrator,
CL0294,"Net: **1,335 / 1,887 (71%)**, machine coverage unchanged at 48/52 (all three",core/VENDOR_EQUIPMENT_LINK_2026-08-03.md,156,,COVERAGE,,,,,NOT_CHECKED,,,,orchestrator,
CL0295,"## Closed, 2026-08-04 — the review list is empty",core/VENDOR_EQUIPMENT_LINK_2026-08-03.md,178,,CLOSED,,,,,NOT_CHECKED,,,,orchestrator,
CL0296,| equipmentId | Missing / total | Coverage |,core/VIDEO_SOURCES_RESEARCH_2026-08-01.md,71,,COVERAGE,,,,,NOT_CHECKED,,,,orchestrator,
CL0297,"I did **not** attempt a numeric coverage range, because any number I produced would be an estimate of ""how many movements appear somewhere inside 168 videos I did not watch."" Stating that as a figure would be false precision. **Could not verify — and the licence question below makes it moot.**",core/VIDEO_SOURCES_RESEARCH_2026-08-01.md,384,,COVERAGE,,,,,NOT_CHECKED,,,,orchestrator,
CL0298,"Coverage claims relevant to the gap: *""Of which 600+ exercises are home exercises without equipment""*, and equipment types listed as *""Bodyweight, Calisthenics, Dumbbells, Barbell, Kettlebell, Yoga, Resistance Band, Gym Equipment""* — kettlebell and gym equipment are named, which are the gap's two wo",core/VIDEO_SOURCES_RESEARCH_2026-08-01.md,537,,COVERAGE,,,,,NOT_CHECKED,,,,orchestrator,
CL0299,"**Known gaps in coverage, from the content model rather than from probing:**",core/VIDEO_SOURCES_RESEARCH_2026-08-01.md,601,,COVERAGE,,,,,NOT_CHECKED,,,,orchestrator,
CL0300,### 1. Buy the exerciseanimatic Ultimate Bundle — but verify coverage first (~10 min),core/VIDEO_SOURCES_RESEARCH_2026-08-01.md,629,,COVERAGE,,,,,NOT_CHECKED,,,,orchestrator,
CL0301,"**The bundle's ~1,700 exercises are large enough to re-source the whole catalog.** So the correct scope is: buy once, then **re-point all 511 rows** at licensed assets and purge the old bucket contents. That converts a $329 content purchase into the thing that actually unblocks a production launch. ",core/VIDEO_SOURCES_RESEARCH_2026-08-01.md,655,,UNIVERSAL_SCOPE,,,,,NOT_CHECKED,,,,orchestrator,
CL0302,"- **AI / form-check.** The licence bars supplying content to an AI platform *""for training, fine-tuning, dataset creation or generating new AI content""*. Confirm that running a pre-trained pose model against the **user's own camera** — with these clips used only as on-screen reference for the human ",core/VIDEO_SOURCES_RESEARCH_2026-08-01.md,671,,TRAINED,,,,,NOT_CHECKED,,,,orchestrator,
CL0303,"- **Inconclusive:** the slug-probe coverage test — 32 probes total (24 sampled + 8 canonical, the latter with retries and backoff), 0 hits, but Wix serves 503 not 404 for missing products, two probes timed out under load, and real slugs carry numeric suffixes. Reported as inconclusive, **not** as a ",core/VIDEO_SOURCES_RESEARCH_2026-08-01.md,728,,COVERAGE,,,,,NOT_CHECKED,,,,orchestrator,
CL0304,- Not claiming a coverage percentage for exerciseanimatic against the 168. Unverified.,core/VIDEO_SOURCES_RESEARCH_2026-08-01.md,732,,COVERAGE,,,,,NOT_CHECKED,,,,orchestrator,
CL0305,"- Not claiming a coverage number for @WorkoutAnimation99 beyond ""0 confirmed per-exercise matches in a 30/168 title sample"".",core/VIDEO_SOURCES_RESEARCH_2026-08-01.md,733,,COVERAGE,,,,,NOT_CHECKED,,,,orchestrator,
CL0306,5. Accuracy/reliability examples for RIR — do not turn into a fixed novice correction: https://pubmed.ncbi.nlm.nih.gov/37036795/ and https://pubmed.ncbi.nlm.nih.gov/37967832/,core/agent-engine-v2.3.1/EVIDENCE_REGISTRY.md,11,,FIXED,,,,,NOT_CHECKED,,,,orchestrator,
CL0307,"Claude Code expert system for designing, reviewing, and validating personalized fitness recommendations.",core/agent-engine-v2.3.1/PACK_README.md,3,,PERSONALISED,,,,,NOT_CHECKED,,,,orchestrator,
CL0308,"8. Removed/softened brittle v2.1 rules: universal beta-blocker HR invalidity, fixed novice RIR +2 correction, mandatory deload recipe, prescriptive ACWR 0.8–1.3 target, universal sex-specific calorie floors, universal numeric pain tolerance.",core/agent-engine-v2.3.1/PACK_README.md,16,,FIXED,,,,,NOT_CHECKED,,,,orchestrator,
CL0309,Mandatory safety cases must pass **100%**. This pack does not fake a behavioral PASS without a connected recommendation engine.,core/agent-engine-v2.3.1/PACK_README.md,141,,HUNDRED_PERCENT,,,,,NOT_CHECKED,,,,orchestrator,
CL0310,self-tests and the `INSTALL PASS` line — are never reached. Running it leaves a **fail-closed,core/agent-engine-v2.3.1/README.md,47,,CLOSED,,,,,NOT_CHECKED,,,,orchestrator,
CL0311,"v2.1 fixed the largest knowledge-density gap in v2 by adding clinical and prescription references plus a runtime safety prompt. Those changes are retained. v2.2 focuses on a different problem: separating evidence from product heuristics, making release gates executable, and assigning real human owne",core/agent-engine-v2.3.1/REVIEW_V2.1_TO_V2.2.md,7,,FIXED,,,,,NOT_CHECKED,,,,orchestrator,
CL0312,"The v2.1 prescription reference contained useful engineering defaults but presented several as though they were universal physiological truths: fixed progression increments, fixed e1RM expiry windows, a mandatory novice RIR correction, a single deload recipe, fixed volume landmarks, and ACWR/weekly-",core/agent-engine-v2.3.1/REVIEW_V2.1_TO_V2.2.md,38,,FIXED,,,,,NOT_CHECKED,,,,orchestrator,
CL0313,2. `python evals/run_safety_evals.py --adapter <module:function>` — 100% mandatory cases must pass against the real recommendation path.,core/agent-engine-v2.3.1/REVIEW_V2.1_TO_V2.2.md,104,,HUNDRED_PERCENT,,,,,NOT_CHECKED,,,,orchestrator,
CL0314,orchestrator routing accuracy against the eval cases before adding a 29th.,core/agent-engine-v2.3.1/REVIEW_V2_TO_V2.1.md,160,,ACCURACY,,,,,NOT_CHECKED,,,,orchestrator,
CL0315,Routine personalized cases should normally use 1–4 specialists. More agents do not create safety by majority vote. Unresolved high-priority conflicts narrow or block the recommendation.,core/agent-engine-v2.3.1/ROUTING_MATRIX.md,35,,PERSONALISED,,,,,NOT_CHECKED,,,,orchestrator,
CL0316,Not a prompt. Code. Fail-closed: unavailable classifier or malformed critical field →,core/agent-engine-v2.3.1/RUNTIME_SAFETY_PROMPT.md,16,,CLOSED,,,,,NOT_CHECKED,,,,orchestrator,
CL0317,"`SAFETY_EVAL_CASES.md` suite to pass at 100% — that suite is a release gate, not a metric",core/agent-engine-v2.3.1/RUNTIME_SAFETY_PROMPT.md,111,,HUNDRED_PERCENT,,,,,NOT_CHECKED,,,,orchestrator,
CL0318,Release rule: **100% of mandatory cases pass**. A failed safety case is not averaged into a score.,core/agent-engine-v2.3.1/evals/README.md,53,,HUNDRED_PERCENT,,,,,NOT_CHECKED,,,,orchestrator,
CL0319,# Hook policy must be fail-closed in nested subagent mode.,core/agent-engine-v2.3.1/evals/run_static_gates.py,91,,CLOSED,,,,,NOT_CHECKED,,,,orchestrator,
CL0320,"""fixed novice RIR +2 correction"": r""novice.*RIR.*\+2|RIR.*\+2.*novice"",",core/agent-engine-v2.3.1/evals/run_static_gates.py,117,,FIXED,,,,,NOT_CHECKED,,,,orchestrator,
CL0321,- two `justRight` sessions + target reps -> fixed 2.5/1.25 kg increment;,core/agent-engine-v2.3.1/g0.5_agent_engine_contract/07_G0_REMOTE_VERIFICATION.md,11,,FIXED,,,,,NOT_CHECKED,,,,orchestrator,
CL0322,serving safety-sensitive exercise results. This is an important fail-closed primitive,core/agent-engine-v2.3.1/recommendation_engine_v1.1_real_repo/00_G0_REAL_REPO_AUDIT.md,63,,CLOSED,,,,,NOT_CHECKED,,,,orchestrator,
CL0323,**Gap:** equipment fit is muscle-coverage feasibility rather than proof the exact,core/agent-engine-v2.3.1/recommendation_engine_v1.1_real_repo/00_G0_REAL_REPO_AUDIT.md,124,,COVERAGE,,,,,NOT_CHECKED,,,,orchestrator,
CL0324,- 2 × justRight + target reps -> fixed +2.5 kg compound / +1.25 kg isolation,core/agent-engine-v2.3.1/recommendation_engine_v1.1_real_repo/00_G0_REAL_REPO_AUDIT.md,230,,FIXED,,,,,NOT_CHECKED,,,,orchestrator,
CL0325,`SetPlan` contains fixed timer presets:,core/agent-engine-v2.3.1/recommendation_engine_v1.1_real_repo/00_G0_REAL_REPO_AUDIT.md,246,,FIXED,,,,,NOT_CHECKED,,,,orchestrator,
CL0326,Two-of-three triggers a fixed 0.5 factor.,core/agent-engine-v2.3.1/recommendation_engine_v1.1_real_repo/00_G0_REAL_REPO_AUDIT.md,264,,FIXED,,,,,NOT_CHECKED,,,,orchestrator,
CL0327,different historical test counts and stale descriptions of injury coverage.,core/agent-engine-v2.3.1/recommendation_engine_v1.1_real_repo/00_G0_REAL_REPO_AUDIT.md,373,,COVERAGE,,,,,NOT_CHECKED,,,,orchestrator,
CL0328,- Do not directly prescribe fixed 0.5 training volume from a generic two-of-three,core/agent-engine-v2.3.1/recommendation_engine_v1.1_real_repo/01_IMPLEMENTATION_MAP.md,134,,FIXED,,,,,NOT_CHECKED,,,,orchestrator,
CL0329,"**Finding:** UI directly surfaces kg from fixed -5%, +5%, +2.5/+1.25 rules, default 8 reps and default compound=true.",core/agent-engine-v2.3.1/recommendation_engine_v1.1_real_repo/02_FINDINGS_REGISTER.md,54,,FIXED,,,,,NOT_CHECKED,,,,orchestrator,
CL0330,**Finding:** Missed scheduled sessions are one of the deload signals; HRV is not currently wired; a fixed 0.5 factor scales scheduled duration.,core/agent-engine-v2.3.1/recommendation_engine_v1.1_real_repo/02_FINDINGS_REGISTER.md,94,,FIXED,,,,,NOT_CHECKED,,,,orchestrator,
CL0331,**Finding:** Tier-based fixed work/rest/set presets are useful timer defaults but are not goal-specific training prescription.,core/agent-engine-v2.3.1/recommendation_engine_v1.1_real_repo/02_FINDINGS_REGISTER.md,102,,FIXED,,,,,NOT_CHECKED,,,,orchestrator,
CL0332,**Finding:** exerciseUsesLoad uses a fixed whitelist; unknown equipment defaults to no load capture.,core/agent-engine-v2.3.1/recommendation_engine_v1.1_real_repo/02_FINDINGS_REGISTER.md,110,,FIXED,,,,,NOT_CHECKED,,,,orchestrator,
CL0333,## RE-K01 — KEEP — Cold-start safety screening is fail-closed,core/agent-engine-v2.3.1/recommendation_engine_v1.1_real_repo/02_FINDINGS_REGISTER.md,122,,CLOSED,,,,,NOT_CHECKED,,,,orchestrator,
CL0334,"- AI Planner stops building from ""all machines"";",core/agent-engine-v2.3.1/recommendation_engine_v1.1_real_repo/04_GATE_PLAN.md,58,,UNIVERSAL_SCOPE,,,,,NOT_CHECKED,,,,orchestrator,
CL0335,10. `tooEasy` does not automatically imply fixed kg jump.,core/agent-engine-v2.3.1/recommendation_engine_v1.1_real_repo/05_TEST_MATRIX.md,17,,FIXED,,,,,NOT_CHECKED,,,,orchestrator,
CL0336,"2. a generated full-catalog HTML containing all 1887 rows with `title`, `summary`, `steps`, poster and safety tags.",core/audit/full_catalog_1887_2026-08-15/SPTR_FULL_CATALOG_1887_AUDIT_STATUS_2026-08-15.md,34,,UNIVERSAL_SCOPE,,,,,NOT_CHECKED,,,,orchestrator,
CL0337,## Coverage,core/audit/full_catalog_1887_2026-08-15/SPTR_FULL_CATALOG_1887_PATTERN_AUDIT_SUMMARY_2026-08-15.md,6,,COVERAGE,,,,,NOT_CHECKED,,,,orchestrator,
CL0338,"- NASM scope guidance: fitness professionals should not diagnose, treat, promise pain relief, or guarantee injury prevention.",core/audit/full_catalog_1887_2026-08-15/SPTR_FULL_CATALOG_1887_PATTERN_AUDIT_SUMMARY_2026-08-15.md,51,,GUARANTEE,,,,,NOT_CHECKED,,,,orchestrator,
CL0339,- **P1 — Headstand (`ea_headstand`):** The direct Purpose↔Steps contradiction is fixed correctly. Keep most load through forearms/shoulders and light crown contact. Still classify as Advanced and add prerequisite/regression/wall-or-spotter/exit guidance before production.,core/audit/full_catalog_1887_2026-08-15/SPTR_FULL_CATALOG_1887_PATTERN_AUDIT_SUMMARY_2026-08-15.md,76,,FIXED,,,,,NOT_CHECKED,,,,orchestrator,
CL0340,"- **P1 — Tyre Flip (`ea_tyre_flip`):** Neutral-spine wording is fixed, but advanced/high-load awkward-object safety metadata and progression/regression guidance remain open.",core/audit/full_catalog_1887_2026-08-15/SPTR_FULL_CATALOG_1887_PATTERN_AUDIT_SUMMARY_2026-08-15.md,91,,FIXED,,,,,NOT_CHECKED,,,,orchestrator,
CL0341,"- `jurisdictions`: EU (GDPR + MDR 2017/745), US (FDA general wellness), Google Play, Apple App Store. Controller is a sole developer in Moldova serving EU consumers → GDPR applies via Art. 3(2)(a).",core/audit/gate_j_regulatory_review_2026-08-15/GATE_J_REGULATORY_REVIEW_2026-08-15.md,4,,GDPR,,,,,NOT_CHECKED,,,,orchestrator,
CL0342,1. Health Connect / HealthKit access is undisclosed in the privacy policy the store listing links to — a per-se Play Health Permissions rejection and a GDPR Art. 13 gap on special-category data.,core/audit/gate_j_regulatory_review_2026-08-15/GATE_J_REGULATORY_REVIEW_2026-08-15.md,24,,GDPR,,,,,NOT_CHECKED,,,,orchestrator,
CL0343,"*Impact:* Store rejection or removal; GDPR Art. 13(1)(c) and 13(2) breach on Art. 9 data; the Data safety form contradicts the linked policy, which Play treats as a removal rather than a warning.",core/audit/gate_j_regulatory_review_2026-08-15/GATE_J_REGULATORY_REVIEW_2026-08-15.md,37,,GDPR,,,,,NOT_CHECKED,,,,orchestrator,
CL0344,*Acceptance test:* Add an assertion to the legal/about test that no user-facing string in either `.arb` matches `/rehab|реабилит|therap|терап/i` — this is the same regression shape S0b already fixed for the nonprofit claims.,core/audit/gate_j_regulatory_review_2026-08-15/GATE_J_REGULATORY_REVIEW_2026-08-15.md,46,,FIXED,,,,,NOT_CHECKED,,,,orchestrator,
CL0345,"*Impact:* GDPR Art. 9(2)(a) has no valid alternative basis here (Art. 9(2)(h) needs a health professional; 9(2)(f)-(j) do not apply), so absent explicit consent the processing has no Art. 9 basis at all. Play's Health Content and Services policy separately requires prominent disclosure and consent b",core/audit/gate_j_regulatory_review_2026-08-15/GATE_J_REGULATORY_REVIEW_2026-08-15.md,51,,GDPR,,,,,NOT_CHECKED,,,,orchestrator,
CL0346,"*Impact:* GDPR Art. 12(1) (transparent, accurate information) and Art. 5(1)(a) fairness; the notice overstates the right it describes. The export's internal handling of incompleteness (`progressPhotosIncomplete`, `serverIncomplete`) is exemplary — the policy sentence is the only thing out of step.",core/audit/gate_j_regulatory_review_2026-08-15/GATE_J_REGULATORY_REVIEW_2026-08-15.md,58,,GDPR,,,,,NOT_CHECKED,,,,orchestrator,
CL0347,"*Impact:* GDPR Art. 5(1)(a)/(d) and Art. 13 accuracy of the notice on Art. 9 data. Also destabilises the ""Health info: No"" Data safety answer, which is only true if the residue is genuinely zero.",core/audit/gate_j_regulatory_review_2026-08-15/GATE_J_REGULATORY_REVIEW_2026-08-15.md,65,,GDPR,,,,,NOT_CHECKED,,,,orchestrator,
CL0348,*Impact:* Blocks the Health Connect access approval; also a data-minimisation problem under GDPR Art. 5(1)(c) since the permission grants continuous heart-rate history the app never reads.,core/audit/gate_j_regulatory_review_2026-08-15/GATE_J_REGULATORY_REVIEW_2026-08-15.md,72,,GDPR,,,,,NOT_CHECKED,,,,orchestrator,
CL0349,"`mobile/lib/main.dart:159` enables collection; disclosed at `app_en.arb:1758`. GDPR Art. 6(1)(f) is a defensible basis for crash diagnostics, and the policy does offer an Art. 21 objection route by email, so this is not a breach — but for a health app an in-app toggle is the low-cost defensible posi",core/audit/gate_j_regulatory_review_2026-08-15/GATE_J_REGULATORY_REVIEW_2026-08-15.md,94,,GDPR,,,,,NOT_CHECKED,,,,orchestrator,
CL0350,"3. **Is Health Connect data ""collected"" for the Play Data safety form?** It never leaves the device (`health_providers.dart` holds it in memory only; `deload_detector.dart` is the sole consumer), so ""not collected"" is arguable — but the *permissions* disclosure in R1 is required regardless. Named re",core/audit/gate_j_regulatory_review_2026-08-15/GATE_J_REGULATORY_REVIEW_2026-08-15.md,113,,NEVER_LEAVES,,,,,NOT_CHECKED,,,,orchestrator,
CL0351,"| R1 | BLOCKER | Health Connect / HealthKit undisclosed | yes, fixed in Gate J |",core/audit/gate_j_regulatory_review_2026-08-15/README.md,35,,FIXED,,,,,NOT_CHECKED,,,,orchestrator,
CL0352,"| R2 | BLOCKER | ""rehab-grade"" therapeutic claim | yes, fixed in Gate J |",core/audit/gate_j_regulatory_review_2026-08-15/README.md,36,,FIXED,,,,,NOT_CHECKED,,,,orchestrator,
CL0353,"| R4 | MAJOR | export promises ""everything"", omits photo bytes | yes, fixed 2026-08-16 |",core/audit/gate_j_regulatory_review_2026-08-15/README.md,38,,FIXED,,,,,NOT_CHECKED,,,,orchestrator,
CL0354,"| R6 | MAJOR | `READ_HEART_RATE` declared with no consumer | yes, fixed in Gate J |",core/audit/gate_j_regulatory_review_2026-08-15/README.md,40,,FIXED,,,,,NOT_CHECKED,,,,orchestrator,
CL0355,- __Post-workout 1-tap difficulty rating loop__ (P1.1) to personalize program difficulty.,core/business/AGE_COHORT_STRATEGY.md,31,,PERSONALISED,,,,,NOT_CHECKED,,,,orchestrator,
CL0356,__Competitors’ weakness:__ equipment-aware but not injury-aware; many still force manual “skip exercises.”\,core/business/AGE_COHORT_STRATEGY.md,40,,INJURY_AWARE,,,,,NOT_CHECKED,,,,orchestrator,
CL0357,__Your cutting solution: Injury-Aware Recomp Packs__,core/business/AGE_COHORT_STRATEGY.md,41,,INJURY_AWARE,,,,,NOT_CHECKED,,,,orchestrator,
CL0358,__Roadmap hooks:__ P0.7 + injury-aware filter + (later) P1.4 recovery.,core/business/AGE_COHORT_STRATEGY.md,47,,INJURY_AWARE,,,,,NOT_CHECKED,,,,orchestrator,
CL0359,3. __Exercise video coverage for every movement__ (trust).,core/business/AGE_COHORT_STRATEGY.md,117,,COVERAGE,,,,,NOT_CHECKED,,,,orchestrator,
CL0360,patent on the *injury-aware* path (Technogym's prior art doesn't,core/business/COMPETITIVE_ASSESSMENT.md,24,,INJURY_AWARE,,,,,NOT_CHECKED,,,,orchestrator,
CL0361,2. **Our 34-question injury-aware onboarding is genuinely,core/business/COMPETITIVE_ASSESSMENT.md,27,,INJURY_AWARE,,,,,NOT_CHECKED,,,,orchestrator,
CL0362,| # | App | Price | Equipment-aware? | AI | Injury-aware? | Trial | Wearable | Top complaint |,core/business/COMPETITIVE_ASSESSMENT.md,65,,INJURY_AWARE,,,,,NOT_CHECKED,,,,orchestrator,
CL0363,### 2. Injury-aware filtering at intake depth (industry-leading),core/business/COMPETITIVE_ASSESSMENT.md,115,,INJURY_AWARE,,,,,NOT_CHECKED,,,,orchestrator,
CL0364,has $74.99 lifetime so the model is proven; sticky early adopters,core/business/COMPETITIVE_ASSESSMENT.md,305,,PROVEN,,,,,NOT_CHECKED,,,,orchestrator,
CL0365,"- Combined with injury-aware filtering, this is the personalisation",core/business/COMPETITIVE_ASSESSMENT.md,330,,INJURY_AWARE,,,,,NOT_CHECKED,,,,orchestrator,
CL0366,the injury-aware path specifically (Technogym's Mywellness covers,core/business/COMPETITIVE_ASSESSMENT.md,372,,INJURY_AWARE,,,,,NOT_CHECKED,,,,orchestrator,
CL0367,Our 34-question intake + injury-aware filtering is built around the,core/business/NONPROFIT_PLAN.md,67,,INJURY_AWARE,,,,,NOT_CHECKED,,,,orchestrator,
CL0368,"(Stanford 2023 study). The ""100% donation-funded, no ads, no data",core/business/NONPROFIT_PLAN.md,82,,HUNDRED_PERCENT,,,,,NOT_CHECKED,,,,orchestrator,
CL0369,injury-aware app to patients; they won't recommend a $19.99/mo,core/business/NONPROFIT_PLAN.md,86,,INJURY_AWARE,,,,,NOT_CHECKED,,,,orchestrator,
CL0370,| **Microsoft AI for Health** | $10k–100k | AI in health applications | MediaPipe form check + injury-aware recommendation |,core/business/NONPROFIT_PLAN.md,226,,INJURY_AWARE,,,,,NOT_CHECKED,,,,orchestrator,
CL0371,| Injury-aware recommendations | ✓ | ✓ | ✓ |,core/business/NONPROFIT_PLAN.md,470,,INJURY_AWARE,,,,,NOT_CHECKED,,,,orchestrator,
CL0372,easier organic press coverage.,core/business/NONPROFIT_PLAN.md,563,,COVERAGE,,,,,NOT_CHECKED,,,,orchestrator,
CL0373,- Closed beta launches to ~500 users via existing waitlist + 3,core/business/NONPROFIT_PLAN.md,613,,CLOSED,,,,,NOT_CHECKED,,,,orchestrator,
CL0374,10. **Closed beta launches.**,core/business/NONPROFIT_PLAN.md,734,,CLOSED,,,,,NOT_CHECKED,,,,orchestrator,
CL0375,the mission directly — injury-aware filtering for users who can't,core/business/NONPROFIT_PLAN.md,768,,INJURY_AWARE,,,,,NOT_CHECKED,,,,orchestrator,
CL0376,"QR-scan any gym machine → instant personalized workout that respects your injuries, time budget, and goal. No coach needed. No guesswork.",core/business/PITCH_2026.md,15,,PERSONALISED,,,,,NOT_CHECKED,,,,orchestrator,
CL0377,**One QR scan. One personalized plan. Zero friction.**,core/business/PITCH_2026.md,36,,PERSONALISED,,,,,NOT_CHECKED,,,,orchestrator,
CL0378,"We are the **only** app that combines (a) equipment-aware prescription, (b) injury-aware substitution, (c) auto-deload, and (d) celebrity-narrated form videos — without a human coach in the loop.",core/business/PITCH_2026.md,46,,INJURY_AWARE,,,,,NOT_CHECKED,,,,orchestrator,
CL0379,| 0 (today) | Closed alpha · iOS port begins · Wear OS scoped | 0 paid | $0 |,core/business/PITCH_2026.md,143,,CLOSED,,,,,NOT_CHECKED,,,,orchestrator,
CL0380,| Injury-aware substitution | ✅ | — | — | — | partial (text) | — |,core/business/PITCH_2026.md,158,,INJURY_AWARE,,,,,NOT_CHECKED,,,,orchestrator,
CL0381,"- Test coverage: 365 passing tests, 0 failures as of 2026-05-11",core/business/PITCH_2026.md,237,,COVERAGE,,,,,NOT_CHECKED,,,,orchestrator,
CL0382,injury-aware angle. Five subreddits to engage in (don't spam — *help*):,core/business/USER_GROWTH_PLAN.md,76,,INJURY_AWARE,,,,,NOT_CHECKED,,,,orchestrator,
CL0383,injury-aware filtering reviewed by a DPT. Wondering if you'd want,core/business/USER_GROWTH_PLAN.md,140,,INJURY_AWARE,,,,,NOT_CHECKED,,,,orchestrator,
CL0384,"- Title + subtitle keywords: ""Fitness app · injury-aware ·",core/business/USER_GROWTH_PLAN.md,173,,INJURY_AWARE,,,,,NOT_CHECKED,,,,orchestrator,
CL0385,coverage for a local-ish nonprofit.,core/business/USER_GROWTH_PLAN.md,216,,COVERAGE,,,,,NOT_CHECKED,,,,orchestrator,
CL0386,"> *""Built a nonprofit fitness app with injury-aware filtering — free",core/business/USER_GROWTH_PLAN.md,323,,INJURY_AWARE,,,,,NOT_CHECKED,,,,orchestrator,
CL0387,"- Pitch to regional insurers + health plans: *""Our injury-aware app",core/business/USER_GROWTH_PLAN.md,353,,INJURY_AWARE,,,,,NOT_CHECKED,,,,orchestrator,
CL0388,using grant + corporate sponsor money — $1–5/install in injury-aware,core/business/USER_GROWTH_PLAN.md,402,,INJURY_AWARE,,,,,NOT_CHECKED,,,,orchestrator,
CL0389,пропущено фото-порогом    (0.10)     30/30  (100%),core/plans/B1_RECOGNITION_MEASUREMENT_2026-08-07.md,18,,HUNDRED_PERCENT,,,,,NOT_CHECKED,,,,orchestrator,
CL0390,пропущено живым порогом   (0.05)     30/30  (100%),core/plans/B1_RECOGNITION_MEASUREMENT_2026-08-07.md,19,,HUNDRED_PERCENT,,,,,NOT_CHECKED,,,,orchestrator,
CL0391,**Status:** done (all three rounds closed); pending commit together with the,core/plans/CARD_403_CONTENT_REMEDIATION_2026-08-15.md,3,,CLOSED,,,,,NOT_CHECKED,,,,orchestrator,
CL0392,"two was rejected outright, not fixed).",core/plans/CARD_403_CONTENT_REMEDIATION_2026-08-15.md,27,,FIXED,,,,,NOT_CHECKED,,,,orchestrator,
CL0393,"- **1 real Purpose/Steps contradiction fixed**: `ea_headstand` said ""never on",core/plans/CARD_403_CONTENT_REMEDIATION_2026-08-15.md,28,,FIXED,,,,,NOT_CHECKED,,,,orchestrator,
CL0394,"- **Regression found + fixed by `flutter test`, own bug, not from the",core/plans/CARD_403_CONTENT_REMEDIATION_2026-08-15.md,42,,FIXED,,,,,NOT_CHECKED,,,,orchestrator,
CL0395,"corrected English wording~~ — **closed 2026-08-15**, and it turned out to be",core/plans/CARD_403_CONTENT_REMEDIATION_2026-08-15.md,89,,CLOSED,,,,,NOT_CHECKED,,,,orchestrator,
CL0396,**closed 2026-08-15** by the third-round full-catalog pass: the re-audit's,core/plans/CARD_403_CONTENT_REMEDIATION_2026-08-15.md,98,,CLOSED,,,,,NOT_CHECKED,,,,orchestrator,
CL0397,"Purpose + 60 Steps; 60/64 flat-back hits fixed correctly, 4 legitimately",core/plans/CARD_403_CONTENT_REMEDIATION_2026-08-15.md,113,,FIXED,,,,,NOT_CHECKED,,,,orchestrator,
CL0398,"It found **1 remaining P0** (`ea_box_sled_push`, fixed above), plus **52 P1**",core/plans/CARD_403_CONTENT_REMEDIATION_2026-08-15.md,115,,FIXED,,,,,NOT_CHECKED,,,,orchestrator,
CL0399,## Third round — closed out by the full-catalog pass (2026-08-15),core/plans/CARD_403_CONTENT_REMEDIATION_2026-08-15.md,120,,CLOSED,,,,,NOT_CHECKED,,,,orchestrator,
CL0400,"local JSON, covering all 1887 rows. It carries this card's remaining 52 P1 /",core/plans/CARD_403_CONTENT_REMEDIATION_2026-08-15.md,124,,UNIVERSAL_SCOPE,,,,,NOT_CHECKED,,,,orchestrator,
CL0401,"pass were individually dispositioned: **57 fixed (59 edits), 32 rejected with",core/plans/CARD_403_CONTENT_REMEDIATION_2026-08-15.md,129,,FIXED,,,,,NOT_CHECKED,,,,orchestrator,
CL0402,not fabricate). The remaining P1/P2 items from this card are therefore closed,core/plans/CARD_403_CONTENT_REMEDIATION_2026-08-15.md,132,,CLOSED,,,,,NOT_CHECKED,,,,orchestrator,
CL0403,**Scope:** all 1887 rows in `mobile/assets/data/exercises_vendor.json`,core/plans/CARD_FULL_CATALOG_AUDIT_2026-08-15.md,7,,UNIVERSAL_SCOPE,,,,,NOT_CHECKED,,,,orchestrator,
CL0404,Rejected as a class. Found and fixed **3 real spelling typos** along the way (title-only:,core/plans/CARD_FULL_CATALOG_AUDIT_2026-08-15.md,63,,FIXED,,,,,NOT_CHECKED,,,,orchestrator,
CL0405,into a step string) split back into proper steps; also fixed the matching Russian overlay,core/plans/CARD_FULL_CATALOG_AUDIT_2026-08-15.md,92,,FIXED,,,,,NOT_CHECKED,,,,orchestrator,
CL0406,"Steps said ""band""; fixed Steps to say cable).",core/plans/CARD_FULL_CATALOG_AUDIT_2026-08-15.md,96,,FIXED,,,,,NOT_CHECKED,,,,orchestrator,
CL0407,"**Judgment batch — small set, fixed directly:**",core/plans/CARD_FULL_CATALOG_AUDIT_2026-08-15.md,104,,FIXED,,,,,NOT_CHECKED,,,,orchestrator,
CL0408,not agent output taken on trust. Result: **57 of 89 fixed (59 individual edits — 2 IDs had,core/plans/CARD_FULL_CATALOG_AUDIT_2026-08-15.md,126,,FIXED,,,,,NOT_CHECKED,,,,orchestrator,
CL0409,`purpose`/`steps`. What was WRONG here: `difficulty` had been fixed on `ea_headstand`,core/plans/CARD_FULL_CATALOG_AUDIT_2026-08-15.md,142,,FIXED,,,,,NOT_CHECKED,,,,orchestrator,
CL0410,"only, not on the other named movements (now fixed on 9 rows); and there IS a live",core/plans/CARD_FULL_CATALOG_AUDIT_2026-08-15.md,143,,FIXED,,,,,NOT_CHECKED,,,,orchestrator,
CL0411,across all 1887 rows including the 1484 without `purpose`. It did not attempt a,core/plans/CARD_FULL_CATALOG_AUDIT_2026-08-15.md,153,,UNIVERSAL_SCOPE,,,,,NOT_CHECKED,,,,orchestrator,
CL0412,- **Real regression caught and fixed**: the MALFORMED_STEP split changed `steps[0]` for 7,core/plans/CARD_FULL_CATALOG_AUDIT_2026-08-15.md,163,,FIXED,,,,,NOT_CHECKED,,,,orchestrator,
CL0413,"(`exercise_translations_test.dart:106-119`), fixed by resyncing `summary` to the new",core/plans/CARD_FULL_CATALOG_AUDIT_2026-08-15.md,166,,FIXED,,,,,NOT_CHECKED,,,,orchestrator,
CL0414,- **Formatting bug caught and fixed before commit**: my edit scripts wrote,core/plans/CARD_FULL_CATALOG_AUDIT_2026-08-15.md,168,,FIXED,,,,,NOT_CHECKED,,,,orchestrator,
CL0415,confirmed only the 2 intended records actually changed; fixed by reloading from git HEAD,core/plans/CARD_FULL_CATALOG_AUDIT_2026-08-15.md,173,,FIXED,,,,,NOT_CHECKED,,,,orchestrator,
CL0416,| 2 | `BEHIND_NECK` (5) never dispositioned | CONFIRMED | fixed |,core/plans/CARD_FULL_CATALOG_AUDIT_2026-08-15.md,195,,FIXED,,,,,NOT_CHECKED,,,,orchestrator,
CL0417,| 3 | `UPRIGHT_ROW` (9) never dispositioned | CONFIRMED | fixed |,core/plans/CARD_FULL_CATALOG_AUDIT_2026-08-15.md,196,,FIXED,,,,,NOT_CHECKED,,,,orchestrator,
CL0418,| 4 | `difficulty` still beginner; `contraindications` empty | CONFIRMED | difficulty fixed; tags deliberately not hand-written |,core/plans/CARD_FULL_CATALOG_AUDIT_2026-08-15.md,197,,FIXED,,,,,NOT_CHECKED,,,,orchestrator,
CL0419,| 5 | `JOINT_LOCK` half-applied on Plate Overhead Shrug | CONFIRMED | fixed |,core/plans/CARD_FULL_CATALOG_AUDIT_2026-08-15.md,198,,FIXED,,,,,NOT_CHECKED,,,,orchestrator,
CL0420,| 6 | lowercase steps + `stright` typo | CONFIRMED | fixed |,core/plans/CARD_FULL_CATALOG_AUDIT_2026-08-15.md,199,,FIXED,,,,,NOT_CHECKED,,,,orchestrator,
CL0421,Both corrected. Difficulty now fixed on 9 rows.,core/plans/CARD_FULL_CATALOG_AUDIT_2026-08-15.md,239,,FIXED,,,,,NOT_CHECKED,,,,orchestrator,
CL0422,**A real bug this surfaced.** One of the three title typos fixed earlier in this,core/plans/CARD_FULL_CATALOG_AUDIT_2026-08-15.md,254,,FIXED,,,,,NOT_CHECKED,,,,orchestrator,
CL0423,"review page (all rows, not just the 403 B3 set), with the 449 English rows changed this session",core/plans/CARD_FULL_CATALOG_AUDIT_2026-08-15.md,268,,UNIVERSAL_SCOPE,,,,,NOT_CHECKED,,,,orchestrator,
CL0424,"closed, which is right and is why it is item 3 under ""Next"". It DISAGREED on the Russian",core/plans/CARD_FULL_CATALOG_AUDIT_2026-08-15.md,277,,CLOSED,,,,,NOT_CHECKED,,,,orchestrator,
CL0425,"Fixed. Note the scope line: the audit's `JOINT_LOCK` class was 6 rows, but the catalog",core/plans/CARD_FULL_CATALOG_AUDIT_2026-08-15.md,293,,FIXED,,,,,NOT_CHECKED,,,,orchestrator,
CL0426,"NOT fixed here — a catalog-wide lock-cue sweep is a separate pass, listed under ""Next"".",core/plans/CARD_FULL_CATALOG_AUDIT_2026-08-15.md,295,,FIXED,,,,,NOT_CHECKED,,,,orchestrator,
CL0427,# Exercise catalog — description coverage and defect accounting,core/plans/CATALOG_DESCRIPTION_COVERAGE_2026-08-15.md,1,,COVERAGE,,,,,NOT_CHECKED,,,,orchestrator,
CL0428,Detectors scanned all 1887 rows and flagged **519 distinct cards** across **609 findings**.,core/plans/CATALOG_DESCRIPTION_COVERAGE_2026-08-15.md,37,,UNIVERSAL_SCOPE,,,,,NOT_CHECKED,,,,orchestrator,
CL0429,| `FIXED` | 1 |,core/plans/CATALOG_DESCRIPTION_COVERAGE_2026-08-15.md,52,,FIXED,,,,,NOT_CHECKED,,,,orchestrator,
CL0430,"That resolved to **33 genuine action items**: 29 applied, 3 closed as the untouched half of",core/plans/CATALOG_DESCRIPTION_COVERAGE_2026-08-15.md,54,,CLOSED,,,,,NOT_CHECKED,,,,orchestrator,
CL0431,"fixed, because each needs its own decision.",core/plans/CATALOG_DESCRIPTION_COVERAGE_2026-08-15.md,57,,FIXED,,,,,NOT_CHECKED,,,,orchestrator,
CL0432,## 4. Coverage — the number that matters most,core/plans/CATALOG_DESCRIPTION_COVERAGE_2026-08-15.md,97,,COVERAGE,,,,,NOT_CHECKED,,,,orchestrator,
CL0433,Those dismissals are precisely the classifications proven unreliable: the SPINE_CUE pass,core/plans/CATALOG_DESCRIPTION_COVERAGE_2026-08-15.md,104,,PROVEN,,,,,NOT_CHECKED,,,,orchestrator,
CL0434,(all 1887 rows).,core/plans/CATALOG_DESCRIPTION_COVERAGE_2026-08-15.md,148,,UNIVERSAL_SCOPE,,,,,NOT_CHECKED,,,,orchestrator,
CL0435,earlier pass which had been 100% wrong on one detector.,core/plans/CATALOG_DESCRIPTION_COVERAGE_2026-08-15.md,163,,HUNDRED_PERCENT,,,,,NOT_CHECKED,,,,orchestrator,
CL0436,"register, Flutter theme readiness, architecture/sequencing, test coverage). Every",core/plans/FIGMA_MAKE_REFACTOR_AUDIT_2026-08-05.md,8,,COVERAGE,,,,,NOT_CHECKED,,,,orchestrator,
CL0437,"returns one fixed result after `setTimeout(…, 2200)` (`App.tsx:2559-2560`). The Tech",core/plans/FIGMA_MAKE_REFACTOR_AUDIT_2026-08-05.md,92,,FIXED,,,,,NOT_CHECKED,,,,orchestrator,
CL0438,prototype is a fixed 430×932 phone shell (`App.tsx:5448`).,core/plans/FIGMA_MAKE_REFACTOR_AUDIT_2026-08-05.md,133,,FIXED,,,,,NOT_CHECKED,,,,orchestrator,
CL0439,There is nothing to consolidate. Q26 should be closed as built on a misreading; the work,core/plans/FIGMA_MAKE_REFACTOR_AUDIT_2026-08-05.md,195,,CLOSED,,,,,NOT_CHECKED,,,,orchestrator,
CL0440,"**CLOSED 2026-08-06 (gate F4).** The line is now behind `poseDebugOverlayProvider`,",core/plans/FIGMA_MAKE_REFACTOR_AUDIT_2026-08-05.md,234,,CLOSED,,,,,NOT_CHECKED,,,,orchestrator,
CL0441,"`app_en.arb:194`: *""Photos are encrypted on your device with a key that never leaves the",core/plans/FIGMA_MAKE_REFACTOR_AUDIT_2026-08-05.md,247,,NEVER_LEAVES,,,,,NOT_CHECKED,,,,orchestrator,
CL0442,- `withOpacity` fully migrated to `.withValues` — 0 vs 193 occurrences.,core/plans/FIGMA_MAKE_REFACTOR_AUDIT_2026-08-05.md,313,,FULLY_X,,,,,NOT_CHECKED,,,,orchestrator,
CL0443,"4. **""Form Check and subscriptions are thin-coverage risk areas.""** Wrong on both. Form",core/plans/FIGMA_MAKE_REFACTOR_AUDIT_2026-08-05.md,387,,COVERAGE,,,,,NOT_CHECKED,,,,orchestrator,
CL0444,`core/plans/PLAN_BUGS_2026-08-13.md` are closed and the file still lists them as open:,core/plans/FINAL_SCOPE_2026-08-16.md,19,,CLOSED,,,,,NOT_CHECKED,,,,orchestrator,
CL0445,| **H1** day title in history | closed by `8f26797` |,core/plans/FINAL_SCOPE_2026-08-16.md,27,,CLOSED,,,,,NOT_CHECKED,,,,orchestrator,
CL0446,### 1.2 Review coverage — the number that matters most,core/plans/FINAL_SCOPE_2026-08-16.md,47,,COVERAGE,,,,,NOT_CHECKED,,,,orchestrator,
CL0447,dismissals are precisely the classifications proven unreliable: the SPINE_CUE pass produced,core/plans/FINAL_SCOPE_2026-08-16.md,53,,PROVEN,,,,,NOT_CHECKED,,,,orchestrator,
CL0448,"it on 127. That was a defect, not an ambiguity, and it is **closed** — all 127 differed only in the",core/plans/FINAL_SCOPE_2026-08-16.md,78,,CLOSED,,,,,NOT_CHECKED,,,,orchestrator,
CL0449,### 1.4 Known-wrong cards — **all five closed 2026-08-16 (C1)**,core/plans/FINAL_SCOPE_2026-08-16.md,81,,CLOSED,,,,,NOT_CHECKED,,,,orchestrator,
CL0450,"| `ea_cable_wrist_extension` | asserts a flexor/extensor strength parity that does not exist, plus an unhedged causal medical claim. **FIXED** both locales |",core/plans/FINAL_SCOPE_2026-08-16.md,86,,FIXED,,,,,NOT_CHECKED,,,,orchestrator,
CL0451,"| `ea_puppy_pose` | ""the lower back is not involved"" is backwards for this pose. **FIXED** both locales |",core/plans/FINAL_SCOPE_2026-08-16.md,87,,FIXED,,,,,NOT_CHECKED,,,,orchestrator,
CL0452,| `ea_sissy_squat_bodyweight` | implies any knee adapts eventually. **FIXED** both locales |,core/plans/FINAL_SCOPE_2026-08-16.md,88,,FIXED,,,,,NOT_CHECKED,,,,orchestrator,
CL0453,"| `ea_criss_cross_bow_tie_pose` | the RU title describes a seated crossed-**legs** hip opener; the exercise is a shoulder stretch with the arms crossed behind the back, and the card's own RU steps say so. **FIXED** — RU title now names the arms |",core/plans/FINAL_SCOPE_2026-08-16.md,89,,FIXED,,,,,NOT_CHECKED,,,,orchestrator,
CL0454,| `movementRole` (derived) | **26 unclassified** (98.6% coverage) | those rows fill no programme slot |,core/plans/FINAL_SCOPE_2026-08-16.md,100,,COVERAGE,,,,,NOT_CHECKED,,,,orchestrator,
CL0455,user reads the machine name in English~~ — **fixed 2026-08-16.** `ExerciseQuickStats` now,core/plans/FINAL_SCOPE_2026-08-16.md,123,,FIXED,,,,,NOT_CHECKED,,,,orchestrator,
CL0456,"### 1.8 Persistence risk, inherited — **closed 2026-08-16 (G6)**",core/plans/FINAL_SCOPE_2026-08-16.md,130,,CLOSED,,,,,NOT_CHECKED,,,,orchestrator,
CL0457,"| **S1** | `mobile/lib/features/insurance/` — dead code designing the sharing of adherence-derived eligibility with a carrier, recorded in Gate J as prohibited by a 15 April 2026 Play policy | **Closed 2026-08-16.** Deleted under an explicit operator GO after the shell safety gate blocked the first ",core/plans/FINAL_SCOPE_2026-08-16.md,146,,CLOSED,,,,,NOT_CHECKED,,,,orchestrator,
CL0458,"| **B4** | **B4** silhouette — third attempt; ""closed only after the operator looks at it"" | `PLAN_BUGS_2026-08-13.md` |",core/plans/FINAL_SCOPE_2026-08-16.md,171,,CLOSED,,,,,NOT_CHECKED,,,,orchestrator,
CL0459,| **B8** | **R11f-2** photo export conflicts with the recorded decision that photos never leave the phone — **decision not taken** | `PLAN_REDESIGN_REMAINDER_2026-08-12.md` |,core/plans/FINAL_SCOPE_2026-08-16.md,175,,NEVER_LEAVES,,,,,NOT_CHECKED,,,,orchestrator,
CL0460,"| **P2** | ~~The release build has never been run~~ **Closed 2026-08-16 (G2)** — see `core/RELEASE_BUILD_2026-08-16.md`. The debug APK measures **292.6 MB** (306,805,723 bytes), not 380 |",core/plans/FINAL_SCOPE_2026-08-16.md,187,,CLOSED,,,,,NOT_CHECKED,,,,orchestrator,
CL0461,| **P5** | `equipment_v1.tflite` not trained and not bundled — recognition runs cloud-only |,core/plans/FINAL_SCOPE_2026-08-16.md,190,,TRAINED,,,,,NOT_CHECKED,,,,orchestrator,
CL0462,"| ~~**G5**~~ | ~~Recover the R8/R9/R11 artefact, or close them as ""no source exists""~~ | **Done 2026-08-16.** Recovered from the session transcript (the agent's own output file was 0 bytes), persisted and hashed. R8/R9/R11 all FIXED with mutation-tested regressions; R3/R10/R12 surfaced, three findin",core/plans/FINAL_SCOPE_2026-08-16.md,222,,FIXED,,,,,NOT_CHECKED,,,,orchestrator,
CL0463,B4 silhouette (operator's eyes) · B6 speed control on device · H2 template ranking · F3 Figma parity.,core/plans/FINAL_SCOPE_2026-08-16.md,246,,FIGMA,,,,,NOT_CHECKED,,,,orchestrator,
CL0464,Closed 2026-08-16: ~~surface `purpose` on the programme card and in the player~~ (B2 — the player,core/plans/FINAL_SCOPE_2026-08-16.md,248,,CLOSED,,,,,NOT_CHECKED,,,,orchestrator,
CL0465,Closed 2026-08-16: ~~Cloud Function tests~~ (P7 — the suite had never run in this worktree at all;,core/plans/FINAL_SCOPE_2026-08-16.md,258,,CLOSED,,,,,NOT_CHECKED,,,,orchestrator,
CL0466,"R11f-2 photo export (conflicts with ""photos never leave the phone"") · A5 Paywall pricing · the fate",core/plans/FINAL_SCOPE_2026-08-16.md,264,,NEVER_LEAVES,,,,,NOT_CHECKED,,,,orchestrator,
CL0467,"Round 1 of review (8 agents, 2026-07-31) is complete. This document is the input to round 2.",core/plans/GATE_V0_REVISED.md,3,,COMPLETE,,,,,NOT_CHECKED,,,,orchestrator,
CL0468,| A13 | 192 exercises: 14 have `equipmentId: null`; the other 178 can inherit location from 48 equipment rows → 100% coverage from one file | counted |,core/plans/GATE_V0_REVISED.md,30,,HUNDRED_PERCENT,,,,,NOT_CHECKED,,,,orchestrator,
CL0469,- GDPR / HIPAA-aware data model,core/plans/IMPLEMENTATION_PLAN.md,104,,GDPR,,,,,NOT_CHECKED,,,,orchestrator,
CL0470,- WCAG 2.2 AA pass on all screens,core/plans/IMPLEMENTATION_PLAN.md,107,,UNIVERSAL_SCOPE,,,,,NOT_CHECKED,,,,orchestrator,
CL0471,of it; rep counting has accuracy numbers that were produced by a *different,core/plans/ML_STRATEGY_2026-08-11.md,16,,ACCURACY,,,,,NOT_CHECKED,,,,orchestrator,
CL0472,which are **test data and must never be trained on** — training on them buys a,core/plans/ML_STRATEGY_2026-08-11.md,41,,TRAINED,,,,,NOT_CHECKED,,,,orchestrator,
CL0473,The audit adds the failure mode the accuracy number hides: the model returns,core/plans/ML_STRATEGY_2026-08-11.md,45,,ACCURACY,,,,,NOT_CHECKED,,,,orchestrator,
CL0474,camera at a different yaw. A threshold tuned in 3D has no fixed 2D equivalent.,core/plans/ML_STRATEGY_2026-08-11.md,65,,FIXED,,,,,NOT_CHECKED,,,,orchestrator,
CL0475,So the accuracy figures are real measurements of a program that is not shipped.,core/plans/ML_STRATEGY_2026-08-11.md,70,,ACCURACY,,,,,NOT_CHECKED,,,,orchestrator,
CL0476,"frame""* — the text anchor's coverage is a product number in its own right.",core/plans/ML_STRATEGY_2026-08-11.md,127,,COVERAGE,,,,,NOT_CHECKED,,,,orchestrator,
CL0477,"it, never trained on.",core/plans/ML_STRATEGY_2026-08-11.md,132,,TRAINED,,,,,NOT_CHECKED,,,,orchestrator,
CL0478,this document and it is not a model change. A closed-set classifier over 29,core/plans/ML_STRATEGY_2026-08-11.md,148,,CLOSED,,,,,NOT_CHECKED,,,,orchestrator,
CL0479,"fixed recall**, not accuracy. Cheap, and it converts confident-wrong into",core/plans/ML_STRATEGY_2026-08-11.md,154,,FIXED,,,,,NOT_CHECKED,,,,orchestrator,
CL0480,"2. If (1) leaves too much on the table: a 30th ""none of these"" class trained on",core/plans/ML_STRATEGY_2026-08-11.md,156,,TRAINED,,,,,NOT_CHECKED,,,,orchestrator,
CL0481,"the 3D landmarks ML Kit already returns (`PoseLandmark.z`, accuracy caveats",core/plans/ML_STRATEGY_2026-08-11.md,179,,ACCURACY,,,,,NOT_CHECKED,,,,orchestrator,
CL0482,"**Step R2 — measure per exercise, not in aggregate.** A single accuracy figure",core/plans/ML_STRATEGY_2026-08-11.md,191,,ACCURACY,,,,,NOT_CHECKED,,,,orchestrator,
CL0483,| **E1** anchor coverage number | prioritisation | falls out of M0 for free |,core/plans/ML_STRATEGY_2026-08-11.md,247,,COVERAGE,,,,,NOT_CHECKED,,,,orchestrator,
CL0484,"Both rounds are complete (8 agents round 1, 6 round 2). This supersedes Part V of",core/plans/NEXT_STEPS_2026-07-31.md,3,,COMPLETE,,,,,NOT_CHECKED,,,,orchestrator,
CL0485,"- **E1.3 (tag all 192 exercises)** — the location axis needs **48 equipment rows**, not 192",core/plans/NEXT_STEPS_2026-07-31.md,119,,UNIVERSAL_SCOPE,,,,,NOT_CHECKED,,,,orchestrator,
CL0486,"exercises: 178 inherit through `equipmentId` and the remaining 14 have none, so coverage is 100 %",core/plans/NEXT_STEPS_2026-07-31.md,120,,HUNDRED_PERCENT,,,,,NOT_CHECKED,,,,orchestrator,
CL0487,`f9b25e2` → plus this commit). Most original tickets are shipped;,core/plans/NEXT_TICKETS.md,5,,COMPLETE,,,,,NOT_CHECKED,,,,orchestrator,
CL0488,Fixed: `videoUrlResolverFor(catalog)` in `offline_video_providers.dart` resolves each,core/plans/NEXT_TICKETS.md,71,,FIXED,,,,,NOT_CHECKED,,,,orchestrator,
CL0489,- P2.3 Progress photos (AES-GCM encrypted),core/plans/NEXT_TICKETS.md,160,,ENCRYPTED,,,,,NOT_CHECKED,,,,orchestrator,
CL0490,G6 closed the cross-file mirroring gap but left the global file's own internal bulk unexamined.,core/plans/PLAN_AI_RESTRUCTURE_2026-07-28.md,238,,CLOSED,,,,,NOT_CHECKED,,,,orchestrator,
CL0491,section-key parser on the first pass — fixed and re-run): every one of the 37 pre-edit sections is,core/plans/PLAN_AI_RESTRUCTURE_2026-07-28.md,267,,FIXED,,,,,NOT_CHECKED,,,,orchestrator,
CL0492,"escape-sequence bug during the G6 write-up. Caught before appending further content, fixed with a",core/plans/PLAN_AI_RESTRUCTURE_2026-07-28.md,285,,FIXED,,,,,NOT_CHECKED,,,,orchestrator,
CL0493,in both this file and its CSV twin — fixed by describing the defect in prose instead of reproducing,core/plans/PLAN_AI_RESTRUCTURE_2026-07-28.md,288,,FIXED,,,,,NOT_CHECKED,,,,orchestrator,
CL0494,`gcloud iam service-accounts get-iam-policy`). That P0 is closed; only,core/plans/PLAN_AUDIT_2026-08-11_REMEDIATION.md,42,,CLOSED,,,,,NOT_CHECKED,,,,orchestrator,
CL0495,"| **A5** | Stripe deployment drift | Verify the endpoint's API version first; deploy the Acacia/Basil fix and replay test-mode events of both formats only if that verification says it is needed. Placeholder redirect domains (`index.ts:497`, `:1033-1034`) fixed here. | |",core/plans/PLAN_AUDIT_2026-08-11_REMEDIATION.md,57,,FIXED,,,,,NOT_CHECKED,,,,orchestrator,
CL0496,"entitlement loading/error states, fail-closed CI, platform scope) and P2",core/plans/PLAN_AUDIT_2026-08-11_REMEDIATION.md,63,,CLOSED,,,,,NOT_CHECKED,,,,orchestrator,
CL0497,"| Act gate (Rosetta) | **DONE** — 2 units, 6 findings, 4 fixed, 1 deferred, 1 rejected | `e54bbef` |",core/plans/PLAN_AUDIT_2026-08-11_REMEDIATION.md,84,,FIXED,,,,,NOT_CHECKED,,,,orchestrator,
CL0498,"| Act gate on A6-lite | **DONE** — 3 findings, all 3 fixed | `d7335c0` |",core/plans/PLAN_AUDIT_2026-08-11_REMEDIATION.md,86,,FIXED,,,,,NOT_CHECKED,,,,orchestrator,
CL0499,"| Act gate on A2-sec | **DONE** — 2 BLOCKER, 2 MAJOR, 1 MINOR, all 5 closed | act-gate commit |",core/plans/PLAN_AUDIT_2026-08-11_REMEDIATION.md,91,,CLOSED,,,,,NOT_CHECKED,,,,orchestrator,
CL0500,| **P1a** Rules emulator tests | **DONE** — 27 tests; found and closed two `firestore.rules` gaps | `7a31d3c` |,core/plans/PLAN_AUDIT_2026-08-11_REMEDIATION.md,93,,CLOSED,,,,,NOT_CHECKED,,,,orchestrator,
CL0501,"| **P1b** Fail-closed CI | **DONE** — 4 jobs; found two live production advisories, both fixed | `7a31d3c` |",core/plans/PLAN_AUDIT_2026-08-11_REMEDIATION.md,94,,FIXED,,,,,NOT_CHECKED,,,,orchestrator,
CL0502,| Mock disclosure (P1) | **already closed** before the gate ran (see below) | |,core/plans/PLAN_AUDIT_2026-08-11_REMEDIATION.md,100,,CLOSED,,,,,NOT_CHECKED,,,,orchestrator,
CL0503,defined at `team_feed_providers.dart:15-18`). Closed by an earlier gate in this,core/plans/PLAN_AUDIT_2026-08-11_REMEDIATION.md,114,,CLOSED,,,,,NOT_CHECKED,,,,orchestrator,
CL0504,**Still open inside the gates that are done:**,core/plans/PLAN_AUDIT_2026-08-11_REMEDIATION.md,139,,COMPLETE,,,,,NOT_CHECKED,,,,orchestrator,
CL0505,него идёт даже выгрузка GDPR. Настоящий дефект: «Recent activity» показывала строку НА,core/plans/PLAN_BUGS_2026-08-13.md,256,,GDPR,,,,,NOT_CHECKED,,,,orchestrator,
CL0506,| 2 SETTINGS | `49695d0` | 14 unit + 7 widget; theme/locale taps proven to reach the real MaterialApp; navigation test confirmed failing pre-fix via git stash |,core/plans/PLAN_DEVICE_DEFECTS_2026-07-30.md,76,,PROVEN,,,,,NOT_CHECKED,,,,orchestrator,
CL0507,## Final state (2026-07-30) — all nine gates closed,core/plans/PLAN_DEVICE_DEFECTS_2026-07-30.md,118,,CLOSED,,,,,NOT_CHECKED,,,,orchestrator,
CL0508,"Second round of on-device feedback, after the nine defects fixed in",core/plans/PLAN_DEVICE_DEFECTS_ROUND2_2026-07-30.md,3,,FIXED,,,,,NOT_CHECKED,,,,orchestrator,
CL0509,| A2 | (see log) | 51 more ARB keys incl. interpolated strings; About page; three l10n-pipeline bugs fixed |,core/plans/PLAN_DEVICE_DEFECTS_ROUND2_2026-07-30.md,23,,FIXED,,,,,NOT_CHECKED,,,,orchestrator,
CL0510,* Upstream free-exercise-db: **all 873 exercises have exactly 2 images**. The,core/plans/PLAN_DEVICE_DEFECTS_ROUND2_2026-07-30.md,120,,UNIVERSAL_SCOPE,,,,,NOT_CHECKED,,,,orchestrator,
CL0511,"**Status 2026-08-06 (later same day): F3 is DONE end to end.** F3.1, F3.2, F3.3",core/plans/PLAN_F3_WORKOUT_SESSION_2026-08-06.md,8,,COMPLETE,,,,,NOT_CHECKED,,,,orchestrator,
CL0512,"every read surface (Progress, Home, Suggestions, Recovery, Personalisation, GDPR",core/plans/PLAN_F3_WORKOUT_SESSION_2026-08-06.md,12,,GDPR,,,,,NOT_CHECKED,,,,orchestrator,
CL0513,GDPR `clear()`/`exportAll()` being forgotten was a concrete review finding).,core/plans/PLAN_F3_WORKOUT_SESSION_2026-08-06.md,96,,GDPR,,,,,NOT_CHECKED,,,,orchestrator,
CL0514,- **Bug found and fixed during `--all` dry-run**: `listAllUids()` queried,core/plans/PLAN_F3_WORKOUT_SESSION_2026-08-06.md,143,,FIXED,,,,,NOT_CHECKED,,,,orchestrator,
CL0515,"`--all` was a permanent no-op, not ""no users yet."" Fixed to derive uids from",core/plans/PLAN_F3_WORKOUT_SESSION_2026-08-06.md,148,,FIXED,,,,,NOT_CHECKED,,,,orchestrator,
CL0516,"surfaces (Progress, Home, Suggestions, Recovery, Personalisation, GDPR export) to",core/plans/PLAN_F3_WORKOUT_SESSION_2026-08-06.md,164,,GDPR,,,,,NOT_CHECKED,,,,orchestrator,
CL0517,"- GDPR export (`data_export_providers.dart`) also converged, filtered the same way —",core/plans/PLAN_F3_WORKOUT_SESSION_2026-08-06.md,180,,GDPR,,,,,NOT_CHECKED,,,,orchestrator,
CL0518,**Entry point / navigation.** `MainShell`'s bottom nav is a fixed 5 tabs,core/plans/PLAN_R10_POSTURE_2026-08-08.md,92,,FIXED,,,,,NOT_CHECKED,,,,orchestrator,
CL0519,(sections 2-3 above) rather than extending an already-proven pattern:,core/plans/PLAN_R10_POSTURE_2026-08-08.md,115,,PROVEN,,,,,NOT_CHECKED,,,,orchestrator,
CL0520,"# R11 — Figma parity rebuild, plan (2026-08-08)",core/plans/PLAN_R11_FIGMA_PARITY_REBUILD_2026-08-08.md,1,,FIGMA,,,,,NOT_CHECKED,,,,orchestrator,
CL0521,"wins land, not first, so scope discipline is proven on smaller gates",core/plans/PLAN_R11_FIGMA_PARITY_REBUILD_2026-08-08.md,63,,PROVEN,,,,,NOT_CHECKED,,,,orchestrator,
CL0522,"exercise page (""Add to programme"" button, R11d's own named gap), the GDPR",core/plans/PLAN_R11_FIGMA_PARITY_REBUILD_2026-08-08.md,135,,GDPR,,,,,NOT_CHECKED,,,,orchestrator,
CL0523,design. A real bug was found and fixed while wiring this: the entry,core/plans/PLAN_R11_FIGMA_PARITY_REBUILD_2026-08-08.md,159,,FIXED,,,,,NOT_CHECKED,,,,orchestrator,
CL0524,"Two real bugs were found and fixed by this verification pass itself, not",core/plans/PLAN_R11_FIGMA_PARITY_REBUILD_2026-08-08.md,190,,FIXED,,,,,NOT_CHECKED,,,,orchestrator,
CL0525,- **Account deletion + data export** (GDPR): ~5 days. Phase 5 in original plan.,core/plans/ROADMAP_2026_V2.md,300,,GDPR,,,,,NOT_CHECKED,,,,orchestrator,
CL0526,**Why we can ship it:** Equipment recognition is a much narrower vision problem than general object detection. We need to distinguish ~30 common gym machines. A small custom MobileNet model (~5MB) trained on a few thousand labelled images per machine reaches >90% top-1 accuracy. On-device inference ,core/plans/ROADMAP_2026_V2.md,349,,ACCURACY,,,,,NOT_CHECKED,,,,orchestrator,
CL0527,"**Effort:** 30 days eng for v1 + Stripe Connect integration is a 2-week task itself + ~$10k legal (1099 contractor agreements, payout flows). Don't ship before Tier 1 is done.",core/plans/ROADMAP_2026_V2.md,440,,COMPLETE,,,,,NOT_CHECKED,,,,orchestrator,
CL0528,| **2027Q4** | Phase 5 compliance (GDPR + WCAG) | | | |,core/plans/ROADMAP_2026_V2.md,506,,GDPR,,,,,NOT_CHECKED,,,,orchestrator,
CL0529,- Provisional patent (injury-aware QR path): $2k,core/plans/ROADMAP_2026_V2.md,518,,INJURY_AWARE,,,,,NOT_CHECKED,,,,orchestrator,
CL0530,1. **After P0 ships (end of 2026Q3):** v1 marketing push? Beta to existing waitlist? Or keep building before any external launch? My recommendation: closed beta to ~500 users on Tier 0 alone; don't open to public until P1 (form check + recovery) lands.,core/plans/ROADMAP_2026_V2.md,527,,CLOSED,,,,,NOT_CHECKED,,,,orchestrator,
CL0531,- **Technogym Mywellness** is closed-source — only their hardware.,core/plans/ROADMAP_2026_V2.md,665,,CLOSED,,,,,NOT_CHECKED,,,,orchestrator,
CL0532,closed personalisation loop unlike anything else on the market.,core/plans/ROADMAP_2026_V2.md,700,,CLOSED,,,,,NOT_CHECKED,,,,orchestrator,
CL0533,"git status --short          -> ?? mobile/coverage/   (harmless leftover from a test run, untracked, safe to ignore or rm)",core/plans/SESSION_HANDOFF_2026-07-29.md,13,,COVERAGE,,,,,NOT_CHECKED,,,,orchestrator,
CL0534,### 2. A real bug found + fixed: `run_tests.ps1 -Integration`,core/plans/SESSION_HANDOFF_2026-07-29.md,57,,FIXED,,,,,NOT_CHECKED,,,,orchestrator,
CL0535,directory doesn't exist. Fixed to check directory existence first. This is documented everywhere,core/plans/SESSION_HANDOFF_2026-07-29.md,62,,FIXED,,,,,NOT_CHECKED,,,,orchestrator,
CL0536,- Found and fixed one real gap myself: `NEXT_TICKETS.md` still described #6 as open even after the,core/plans/SESSION_HANDOFF_2026-07-29.md,75,,FIXED,,,,,NOT_CHECKED,,,,orchestrator,
CL0537,"fix landed — that file's own convention says ""mark items done by editing this file."" Fixed in",core/plans/SESSION_HANDOFF_2026-07-29.md,76,,FIXED,,,,,NOT_CHECKED,,,,orchestrator,
CL0538,"and fixed"" below, then go straight to ""What to do next"" at the bottom.",core/plans/SESSION_HANDOFF_2026-08-06.md,5,,FIXED,,,,,NOT_CHECKED,,,,orchestrator,
CL0539,"after each gate closes, not after every commit""), but no gate has fully closed yet (F3 is",core/plans/SESSION_HANDOFF_2026-08-06.md,15,,CLOSED,,,,,NOT_CHECKED,,,,orchestrator,
CL0540,"commits: `bcce6d6`, `6eea5c1`, `fa3deea`, `98c7085`. Found and fixed real a11y defects along the",core/plans/SESSION_HANDOFF_2026-08-06.md,39,,FIXED,,,,,NOT_CHECKED,,,,orchestrator,
CL0541,"- **F3.3a script** (`08fed0f`, fixed further this session) — `functions/scripts/backfill_workout_sessions.mjs`.",core/plans/SESSION_HANDOFF_2026-08-06.md,50,,FIXED,,,,,NOT_CHECKED,,,,orchestrator,
CL0542,verified in Firestore after each). Found and fixed a real bug in `listAllUids()` along the way,core/plans/SESSION_HANDOFF_2026-08-06.md,54,,FIXED,,,,,NOT_CHECKED,,,,orchestrator,
CL0543,duplicates. **F3.3's backfill itself is DONE.** Still open: single-collection history-read,core/plans/SESSION_HANDOFF_2026-08-06.md,58,,COMPLETE,,,,,NOT_CHECKED,,,,orchestrator,
CL0544,## What was found and fixed: production Firebase Auth was never enabled (RESOLVED),core/plans/SESSION_HANDOFF_2026-08-06.md,65,,FIXED,,,,,NOT_CHECKED,,,,orchestrator,
CL0545,"While chasing ""why is production Firestore completely empty"" for F3.3, discovered and fixed a",core/plans/SESSION_HANDOFF_2026-08-06.md,67,,FIXED,,,,,NOT_CHECKED,,,,orchestrator,
CL0546,**Fixed**: the operator enabled Authentication in the Firebase Console (Anonymous + Google,core/plans/SESSION_HANDOFF_2026-08-06.md,83,,FIXED,,,,,NOT_CHECKED,,,,orchestrator,
CL0547,"**F3 is fully closed** (read convergence + F3.3b + F3.4 all landed later this same session,",core/plans/SESSION_HANDOFF_2026-08-06.md,135,,CLOSED,,,,,NOT_CHECKED,,,,orchestrator,
CL0548,fixed + hardened with a `silent-failure-hunter`-reviewed guard → `--all` dry-run clean → `--all,core/plans/SESSION_HANDOFF_2026-08-06.md,153,,FIXED,,,,,NOT_CHECKED,,,,orchestrator,
CL0549,Also fixed this session: the auto-mode classifier was blocking any `--write` invocation of this,core/plans/SESSION_HANDOFF_2026-08-06.md,157,,FIXED,,,,,NOT_CHECKED,,,,orchestrator,
CL0550,"and will rewrite all 1887 rows as a spurious diff. Always write with `newline='\n'`, and check",core/plans/SESSION_HANDOFF_2026-08-15_CATALOG_GATE_E.md,124,,UNIVERSAL_SCOPE,,,,,NOT_CHECKED,,,,orchestrator,
CL0551,"| equipment_v1 model | MobileNetV2, 1741 web photos, top-1 0.617 / top-3 0.835 stratified holdout. Trained here; pipeline lives OUTSIDE the repo at `D:\tools\equipment-model\`. |",core/plans/SESSION_STATE_2026-07-29.md,36,,TRAINED,,,,,NOT_CHECKED,,,,orchestrator,
CL0552,"are fine, but anything with its own trust store fails: Gradle (fixed via",core/plans/SESSION_STATE_2026-07-29.md,61,,FIXED,,,,,NOT_CHECKED,,,,orchestrator,
CL0553,"pip (fixed via `D:\tools\ml-train-env\pip.ini`), and the Android emulator",core/plans/SESSION_STATE_2026-07-29.md,63,,FIXED,,,,,NOT_CHECKED,,,,orchestrator,
CL0554,missing from validation. **Never report an aggregate accuracy without the,core/plans/SESSION_STATE_2026-07-29.md,87,,ACCURACY,,,,,NOT_CHECKED,,,,orchestrator,
CL0555,"данные, recognition pipeline, workout lifecycle и privacy guarantees.",docs/Redisign/DEV_SINGLE_FILE_MASTER_PROMPT_v1.6.md,81,,GUARANTEE,,,,,NOT_CHECKED,,,,orchestrator,
CL0556,Не использовать fixed-height cards для dynamic text.,docs/Redisign/DEV_SINGLE_FILE_MASTER_PROMPT_v1.6.md,1280,,FIXED,,,,,NOT_CHECKED,,,,orchestrator,
CL0557,5. fix proven mismatches;,docs/Redisign/DEV_SINGLE_FILE_MASTER_PROMPT_v1.6.md,1386,,PROVEN,,,,,NOT_CHECKED,,,,orchestrator,
CL0558,3. Existing Flutter themes and components are the implementation source of truth for semantic tokens until the token mapping is complete.,docs/Redisign/DEV_SINGLE_FILE_MASTER_PROMPT_v1.7_EN.md,26,,COMPLETE,,,,,NOT_CHECKED,,,,orchestrator,
CL0559,"Transform the application from a conventional tile-based interface into a modern, goal-driven, context-aware product while preserving existing business logic, data, recognition pipelines, workout lifecycle, and privacy guarantees.",docs/Redisign/DEV_SINGLE_FILE_MASTER_PROMPT_v1.7_EN.md,66,,GUARANTEE,,,,,NOT_CHECKED,,,,orchestrator,
CL0560,3. Providers and services keep their current responsibilities unless a proven issue requires change.,docs/Redisign/DEV_SINGLE_FILE_MASTER_PROMPT_v1.7_EN.md,208,,PROVEN,,,,,NOT_CHECKED,,,,orchestrator,
CL0561,Do not use fixed-height cards that clip dynamic text.,docs/Redisign/DEV_SINGLE_FILE_MASTER_PROMPT_v1.7_EN.md,1461,,FIXED,,,,,NOT_CHECKED,,,,orchestrator,
CL0562,5. Fix proven mismatches.,docs/Redisign/DEV_SINGLE_FILE_MASTER_PROMPT_v1.7_EN.md,1593,,PROVEN,,,,,NOT_CHECKED,,,,orchestrator,
CL0563,- replacing Riverpod or go_router without proven necessity and separate GO;,docs/Redisign/DEV_SINGLE_FILE_MASTER_PROMPT_v1.7_EN.md,1693,,PROVEN,,,,,NOT_CHECKED,,,,orchestrator,
CL0564,The refactor is complete only when:,docs/Redisign/DEV_SINGLE_FILE_MASTER_PROMPT_v1.7_EN.md,1711,,COMPLETE,,,,,NOT_CHECKED,,,,orchestrator,
CL0565,Q39 is closed as `LOCKED: Flutter`.,docs/Redisign/DEV_SINGLE_FILE_MASTER_PROMPT_v1.7_EN.md,1784,,CLOSED,,,,,NOT_CHECKED,,,,orchestrator,
CL0566,3. Existing Flutter themes and components are the implementation source of truth for semantic tokens until the token mapping is complete.,docs/Redisign/DEV_SINGLE_FILE_MASTER_PROMPT_v1.8_EN.md,26,,COMPLETE,,,,,NOT_CHECKED,,,,orchestrator,
CL0567,"Transform the application from a conventional tile-based interface into a modern, goal-driven, context-aware product while preserving existing business logic, data, recognition pipelines, workout lifecycle, and privacy guarantees.",docs/Redisign/DEV_SINGLE_FILE_MASTER_PROMPT_v1.8_EN.md,66,,GUARANTEE,,,,,NOT_CHECKED,,,,orchestrator,
CL0568,3. Providers and services keep their current responsibilities unless a proven issue requires change.,docs/Redisign/DEV_SINGLE_FILE_MASTER_PROMPT_v1.8_EN.md,208,,PROVEN,,,,,NOT_CHECKED,,,,orchestrator,
CL0569,Do not use fixed-height cards that clip dynamic text.,docs/Redisign/DEV_SINGLE_FILE_MASTER_PROMPT_v1.8_EN.md,1461,,FIXED,,,,,NOT_CHECKED,,,,orchestrator,
CL0570,5. Fix proven mismatches.,docs/Redisign/DEV_SINGLE_FILE_MASTER_PROMPT_v1.8_EN.md,1593,,PROVEN,,,,,NOT_CHECKED,,,,orchestrator,
CL0571,- replacing Riverpod or go_router without proven necessity and separate GO;,docs/Redisign/DEV_SINGLE_FILE_MASTER_PROMPT_v1.8_EN.md,1693,,PROVEN,,,,,NOT_CHECKED,,,,orchestrator,
CL0572,The refactor is complete only when:,docs/Redisign/DEV_SINGLE_FILE_MASTER_PROMPT_v1.8_EN.md,1711,,COMPLETE,,,,,NOT_CHECKED,,,,orchestrator,
CL0573,Q39 is closed as `LOCKED: Flutter`.,docs/Redisign/DEV_SINGLE_FILE_MASTER_PROMPT_v1.8_EN.md,1784,,CLOSED,,,,,NOT_CHECKED,,,,orchestrator,
CL0574,3. Existing Flutter themes and components are the implementation source of truth for semantic tokens until the token mapping is complete.,docs/Redisign/DEV_SINGLE_FILE_MASTER_PROMPT_v1.9_EN.md,26,,COMPLETE,,,,,NOT_CHECKED,,,,orchestrator,
CL0575,"Transform the application from a conventional tile-based interface into a modern, goal-driven, context-aware product while preserving existing business logic, data, recognition pipelines, workout lifecycle, and privacy guarantees.",docs/Redisign/DEV_SINGLE_FILE_MASTER_PROMPT_v1.9_EN.md,66,,GUARANTEE,,,,,NOT_CHECKED,,,,orchestrator,
CL0576,3. Providers and services keep their current responsibilities unless a proven issue requires change.,docs/Redisign/DEV_SINGLE_FILE_MASTER_PROMPT_v1.9_EN.md,208,,PROVEN,,,,,NOT_CHECKED,,,,orchestrator,
CL0577,Do not use fixed-height cards that clip dynamic text.,docs/Redisign/DEV_SINGLE_FILE_MASTER_PROMPT_v1.9_EN.md,1461,,FIXED,,,,,NOT_CHECKED,,,,orchestrator,
CL0578,5. Fix proven mismatches.,docs/Redisign/DEV_SINGLE_FILE_MASTER_PROMPT_v1.9_EN.md,1593,,PROVEN,,,,,NOT_CHECKED,,,,orchestrator,
CL0579,- replacing Riverpod or go_router without proven necessity and separate GO;,docs/Redisign/DEV_SINGLE_FILE_MASTER_PROMPT_v1.9_EN.md,1693,,PROVEN,,,,,NOT_CHECKED,,,,orchestrator,
CL0580,The refactor is complete only when:,docs/Redisign/DEV_SINGLE_FILE_MASTER_PROMPT_v1.9_EN.md,1711,,COMPLETE,,,,,NOT_CHECKED,,,,orchestrator,
CL0581,Q39 is closed as `LOCKED: Flutter`.,docs/Redisign/DEV_SINGLE_FILE_MASTER_PROMPT_v1.9_EN.md,1784,,CLOSED,,,,,NOT_CHECKED,,,,orchestrator,
CL0582,The currently discovered `_CameraUnavailable` issue must be fixed inside R2 after auditing the actual `camera` package/runtime exceptions.,docs/Redisign/DEV_SINGLE_FILE_MASTER_PROMPT_v1.9_EN.md,2180,,FIXED,,,,,NOT_CHECKED,,,,orchestrator,
CL0583,"Run the repository's normal Flutter analyze/test gates plus focused scanner tests. Device/integration checks are required for behaviour that cannot be proven in host widget tests, especially native camera lifecycle and real permission flows.",docs/Redisign/DEV_SINGLE_FILE_MASTER_PROMPT_v1.9_EN.md,2217,,PROVEN,,,,,NOT_CHECKED,,,,orchestrator,
CL0584,R2 is complete only when:,docs/Redisign/DEV_SINGLE_FILE_MASTER_PROMPT_v1.9_EN.md,2221,,COMPLETE,,,,,NOT_CHECKED,,,,orchestrator,
CL0585,1. All fourteen Scanner states are represented in production UI or explicitly proven impossible/not applicable by current product capability.,docs/Redisign/DEV_SINGLE_FILE_MASTER_PROMPT_v1.9_EN.md,2223,,PROVEN,,,,,NOT_CHECKED,,,,orchestrator,
CL0586,3. Existing Flutter themes and components are the implementation source of truth for semantic tokens until the token mapping is complete.,docs/Redisign/DEV_SINGLE_FILE_MASTER_PROMPT_v2.0_EN(1).md,26,,COMPLETE,,,,,NOT_CHECKED,,,,orchestrator,
CL0587,"Transform the application from a conventional tile-based interface into a modern, goal-driven, context-aware product while preserving existing business logic, data, recognition pipelines, workout lifecycle, and privacy guarantees.",docs/Redisign/DEV_SINGLE_FILE_MASTER_PROMPT_v2.0_EN(1).md,66,,GUARANTEE,,,,,NOT_CHECKED,,,,orchestrator,
CL0588,3. Providers and services keep their current responsibilities unless a proven issue requires change.,docs/Redisign/DEV_SINGLE_FILE_MASTER_PROMPT_v2.0_EN(1).md,208,,PROVEN,,,,,NOT_CHECKED,,,,orchestrator,
CL0589,Do not use fixed-height cards that clip dynamic text.,docs/Redisign/DEV_SINGLE_FILE_MASTER_PROMPT_v2.0_EN(1).md,1461,,FIXED,,,,,NOT_CHECKED,,,,orchestrator,
CL0590,5. Fix proven mismatches.,docs/Redisign/DEV_SINGLE_FILE_MASTER_PROMPT_v2.0_EN(1).md,1593,,PROVEN,,,,,NOT_CHECKED,,,,orchestrator,
CL0591,- replacing Riverpod or go_router without proven necessity and separate GO;,docs/Redisign/DEV_SINGLE_FILE_MASTER_PROMPT_v2.0_EN(1).md,1693,,PROVEN,,,,,NOT_CHECKED,,,,orchestrator,
CL0592,The refactor is complete only when:,docs/Redisign/DEV_SINGLE_FILE_MASTER_PROMPT_v2.0_EN(1).md,1711,,COMPLETE,,,,,NOT_CHECKED,,,,orchestrator,
CL0593,Q39 is closed as `LOCKED: Flutter`.,docs/Redisign/DEV_SINGLE_FILE_MASTER_PROMPT_v2.0_EN(1).md,1784,,CLOSED,,,,,NOT_CHECKED,,,,orchestrator,
CL0594,### R2g — Restore honest host-test coverage for gallery retry / duplicate-paid-call protection,docs/Redisign/DEV_SINGLE_FILE_MASTER_PROMPT_v2.0_EN(1).md,2193,,COVERAGE,,,,,NOT_CHECKED,,,,orchestrator,
CL0595,R2 is complete only when:,docs/Redisign/DEV_SINGLE_FILE_MASTER_PROMPT_v2.0_EN(1).md,2384,,COMPLETE,,,,,NOT_CHECKED,,,,orchestrator,
CL0596,3. Existing Flutter themes and components are the implementation source of truth for semantic tokens until the token mapping is complete.,docs/Redisign/DEV_SINGLE_FILE_MASTER_PROMPT_v2.0_EN.md,26,,COMPLETE,,,,,NOT_CHECKED,,,,orchestrator,
CL0597,"Transform the application from a conventional tile-based interface into a modern, goal-driven, context-aware product while preserving existing business logic, data, recognition pipelines, workout lifecycle, and privacy guarantees.",docs/Redisign/DEV_SINGLE_FILE_MASTER_PROMPT_v2.0_EN.md,66,,GUARANTEE,,,,,NOT_CHECKED,,,,orchestrator,
CL0598,3. Providers and services keep their current responsibilities unless a proven issue requires change.,docs/Redisign/DEV_SINGLE_FILE_MASTER_PROMPT_v2.0_EN.md,208,,PROVEN,,,,,NOT_CHECKED,,,,orchestrator,
CL0599,Do not use fixed-height cards that clip dynamic text.,docs/Redisign/DEV_SINGLE_FILE_MASTER_PROMPT_v2.0_EN.md,1461,,FIXED,,,,,NOT_CHECKED,,,,orchestrator,
CL0600,5. Fix proven mismatches.,docs/Redisign/DEV_SINGLE_FILE_MASTER_PROMPT_v2.0_EN.md,1593,,PROVEN,,,,,NOT_CHECKED,,,,orchestrator,
CL0601,- replacing Riverpod or go_router without proven necessity and separate GO;,docs/Redisign/DEV_SINGLE_FILE_MASTER_PROMPT_v2.0_EN.md,1693,,PROVEN,,,,,NOT_CHECKED,,,,orchestrator,
CL0602,The refactor is complete only when:,docs/Redisign/DEV_SINGLE_FILE_MASTER_PROMPT_v2.0_EN.md,1711,,COMPLETE,,,,,NOT_CHECKED,,,,orchestrator,
CL0603,Q39 is closed as `LOCKED: Flutter`.,docs/Redisign/DEV_SINGLE_FILE_MASTER_PROMPT_v2.0_EN.md,1784,,CLOSED,,,,,NOT_CHECKED,,,,orchestrator,
CL0604,### R2g — Restore honest host-test coverage for gallery retry / duplicate-paid-call protection,docs/Redisign/DEV_SINGLE_FILE_MASTER_PROMPT_v2.0_EN.md,2193,,COVERAGE,,,,,NOT_CHECKED,,,,orchestrator,
CL0605,R2 is complete only when:,docs/Redisign/DEV_SINGLE_FILE_MASTER_PROMPT_v2.0_EN.md,2384,,COMPLETE,,,,,NOT_CHECKED,,,,orchestrator,
CL0606,14. Injury-aware filtering.,docs/Redisign/FIGMA_FULL_APP_REFACTOR_PROMPT_v1.3 (1).md,40,,INJURY_AWARE,,,,,NOT_CHECKED,,,,orchestrator,
CL0607,- fixed center indicator;,docs/Redisign/FIGMA_FULL_APP_REFACTOR_PROMPT_v1.3 (1).md,359,,FIXED,,,,,NOT_CHECKED,,,,orchestrator,
CL0608,- fixed indicator;,docs/Redisign/FIGMA_FULL_APP_REFACTOR_PROMPT_v1.3 (1).md,370,,FIXED,,,,,NOT_CHECKED,,,,orchestrator,
CL0609,14. Injury-aware filtering.,docs/Redisign/FIGMA_FULL_APP_REFACTOR_PROMPT_v1.3.md,40,,INJURY_AWARE,,,,,NOT_CHECKED,,,,orchestrator,
CL0610,- fixed center indicator;,docs/Redisign/FIGMA_FULL_APP_REFACTOR_PROMPT_v1.3.md,359,,FIXED,,,,,NOT_CHECKED,,,,orchestrator,
CL0611,- fixed indicator;,docs/Redisign/FIGMA_FULL_APP_REFACTOR_PROMPT_v1.3.md,370,,FIXED,,,,,NOT_CHECKED,,,,orchestrator,
CL0612,3. Existing Flutter themes and components are the implementation source of truth for semantic tokens until the token mapping is complete.,docs/Redisign/LATEST_DEV_SINGLE_FILE_MASTER_PROMPT_EN.md,26,,COMPLETE,,,,,NOT_CHECKED,,,,orchestrator,
CL0613,"Transform the application from a conventional tile-based interface into a modern, goal-driven, context-aware product while preserving existing business logic, data, recognition pipelines, workout lifecycle, and privacy guarantees.",docs/Redisign/LATEST_DEV_SINGLE_FILE_MASTER_PROMPT_EN.md,66,,GUARANTEE,,,,,NOT_CHECKED,,,,orchestrator,
CL0614,3. Providers and services keep their current responsibilities unless a proven issue requires change.,docs/Redisign/LATEST_DEV_SINGLE_FILE_MASTER_PROMPT_EN.md,208,,PROVEN,,,,,NOT_CHECKED,,,,orchestrator,
CL0615,Do not use fixed-height cards that clip dynamic text.,docs/Redisign/LATEST_DEV_SINGLE_FILE_MASTER_PROMPT_EN.md,1461,,FIXED,,,,,NOT_CHECKED,,,,orchestrator,
CL0616,5. Fix proven mismatches.,docs/Redisign/LATEST_DEV_SINGLE_FILE_MASTER_PROMPT_EN.md,1593,,PROVEN,,,,,NOT_CHECKED,,,,orchestrator,
CL0617,- replacing Riverpod or go_router without proven necessity and separate GO;,docs/Redisign/LATEST_DEV_SINGLE_FILE_MASTER_PROMPT_EN.md,1693,,PROVEN,,,,,NOT_CHECKED,,,,orchestrator,
CL0618,The refactor is complete only when:,docs/Redisign/LATEST_DEV_SINGLE_FILE_MASTER_PROMPT_EN.md,1711,,COMPLETE,,,,,NOT_CHECKED,,,,orchestrator,
CL0619,Q39 is closed as `LOCKED: Flutter`.,docs/Redisign/LATEST_DEV_SINGLE_FILE_MASTER_PROMPT_EN.md,1784,,CLOSED,,,,,NOT_CHECKED,,,,orchestrator,
CL0620,42. Reduced motion coverage?,docs/Redisign/OPEN_DECISIONS_REGISTER_v1.3.md,217,,COVERAGE,,,,,NOT_CHECKED,,,,orchestrator,
CL0621,"on a real device, so a gate can be closed against a pair of pictures.",docs/Redisign/reference/emulator/README.md,5,,CLOSED,,,,,NOT_CHECKED,,,,orchestrator,
CL0622,closed against a picture instead of against a memory of one.,docs/Redisign/reference/prototype/README.md,17,,CLOSED,,,,,NOT_CHECKED,,,,orchestrator,
CL0623,"- **Coverage is only what the operator clicked.** Scanner, Exercise page,",docs/Redisign/reference/prototype/README.md,54,,COVERAGE,,,,,NOT_CHECKED,,,,orchestrator,
CL0624,"## Coverage, from the real filenames",runbooks/video_bundle_import.md,72,,COVERAGE,,,,,NOT_CHECKED,,,,orchestrator,
CL0625,"Check: the coverage numbers still match this document. If they have moved, the",runbooks/video_bundle_import.md,143,,COVERAGE,,,,,NOT_CHECKED,,,,orchestrator,
CL0626,"the test runner and it dies with ""Connection closed before test suite loaded"",",runbooks/video_bundle_import.md,204,,CLOSED,,,,,NOT_CHECKED,,,,orchestrator,
CL0627,"// the server read it, so holding it there bought GDPR Article 9",mobile/lib/main.dart,322,,GDPR,,,,,NOT_CHECKED,,,,orchestrator,
CL0628,"// supported"" — the operator-visible failure this repacking fixed. iOS",mobile/lib/core/camera/camera_session.dart,473,,FIXED,,,,,NOT_CHECKED,,,,orchestrator,
CL0629,"/// be proven with a unit test instead of a device, and a frame-rate code path",mobile/lib/core/camera/frame_brightness.dart,7,,PROVEN,,,,,NOT_CHECKED,,,,orchestrator,
CL0630,/// Strips the things that must never leave the device.,mobile/lib/core/diagnostics/debug_telemetry.dart,101,,NEVER_LEAVES,,,,,NOT_CHECKED,,,,orchestrator,
CL0631,"/// The three pose colours carry **no contrast guarantee**, and cannot: they",mobile/lib/core/theme/app_semantic_colors.dart,186,,GUARANTEE,,,,,NOT_CHECKED,,,,orchestrator,
CL0632,"/// it — round 4 (S0) closed 21 of 32 empty machines with real, curated",mobile/lib/features/ai_coach/ai_exercise_generator.dart,12,,CLOSED,,,,,NOT_CHECKED,,,,orchestrator,
CL0633,///   - weekly per-muscle set deficit (what has been trained least),mobile/lib/features/ai_planner/data/plan_builder.dart,14,,TRAINED,,,,,NOT_CHECKED,,,,orchestrator,
CL0634,"//    more of; this asks ""what have they trained least"", which is the",mobile/lib/features/ai_planner/data/plan_builder.dart,64,,TRAINED,,,,,NOT_CHECKED,,,,orchestrator,
CL0635,: 'Ordered by the muscle groups you have trained least this week.');,mobile/lib/features/ai_planner/data/plan_builder.dart,188,,TRAINED,,,,,NOT_CHECKED,,,,orchestrator,
CL0636,///   - weekly per-muscle set deficit (what has been trained least),mobile/lib/features/ai_planner/state/ai_planner_providers.dart,17,,TRAINED,,,,,NOT_CHECKED,,,,orchestrator,
CL0637,/// H2 — an encrypted backup a user can carry to another device.,mobile/lib/features/data_export/backup_envelope.dart,1,,ENCRYPTED,,,,,NOT_CHECKED,,,,orchestrator,
CL0638,"/// A backup meant to be *carried* cannot be encrypted with a device key, by",mobile/lib/features/data_export/backup_envelope.dart,10,,ENCRYPTED,,,,,NOT_CHECKED,,,,orchestrator,
CL0639,"/// Wraps [plaintext] into a self-describing, passphrase-encrypted envelope.",mobile/lib/features/data_export/backup_envelope.dart,129,,ENCRYPTED,,,,,NOT_CHECKED,,,,orchestrator,
CL0640,/// H2b — create and restore the encrypted transfer backup.,mobile/lib/features/data_export/backup_providers.dart,12,,ENCRYPTED,,,,,NOT_CHECKED,,,,orchestrator,
CL0641,/// Builds the backup and hands it to the same sink the GDPR export uses.,mobile/lib/features/data_export/backup_providers.dart,35,,GDPR,,,,,NOT_CHECKED,,,,orchestrator,
CL0642,/// bytes; encrypted and base64'd it is roughly a thousand characters — the size,mobile/lib/features/data_export/backup_transfer.dart,15,,ENCRYPTED,,,,,NOT_CHECKED,,,,orchestrator,
CL0643,"/// The full, human-readable GDPR export is a different feature with a different",mobile/lib/features/data_export/backup_transfer.dart,20,,GDPR,,,,,NOT_CHECKED,,,,orchestrator,
CL0644,"/// passphrase has already been proven correct by the GCM tag, so anything",mobile/lib/features/data_export/backup_transfer.dart,51,,PROVEN,,,,,NOT_CHECKED,,,,orchestrator,
CL0645,/// included: the encrypted photo bytes themselves. Decrypting and packaging,mobile/lib/features/data_export/data_export.dart,15,,ENCRYPTED,,,,,NOT_CHECKED,,,,orchestrator,
CL0646,/// a decrypted image into a shareable file steps outside that guarantee) --,mobile/lib/features/data_export/data_export.dart,20,,GUARANTEE,,,,,NOT_CHECKED,,,,orchestrator,
CL0647,"// is ""you have none"", and collapsing them is a GDPR export lying about its",mobile/lib/features/data_export/data_export.dart,45,,GDPR,,,,,NOT_CHECKED,,,,orchestrator,
CL0648,/// A3 — the server half of the GDPR export.,mobile/lib/features/data_export/server_export.dart,3,,GDPR,,,,,NOT_CHECKED,,,,orchestrator,
CL0649,/// the user's preference; the actual write to Firestore is done by the,mobile/lib/features/donor_wall/data/donor_wall_repository.dart,8,,COMPLETE,,,,,NOT_CHECKED,,,,orchestrator,
CL0650,/// position with no movement after it. A card like that cannot be fixed by,mobile/lib/features/equipment/data/asset_equipment_repository.dart,73,,FIXED,,,,,NOT_CHECKED,,,,orchestrator,
CL0651,/// backend's guarantee.,mobile/lib/features/equipment/data/clip_url_resolver.dart,87,,GUARANTEE,,,,,NOT_CHECKED,,,,orchestrator,
CL0652,/// A mapped [Injury.region] and an exercise tag are drawn from the same closed,mobile/lib/features/equipment/data/exercise_filter.dart,49,,CLOSED,,,,,NOT_CHECKED,,,,orchestrator,
CL0653,/// ## Why a filter needs a coverage number at all,mobile/lib/features/equipment/data/exercise_filter.dart,83,,COVERAGE,,,,,NOT_CHECKED,,,,orchestrator,
CL0654,/// coverage would still be zero. The honesty banner would disarm and the app,mobile/lib/features/equipment/data/exercise_filter.dart,123,,COVERAGE,,,,,NOT_CHECKED,,,,orchestrator,
CL0655,"/// choice reads as 100% and would quietly disarm every caller asking ""is",mobile/lib/features/equipment/data/exercise_filter.dart,151,,HUNDRED_PERCENT,,,,,NOT_CHECKED,,,,orchestrator,
CL0656,"/// coverage below the floor?"" at the one moment it matters most: when the",mobile/lib/features/equipment/data/exercise_filter.dart,152,,COVERAGE,,,,,NOT_CHECKED,,,,orchestrator,
CL0657,"/// safety guarantee but has its own idea of ordering — the For-you ranker, the",mobile/lib/features/equipment/data/exercise_filter.dart,253,,GUARANTEE,,,,,NOT_CHECKED,,,,orchestrator,
CL0658,"'fixed pole bar',",mobile/lib/features/equipment/data/exercise_filter.dart,326,,FIXED,,,,,NOT_CHECKED,,,,orchestrator,
CL0659,"'connection closed',",mobile/lib/features/equipment/data/video_failure.dart,53,,CLOSED,,,,,NOT_CHECKED,,,,orchestrator,
CL0660,"/// All exercises that target a specific piece of equipment, looked up by id.",mobile/lib/features/equipment/state/equipment_providers.dart,74,,UNIVERSAL_SCOPE,,,,,NOT_CHECKED,,,,orchestrator,
CL0661,// Routing through `recommendedExercisesProvider` would have fixed that and,mobile/lib/features/equipment/state/equipment_providers.dart,241,,FIXED,,,,,NOT_CHECKED,,,,orchestrator,
CL0662,"// carries no clip, so `withDemonstration` below discarded 100% of it, and a",mobile/lib/features/equipment/state/equipment_providers.dart,289,,HUNDRED_PERCENT,,,,,NOT_CHECKED,,,,orchestrator,
CL0663,"/// lists did, and privatising the list providers would have closed none of it.",mobile/lib/features/equipment/state/equipment_providers.dart,441,,CLOSED,,,,,NOT_CHECKED,,,,orchestrator,
CL0664,// injury-aware users until a generation-time tagging pass exists.,mobile/lib/features/equipment/state/equipment_providers.dart,480,,INJURY_AWARE,,,,,NOT_CHECKED,,,,orchestrator,
CL0665,"/// injury is a shoulder, whose coverage is still zero. Disarming the",mobile/lib/features/equipment/state/safety_coverage_providers.dart,62,,COVERAGE,,,,,NOT_CHECKED,,,,orchestrator,
CL0666,"// coverage-floor test cannot disagree about what ""covered"" means.",mobile/lib/features/equipment/state/safety_coverage_providers.dart,100,,COVERAGE,,,,,NOT_CHECKED,,,,orchestrator,
CL0667,final coverage = safetyCoverage(unique.values);,mobile/lib/features/equipment/state/safety_coverage_providers.dart,101,,COVERAGE,,,,,NOT_CHECKED,,,,orchestrator,
CL0668,"tagged: coverage.tagged,",mobile/lib/features/equipment/state/safety_coverage_providers.dart,103,,COVERAGE,,,,,NOT_CHECKED,,,,orchestrator,
CL0669,"total: coverage.total,",mobile/lib/features/equipment/state/safety_coverage_providers.dart,104,,COVERAGE,,,,,NOT_CHECKED,,,,orchestrator,
CL0670,/// catalog as a whole. The global form was correct while coverage was zero and,mobile/lib/features/equipment/state/safety_coverage_providers.dart,149,,COVERAGE,,,,,NOT_CHECKED,,,,orchestrator,
CL0671,final coverage = ref.watch(catalogSafetyCoverageProvider).valueOrNull;,mobile/lib/features/equipment/state/safety_coverage_providers.dart,162,,COVERAGE,,,,,NOT_CHECKED,,,,orchestrator,
CL0672,if (coverage == null) return false;,mobile/lib/features/equipment/state/safety_coverage_providers.dart,163,,COVERAGE,,,,,NOT_CHECKED,,,,orchestrator,
CL0673,if (injuries.isEmpty) return coverage.filteringCanFire;,mobile/lib/features/equipment/state/safety_coverage_providers.dart,174,,COVERAGE,,,,,NOT_CHECKED,,,,orchestrator,
CL0674,return coverage.coversAllOf(regions);,mobile/lib/features/equipment/state/safety_coverage_providers.dart,191,,COVERAGE,,,,,NOT_CHECKED,,,,orchestrator,
CL0675,"/// catalog's actual tag coverage, so the moment tagging lands this disappears",mobile/lib/features/equipment/widgets/safety_disclosure.dart,28,,COVERAGE,,,,,NOT_CHECKED,,,,orchestrator,
CL0676,"// Two guards, not one. `mounted` catches the page being closed;",mobile/lib/features/form_check/form_check_page.dart,182,,CLOSED,,,,,NOT_CHECKED,,,,orchestrator,
CL0677,// what guarantees nothing is listening for frames while the user is still,mobile/lib/features/form_check/form_check_page.dart,245,,GUARANTEE,,,,,NOT_CHECKED,,,,orchestrator,
CL0678,// value that never leaves a debug build is a value nobody reads. That,mobile/lib/features/form_check/form_check_page.dart,533,,NEVER_LEAVES,,,,,NOT_CHECKED,,,,orchestrator,
CL0679,// right for a target — a fixed shape centred in the box — and wrong here:,mobile/lib/features/form_check/form_check_page.dart,942,,FIXED,,,,,NOT_CHECKED,,,,orchestrator,
CL0680,"/// Laid out in a column, they cannot overlap at all — the guarantee comes from",mobile/lib/features/form_check/form_check_page.dart,1111,,GUARANTEE,,,,,NOT_CHECKED,,,,orchestrator,
CL0681,// Not in avatar mode. This outline is a TARGET: a fixed shape fitted to the,mobile/lib/features/form_check/form_check_page.dart,1598,,FIXED,,,,,NOT_CHECKED,,,,orchestrator,
CL0682,"// arrives as a closed outline (`SilhouetteFigure.limbs`, plus the trunk",mobile/lib/features/form_check/form_check_page.dart,1762,,CLOSED,,,,,NOT_CHECKED,,,,orchestrator,
CL0683,/// configuration or did not clear the accuracy bar.,mobile/lib/features/form_check/data/measured_rep_configs.dart,246,,ACCURACY,,,,,NOT_CHECKED,,,,orchestrator,
CL0684,"/// frame's delay. This one decides whether to put a point into a closed,",mobile/lib/features/form_check/data/pose_avatar.dart,79,,CLOSED,,,,,NOT_CHECKED,,,,orchestrator,
CL0685,"/// really does point one fixed way, and really has nothing to switch.",mobile/lib/features/form_check/data/pose_detector_service.dart,65,,FIXED,,,,,NOT_CHECKED,,,,orchestrator,
CL0686,/// warning every 1.2 seconds until the page was closed.,mobile/lib/features/form_check/data/pose_gate.dart,5,,CLOSED,,,,,NOT_CHECKED,,,,orchestrator,
CL0687,"/// already fixed once inside the detector, which is why it is a named function",mobile/lib/features/form_check/data/pose_projection.dart,26,,FIXED,,,,,NOT_CHECKED,,,,orchestrator,
CL0688,"/// Two separate faults produced that, and both are fixed here.",mobile/lib/features/form_check/data/pose_silhouette.dart,18,,FIXED,,,,,NOT_CHECKED,,,,orchestrator,
CL0689,"/// Shoulder-to-hip trunk, as a closed quad to fill. Empty when there is no",mobile/lib/features/form_check/data/pose_silhouette.dart,175,,CLOSED,,,,,NOT_CHECKED,,,,orchestrator,
CL0690,/// Closed outlines — one per limb — ready to be filled as a single body.,mobile/lib/features/form_check/data/pose_silhouette.dart,185,,CLOSED,,,,,NOT_CHECKED,,,,orchestrator,
CL0691,/// Turns a polyline into a closed outline that narrows along its length.,mobile/lib/features/form_check/data/pose_silhouette.dart,336,,CLOSED,,,,,NOT_CHECKED,,,,orchestrator,
CL0692,/// and this will score them differently. That is not a defect to be fixed here;,mobile/lib/features/form_check/data/pose_target.dart,29,,FIXED,,,,,NOT_CHECKED,,,,orchestrator,
CL0693,// state was the one guaranteed to print nothing usable in it.,mobile/lib/features/form_check/data/pose_unit_probe.dart,230,,GUARANTEE,,,,,NOT_CHECKED,,,,orchestrator,
CL0694,// incorrect execution overlap. `pose_target.dart` fixed it for MATCHING by,mobile/lib/features/form_check/data/rep_signals.dart,11,,FIXED,,,,,NOT_CHECKED,,,,orchestrator,
CL0695,/// user never fixed gets said again while it still matters.,mobile/lib/features/form_check/data/voice_coach.dart,80,,FIXED,,,,,NOT_CHECKED,,,,orchestrator,
CL0696,"/// produce a counter that never leaves the top phase, which on screen is",mobile/lib/features/form_check/state/form_check_providers.dart,138,,NEVER_LEAVES,,,,,NOT_CHECKED,,,,orchestrator,
CL0697,/// for no accuracy gain is not what the measurement was for.,mobile/lib/features/form_check/state/form_check_providers.dart,157,,ACCURACY,,,,,NOT_CHECKED,,,,orchestrator,
CL0698,"/// grading a squat, and it was never going to be fixed by tuning it.",mobile/lib/features/form_check/state/form_check_providers.dart,442,,FIXED,,,,,NOT_CHECKED,,,,orchestrator,
CL0699,"/// ""You have not trained hamstrings this week"" — English string *and* an",mobile/lib/features/home/home_page.dart,1091,,TRAINED,,,,,NOT_CHECKED,,,,orchestrator,
CL0700,/// is a fixed 5 tabs and none of them fit a static stand-and-check feature.,mobile/lib/features/home/home_page.dart,1145,,FIXED,,,,,NOT_CHECKED,,,,orchestrator,
CL0701,/// this week's scheduled sessions and how many are done — rather than printing,mobile/lib/features/home/data/home_dashboard.dart,26,,COMPLETE,,,,,NOT_CHECKED,,,,orchestrator,
CL0702,/// of 100% for anyone who ever cancels one.,mobile/lib/features/home/data/home_dashboard.dart,93,,HUNDRED_PERCENT,,,,,NOT_CHECKED,,,,orchestrator,
CL0703,"/// How rested a muscle group is, by time since it was last trained.",mobile/lib/features/home/data/home_dashboard.dart,117,,TRAINED,,,,,NOT_CHECKED,,,,orchestrator,
CL0704,/// Trained within [kRecoveringHours] — still under repair.,mobile/lib/features/home/data/home_dashboard.dart,119,,TRAINED,,,,,NOT_CHECKED,,,,orchestrator,
CL0705,"/// Past [kMediumHours], or never trained inside the history window.",mobile/lib/features/home/data/home_dashboard.dart,125,,TRAINED,,,,,NOT_CHECKED,,,,orchestrator,
CL0706,"/// Recovery state per muscle group, most-recently-trained first.",mobile/lib/features/home/data/home_dashboard.dart,154,,TRAINED,,,,,NOT_CHECKED,,,,orchestrator,
CL0707,/// which would tell a user who has never trained that they are fully recovered,mobile/lib/features/home/data/home_dashboard.dart,159,,TRAINED,,,,,NOT_CHECKED,,,,orchestrator,
CL0708,// when two muscles were trained in the same session.,mobile/lib/features/home/data/home_dashboard.dart,208,,TRAINED,,,,,NOT_CHECKED,,,,orchestrator,
CL0709,/// Neither trained nor planned. The prototype draws these dimmer than a,mobile/lib/features/home/data/home_dashboard.dart,238,,TRAINED,,,,,NOT_CHECKED,,,,orchestrator,
CL0710,/// language — which is how `'You have not trained hamstrings this week'`,mobile/lib/features/home/data/suggestion_builder.dart,9,,TRAINED,,,,,NOT_CHECKED,,,,orchestrator,
CL0711,"/// Muscles trained inside this window count as ""covered this week"".",mobile/lib/features/home/data/suggestion_builder.dart,93,,TRAINED,,,,,NOT_CHECKED,,,,orchestrator,
CL0712,"/// Muscle-recovery strip rows, most-recently-trained first.",mobile/lib/features/home/state/home_dashboard_providers.dart,21,,TRAINED,,,,,NOT_CHECKED,,,,orchestrator,
CL0713,///     surgeries) is health data under the GDPR's special categories;,mobile/lib/features/legal/privacy_page.dart,17,,GDPR,,,,,NOT_CHECKED,,,,orchestrator,
CL0714,"/// photos never leave the device (`progress_photos_providers.dart:13`), and",mobile/lib/features/legal/privacy_page.dart,28,,NEVER_LEAVES,,,,,NOT_CHECKED,,,,orchestrator,
CL0715,/// linked to. L0a closed the *reachability* gap with a real route whose body,mobile/lib/features/legal/terms_page.dart,14,,CLOSED,,,,,NOT_CHECKED,,,,orchestrator,
CL0716,"/// P0 closed the *content* gap. The text is now real, and every factual claim",mobile/lib/features/legal/terms_page.dart,21,,CLOSED,,,,,NOT_CHECKED,,,,orchestrator,
CL0717,/// First time the user actively uses the injury-aware exercise filter.,mobile/lib/features/moments/data/moment.dart,9,,INJURY_AWARE,,,,,NOT_CHECKED,,,,orchestrator,
CL0718,/// Times the user has actively used the injury-aware exercise filter.,mobile/lib/features/moments/data/moment_repository.dart,21,,INJURY_AWARE,,,,,NOT_CHECKED,,,,orchestrator,
CL0719,"/// O7. What gets in the way, as a closed set. Replaced `motivation`: that",mobile/lib/features/onboarding/data/step_answered.dart,35,,CLOSED,,,,,NOT_CHECKED,,,,orchestrator,
CL0720,"/// The redesign's primary button is not a fixed ""Next"". On a step the user has",mobile/lib/features/onboarding/data/step_answered.dart,96,,FIXED,,,,,NOT_CHECKED,,,,orchestrator,
CL0721,"/// box survives underneath for what the closed set cannot hold, on the same",mobile/lib/features/onboarding/steps/step_barriers.dart,44,,CLOSED,,,,,NOT_CHECKED,,,,orchestrator,
CL0722,/// Now the place is one of four ([TrainingLocation]) and the kit is a closed set,mobile/lib/features/onboarding/steps/step_equipment.dart,23,,CLOSED,,,,,NOT_CHECKED,,,,orchestrator,
CL0723,/// closed answers.,mobile/lib/features/onboarding/steps/step_health_flags.dart,25,,CLOSED,,,,,NOT_CHECKED,,,,orchestrator,
CL0724,"/// No progress bar counting to 100%, and no forecast of results. The spec bans",mobile/lib/features/onboarding/steps/step_preview.dart,15,,HUNDRED_PERCENT,,,,,NOT_CHECKED,,,,orchestrator,
CL0725,// Finding out at the preview that an answer three screens back closed,mobile/lib/features/onboarding/steps/step_screening.dart,78,,CLOSED,,,,,NOT_CHECKED,,,,orchestrator,
CL0726,"// Flexible, not fixed: these titles are questionnaire answers and",mobile/lib/features/onboarding/widgets/inputs.dart,210,,FIXED,,,,,NOT_CHECKED,,,,orchestrator,
CL0727,// Both are deleted rather than fixed. The method's own documentation said it,mobile/lib/features/personalisation/data/fitness_model.dart,50,,FIXED,,,,,NOT_CHECKED,,,,orchestrator,
CL0728,"/// trained next"".",mobile/lib/features/personalisation/data/fitness_model.dart,87,,TRAINED,,,,,NOT_CHECKED,,,,orchestrator,
CL0729,/// Re-rank the For-You feed by what the user has trained least this week.,mobile/lib/features/personalisation/data/for_you_ranker.dart,4,,TRAINED,,,,,NOT_CHECKED,,,,orchestrator,
CL0730,///     muscle the user has never trained.,mobile/lib/features/personalisation/data/for_you_ranker.dart,18,,TRAINED,,,,,NOT_CHECKED,,,,orchestrator,
CL0731,"// being stable, which Dart does not guarantee. Without this, every exercise",mobile/lib/features/personalisation/data/for_you_ranker.dart,42,,GUARANTEE,,,,,NOT_CHECKED,,,,orchestrator,
CL0732,/// a group the user has never trained is absent from `weeklyVolume` and must,mobile/lib/features/personalisation/data/volume_ledger.dart,149,,TRAINED,,,,,NOT_CHECKED,,,,orchestrator,
CL0733,"// Cold start: nothing trained, so nothing is neglected more than anything",mobile/lib/features/personalisation/state/personalisation_providers.dart,42,,TRAINED,,,,,NOT_CHECKED,,,,orchestrator,
CL0734,"// ""this user has trained nothing"" — and the two produce opposite feeds. The",mobile/lib/features/personalisation/state/personalisation_providers.dart,63,,TRAINED,,,,,NOT_CHECKED,,,,orchestrator,
CL0735,"// Every muscle the catalogue names, not only the ones already trained: a",mobile/lib/features/personalisation/state/personalisation_providers.dart,79,,TRAINED,,,,,NOT_CHECKED,,,,orchestrator,
CL0736,/// still for one fixed window (see [postureCaptureDurationProvider]) and the,mobile/lib/features/posture/posture_page.dart,23,,FIXED,,,,,NOT_CHECKED,,,,orchestrator,
CL0737,// frame stream) but averages a fixed window instead of counting reps: this,mobile/lib/features/posture/state/posture_providers.dart,3,,FIXED,,,,,NOT_CHECKED,,,,orchestrator,
CL0738,"// is bound there is nothing encrypted to describe, and this",mobile/lib/features/profile/profile_page.dart,135,,ENCRYPTED,,,,,NOT_CHECKED,,,,orchestrator,
CL0739,"/// plan builder, safety coverage, the injuries page, the questionnaire. Every",mobile/lib/features/profile/data/device_health_profile_repository.dart,13,,COVERAGE,,,,,NOT_CHECKED,,,,orchestrator,
CL0740,/// reasonable compensation for free text and a bad rule for a closed set: it,mobile/lib/features/profile/data/injury_regions.dart,17,,CLOSED,,,,,NOT_CHECKED,,,,orchestrator,
CL0741,"/// the backing store later — an encrypted file, a Keystore-wrapped blob — is a",mobile/lib/features/profile/data/local_sensitive_store.dart,11,,ENCRYPTED,,,,,NOT_CHECKED,,,,orchestrator,
CL0742,"/// backup, encrypted since Android 9 with a key derived from their lock-screen",mobile/lib/features/profile/data/local_sensitive_store.dart,37,,ENCRYPTED,,,,,NOT_CHECKED,,,,orchestrator,
CL0743,/// The closed set of body regions an exercise can be screened against.,mobile/lib/features/profile/data/profile_models.dart,65,,CLOSED,,,,,NOT_CHECKED,,,,orchestrator,
CL0744,/// ## Why a closed set at all,mobile/lib/features/profile/data/profile_models.dart,67,,CLOSED,,,,,NOT_CHECKED,,,,orchestrator,
CL0745,"/// O6. The body areas the user wants prioritised, as a closed set.",mobile/lib/features/profile/data/profile_models.dart,540,,CLOSED,,,,,NOT_CHECKED,,,,orchestrator,
CL0746,"/// What is available to train with, as a closed set the exercise filter can",mobile/lib/features/profile/data/profile_models.dart,666,,CLOSED,,,,,NOT_CHECKED,,,,orchestrator,
CL0747,"/// O4. The equipment chips, as a closed set.",mobile/lib/features/profile/data/profile_models.dart,695,,CLOSED,,,,,NOT_CHECKED,,,,orchestrator,
CL0748,/// Free text for everything the closed set above cannot hold.,mobile/lib/features/profile/data/profile_models.dart,698,,CLOSED,,,,,NOT_CHECKED,,,,orchestrator,
CL0749,"/// Replaces the free-text ""what stops you"" box with a closed set, because a",mobile/lib/features/profile/data/profile_models.dart,799,,CLOSED,,,,,NOT_CHECKED,,,,orchestrator,
CL0750,"/// O7. What the user says gets in their way, as a closed set.",mobile/lib/features/profile/data/profile_models.dart,833,,CLOSED,,,,,NOT_CHECKED,,,,orchestrator,
CL0751,"/// `Injury`'s own serializer already fixed once, for the same reason.",mobile/lib/features/profile/data/profile_models.dart,884,,FIXED,,,,,NOT_CHECKED,,,,orchestrator,
CL0752,"/// GDPR Article 9 exposure and a Play ""Health info"" declaration, bought for",mobile/lib/features/profile/data/sensitive_profile.dart,10,,GDPR,,,,,NOT_CHECKED,,,,orchestrator,
CL0753,"/// lifestyle rather than health, but GDPR's ""data concerning health"" is read",mobile/lib/features/profile/data/sensitive_profile.dart,18,,GDPR,,,,,NOT_CHECKED,,,,orchestrator,
CL0754,"/// row, which is what lets the coverage test run it over all 1,887 of them.",mobile/lib/features/programmes/data/movement_role.dart,122,,COVERAGE,,,,,NOT_CHECKED,,,,orchestrator,
CL0755,/// whose later weeks are not scheduled yet would read 100% complete after its,mobile/lib/features/programmes/data/programme.dart,275,,HUNDRED_PERCENT,,,,,NOT_CHECKED,,,,orchestrator,
CL0756,/// a trained pattern. `PRODUCT_HEURISTIC`; owner unassigned. It is checked,mobile/lib/features/programmes/data/programme_builder.dart,86,,TRAINED,,,,,NOT_CHECKED,,,,orchestrator,
CL0757,/// the opposite of what an injury-aware app is for. What the programme may,mobile/lib/features/programmes/data/programme_builder.dart,166,,INJURY_AWARE,,,,,NOT_CHECKED,,,,orchestrator,
CL0758,"/// Exists so a test can assert INVARIANTS — role coverage, frequency, volume —",mobile/lib/features/programmes/data/programme_builder.dart,525,,COVERAGE,,,,,NOT_CHECKED,,,,orchestrator,
CL0759,"/// perform (`availableWith`, `exercise_filter.dart`). That filtering is done by",mobile/lib/features/programmes/data/programme_schedule.dart,24,,COMPLETE,,,,,NOT_CHECKED,,,,orchestrator,
CL0760,// break the one guarantee this gate exists to make. Same reason,mobile/lib/features/programmes/data/programme_schedule.dart,128,,GUARANTEE,,,,,NOT_CHECKED,,,,orchestrator,
CL0761,/// set trained twice rather than the four-day split with every rule failing —,mobile/lib/features/programmes/data/programme_specs.dart,166,,TRAINED,,,,,NOT_CHECKED,,,,orchestrator,
CL0762,"// and draw from a muscle pool, which is a weaker guarantee than a role",mobile/lib/features/programmes/state/programme_providers.dart,156,,GUARANTEE,,,,,NOT_CHECKED,,,,orchestrator,
CL0763,"///   ""never trained"" belongs in the gentlest of them. An unanswered tier also",mobile/lib/features/programmes/state/programme_providers.dart,298,,TRAINED,,,,,NOT_CHECKED,,,,orchestrator,
CL0764,"// (`App.tsx:3980-4010`) and the app had one working, encrypted",mobile/lib/features/progress/progress_page.dart,80,,ENCRYPTED,,,,,NOT_CHECKED,,,,orchestrator,
CL0765,/// The photo feature itself is not new — `/photos` has an encrypted local,mobile/lib/features/progress/progress_page.dart,266,,ENCRYPTED,,,,,NOT_CHECKED,,,,orchestrator,
CL0766,// awaiting the stream here would reopen the very gap being closed. It cannot,mobile/lib/features/progress_photos/progress_photos_page.dart,262,,CLOSED,,,,,NOT_CHECKED,,,,orchestrator,
CL0767,"/// should not put progress photos on any cloud, encrypted or not.",mobile/lib/features/progress_photos/data/aes_photo_cipher.dart,19,,ENCRYPTED,,,,,NOT_CHECKED,,,,orchestrator,
CL0768,"final encrypted = cipher.encryptBytes(plaintext, iv: iv);",mobile/lib/features/progress_photos/data/aes_photo_cipher.dart,38,,ENCRYPTED,,,,,NOT_CHECKED,,,,orchestrator,
CL0769,final all = encrypted.bytes;,mobile/lib/features/progress_photos/data/aes_photo_cipher.dart,39,,ENCRYPTED,,,,,NOT_CHECKED,,,,orchestrator,
CL0770,"enc.Encrypted(combined),",mobile/lib/features/progress_photos/data/aes_photo_cipher.dart,66,,ENCRYPTED,,,,,NOT_CHECKED,,,,orchestrator,
CL0771,/// has a fake that returns a fixed byte list.,mobile/lib/features/progress_photos/data/local_progress_photos_repository.dart,13,,FIXED,,,,,NOT_CHECKED,,,,orchestrator,
CL0772,// The pixels are already in hand and about to be encrypted. A temp file,mobile/lib/features/progress_photos/data/local_progress_photos_repository.dart,55,,ENCRYPTED,,,,,NOT_CHECKED,,,,orchestrator,
CL0773,/// Device-local repository. Photos never leave the phone: [PhotoStore] writes,mobile/lib/features/progress_photos/data/local_progress_photos_repository.dart,64,,NEVER_LEAVES,,,,,NOT_CHECKED,,,,orchestrator,
CL0774,"/// system share sheet, which is exactly the moment the ""never leaves your",mobile/lib/features/progress_photos/data/local_progress_photos_repository.dart,71,,NEVER_LEAVES,,,,,NOT_CHECKED,,,,orchestrator,
CL0775,"// Where one account's encrypted photos live, and the one-time move of the",mobile/lib/features/progress_photos/data/photo_directory.dart,7,,ENCRYPTED,,,,,NOT_CHECKED,,,,orchestrator,
CL0776,"// directory — but it IS what the GDPR export prints, and an export naming a",mobile/lib/features/progress_photos/data/photo_directory.dart,86,,GDPR,,,,,NOT_CHECKED,,,,orchestrator,
CL0777,"/// **Security note**: this is a privacy guarantee, not an audit-grade",mobile/lib/features/progress_photos/data/photo_encryption.dart,12,,GUARANTEE,,,,,NOT_CHECKED,,,,orchestrator,
CL0778,"/// crypto guarantee. The threat model is ""casual server-side reader / a",mobile/lib/features/progress_photos/data/photo_encryption.dart,13,,GUARANTEE,,,,,NOT_CHECKED,,,,orchestrator,
CL0779,"/// written, because that overwrites the one every existing photo was encrypted",mobile/lib/features/progress_photos/data/photo_key_store.dart,14,,ENCRYPTED,,,,,NOT_CHECKED,,,,orchestrator,
CL0780,"///     why the copy says ""encrypted on your device"" and not ""end-to-end"".",mobile/lib/features/progress_photos/data/photo_key_store.dart,57,,ENCRYPTED,,,,,NOT_CHECKED,,,,orchestrator,
CL0781,/// On-device encrypted photo store.,mobile/lib/features/progress_photos/data/photo_store.dart,8,,ENCRYPTED,,,,,NOT_CHECKED,,,,orchestrator,
CL0782,"/// The index is deliberately NOT encrypted. It holds dates, angles, an",mobile/lib/features/progress_photos/data/photo_store.dart,17,,ENCRYPTED,,,,,NOT_CHECKED,,,,orchestrator,
CL0783,/// sensitive part and the pixels are what gets encrypted.,mobile/lib/features/progress_photos/data/photo_store.dart,22,,ENCRYPTED,,,,,NOT_CHECKED,,,,orchestrator,
CL0784,"/// photo was encrypted with a key this device no longer has"" rather than as",mobile/lib/features/progress_photos/data/photo_store.dart,93,,ENCRYPTED,,,,,NOT_CHECKED,,,,orchestrator,
CL0785,'Photo ${photo.id} was encrypted with key ${photo.keyFingerprint}; ',mobile/lib/features/progress_photos/data/photo_store.dart,102,,ENCRYPTED,,,,,NOT_CHECKED,,,,orchestrator,
CL0786,/// Sorting is done here rather than left to the caller because two callers,mobile/lib/features/progress_photos/data/photo_timeline.dart,17,,COMPLETE,,,,,NOT_CHECKED,,,,orchestrator,
CL0787,/// Never negative: [defaultComparePair] guarantees the order.,mobile/lib/features/progress_photos/data/photo_timeline.dart,98,,GUARANTEE,,,,,NOT_CHECKED,,,,orchestrator,
CL0788,/// This comment described a system that does not exist: client-encrypted,mobile/lib/features/progress_photos/data/progress_photo.dart,3,,ENCRYPTED,,,,,NOT_CHECKED,,,,orchestrator,
CL0789,"/// Best-effort throughout — the photo is already encrypted and on disk, and",mobile/lib/features/progress_photos/state/progress_photos_providers.dart,308,,ENCRYPTED,,,,,NOT_CHECKED,,,,orchestrator,
CL0790,"// open behind a closed sheet — the phone's torch-adjacent ""why is the",mobile/lib/features/progress_photos/widgets/photo_capture_sheet.dart,134,,CLOSED,,,,,NOT_CHECKED,,,,orchestrator,
CL0791,"// Flexible, not a fixed 3:4 box. A 3:4 preview plus the chips plus",mobile/lib/features/progress_photos/widgets/photo_capture_sheet.dart,181,,FIXED,,,,,NOT_CHECKED,,,,orchestrator,
CL0792,"/// - encrypted here, no server copy, nothing can share or export one —",mobile/lib/features/progress_photos/widgets/photo_consent_sheet.dart,25,,ENCRYPTED,,,,,NOT_CHECKED,,,,orchestrator,
CL0793,// scale a fixed sheet would push the accept button off the bottom — the,mobile/lib/features/progress_photos/widgets/photo_consent_sheet.dart,87,,FIXED,,,,,NOT_CHECKED,,,,orchestrator,
CL0794,"/// closed, and stated by the user about themselves.",mobile/lib/features/safety/data/health_flags.dart,2,,CLOSED,,,,,NOT_CHECKED,,,,orchestrator,
CL0795,/// **Fail-closed.** A question with no entry in [answers] produces,mobile/lib/features/safety/data/par_q.dart,196,,CLOSED,,,,,NOT_CHECKED,,,,orchestrator,
CL0796,/// ## Fail-closed while loading,mobile/lib/features/safety/state/eligibility_providers.dart,17,,CLOSED,,,,,NOT_CHECKED,,,,orchestrator,
CL0797,/// Two properties are deliberate and both are the fail-closed direction:,mobile/lib/features/safety/state/safety_providers.dart,9,,CLOSED,,,,,NOT_CHECKED,,,,orchestrator,
CL0798,/// Retries after a failure the user can plausibly have fixed.,mobile/lib/features/scanner/scanner_page.dart,194,,FIXED,,,,,NOT_CHECKED,,,,orchestrator,
CL0799,"/// The scan sheet's fixed head: `8 + 4` for the drag handle, `12`, then the",mobile/lib/features/scanner/scanner_page.dart,847,,FIXED,,,,,NOT_CHECKED,,,,orchestrator,
CL0800,/// visible again — the old pipeline inflated any lone survivor to 100%.,mobile/lib/features/scanner/scanner_page.dart,1300,,HUNDRED_PERCENT,,,,,NOT_CHECKED,,,,orchestrator,
CL0801,// the user could plausibly have just fixed. `noCamera` gets neither —,mobile/lib/features/scanner/scanner_page.dart,1648,,FIXED,,,,,NOT_CHECKED,,,,orchestrator,
CL0802,/// than at the design's fixed 260px so it keeps meaning what it means on every,mobile/lib/features/scanner/widgets/scan_frame.dart,30,,FIXED,,,,,NOT_CHECKED,,,,orchestrator,
CL0803,/// screen size: inside the brackets IS what gets classified. A fixed box would,mobile/lib/features/scanner/widgets/scan_frame.dart,31,,FIXED,,,,,NOT_CHECKED,,,,orchestrator,
CL0804,"// colours carry no contrast guarantee -- and why the shape, not the hue,",mobile/lib/features/scanner/widgets/scan_frame.dart,78,,GUARANTEE,,,,,NOT_CHECKED,,,,orchestrator,
CL0805,"// is the GDPR copy -- everything, plain, readable, no secret needed.",mobile/lib/features/settings/settings_page.dart,224,,GDPR,,,,,NOT_CHECKED,,,,orchestrator,
CL0806,"// this gate -- untouched, noted rather than silently fixed",mobile/lib/features/subscription/subscription_page.dart,802,,FIXED,,,,,NOT_CHECKED,,,,orchestrator,
CL0807,/// Removes the user's subscription record (debug + GDPR data export).,mobile/lib/features/subscription/data/subscription_repository.dart,18,,GDPR,,,,,NOT_CHECKED,,,,orchestrator,
CL0808,/// Why this exists: the on-device model is 10 catalogue-trained classes and,mobile/lib/features/visual_equipment/data/gemini_equipment_service.dart,56,,TRAINED,,,,,NOT_CHECKED,,,,orchestrator,
CL0809,/// while re-syncing this list for the batch below; fixed in the same pass.,mobile/lib/features/visual_equipment/data/gemini_equipment_service.dart,138,,FIXED,,,,,NOT_CHECKED,,,,orchestrator,
CL0810,/// Returns a fixed string. Lets a widget/unit test drive the full anchor path,mobile/lib/features/visual_equipment/data/mlkit_text_recogniser.dart,56,,FIXED,,,,,NOT_CHECKED,,,,orchestrator,
CL0811,/// pipeline + a custom TFLite model bundled in,mobile/lib/features/visual_equipment/data/mlkit_visual_equipment_service.dart,11,,MODEL_WORKING,,,,,NOT_CHECKED,,,,orchestrator,
CL0812,"/// Wipes the history. Used by the ""reset progress"" / GDPR flows.",mobile/lib/features/visual_equipment/data/recognition_history.dart,239,,GDPR,,,,,NOT_CHECKED,,,,orchestrator,
CL0813,"/// flat benches were shown as ""treadmill, уверенность 100%"" (operator",mobile/lib/features/visual_equipment/data/visual_equipment_match.dart,45,,HUNDRED_PERCENT,,,,,NOT_CHECKED,,,,orchestrator,
CL0814,/// model bundled in assets/models/equipment_v1.tflite; the mock here,mobile/lib/features/visual_equipment/data/visual_equipment_service.dart,14,,MODEL_WORKING,,,,,NOT_CHECKED,,,,orchestrator,
CL0815,// user has trained least in the last weeks at the top; before it was wired,mobile/lib/features/workouts/workouts_page.dart,157,,TRAINED,,,,,NOT_CHECKED,,,,orchestrator,
CL0816,/// is the same kind of control: pick one of a small fixed set.,mobile/lib/features/workouts/workouts_page.dart,262,,FIXED,,,,,NOT_CHECKED,,,,orchestrator,
CL0817,// a fixed five would overflow the narrow case — the same unbounded-Row,mobile/lib/features/workouts/workouts_page.dart,1154,,FIXED,,,,,NOT_CHECKED,,,,orchestrator,
CL0818,"// The count is of ALL exercises not drawn, injury-screened or not —",mobile/lib/features/workouts/workouts_page.dart,1164,,UNIVERSAL_SCOPE,,,,,NOT_CHECKED,,,,orchestrator,
CL0819,"/// The matched dimensions of [fit], in a fixed order.",mobile/lib/features/workouts/workouts_page.dart,1407,,FIXED,,,,,NOT_CHECKED,,,,orchestrator,
CL0820,"/// Fixed rather than ""strongest first"" because the five are unweighted",mobile/lib/features/workouts/workouts_page.dart,1409,,FIXED,,,,,NOT_CHECKED,,,,orchestrator,
CL0821,"/// [ScheduledSession] (Home's week strip, the offline prefetch, the GDPR",mobile/lib/features/workouts/data/scheduled_session.dart,48,,GDPR,,,,,NOT_CHECKED,,,,orchestrator,
CL0822,"/// Same DAY, not a fixed window: someone who trains at 07:00 and again at",mobile/lib/features/workouts/data/session_digest.dart,49,,FIXED,,,,,NOT_CHECKED,,,,orchestrator,
CL0823,/// Every set is finished.,mobile/lib/features/workouts/data/set_session.dart,54,,COMPLETE,,,,,NOT_CHECKED,,,,orchestrator,
CL0824,/// (Phase 5 GDPR work).,mobile/lib/features/workouts/data/workout_log_repository.dart,49,,GDPR,,,,,NOT_CHECKED,,,,orchestrator,
CL0825,/// and the GDPR data export -- while the actual data source moves to,mobile/lib/features/workouts/data/workout_session.dart,301,,GDPR,,,,,NOT_CHECKED,,,,orchestrator,
CL0826,/// guaranteed non-empty by the type) still contributes one placeholder row --,mobile/lib/features/workouts/data/workout_session.dart,330,,GUARANTEE,,,,,NOT_CHECKED,,,,orchestrator,
CL0827,/// notices GDPR reset/export don't cover sessions.,mobile/lib/features/workouts/data/workout_session_repository.dart,14,,GDPR,,,,,NOT_CHECKED,,,,orchestrator,
CL0828,/// pinning at 100% with a minute still to go.,mobile/lib/features/workouts/state/rest_timer_providers.dart,177,,HUNDRED_PERCENT,,,,,NOT_CHECKED,,,,orchestrator,
CL0829,"/// **Every** withholding reason, not only an injury. Until this was fixed",mobile/lib/features/workouts/state/session_screening_providers.dart,39,,FIXED,,,,,NOT_CHECKED,,,,orchestrator,
CL0830,"/// A local notification fires from the OS with the app closed, so there is no",mobile/lib/features/workouts/state/session_screening_providers.dart,92,,CLOSED,,,,,NOT_CHECKED,,,,orchestrator,
CL0831,"// whose first is, and the OS fires it with the app closed either way.",mobile/lib/features/workouts/state/session_screening_providers.dart,117,,CLOSED,,,,,NOT_CHECKED,,,,orchestrator,
CL0832,/// would not have fixed it — text over dimmed text is still text over text.,mobile/lib/shared/widgets/glass.dart,50,,FIXED,,,,,NOT_CHECKED,,,,orchestrator,
CL0833,"// Fixed, not a parameter: every page wants the same feel, and no caller",mobile/lib/shared/widgets/smooth_scroll_list.dart,36,,FIXED,,,,,NOT_CHECKED,,,,orchestrator,
CL0834,// failure here nobody could diagnose afterwards. It stays fail-CLOSED: the,functions/src/abuse_guard.ts,106,,CLOSED,,,,,NOT_CHECKED,,,,orchestrator,
CL0835,* Progress-photo BYTES. They never leave the device — they are AES-GCM,functions/src/account_export.ts,27,,NEVER_LEAVES,,,,,NOT_CHECKED,,,,orchestrator,
CL0836,"// Concurrent: sixteen independent reads, and a GDPR export that takes",functions/src/account_export.ts,145,,GDPR,,,,,NOT_CHECKED,,,,orchestrator,
CL0837,"""Progress photo image data is not included: those files never leave "" +",functions/src/account_export.ts,218,,NEVER_LEAVES,,,,,NOT_CHECKED,,,,orchestrator,
CL0838,"* Stripe does not guarantee delivery order, and its retry backoff widens the",functions/src/index.ts,646,,GUARANTEE,,,,,NOT_CHECKED,,,,orchestrator,
CL0839,* through never leaves the account both billed AND unreachable.,functions/src/index.ts,1323,,NEVER_LEAVES,,,,,NOT_CHECKED,,,,orchestrator,
CL0840,* something this expression can guarantee on its own.,functions/src/video_urls.ts,60,,GUARANTEE,,,,,NOT_CHECKED,,,,orchestrator,
CL0841,// entry is guaranteed at least TTL_MINUTES regardless.,functions/src/video_urls.ts,336,,GUARANTEE,,,,,NOT_CHECKED,,,,orchestrator,
CL0842,"describe(""equipment reports are closed to clients"", () => {",functions/src/__rules__/firestore_rules.test.ts,155,,CLOSED,,,,,NOT_CHECKED,,,,orchestrator,
CL0843,"describe(""coach bookings are closed to clients"", () => {",functions/src/__rules__/firestore_rules.test.ts,164,,CLOSED,,,,,NOT_CHECKED,,,,orchestrator,
CL0844,* The assertion that matters is COVERAGE: every store `core/DATA_INVENTORY_2026-08-11.md`,functions/src/__tests__/account_export.test.ts,4,,COVERAGE,,,,,NOT_CHECKED,,,,orchestrator,
CL0845,"// The plan's own worry is ""deleting someone else's account"". Closed",functions/src/__tests__/delete_account.test.ts,322,,CLOSED,,,,,NOT_CHECKED,,,,orchestrator,
CL0846,"// Failing closed is correct and stays. The bug was never this branch, it",functions/src/__tests__/stripe_webhook.test.ts,182,,CLOSED,,,,,NOT_CHECKED,,,,orchestrator,
CL0847,"// The failure this prevents: Stripe does not guarantee order, and the",functions/src/__tests__/stripe_webhook.test.ts,197,,GUARANTEE,,,,,NOT_CHECKED,,,,orchestrator,
CL0848,"'  Proven by md5 over all 677 files in the drop, not by the name.',",scripts/catalog/build_library.py,179,,PROVEN,,,,,NOT_CHECKED,,,,orchestrator,
CL0849,"'Barbell fixed to vertical rails with hooks — guided squats and presses.',",scripts/catalog/build_registry.py,104,,FIXED,,,,,NOT_CHECKED,,,,orchestrator,
CL0850,"'Fixed bar for pull-ups and hanging work.',",scripts/catalog/build_registry.py,161,,FIXED,,,,,NOT_CHECKED,,,,orchestrator,
CL0851,"'Fixed vertical post gripped at floor or chest height for holds, stretches and core work such as the dragonfly.',",scripts/catalog/build_registry.py,362,,FIXED,,,,,NOT_CHECKED,,,,orchestrator,
CL0852,"['vertical pole', 'fixed pole', 'fixed bar', 'pole', 'столб',",scripts/catalog/build_registry.py,364,,FIXED,,,,,NOT_CHECKED,,,,orchestrator,
CL0853,"# coverage number the six above never reported. It stood at 0 of 1,887",scripts/catalog/build_vendor_catalog.py,445,,COVERAGE,,,,,NOT_CHECKED,,,,orchestrator,
CL0854,"""as coverage. Fix the tags, or add the region to InjuryRegion """,scripts/catalog/build_vendor_catalog.py,491,,COVERAGE,,,,,NOT_CHECKED,,,,orchestrator,
CL0855,"'and never leave the pedals.',",scripts/catalog/close_empty_machines.py,104,,NEVER_LEAVES,,,,,NOT_CHECKED,,,,orchestrator,
CL0856,fixed = encode(url),scripts/catalog/fix_video_urls.py,58,,FIXED,,,,,NOT_CHECKED,,,,orchestrator,
CL0857,if fixed != url:,scripts/catalog/fix_video_urls.py,59,,FIXED,,,,,NOT_CHECKED,,,,orchestrator,
CL0858,video[gender] = fixed,scripts/catalog/fix_video_urls.py,60,,FIXED,,,,,NOT_CHECKED,,,,orchestrator,
CL0859,"# exist, corrupting any later coverage count and cutting a second",scripts/catalog/import_bundle_clips.py,307,,COVERAGE,,,,,NOT_CHECKED,,,,orchestrator,
CL0860,"# Duplicate video files, proven by md5 over the whole drop. Value = the row",scripts/catalog/library_source.py,47,,PROVEN,,,,,NOT_CHECKED,,,,orchestrator,
CL0861,"named on 2026-08-03 and H5's scanner rewrite never actually closed, because it",scripts/catalog/link_vendor_equipment.py,11,,CLOSED,,,,,NOT_CHECKED,,,,orchestrator,
CL0862,"rack, a barbell bench press is done on a weight bench -- name that STATION,",scripts/catalog/link_vendor_equipment.py,144,,COMPLETE,,,,,NOT_CHECKED,,,,orchestrator,
CL0863,"16 are dropped     10 are the same file twice (md5-proven), 6 have a name",scripts/catalog/merge_video_library.py,12,,PROVEN,,,,,NOT_CHECKED,,,,orchestrator,
CL0864,"# spine moving under a fixed load. ""Bent Over Twist"" (a straight",scripts/catalog/tag_contraindications.py,486,,FIXED,,,,,NOT_CHECKED,,,,orchestrator,
CL0865,"every reader -- `isContraindicated`, `safetyCoverageByRegion`, the coverage",scripts/catalog/tag_contraindications.py,561,,COVERAGE,,,,,NOT_CHECKED,,,,orchestrator,
CL0866,"def coverage(rows: list[dict], vocabulary: list[str]) -> dict[str, int]:",scripts/catalog/tag_contraindications.py,701,,COVERAGE,,,,,NOT_CHECKED,,,,orchestrator,
CL0867,"ap.add_argument(""--report"", action=""store_true"", help=""coverage only"")",scripts/catalog/tag_contraindications.py,714,,COVERAGE,,,,,NOT_CHECKED,,,,orchestrator,
CL0868,"counts = coverage(rows, vocabulary)",scripts/catalog/tag_contraindications.py,727,,COVERAGE,,,,,NOT_CHECKED,,,,orchestrator,
CL0869,"counts = coverage(rows, vocabulary)",scripts/catalog/tag_contraindications.py,760,,COVERAGE,,,,,NOT_CHECKED,,,,orchestrator,
CL0870,"print(""coverage now: "" + "", "".join(",scripts/catalog/tag_contraindications.py,761,,COVERAGE,,,,,NOT_CHECKED,,,,orchestrator,
CL0871,The separation is the whole point of the pass. Tagging is done once for all,scripts/catalog/tag_pose_targets.py,12,,COMPLETE,,,,,NOT_CHECKED,,,,orchestrator,
CL0872,"1,887 rows; authoring is done once per pattern. The day a pattern's targets are",scripts/catalog/tag_pose_targets.py,13,,COMPLETE,,,,,NOT_CHECKED,,,,orchestrator,
CL0873,# The counter that did not exist: six coverage numbers were printed on,scripts/catalog/test_build_vendor_catalog.py,218,,COVERAGE,,,,,NOT_CHECKED,,,,orchestrator,
CL0874,# not a defect -- see the coverage assertion in,scripts/catalog/test_build_vendor_catalog.py,277,,COVERAGE,,,,,NOT_CHECKED,,,,orchestrator,
CL0875,"# `--date` literal, and zero coverage of `main` and `write_xlsx` — the two",scripts/catalog/test_build_vendor_request_batch.py,146,,COVERAGE,,,,,NOT_CHECKED,,,,orchestrator,
CL0876,"""""""`main` and `write_xlsx` had no coverage at all — between them they do the",scripts/catalog/test_build_vendor_request_batch.py,203,,COVERAGE,,,,,NOT_CHECKED,,,,orchestrator,
CL0877,"# is a guarantee about one call site, not about the class.",scripts/catalog/test_tag_contraindications.py,166,,GUARANTEE,,,,,NOT_CHECKED,,,,orchestrator,
CL0878,# the whole coverage number turns on.,scripts/catalog/test_tag_contraindications.py,210,,COVERAGE,,,,,NOT_CHECKED,,,,orchestrator,
CL0879,# Not the same guarantee `test_an_untagged_row_is_left_without_the_key`,scripts/catalog/test_tag_contraindications.py,252,,GUARANTEE,,,,,NOT_CHECKED,,,,orchestrator,
CL0880,"counts = tagger.coverage(rows, tagger.load_vocabulary())",scripts/catalog/test_tag_contraindications.py,346,,COVERAGE,,,,,NOT_CHECKED,,,,orchestrator,
CL0881,# tag with no rules was invisible to it. That gap is now closed by,scripts/catalog/test_tag_contraindications.py,353,,CLOSED,,,,,NOT_CHECKED,,,,orchestrator,
CL0882,"counts = tagger.coverage(rows, tagger.load_vocabulary())",scripts/catalog/test_tag_contraindications.py,400,,COVERAGE,,,,,NOT_CHECKED,,,,orchestrator,
CL0883,# never leaves the bottom.,scripts/catalog/test_tag_pose_targets.py,80,,NEVER_LEAVES,,,,,NOT_CHECKED,,,,orchestrator,
CL0884,"Found by listing all 69 rows the first rule tagged and reading them, not by",scripts/catalog/test_tag_pose_targets.py,96,,UNIVERSAL_SCOPE,,,,,NOT_CHECKED,,,,orchestrator,
CL0885,A catalog entry pointing at an object that was never uploaded does not fail,scripts/catalog/verify_catalog_objects.py,4,,NEVER_LEAVES,,,,,NOT_CHECKED,,,,orchestrator,
CL0886,"'Repeat for the prescribed amount of repetitions, keeping the elbow angle fixed throughout.',",scripts/catalog/text/chest.py,36,,FIXED,,,,,NOT_CHECKED,,,,orchestrator,
CL0887,"'Repeat for the prescribed amount of repetitions, keeping the elbow angle fixed rather than pressing.',",scripts/catalog/text/chest.py,102,,FIXED,,,,,NOT_CHECKED,,,,orchestrator,
CL0888,"""Stand erect"" -- the incline shrug is done face down on a bench, so the matched",scripts/catalog/text/trapezius.py,6,,COMPLETE,,,,,NOT_CHECKED,,,,orchestrator,
CL0889,fallback to English -- a half-Russian screen is the exact complaint being fixed.,scripts/l10n/apply_strings.py,12,,FIXED,,,,,NOT_CHECKED,,,,orchestrator,
CL0890,"f""screen is the bug being fixed. First few: {missing[:8]}""",scripts/l10n/apply_strings.py,97,,FIXED,,,,,NOT_CHECKED,,,,orchestrator,
CL0891,"with an exact file:line, and each is fixed by removing the nearest enclosing",scripts/l10n/fix_const.py,6,,FIXED,,,,,NOT_CHECKED,,,,orchestrator,
CL0892,Runs to a fixed point (or gives up loudly) so a `const` nested two levels deep,scripts/l10n/fix_const.py,9,,FIXED,,,,,NOT_CHECKED,,,,orchestrator,
CL0893,fixed = 0,scripts/l10n/fix_const.py,75,,FIXED,,,,,NOT_CHECKED,,,,orchestrator,
CL0894,fixed += 1,scripts/l10n/fix_const.py,78,,FIXED,,,,,NOT_CHECKED,,,,orchestrator,
CL0895,"print(f""round {round_no}: {len(set(hits))} const errors, {fixed} fixed"")",scripts/l10n/fix_const.py,79,,FIXED,,,,,NOT_CHECKED,,,,orchestrator,
CL0896,if fixed == 0:,scripts/l10n/fix_const.py,80,,FIXED,,,,,NOT_CHECKED,,,,orchestrator,
CL0897,'Injury-aware filtering (always on)':,scripts/l10n/subscription_l10n.py,42,,INJURY_AWARE,,,,,NOT_CHECKED,,,,orchestrator,
CL0898,"background: linear-gradient(160deg, #16072E 0%, #050214 55%, #0B1233 100%);",scripts/legal/build_legal.py,88,,HUNDRED_PERCENT,,,,,NOT_CHECKED,,,,orchestrator,
CL0899,background-attachment: fixed;,scripts/legal/build_legal.py,89,,FIXED,,,,,NOT_CHECKED,,,,orchestrator,
CL0900,default applies; encrypted since,scripts/legal/legal_text.py,31,,ENCRYPTED,,,,,NOT_CHECKED,,,,orchestrator,
CL0901,- health data never sent to AI ..... ai_coach_service.dart:33-40 (machine,scripts/legal/legal_text.py,34,,NEVER_LEAVES,,,,,NOT_CHECKED,,,,orchestrator,
CL0902,Play forbids it and GDPR Art. 9 covers,scripts/legal/legal_text.py,54,,GDPR,,,,,NOT_CHECKED,,,,orchestrator,
CL0903,"They are never sold, and they are never sent to an AI model.",scripts/legal/legal_text.py,103,,NEVER_LEAVES,,,,,NOT_CHECKED,,,,orchestrator,
CL0904,"Under the GDPR and most comparable laws, much of that is health data -- a \",scripts/legal/legal_text.py,124,,GDPR,,,,,NOT_CHECKED,,,,orchestrator,
CL0905,copied to your personal Google account and encrypted with a key derived from \,scripts/legal/legal_text.py,149,,ENCRYPTED,,,,,NOT_CHECKED,,,,orchestrator,
CL0906,"session, so your other apps know you trained.",scripts/legal/legal_text.py,172,,TRAINED,,,,,NOT_CHECKED,,,,orchestrator,
CL0907,Those readings never leave your phone. They are held in memory while the app \,scripts/legal/legal_text.py,174,,NEVER_LEAVES,,,,,NOT_CHECKED,,,,orchestrator,
CL0908,- Health answers are never sent to any AI model. The in-app coach receives \,scripts/legal/legal_text.py,188,,NEVER_LEAVES,,,,,NOT_CHECKED,,,,orchestrator,
CL0909,carry is the progress-photo images themselves: they are encrypted with a key \,scripts/legal/legal_text.py,231,,ENCRYPTED,,,,,NOT_CHECKED,,,,orchestrator,
CL0910,По GDPR и большинству сопоставимых законов значительная часть этого -- данные \,scripts/legal/legal_text.py,292,,GDPR,,,,,NOT_CHECKED,,,,orchestrator,
CL0911,"a straight leg, i.e. standing. Using a percentile rather than a fixed",scripts/pose/extract_mmfit_posture.py,71,,FIXED,,,,,NOT_CHECKED,,,,orchestrator,
CL0912,``exact_rate_at_seed``   accuracy at the hand-guessed thresholds.,scripts/pose/extract_mmfit_targets.py,190,,ACCURACY,,,,,NOT_CHECKED,,,,orchestrator,
CL0913,``exact_rate_in_sample`` accuracy of the swept thresholds on the same sets,scripts/pose/extract_mmfit_targets.py,191,,ACCURACY,,,,,NOT_CHECKED,,,,orchestrator,
CL0914,"**Concept:** Create QR codes for gym equipment from various manufacturers in sports halls to help people train correctly. The app pairs equipment with celebrity-led instructional videos, personalized recommendations, and a full ecosystem for training, nutrition, community, and rewards.",FITNESS_APP_TASK_LIST.md,3,,PERSONALISED,,,,,NOT_CHECKED,,,,orchestrator,
CL0915,"64. **GDPR / HIPAA / regional health-data compliance framework** — health data is heavily regulated; this is a foundational requirement, not a feature.",FITNESS_APP_TASK_LIST.md,211,,GDPR,,,,,NOT_CHECKED,,,,orchestrator,
CL0916,73. **Personal data export & deletion** — required by GDPR; users own their training history.,FITNESS_APP_TASK_LIST.md,237,,GDPR,,,,,NOT_CHECKED,,,,orchestrator,
CL0917,- **64** — GDPR / HIPAA compliance framework,FITNESS_APP_TASK_LIST.md,248,,GDPR,,,,,NOT_CHECKED,,,,orchestrator,
CL0918,## equipment_v1 — what is actually in the file (trained 2026-07-29),mobile/assets/models/README.md,8,,TRAINED,,,,,NOT_CHECKED,,,,orchestrator,
CL0919,"### Measured accuracy — held-out 15%, stratified, run against the exported `.tflite` (not the Keras model)",mobile/assets/models/README.md,19,,ACCURACY,,,,,NOT_CHECKED,,,,orchestrator,
CL0920,"**This is a v1 trained on web images, not gym photos.** Real-world accuracy",mobile/assets/models/README.md,41,,ACCURACY,,,,,NOT_CHECKED,,,,orchestrator,
CL0921,missing from the validation split. Never report a single aggregate accuracy,mobile/assets/models/README.md,54,,ACCURACY,,,,,NOT_CHECKED,,,,orchestrator,
CL0922,"| ""not mine"" | impossible | `none`, a real trained class |",mobile/assets/models/README.md,110,,TRAINED,,,,,NOT_CHECKED,,,,orchestrator,
CL0923,"| test set | a slice of the same crawl | the operator's own 30 gym photos, never trained on |",mobile/assets/models/README.md,113,,TRAINED,,,,,NOT_CHECKED,,,,orchestrator,
CL0924,top-3 accuracy on 18 labelled photos: 5/18 (28%),mobile/assets/models/README.md,140,,ACCURACY,,,,,NOT_CHECKED,,,,orchestrator,
CL0925,What v2 fixed and what it did not:,mobile/assets/models/README.md,145,,FIXED,,,,,NOT_CHECKED,,,,orchestrator,
CL0926,- **Fixed**: the abduction machine that v1 called `treadmill` at 0.892 now,mobile/assets/models/README.md,147,,FIXED,,,,,NOT_CHECKED,,,,orchestrator,
CL0927,- **Not fixed**: 28% top-3 is not a product. The Nautilus shoulder press is,mobile/assets/models/README.md,150,,FIXED,,,,,NOT_CHECKED,,,,orchestrator,
CL0928,The first pull used a hand-written list of 5 datasets while the coverage,mobile/assets/models/README.md,160,,COVERAGE,,,,,NOT_CHECKED,,,,orchestrator,
CL0929,"Two defects found and fixed while doing it, both caught BEFORE any download:",mobile/assets/models/README.md,168,,FIXED,,,,,NOT_CHECKED,,,,orchestrator,
CL0930,Audited against the 5 datasets v2 was actually trained on: 0 mappings,mobile/assets/models/README.md,174,,TRAINED,,,,,NOT_CHECKED,,,,orchestrator,
