exercise_id,title_en,title_ru,equipment_id,equipment_label,muscles_n,primary_muscles_n,difficulty,duration_min,has_purpose_en,has_purpose_ru,steps_n,contraindications_n,contraindications,video_men,video_girl,poster_men,poster_girl,pose_target_id,form_check_supported,is_stretch,vendor_group,quarantined,summary_eq_steps0_en,summary_eq_steps0_ru,summary_cluster_size,steps_cluster_size,data_quality_status
ea_180_jump_turns,180 Jump Turns,Прыжки с поворотом на 180 градусов,,None (Bodyweight),0,0,beginner,10,True,True,5,2,ankle|knee,exercises/men/Calisthenics-Cardio-Plyo-Functional/180 Jump Turns.mp4,exercises/girl/Calisthenics-Cardio-Plyo-Functional/180 Jump Turns.mp4,assets/posters/men/ea_180_jump_turns.jpg,assets/posters/girl/ea_180_jump_turns.jpg,,False,False,Calisthenics-Cardio-Plyo-Functional,False,True,True,1,1,NO_EQUIPMENT_ID;NO_MUSCLES;NO_PRIMARY_MUSCLES
ea_3_leg_chatarunga_pose,3 Leg Chatarunga Pose,Чатуранга на трёх точках опоры,,None,5,3,beginner,10,False,False,4,0,,,exercises/girl/Yoga/3 Leg Chatarunga Pose.mp4,,assets/posters/girl/ea_3_leg_chatarunga_pose.jpg,,False,True,Yoga,False,True,True,1,1,NO_EQUIPMENT_ID;NO_CONTRAINDICATION_TAGS;NO_PURPOSE;NO_MALE_CLIP
ea_3_leg_dog_pose,3 Leg Dog Pose,Собака мордой вниз на трёх точках опоры,,None,4,3,beginner,10,False,False,4,0,,,exercises/girl/Yoga/3 Leg Dog Pose.mp4,,assets/posters/girl/ea_3_leg_dog_pose.jpg,,False,True,Yoga,False,True,True,1,1,NO_EQUIPMENT_ID;NO_CONTRAINDICATION_TAGS;NO_PURPOSE;NO_MALE_CLIP
ea_3_4_sit_up,3-4 Sit-up,Скручивания на 3/4,,None,2,1,beginner,10,False,False,4,2,lower_back|neck,,exercises/girl/Abdominals/3-4 Sit-up.mp4,,assets/posters/girl/ea_3_4_sit_up.jpg,situp,True,False,Abdominals,False,True,True,1,1,NO_EQUIPMENT_ID;NO_PURPOSE;NO_MALE_CLIP
ea_4_corners_curtsy,4 Corners Curtsy,Реверанс в четыре стороны,,None,4,3,beginner,10,False,False,4,0,,,exercises/girl/Calisthenics-Cardio-Plyo-Functional/4 Corners Curtsy.mp4,,assets/posters/girl/ea_4_corners_curtsy.jpg,,False,False,Calisthenics-Cardio-Plyo-Functional,False,True,True,1,1,NO_EQUIPMENT_ID;NO_CONTRAINDICATION_TAGS;NO_PURPOSE;NO_MALE_CLIP
ea_4_corners_side_step,4 Corners Side Step,Боковые шаги в четыре стороны,,None,5,3,beginner,10,False,False,4,1,knee,,exercises/girl/Calisthenics-Cardio-Plyo-Functional/4 Corners Side Step.mp4,,assets/posters/girl/ea_4_corners_side_step.jpg,,False,False,Calisthenics-Cardio-Plyo-Functional,False,True,True,1,1,NO_EQUIPMENT_ID;NO_PURPOSE;NO_MALE_CLIP
ea_4_punches_side_squat,4 Punches Side Squat,Боковой присед с четырьмя ударами,,None,4,2,beginner,10,False,False,4,3,ankle|hip|knee,,exercises/girl/Calisthenics-Cardio-Plyo-Functional/4 Punches Side Squat.mp4,,assets/posters/girl/ea_4_punches_side_squat.jpg,,False,False,Calisthenics-Cardio-Plyo-Functional,False,True,True,1,1,NO_EQUIPMENT_ID;NO_PURPOSE;NO_MALE_CLIP
ea_4_reverse_lunge_and_4_side_taps,4 Reverse Lunge and 4 Side Taps,4 обратных выпада и 4 боковых касания,,None,4,2,beginner,10,False,False,4,2,hip|knee,,exercises/girl/Legs/4 Reverse Lunge and 4 Side Taps.mp4,,assets/posters/girl/ea_4_reverse_lunge_and_4_side_taps.jpg,lunge,True,False,Legs,False,True,True,1,1,NO_EQUIPMENT_ID;NO_PURPOSE;NO_MALE_CLIP
ea_45_degree_bicycle_twist_knee_to_elbow,45 Degree Bicycle Twist Knee to Elbow,Скручивания «велосипед» под углом 45 градусов (колено к локтю),back_extension,Hyperextension Bench,3,1,beginner,10,False,False,4,0,,exercises/men/Abdominals/45 degree bicycle twist knee to elbow.mp4,,assets/posters/men/ea_45_degree_bicycle_twist_knee_to_elbow.jpg,,,False,False,Abdominals,False,True,True,3,2,NO_CONTRAINDICATION_TAGS;NO_PURPOSE;NO_FEMALE_CLIP;SHARED_SUMMARY;SHARED_STEPS
ea_45_degree_bicycle_twisting,45 Degree Bicycle Twisting,Скручивания «велосипед» под углом 45 градусов,back_extension,Hyperextension Bench,3,1,beginner,10,False,False,4,0,,,exercises/girl/Abdominals/45 Degree Bicycle Twisting.mp4,,assets/posters/girl/ea_45_degree_bicycle_twisting.jpg,,False,False,Abdominals,False,True,True,3,2,NO_CONTRAINDICATION_TAGS;NO_PURPOSE;NO_MALE_CLIP;SHARED_SUMMARY;SHARED_STEPS
ea_45_degree_bicycle_twisting_crunch,45 Degree Bicycle Twisting Crunch,Скручивания «велосипед» с поворотом под углом 45 градусов,back_extension,Hyperextension Bench,3,1,beginner,10,False,False,4,2,lower_back|neck,,exercises/girl/Abdominals/45 degree Bicycle Twisting Crunch.mp4,,assets/posters/girl/ea_45_degree_bicycle_twisting_crunch.jpg,,False,False,Abdominals,False,True,True,3,1,NO_PURPOSE;NO_MALE_CLIP;SHARED_SUMMARY
ea_45_degree_hyperextension_arms_in_front_of_chest,45 Degree Hyperextension (arms in Front of Chest),Гиперэкстензия под углом 45 градусов (руки перед грудью),back_extension,Hyperextension Bench,3,2,beginner,10,False,False,4,1,lower_back,,exercises/girl/Back/45 degree hyperextension (arms in front of chest).mp4,,assets/posters/girl/ea_45_degree_hyperextension_arms_in_front_of_chest.jpg,,False,False,Back,False,True,True,4,3,NO_PURPOSE;NO_MALE_CLIP;SHARED_SUMMARY;SHARED_STEPS
ea_45_degree_hyperextension_arms_to_chest,45 Degree Hyperextension Arms to Chest,Гиперэкстензия под углом 45 градусов (руки к груди),back_extension,Hyperextension Bench,3,2,beginner,10,False,False,4,1,lower_back,exercises/men/Back/45 degree hyperextension arms to chest.mp4,,assets/posters/men/ea_45_degree_hyperextension_arms_to_chest.jpg,,,False,False,Back,False,True,True,4,3,NO_PURPOSE;NO_FEMALE_CLIP;SHARED_SUMMARY;SHARED_STEPS
ea_45_degree_side_bend,45 Degree Side Bend,Наклоны в сторону под углом 45 градусов,back_extension,Hyperextension Bench,2,1,beginner,10,False,False,4,0,,exercises/men/Abdominals/45 degree side bend.mp4,exercises/girl/Abdominals/45 Degree Side Bend.mp4,assets/posters/men/ea_45_degree_side_bend.jpg,assets/posters/girl/ea_45_degree_side_bend.jpg,,False,False,Abdominals,False,True,True,1,1,NO_CONTRAINDICATION_TAGS;NO_PURPOSE
ea_45_degree_twisting_hyperextension,45 Degree Twisting Hyperextension,Гиперэкстензия с поворотом под углом 45 градусов,back_extension,Hyperextension Bench,3,2,beginner,10,False,False,4,1,lower_back,exercises/men/Abdominals/45 degree twisting hyperextension.mp4,exercises/girl/Abdominals/45 degree twisting hyperextension.mp4,assets/posters/men/ea_45_degree_twisting_hyperextension.jpg,assets/posters/girl/ea_45_degree_twisting_hyperextension.jpg,,False,False,Abdominals,False,True,True,4,1,NO_PURPOSE;SHARED_SUMMARY
ea_45_degrees_step_out,45 Degrees Step Out,Шаг в сторону под углом 45 градусов,,None,3,2,beginner,10,False,False,4,1,knee,,exercises/girl/Legs/45 degrees Step Out.mp4,,assets/posters/girl/ea_45_degrees_step_out.jpg,,False,False,Legs,False,True,True,1,1,NO_EQUIPMENT_ID;NO_PURPOSE;NO_MALE_CLIP
ea_5_sec_fist_against_chin,5 Sec Fist Against Chin,Сопротивление кулаком подбородку (5 секунд),,None (Bodyweight),0,0,beginner,10,False,False,4,0,,,exercises/girl/Stretching - Mobility/5 Sec Fist Against Chin.mp4,,assets/posters/girl/ea_5_sec_fist_against_chin.jpg,,False,True,Stretching - Mobility,False,True,True,1,1,NO_EQUIPMENT_ID;NO_CONTRAINDICATION_TAGS;NO_MUSCLES;NO_PRIMARY_MUSCLES;NO_PURPOSE;NO_MALE_CLIP
ea_90_degree_heel_touch,90 Degree Heel Touch,Касание пяток под углом 90 градусов,,None,2,1,beginner,10,False,False,3,0,,exercises/men/Abdominals/90 degree heel touch.mp4,,assets/posters/men/ea_90_degree_heel_touch.jpg,,,False,False,Abdominals,False,True,True,2,2,NO_EQUIPMENT_ID;NO_CONTRAINDICATION_TAGS;NO_PURPOSE;NO_FEMALE_CLIP;SHARED_SUMMARY;SHARED_STEPS
ea_90_degree_heels_touch,90 Degree Heels Touch,Касание пяток под углом 90 градусов,,None,2,1,beginner,10,False,False,3,0,,,exercises/girl/Abdominals/90 Degree Heels Touch.mp4,,assets/posters/girl/ea_90_degree_heels_touch.jpg,,False,False,Abdominals,False,True,True,2,2,NO_EQUIPMENT_ID;NO_CONTRAINDICATION_TAGS;NO_PURPOSE;NO_MALE_CLIP;SHARED_SUMMARY;SHARED_STEPS
ea_90_to_90_stretch,90 to 90 Stretch,Растяжка 90 на 90,,None,2,0,beginner,10,False,False,3,0,,,exercises/girl/Stretching - Mobility/90 to 90 Stretch.mp4,,assets/posters/girl/ea_90_to_90_stretch.jpg,,False,True,Stretching - Mobility,False,True,True,1,1,NO_EQUIPMENT_ID;NO_CONTRAINDICATION_TAGS;NO_PRIMARY_MUSCLES;NO_PURPOSE;NO_MALE_CLIP
ea_ab_mat_sit_up,Ab Mat Sit-up,Скручивания на пресс с ковриком,ab_mat,Ab mat,2,1,beginner,10,False,False,3,2,lower_back|neck,,exercises/girl/Abdominals/Ab Mat Sit-up.mp4,,assets/posters/girl/ea_ab_mat_sit_up.jpg,situp,True,False,Abdominals,False,True,True,1,1,NO_PURPOSE;NO_MALE_CLIP
ea_ab_tuck,Ab Tuck,Подтягивание коленей к груди в висе,dip_station,Dip Station,2,1,beginner,10,False,False,4,0,,,exercises/girl/Abdominals/Ab Tuck.mp4,,assets/posters/girl/ea_ab_tuck.jpg,,False,False,Abdominals,False,True,True,1,1,NO_CONTRAINDICATION_TAGS;NO_PURPOSE;NO_MALE_CLIP
ea_ab_wheel_all_the_way_out,AB Wheel All the Way Out,Ролик для пресса: полное выкатывание,ab_wheel,Ab wheel,3,1,beginner,10,False,False,4,0,,exercises/men/Abdominals/AB Wheel All The Way out.mp4,exercises/girl/Abdominals/AB Wheel All The Way out.mp4,assets/posters/men/ea_ab_wheel_all_the_way_out.jpg,assets/posters/girl/ea_ab_wheel_all_the_way_out.jpg,,False,False,Abdominals,False,True,True,5,1,NO_CONTRAINDICATION_TAGS;NO_PURPOSE;SHARED_SUMMARY
ea_ab_wheel_halfway_out,AB Wheel Halfway Out,Ролик для пресса: выкатывание наполовину,ab_wheel,Ab wheel,3,1,beginner,10,False,False,4,0,,exercises/men/Abdominals/AB Wheel Halfway out.mp4,exercises/girl/Abdominals/AB Wheel Halfway out.mp4,assets/posters/men/ea_ab_wheel_halfway_out.jpg,assets/posters/girl/ea_ab_wheel_halfway_out.jpg,,False,False,Abdominals,False,True,True,5,1,NO_CONTRAINDICATION_TAGS;NO_PURPOSE;SHARED_SUMMARY
ea_ab_wheel_left_out,AB Wheel Left Out,Ролик для пресса: выкатывание влево,ab_wheel,Ab wheel,3,1,beginner,10,False,False,4,0,,exercises/men/Abdominals/AB Wheel Left out.mp4,exercises/girl/Abdominals/AB Wheel Left out.mp4,assets/posters/men/ea_ab_wheel_left_out.jpg,assets/posters/girl/ea_ab_wheel_left_out.jpg,,False,False,Abdominals,False,True,True,5,1,NO_CONTRAINDICATION_TAGS;NO_PURPOSE;SHARED_SUMMARY
ea_ab_wheel_plank,Ab Wheel Plank,Планка с роликом для пресса,ab_wheel,Ab wheel,2,1,beginner,10,False,False,4,2,elbow|wrist,exercises/men/Yoga/Ab Wheel Plank.mp4,exercises/girl/Yoga/Ab Wheel Plank.mp4,assets/posters/men/ea_ab_wheel_plank.jpg,assets/posters/girl/ea_ab_wheel_plank.jpg,pushup,True,True,Yoga,False,True,True,5,1,NO_PURPOSE;SHARED_SUMMARY
ea_ab_wheel_pulses,AB Wheel Pulses,Пульсирующие скручивания с роликом для пресса,ab_wheel,Ab wheel,1,1,beginner,10,False,False,4,0,,exercises/men/Abdominals/AB Wheel Pulses.mp4,exercises/girl/Abdominals/AB Wheel Pulses.mp4,assets/posters/men/ea_ab_wheel_pulses.jpg,assets/posters/girl/ea_ab_wheel_pulses.jpg,,False,False,Abdominals,False,True,True,1,1,NO_CONTRAINDICATION_TAGS;NO_PURPOSE
ea_ab_wheel_right_out,AB Wheel Right Out,Ролик для пресса: выкатывание вправо,ab_wheel,Ab wheel,3,1,beginner,10,False,False,4,0,,exercises/men/Abdominals/AB Wheel Right out.mp4,exercises/girl/Abdominals/AB Wheel Right out.mp4,assets/posters/men/ea_ab_wheel_right_out.jpg,assets/posters/girl/ea_ab_wheel_right_out.jpg,,False,False,Abdominals,False,True,True,5,1,NO_CONTRAINDICATION_TAGS;NO_PURPOSE;SHARED_SUMMARY
ea_ab_wheel_take_it_or_leave_it,AB Wheel Take It or Leave It,Ролик для пресса: передача ногами,ab_wheel,Ab roller,2,1,beginner,10,False,False,4,0,,exercises/men/Abdominals/AB Wheel Take it or Leave It.mp4,exercises/girl/Abdominals/AB Wheel Take it or Leave It.mp4,assets/posters/men/ea_ab_wheel_take_it_or_leave_it.jpg,assets/posters/girl/ea_ab_wheel_take_it_or_leave_it.jpg,,False,False,Abdominals,False,True,True,1,1,NO_CONTRAINDICATION_TAGS;NO_PURPOSE
ea_abdominal_crunches,Abdominal Crunches,Скручивания на пресс,,None,1,1,beginner,10,False,False,3,2,lower_back|neck,exercises/men/Abdominals/abdominal crunches.mp4,exercises/girl/Abdominals/Abdominal Crunches.mp4,assets/posters/men/ea_abdominal_crunches.jpg,assets/posters/girl/ea_abdominal_crunches.jpg,situp,True,False,Abdominals,False,True,True,1,1,NO_EQUIPMENT_ID;NO_PURPOSE
ea_abdominal_crunches_machine,Abdominal Crunches Machine,Скручивания на пресс в тренажере,ab_crunch_machine,Ab crunch machine,1,1,beginner,10,False,False,4,2,lower_back|neck,exercises/men/Abdominals/abdominal crunches machine.mp4,exercises/girl/Abdominals/Abdominal Crunches Machine.mp4,assets/posters/men/ea_abdominal_crunches_machine.jpg,assets/posters/girl/ea_abdominal_crunches_machine.jpg,,False,False,Abdominals,False,True,True,1,1,NO_PURPOSE
ea_abdominal_crunches_with_hold,Abdominal Crunches with Hold,Скручивания на пресс с удержанием,,None,1,1,beginner,10,False,False,3,2,lower_back|neck,exercises/men/Abdominals/abdominal crunches with hold.mp4,exercises/girl/Abdominals/Abdominal Crunches With Hold.mp4,assets/posters/men/ea_abdominal_crunches_with_hold.jpg,assets/posters/girl/ea_abdominal_crunches_with_hold.jpg,situp,True,False,Abdominals,False,True,True,1,1,NO_EQUIPMENT_ID;NO_PURPOSE
ea_abdominal_stretch,Abdominal Stretch,Растяжка мышц живота,,None,2,1,beginner,10,False,False,4,0,,exercises/men/Stretching - Mobility/Abdominal stretch.mp4,exercises/girl/Stretching - Mobility/Abdominal Stretch.mp4,assets/posters/men/ea_abdominal_stretch.jpg,assets/posters/girl/ea_abdominal_stretch.jpg,,False,True,Stretching - Mobility,False,True,True,2,1,NO_EQUIPMENT_ID;NO_CONTRAINDICATION_TAGS;NO_PURPOSE;SHARED_SUMMARY
ea_abdominal_stretch_version2,Abdominal Stretch ( Version2 ),Растяжка мышц живота (Вариант 2),,None,2,1,beginner,10,False,False,4,0,,,exercises/girl/Stretching - Mobility/Abdominal Stretch ( Version2 ).mp4,,assets/posters/girl/ea_abdominal_stretch_version2.jpg,,False,True,Stretching - Mobility,False,True,True,2,1,NO_EQUIPMENT_ID;NO_CONTRAINDICATION_TAGS;NO_PURPOSE;NO_MALE_CLIP;SHARED_SUMMARY
ea_above_head_chest_stretch,Above Head Chest Stretch,Растяжка груди над головой,,None,3,2,beginner,10,False,False,4,0,,exercises/men/Stretching - Mobility/Above head chest stretch.mp4,exercises/girl/Stretching - Mobility/Above Head Chest Stretch.mp4,assets/posters/men/ea_above_head_chest_stretch.jpg,assets/posters/girl/ea_above_head_chest_stretch.jpg,,False,True,Stretching - Mobility,False,True,True,1,1,NO_EQUIPMENT_ID;NO_CONTRAINDICATION_TAGS;NO_PURPOSE
ea_abs_snails,Abs Snails,Скручивания «Улитка»,,None (Bodyweight),1,0,beginner,10,True,True,5,0,,exercises/men/Abdominals/Abs Snails.mp4,exercises/girl/Abdominals/Abs Snails.mp4,assets/posters/men/ea_abs_snails.jpg,assets/posters/girl/ea_abs_snails.jpg,,False,False,Abdominals,False,True,True,1,1,NO_EQUIPMENT_ID;NO_CONTRAINDICATION_TAGS;NO_PRIMARY_MUSCLES
ea_across_chest_shoulder_stretch,Across Chest Shoulder Stretch,Растяжка плеча через грудь,,None,2,1,beginner,10,False,False,4,0,,exercises/men/Stretching - Mobility/Across chest shoulder stretch.mp4,exercises/girl/Stretching - Mobility/Across Chest Shoulder Stretch.mp4,assets/posters/men/ea_across_chest_shoulder_stretch.jpg,assets/posters/girl/ea_across_chest_shoulder_stretch.jpg,,False,True,Stretching - Mobility,False,True,True,1,1,NO_EQUIPMENT_ID;NO_CONTRAINDICATION_TAGS;NO_PURPOSE
ea_adductor_dynamic_stretch,Adductor Dynamic Stretch,Динамическая растяжка приводящих мышц,,None,3,1,beginner,10,False,False,4,0,,exercises/men/Stretching - Mobility/Adductor dynamic stretch.mp4,exercises/girl/Stretching - Mobility/Adductor Dynamic Stretch.mp4,assets/posters/men/ea_adductor_dynamic_stretch.jpg,assets/posters/girl/ea_adductor_dynamic_stretch.jpg,,False,True,Stretching - Mobility,False,True,True,2,1,NO_EQUIPMENT_ID;NO_CONTRAINDICATION_TAGS;NO_PURPOSE;SHARED_SUMMARY
ea_adductor_stretch,Adductor Stretch,Растяжка приводящих мышц,,None,3,1,beginner,10,False,False,3,0,,exercises/men/Stretching - Mobility/Adductor stretch.mp4,exercises/girl/Stretching - Mobility/adductor stretch.mp4,assets/posters/men/ea_adductor_stretch.jpg,assets/posters/girl/ea_adductor_stretch.jpg,,False,True,Stretching - Mobility,False,True,True,2,1,NO_EQUIPMENT_ID;NO_CONTRAINDICATION_TAGS;NO_PURPOSE;SHARED_SUMMARY
ea_adductor_stretch_side_standing,Adductor Stretch Side Standing,Растяжка приводящих мышц стоя в сторону,,None,3,1,beginner,10,False,False,4,0,,exercises/men/Stretching - Mobility/Adductor stretch side standing.mp4,exercises/girl/Stretching - Mobility/Adductor Stretch Side Standing.mp4,assets/posters/men/ea_adductor_stretch_side_standing.jpg,assets/posters/girl/ea_adductor_stretch_side_standing.jpg,,False,True,Stretching - Mobility,False,True,True,1,1,NO_EQUIPMENT_ID;NO_CONTRAINDICATION_TAGS;NO_PURPOSE
ea_agility_ladder_advanced_hop_position,Agility Ladder Advanced Hop Position,Координационная лестница: продвинутая позиция для прыжков,agility_ladder,Agility Ladder,0,0,beginner,10,True,True,5,2,ankle|knee,exercises/men/Calisthenics-Cardio-Plyo-Functional/Agility Ladder Advanced Hop Position.mp4,exercises/girl/Calisthenics-Cardio-Plyo-Functional/Agility Ladder Advanced Hop Position.mp4,assets/posters/men/ea_agility_ladder_advanced_hop_position.jpg,assets/posters/girl/ea_agility_ladder_advanced_hop_position.jpg,,False,False,Calisthenics-Cardio-Plyo-Functional,False,True,True,1,1,NO_MUSCLES;NO_PRIMARY_MUSCLES
ea_agility_ladder_advanced_single_leg,Agility Ladder Advanced Single-leg,Координационная лестница: продвинутый вариант на одной ноге,agility_ladder,Agility Ladder,0,0,beginner,10,True,True,5,0,,exercises/men/Calisthenics-Cardio-Plyo-Functional/Agility Ladder Advanced Single-Leg.mp4,exercises/girl/Calisthenics-Cardio-Plyo-Functional/Agility Ladder Advanced Single-Leg.mp4,assets/posters/men/ea_agility_ladder_advanced_single_leg.jpg,assets/posters/girl/ea_agility_ladder_advanced_single_leg.jpg,,False,False,Calisthenics-Cardio-Plyo-Functional,False,True,True,1,1,NO_CONTRAINDICATION_TAGS;NO_MUSCLES;NO_PRIMARY_MUSCLES
ea_agility_ladder_advancing_laterally_switching_base,Agility Ladder Advancing Laterally Switching Base,Координационная лестница: боковое перемещение со сменой опорной ноги,agility_ladder,Agility Ladder,0,0,beginner,10,True,True,5,0,,exercises/men/Calisthenics-Cardio-Plyo-Functional/Agility Ladder Advancing Laterally Switching Base.mp4,exercises/girl/Calisthenics-Cardio-Plyo-Functional/Agility Ladder Advancing Laterally Switching Base.mp4,assets/posters/men/ea_agility_ladder_advancing_laterally_switching_base.jpg,assets/posters/girl/ea_agility_ladder_advancing_laterally_switching_base.jpg,,False,False,Calisthenics-Cardio-Plyo-Functional,False,True,True,1,1,NO_CONTRAINDICATION_TAGS;NO_MUSCLES;NO_PRIMARY_MUSCLES
ea_agility_ladder_in_in_out_out,Agility Ladder in in Out Out,"Координационная лестница: «внутрь-внутрь, наружу-наружу»",agility_ladder,Agility Ladder,0,0,beginner,10,True,True,5,0,,exercises/men/Calisthenics-Cardio-Plyo-Functional/Agility Ladder In In Out Out.mp4,exercises/girl/Calisthenics-Cardio-Plyo-Functional/Agility Ladder in in Out Out.mp4,assets/posters/men/ea_agility_ladder_in_in_out_out.jpg,assets/posters/girl/ea_agility_ladder_in_in_out_out.jpg,,False,False,Calisthenics-Cardio-Plyo-Functional,False,True,True,1,1,NO_CONTRAINDICATION_TAGS;NO_MUSCLES;NO_PRIMARY_MUSCLES
ea_agility_ladder_in_in_out_out_moving_laterally,Agility Ladder in in Out Out Moving Laterally,"Координационная лестница: «внутрь-внутрь, наружу-наружу» с боковым перемещением",agility_ladder,Agility Ladder,0,0,beginner,10,True,True,5,0,,exercises/men/Calisthenics-Cardio-Plyo-Functional/Agility Ladder In In Out Out Moving Laterally.mp4,exercises/girl/Calisthenics-Cardio-Plyo-Functional/Agility Ladder in in Out Out Moving Laterally.mp4,assets/posters/men/ea_agility_ladder_in_in_out_out_moving_laterally.jpg,assets/posters/girl/ea_agility_ladder_in_in_out_out_moving_laterally.jpg,,False,False,Calisthenics-Cardio-Plyo-Functional,False,True,True,1,1,NO_CONTRAINDICATION_TAGS;NO_MUSCLES;NO_PRIMARY_MUSCLES
ea_agility_ladder_in_in_out_out_with_knee_lift,Agility Ladder in in Out Out with Knee Lift,"Координационная лестница: «внутрь-внутрь, наружу-наружу» с подъёмом коленей",agility_ladder,Agility Ladder,0,0,beginner,10,True,True,5,0,,exercises/men/Calisthenics-Cardio-Plyo-Functional/Agility Ladder In In Out Out With Knee Lift.mp4,exercises/girl/Calisthenics-Cardio-Plyo-Functional/Agility Ladder in in Out Out With Knee Lift.mp4,assets/posters/men/ea_agility_ladder_in_in_out_out_with_knee_lift.jpg,assets/posters/girl/ea_agility_ladder_in_in_out_out_with_knee_lift.jpg,,False,False,Calisthenics-Cardio-Plyo-Functional,False,True,True,1,1,NO_CONTRAINDICATION_TAGS;NO_MUSCLES;NO_PRIMARY_MUSCLES
ea_agility_ladder_lateral_movement_in_in_out,Agility Ladder Lateral Movement in in Out,"Координационная лестница: боковое перемещение «внутрь-внутрь, наружу»",agility_ladder,Agility Ladder,0,0,beginner,10,True,True,5,0,,exercises/men/Calisthenics-Cardio-Plyo-Functional/Agility Ladder Lateral Movement In In Out.mp4,exercises/girl/Calisthenics-Cardio-Plyo-Functional/Agility Ladder Lateral Movement in in Out.mp4,assets/posters/men/ea_agility_ladder_lateral_movement_in_in_out.jpg,assets/posters/girl/ea_agility_ladder_lateral_movement_in_in_out.jpg,,False,False,Calisthenics-Cardio-Plyo-Functional,False,True,True,1,1,NO_CONTRAINDICATION_TAGS;NO_MUSCLES;NO_PRIMARY_MUSCLES
ea_agility_ladder_lateral_movement_with_double_hop,Agility Ladder Lateral Movement with Double Hop,Координационная лестница: боковое перемещение с двойным прыжком,agility_ladder,Agility Ladder,0,0,beginner,10,True,True,5,2,ankle|knee,exercises/men/Calisthenics-Cardio-Plyo-Functional/Agility Ladder Lateral Movement With Double Hop.mp4,exercises/girl/Calisthenics-Cardio-Plyo-Functional/Agility Ladder Lateral Movement With Double Hop.mp4,assets/posters/men/ea_agility_ladder_lateral_movement_with_double_hop.jpg,assets/posters/girl/ea_agility_ladder_lateral_movement_with_double_hop.jpg,,False,False,Calisthenics-Cardio-Plyo-Functional,False,True,True,1,1,NO_MUSCLES;NO_PRIMARY_MUSCLES
ea_agility_ladder_skipping_1_touch,Agility Ladder Skipping 1 Touch,Координационная лестница: перешагивания с одним касанием,agility_ladder,Agility Ladder,0,0,beginner,10,True,True,5,0,,exercises/men/Calisthenics-Cardio-Plyo-Functional/Agility Ladder Skipping 1 Touch.mp4,exercises/girl/Calisthenics-Cardio-Plyo-Functional/Agility Ladder Skipping 1 Touch.mp4,assets/posters/men/ea_agility_ladder_skipping_1_touch.jpg,assets/posters/girl/ea_agility_ladder_skipping_1_touch.jpg,,False,False,Calisthenics-Cardio-Plyo-Functional,False,True,True,1,1,NO_CONTRAINDICATION_TAGS;NO_MUSCLES;NO_PRIMARY_MUSCLES
ea_agility_ladder_skipping_2_touches,Agility Ladder Skipping 2 Touches,Координационная лестница: перешагивания с двумя касаниями,agility_ladder,Agility Ladder,0,0,beginner,10,True,True,5,0,,exercises/men/Calisthenics-Cardio-Plyo-Functional/Agility Ladder Skipping 2 Touches.mp4,exercises/girl/Calisthenics-Cardio-Plyo-Functional/Agility Ladder Skipping 2 Touches.mp4,assets/posters/men/ea_agility_ladder_skipping_2_touches.jpg,assets/posters/girl/ea_agility_ladder_skipping_2_touches.jpg,,False,False,Calisthenics-Cardio-Plyo-Functional,False,True,True,1,1,NO_CONTRAINDICATION_TAGS;NO_MUSCLES;NO_PRIMARY_MUSCLES
ea_air_bike,Air Bike,Скручивания «велосипед»,,None,3,1,beginner,10,False,False,4,0,,,exercises/girl/Abdominals/air bike.mp4,,assets/posters/girl/ea_air_bike.jpg,,False,False,Abdominals,False,True,True,3,1,NO_EQUIPMENT_ID;NO_CONTRAINDICATION_TAGS;NO_PURPOSE;NO_MALE_CLIP;SHARED_SUMMARY
ea_air_bike_version_2,Air Bike (version 2),Скручивания «велосипед» (вариант 2),,None,3,1,beginner,10,False,False,4,0,,,exercises/girl/Abdominals/Air Bike (VERSION 2).mp4,,assets/posters/girl/ea_air_bike_version_2.jpg,,False,False,Abdominals,False,True,True,3,1,NO_EQUIPMENT_ID;NO_CONTRAINDICATION_TAGS;NO_PURPOSE;NO_MALE_CLIP;SHARED_SUMMARY
ea_air_bike_crunch,Air Bike Crunch,Скручивания «велосипед»,,None,3,1,beginner,10,False,False,4,2,lower_back|neck,exercises/men/Abdominals/air bike crunch.mp4,,assets/posters/men/ea_air_bike_crunch.jpg,,situp,True,False,Abdominals,False,True,True,3,1,NO_EQUIPMENT_ID;NO_PURPOSE;NO_FEMALE_CLIP;SHARED_SUMMARY
ea_air_punches_march,Air Punches March,Марш с ударами руками,,None,6,3,beginner,10,False,False,4,1,lower_back,exercises/men/Calisthenics-Cardio-Plyo-Functional/Air punches March.mp4,,assets/posters/men/ea_air_punches_march.jpg,,,False,False,Calisthenics-Cardio-Plyo-Functional,False,True,True,6,1,NO_EQUIPMENT_ID;NO_PURPOSE;NO_FEMALE_CLIP;SHARED_SUMMARY
ea_air_swing_running,Air Swing Running,Махи руками в беге,outdoor_air_walker,Dip Bars,0,0,beginner,10,True,True,5,4,ankle|hip|knee|lower_back,exercises/men/Calisthenics-Cardio-Plyo-Functional/Air Swing Running.mp4,exercises/girl/Calisthenics-Cardio-Plyo-Functional/Air Swing Running.mp4,assets/posters/men/ea_air_swing_running.jpg,assets/posters/girl/ea_air_swing_running.jpg,hinge,True,False,Calisthenics-Cardio-Plyo-Functional,False,True,True,1,1,NO_MUSCLES;NO_PRIMARY_MUSCLES
ea_air_swing_side_to_side_swing,Air Swing Side to Side Swing,Махи руками из стороны в сторону,outdoor_air_walker,Dip Bars,0,0,beginner,10,True,True,5,2,hip|lower_back,exercises/men/Calisthenics-Cardio-Plyo-Functional/Air Swing Side To Side Swing.mp4,exercises/girl/Calisthenics-Cardio-Plyo-Functional/Air Swing Side To Side Swing.mp4,assets/posters/men/ea_air_swing_side_to_side_swing.jpg,assets/posters/girl/ea_air_swing_side_to_side_swing.jpg,hinge,True,False,Calisthenics-Cardio-Plyo-Functional,False,True,True,1,1,NO_MUSCLES;NO_PRIMARY_MUSCLES
ea_air_swing_walking,Air Swing Walking,Махи руками в ходьбе,outdoor_air_walker,Dip Bars,0,0,beginner,10,True,True,5,2,hip|lower_back,exercises/men/Calisthenics-Cardio-Plyo-Functional/Air Swing Walking.mp4,exercises/girl/Calisthenics-Cardio-Plyo-Functional/Air Swing Walking.mp4,assets/posters/men/ea_air_swing_walking.jpg,assets/posters/girl/ea_air_swing_walking.jpg,hinge,True,False,Calisthenics-Cardio-Plyo-Functional,False,True,True,1,1,NO_MUSCLES;NO_PRIMARY_MUSCLES
ea_air_twisting_crunch,Air Twisting Crunch,Скручивания с поворотом,,None,3,1,beginner,10,False,False,4,2,lower_back|neck,exercises/men/Abdominals/air twisting crunch.mp4,exercises/girl/Abdominals/air twisting crunch.mp4,assets/posters/men/ea_air_twisting_crunch.jpg,assets/posters/girl/ea_air_twisting_crunch.jpg,situp,True,False,Abdominals,False,True,True,1,1,NO_EQUIPMENT_ID;NO_PURPOSE
ea_all_fours_quad_stretch,All Fours Quad Stretch,Растяжка квадрицепса на четвереньках,,None,2,1,beginner,10,False,False,4,0,,exercises/men/Stretching - Mobility/All fours quad stretch.mp4,exercises/girl/Stretching - Mobility/ALL FOURS QUAD STRETCH.mp4,assets/posters/men/ea_all_fours_quad_stretch.jpg,assets/posters/girl/ea_all_fours_quad_stretch.jpg,,False,True,Stretching - Mobility,False,True,True,1,1,NO_EQUIPMENT_ID;NO_CONTRAINDICATION_TAGS;NO_PURPOSE
ea_alternate_arm_leg_plank,Alternate Arm Leg Plank,Планка с попеременным подъёмом руки и ноги,,None,3,2,beginner,10,False,False,4,2,elbow|wrist,exercises/men/Abdominals/Alternate Arm Leg Plank.mp4,,assets/posters/men/ea_alternate_arm_leg_plank.jpg,,pushup,True,False,Abdominals,False,True,True,4,1,NO_EQUIPMENT_ID;NO_PURPOSE;NO_FEMALE_CLIP;SHARED_SUMMARY
ea_alternate_arm_leg_plank_hold,Alternate Arm Leg Plank Hold,Планка с попеременным удержанием руки и ноги,,None,3,2,beginner,10,False,False,4,2,elbow|wrist,exercises/men/Abdominals/alternate arm leg plank hold.mp4,,assets/posters/men/ea_alternate_arm_leg_plank_hold.jpg,,pushup,True,False,Abdominals,False,True,True,2,1,NO_EQUIPMENT_ID;NO_PURPOSE;NO_FEMALE_CLIP;SHARED_SUMMARY
ea_alternate_arm_leg_plank_rest_pause,Alternate Arm Leg Plank Rest Pause,Планка с попеременным подъёмом руки и ноги с паузой,,None,2,1,beginner,10,False,False,4,2,elbow|wrist,exercises/men/Abdominals/alternate arm leg plank rest pause.mp4,,assets/posters/men/ea_alternate_arm_leg_plank_rest_pause.jpg,,pushup,True,False,Abdominals,False,True,True,2,1,NO_EQUIPMENT_ID;NO_PURPOSE;NO_FEMALE_CLIP;SHARED_SUMMARY
ea_alternate_biceps_curl_resistance_band,Alternate Biceps Curl Resistance Band,Попеременное сгибание на бицепс с резиновой лентой,resistance_bands,Resistance Band,1,0,beginner,10,True,True,5,1,elbow,exercises/men/Biceps/alternate biceps curl resistance band.mp4,exercises/girl/Biceps/Alternate Biceps Curl Resistance Band.mp4,assets/posters/men/ea_alternate_biceps_curl_resistance_band.jpg,assets/posters/girl/ea_alternate_biceps_curl_resistance_band.jpg,curl,True,False,Biceps,False,True,True,1,1,NO_PRIMARY_MUSCLES
ea_alternate_biceps_curl_standing_dumbbells,Alternate Biceps Curl Standing Dumbbells,Попеременное сгибание на бицепс стоя с гантелями,dumbbell,Dumbbells,1,0,beginner,10,True,True,5,1,elbow,exercises/men/Biceps/Alternate biceps curl standing dumbbells.mp4,exercises/girl/Biceps/Alternate Biceps Curl Standing Dumbbells.mp4,assets/posters/men/ea_alternate_biceps_curl_standing_dumbbells.jpg,assets/posters/girl/ea_alternate_biceps_curl_standing_dumbbells.jpg,curl,True,False,Biceps,False,True,True,1,1,NO_PRIMARY_MUSCLES
ea_alternate_front_kick_in_place,Alternate Front Kick in Place,Попеременные удары ногой вперёд на месте,,None,4,2,beginner,10,False,False,4,1,lower_back,,exercises/girl/Calisthenics-Cardio-Plyo-Functional/alternate front kick in place.mp4,,assets/posters/girl/ea_alternate_front_kick_in_place.jpg,,False,False,Calisthenics-Cardio-Plyo-Functional,False,True,True,1,1,NO_EQUIPMENT_ID;NO_PURPOSE;NO_MALE_CLIP
ea_alternate_hammer_curl_standing_dumbbells,Alternate Hammer Curl Standing Dumbbells,Попеременное молотковое сгибание стоя с гантелями,dumbbell,Dumbbells,2,1,beginner,10,False,False,4,1,elbow,exercises/men/Biceps/Alternate hammer curl standing dumbbells.mp4,exercises/girl/Biceps/Alternate Hammer Curl Standing Dumbbells.mp4,assets/posters/men/ea_alternate_hammer_curl_standing_dumbbells.jpg,assets/posters/girl/ea_alternate_hammer_curl_standing_dumbbells.jpg,curl,True,False,Biceps,False,True,True,1,1,NO_PURPOSE
ea_alternate_heel_touch_side_kick_squat,Alternate Heel Touch Side Kick Squat,Присед с попеременным касанием пятки и боковым махом ногой,,None,3,2,beginner,10,False,False,3,3,ankle|hip|knee,exercises/men/Legs/alternate heel touch side kick squat.mp4,,assets/posters/men/ea_alternate_heel_touch_side_kick_squat.jpg,,,False,False,Legs,False,True,True,2,1,NO_EQUIPMENT_ID;NO_PURPOSE;NO_FEMALE_CLIP;SHARED_SUMMARY
ea_alternate_heel_touches,Alternate Heel Touches,Попеременные касания пяток,,None,2,1,beginner,10,False,False,3,0,,exercises/men/Abdominals/Alternate heel touches.mp4,,assets/posters/men/ea_alternate_heel_touches.jpg,,,False,False,Abdominals,False,True,True,1,1,NO_EQUIPMENT_ID;NO_CONTRAINDICATION_TAGS;NO_PURPOSE;NO_FEMALE_CLIP
ea_alternate_leg_pull,Alternate Leg Pull,Попеременное подтягивание ног,,None,3,2,beginner,10,False,False,4,1,lower_back,exercises/men/Abdominals/Alternate leg pull.mp4,exercises/girl/Abdominals/Alternate Leg Pull.mp4,assets/posters/men/ea_alternate_leg_pull.jpg,assets/posters/girl/ea_alternate_leg_pull.jpg,,False,False,Abdominals,False,True,True,1,1,NO_EQUIPMENT_ID;NO_PURPOSE
ea_alternate_leg_raise,Alternate Leg Raise,Попеременный подъём ног,,None,3,2,beginner,10,False,False,4,1,lower_back,exercises/men/Abdominals/Alternate leg raise.mp4,exercises/girl/Abdominals/Alternate Leg Raise.mp4,assets/posters/men/ea_alternate_leg_raise.jpg,assets/posters/girl/ea_alternate_leg_raise.jpg,,False,False,Abdominals,False,True,True,2,1,NO_EQUIPMENT_ID;NO_PURPOSE;SHARED_SUMMARY
ea_alternate_leg_raise_from_reverse_plank_position,Alternate Leg Raise From Reverse Plank Position,Попеременный подъём ног из обратной планки,,None,5,3,beginner,10,False,False,3,3,elbow|lower_back|wrist,exercises/men/Abdominals/Alternate leg raise from reverse plank position.mp4,exercises/girl/Abdominals/Alternate Leg Raise from Reverse Plank Position.mp4,assets/posters/men/ea_alternate_leg_raise_from_reverse_plank_position.jpg,assets/posters/girl/ea_alternate_leg_raise_from_reverse_plank_position.jpg,pushup,True,False,Abdominals,False,True,True,1,1,NO_EQUIPMENT_ID;NO_PURPOSE
ea_alternate_leg_raise_with_head_up,Alternate Leg Raise with Head Up,Попеременный подъём ног с поднятой головой,,None,3,3,beginner,10,False,False,4,1,lower_back,exercises/men/Abdominals/Alternate leg raise with head up.mp4,exercises/girl/Abdominals/Alternate Leg Raise with Head Up.mp4,assets/posters/men/ea_alternate_leg_raise_with_head_up.jpg,assets/posters/girl/ea_alternate_leg_raise_with_head_up.jpg,,False,False,Abdominals,False,True,True,2,1,NO_EQUIPMENT_ID;NO_PURPOSE;SHARED_SUMMARY
ea_alternate_lying_floor_leg_raise,Alternate Lying Floor Leg Raise,Попеременный подъём ног лёжа на полу,,None,3,3,beginner,10,False,False,4,1,lower_back,exercises/men/Abdominals/Alternate lying floor leg raise.mp4,exercises/girl/Abdominals/Alternate Lying Floor Leg Raise.mp4,assets/posters/men/ea_alternate_lying_floor_leg_raise.jpg,assets/posters/girl/ea_alternate_lying_floor_leg_raise.jpg,,False,False,Abdominals,False,True,True,1,1,NO_EQUIPMENT_ID;NO_PURPOSE
ea_alternate_oblique_crunch,Alternate Oblique Crunch,Попеременные косые скручивания,,None,1,1,beginner,10,False,False,4,2,lower_back|neck,exercises/men/Abdominals/Alternate oblique crunch.mp4,exercises/girl/Abdominals/Alternate Oblique Crunch.mp4,assets/posters/men/ea_alternate_oblique_crunch.jpg,assets/posters/girl/ea_alternate_oblique_crunch.jpg,situp,True,False,Abdominals,False,True,True,1,1,NO_EQUIPMENT_ID;NO_PURPOSE
ea_alternate_punching,Alternate Punching,Попеременные удары руками,,None,4,3,beginner,10,False,False,4,0,,exercises/men/Calisthenics-Cardio-Plyo-Functional/alternate punching.mp4,exercises/girl/Calisthenics-Cardio-Plyo-Functional/Alternate Punching.mp4,assets/posters/men/ea_alternate_punching.jpg,assets/posters/girl/ea_alternate_punching.jpg,,False,False,Calisthenics-Cardio-Plyo-Functional,False,True,True,1,1,NO_EQUIPMENT_ID;NO_CONTRAINDICATION_TAGS;NO_PURPOSE
ea_alternate_single_leg_raises_plank,Alternate Single Leg Raises Plank,Планка с попеременным подъёмом одной ноги,,None,3,1,beginner,10,False,False,4,3,elbow|hip|wrist,exercises/men/Abdominals/alternate single leg raises plank.mp4,exercises/girl/Legs/Alternate Single Leg Raise Plank.mp4,assets/posters/men/ea_alternate_single_leg_raises_plank.jpg,assets/posters/girl/ea_alternate_single_leg_raises_plank.jpg,pushup,True,False,Legs,False,True,True,4,1,NO_EQUIPMENT_ID;NO_PURPOSE;SHARED_SUMMARY
ea_alternate_sprinter_lunge,Alternate Sprinter Lunge,Попеременные выпады спринтера,,None,5,3,beginner,10,False,False,4,2,hip|knee,exercises/men/Yoga/Alternate sprinter lunge.mp4,exercises/girl/Yoga/Alternate Sprinter Lunge.mp4,assets/posters/men/ea_alternate_sprinter_lunge.jpg,assets/posters/girl/ea_alternate_sprinter_lunge.jpg,lunge,True,True,Yoga,False,True,True,1,1,NO_EQUIPMENT_ID;NO_PURPOSE
ea_alternate_superman,Alternate Superman,Попеременный Супермен,,None,3,1,beginner,10,False,False,4,1,lower_back,exercises/men/Back/alternate superman.mp4,,assets/posters/men/ea_alternate_superman.jpg,,,False,False,Back,False,True,True,1,1,NO_EQUIPMENT_ID;NO_PURPOSE;NO_FEMALE_CLIP
ea_alternate_toe_tap_leg_lift,Alternate Toe Tap Leg Lift,Попеременное касание носком с подъемом ноги,,None,3,3,beginner,10,False,False,4,1,lower_back,exercises/men/Abdominals/Alternate toe tap leg lift.mp4,exercises/girl/Abdominals/Alternate Toe Tap Leg Lift.mp4,assets/posters/men/ea_alternate_toe_tap_leg_lift.jpg,assets/posters/girl/ea_alternate_toe_tap_leg_lift.jpg,,False,False,Abdominals,False,True,True,1,1,NO_EQUIPMENT_ID;NO_PURPOSE
ea_alternating_biceps_curl_seated_dumbbells,Alternating Biceps Curl Seated Dumbbells,Попеременное сгибание на бицепс сидя с гантелями,bench_press,Dumbbells,2,1,beginner,10,False,False,4,1,elbow,exercises/men/Biceps/alternating biceps curl seated dumbbells.mp4,exercises/girl/Biceps/Alternating Biceps Curl Seated Dumbbells.mp4,assets/posters/men/ea_alternating_biceps_curl_seated_dumbbells.jpg,assets/posters/girl/ea_alternating_biceps_curl_seated_dumbbells.jpg,,False,False,Biceps,False,True,True,1,1,NO_PURPOSE
ea_alternating_biceps_hammer_curl_resistance_band,Alternating Biceps Hammer Curl Resistance Band,Попеременное сгибание на бицепс молотковым хватом с резиновой лентой,resistance_bands,Resistance Band,2,1,beginner,10,False,False,4,1,elbow,exercises/men/Biceps/Alternating biceps hammer curl resistance band.mp4,exercises/girl/Biceps/Alternating Biceps Hammer Curl Resistance Band.mp4,assets/posters/men/ea_alternating_biceps_hammer_curl_resistance_band.jpg,assets/posters/girl/ea_alternating_biceps_hammer_curl_resistance_band.jpg,curl,True,False,Biceps,False,True,True,1,1,NO_PURPOSE
ea_alternating_hamstring_curl,Alternating Hamstring Curl,Попеременное сгибание ног на бицепс бедра,,none,3,1,beginner,10,False,False,4,0,,exercises/men/Calisthenics-Cardio-Plyo-Functional/Alternating Hamstring Curl.mp4,,assets/posters/men/ea_alternating_hamstring_curl.jpg,,curl,True,False,Calisthenics-Cardio-Plyo-Functional,False,True,True,1,1,NO_EQUIPMENT_ID;NO_CONTRAINDICATION_TAGS;NO_PURPOSE;NO_FEMALE_CLIP
ea_alternating_hamstring_curl_with_punch,Alternating Hamstring Curl with Punch,Попеременное сгибание ног на бицепс бедра с ударом,,None,7,3,beginner,10,False,False,4,0,,exercises/men/Calisthenics-Cardio-Plyo-Functional/Alternating hamstring curl with punch.mp4,exercises/girl/Calisthenics-Cardio-Plyo-Functional/Alternating Hamstring Curl with Punch.mp4,assets/posters/men/ea_alternating_hamstring_curl_with_punch.jpg,assets/posters/girl/ea_alternating_hamstring_curl_with_punch.jpg,curl,True,False,Calisthenics-Cardio-Plyo-Functional,False,True,True,1,1,NO_EQUIPMENT_ID;NO_CONTRAINDICATION_TAGS;NO_PURPOSE
ea_alternating_leg_downward_dog,Alternating Leg Downward Dog,Попеременное поднятие ног в позе собаки мордой вниз,,None,4,3,beginner,10,False,False,4,1,wrist,exercises/men/Yoga/Alternating leg downward dog.mp4,exercises/girl/Yoga/Alternating Leg Downward Dog.mp4,assets/posters/men/ea_alternating_leg_downward_dog.jpg,assets/posters/girl/ea_alternating_leg_downward_dog.jpg,,False,True,Yoga,False,True,True,1,1,NO_EQUIPMENT_ID;NO_PURPOSE
ea_alternating_leg_lifts,Alternating Leg Lifts,Попеременные подъёмы ног,,None,3,3,beginner,10,False,False,3,1,lower_back,exercises/men/Abdominals/Alternating Leg Lifts.mp4,exercises/girl/Abdominals/Alternating Leg Lifts.mp4,assets/posters/men/ea_alternating_leg_lifts.jpg,assets/posters/girl/ea_alternating_leg_lifts.jpg,,False,False,Abdominals,False,True,True,1,1,NO_EQUIPMENT_ID;NO_PURPOSE
ea_alternating_lunge_with_rotation,Alternating Lunge with Rotation,Попеременный выпад с поворотом,,None (Bodyweight),6,3,beginner,10,False,False,4,2,hip|knee,exercises/men/Yoga/Alternating Lunge with Rotation.mp4,,assets/posters/men/ea_alternating_lunge_with_rotation.jpg,,lunge,True,True,Yoga,False,True,True,4,1,NO_EQUIPMENT_ID;NO_PURPOSE;NO_FEMALE_CLIP;SHARED_SUMMARY
ea_alternating_oblique_sit_ups,Alternating Oblique Sit-ups,Попеременные косые скручивания,,None,2,1,beginner,10,False,False,4,2,lower_back|neck,exercises/men/Abdominals/Alternating Oblique Sit-Ups.mp4,exercises/girl/Abdominals/Alternating Oblique Sit-Ups.mp4,assets/posters/men/ea_alternating_oblique_sit_ups.jpg,assets/posters/girl/ea_alternating_oblique_sit_ups.jpg,situp,True,False,Abdominals,False,True,True,1,1,NO_EQUIPMENT_ID;NO_PURPOSE
ea_alternating_plank_lunge,Alternating Plank Lunge,Попеременный выпад из планки,,None (Bodyweight),4,2,beginner,10,False,False,4,4,elbow|hip|knee|wrist,exercises/men/Abdominals/Alternating Plank Lunge.mp4,exercises/girl/Abdominals/Alternating Plank Lunge.mp4,assets/posters/men/ea_alternating_plank_lunge.jpg,assets/posters/girl/ea_alternating_plank_lunge.jpg,,False,False,Abdominals,False,True,True,4,1,NO_EQUIPMENT_ID;NO_PURPOSE;SHARED_SUMMARY
ea_alternating_step_out,Alternating Step Out,Попеременные шаги в сторону,,None,3,2,beginner,10,False,False,4,1,knee,exercises/men/Legs/Alternating step out.mp4,exercises/girl/Legs/Alternating Step Out.mp4,assets/posters/men/ea_alternating_step_out.jpg,assets/posters/girl/ea_alternating_step_out.jpg,,False,False,Legs,False,True,True,1,1,NO_EQUIPMENT_ID;NO_PURPOSE
ea_alternating_superman,Alternating Superman,Попеременный Супермен,,None,3,1,beginner,10,False,False,4,1,lower_back,,exercises/girl/Back/Alternating Superman.mp4,,assets/posters/girl/ea_alternating_superman.jpg,,False,False,Back,False,True,True,1,1,NO_EQUIPMENT_ID;NO_PURPOSE;NO_MALE_CLIP
ea_alternating_toe_tap,Alternating Toe Tap,Попеременное касание носком,,None,4,3,beginner,10,False,False,4,1,lower_back,exercises/men/Abdominals/Alternating Toe Tap.mp4,exercises/girl/Abdominals/Alternating Toe Tap.mp4,assets/posters/men/ea_alternating_toe_tap.jpg,assets/posters/girl/ea_alternating_toe_tap.jpg,,False,False,Abdominals,False,True,True,1,1,NO_EQUIPMENT_ID;NO_PURPOSE
ea_ankle_circles,Ankle Circles,Вращения голеностопом,,None,1,1,beginner,10,False,False,4,0,,exercises/men/Calisthenics-Cardio-Plyo-Functional/Ankle circles.mp4,exercises/girl/Legs/Ankle Circles.mp4,assets/posters/men/ea_ankle_circles.jpg,assets/posters/girl/ea_ankle_circles.jpg,,False,False,Legs,False,True,True,1,1,NO_EQUIPMENT_ID;NO_CONTRAINDICATION_TAGS;NO_PURPOSE
ea_ankle_dorsal_flexion,Ankle Dorsal Flexion,Тыльное сгибание голеностопа,,None,1,0,beginner,10,False,False,3,0,,exercises/men/Calisthenics-Cardio-Plyo-Functional/ankle dorsal flexion.mp4,exercises/girl/Legs/Ankle - Dorsal Flexion.mp4,assets/posters/men/ea_ankle_dorsal_flexion.jpg,assets/posters/girl/ea_ankle_dorsal_flexion.jpg,,False,False,Legs,False,True,True,2,1,NO_EQUIPMENT_ID;NO_CONTRAINDICATION_TAGS;NO_PRIMARY_MUSCLES;NO_PURPOSE;SHARED_SUMMARY
ea_ankle_plantar_flexion,Ankle Plantar Flexion,Подошвенное сгибание голеностопа,,None,1,1,beginner,10,False,False,3,0,,exercises/men/Calisthenics-Cardio-Plyo-Functional/ankle plantar flexion.mp4,exercises/girl/Legs/Ankle - Plantar Flexion.mp4,assets/posters/men/ea_ankle_plantar_flexion.jpg,assets/posters/girl/ea_ankle_plantar_flexion.jpg,,False,False,Legs,False,True,True,2,1,NO_EQUIPMENT_ID;NO_CONTRAINDICATION_TAGS;NO_PURPOSE;SHARED_SUMMARY
ea_ankle_pumps,Ankle Pumps,Помпы голеностопом,,None (Bodyweight),1,0,beginner,10,True,True,5,0,,exercises/men/Legs/Ankle Pumps.mp4,exercises/girl/Legs/Ankle Pumps.mp4,assets/posters/men/ea_ankle_pumps.jpg,assets/posters/girl/ea_ankle_pumps.jpg,,False,False,Legs,False,True,True,1,1,NO_EQUIPMENT_ID;NO_CONTRAINDICATION_TAGS;NO_PRIMARY_MUSCLES
ea_archer_pull_up,Archer Pull Up,Подтягивания лучника,pullup_bar,Pull Up Bar,4,2,beginner,10,False,False,4,2,elbow|shoulder,exercises/men/Back/Archer pull up.mp4,,assets/posters/men/ea_archer_pull_up.jpg,,,False,False,Back,False,True,True,1,1,NO_PURPOSE;NO_FEMALE_CLIP
ea_archer_push_up,Archer Push Up,Отжимания лучника,,None,4,2,beginner,10,False,False,4,3,elbow|shoulder|wrist,exercises/men/Chest/Archer push up.mp4,exercises/girl/Chest/Archer Push up.mp4,assets/posters/men/ea_archer_push_up.jpg,assets/posters/girl/ea_archer_push_up.jpg,pushup,True,False,Chest,False,True,True,1,1,NO_EQUIPMENT_ID;NO_PURPOSE
ea_archer_step_back,Archer Step Back,Выпад лучника назад,,None,6,4,beginner,10,False,False,4,1,knee,exercises/men/Yoga/Archer step back.mp4,,assets/posters/men/ea_archer_step_back.jpg,,,False,True,Yoga,False,True,True,6,2,NO_EQUIPMENT_ID;NO_PURPOSE;NO_FEMALE_CLIP;SHARED_SUMMARY;SHARED_STEPS
ea_archer_stepback,Archer Stepback,Выпад лучника назад,,None,6,4,beginner,10,False,False,4,0,,,exercises/girl/Yoga/Archer Stepback.mp4,,assets/posters/girl/ea_archer_stepback.jpg,,False,True,Yoga,False,True,True,6,2,NO_EQUIPMENT_ID;NO_CONTRAINDICATION_TAGS;NO_PURPOSE;NO_MALE_CLIP;SHARED_SUMMARY;SHARED_STEPS
ea_arm_circle,Arm Circle,Круговые вращения руками,,None,2,1,beginner,10,False,False,3,0,,exercises/men/Shoulders/arm circle.mp4,,assets/posters/men/ea_arm_circle.jpg,,,False,False,Shoulders,False,True,True,2,1,NO_EQUIPMENT_ID;NO_CONTRAINDICATION_TAGS;NO_PURPOSE;NO_FEMALE_CLIP;SHARED_SUMMARY
ea_arm_circles_backward,Arm Circles Backward,Круговые вращения руками назад,,None,2,1,beginner,10,False,False,3,0,,exercises/men/Shoulders/Arm circles backward.mp4,,assets/posters/men/ea_arm_circles_backward.jpg,,,False,False,Shoulders,False,True,True,2,1,NO_EQUIPMENT_ID;NO_CONTRAINDICATION_TAGS;NO_PURPOSE;NO_FEMALE_CLIP;SHARED_SUMMARY
ea_arm_crossover,Arm Crossover,Скрещивание рук,,None,3,2,beginner,10,False,False,4,0,,exercises/men/Calisthenics-Cardio-Plyo-Functional/Arm crossover.mp4,,assets/posters/men/ea_arm_crossover.jpg,,,False,False,Calisthenics-Cardio-Plyo-Functional,False,True,True,1,1,NO_EQUIPMENT_ID;NO_CONTRAINDICATION_TAGS;NO_PURPOSE;NO_FEMALE_CLIP
ea_arm_crossover_chest_out,Arm Crossover Chest Out,Скрещивание рук с выведением груди вперёд,,None,3,2,beginner,10,False,False,4,0,,exercises/men/Calisthenics-Cardio-Plyo-Functional/Arm crossover chest out.mp4,,assets/posters/men/ea_arm_crossover_chest_out.jpg,,,False,False,Calisthenics-Cardio-Plyo-Functional,False,True,True,2,1,NO_EQUIPMENT_ID;NO_CONTRAINDICATION_TAGS;NO_PURPOSE;NO_FEMALE_CLIP;SHARED_SUMMARY
ea_arm_double_crossover,Arm Double Crossover,Двойное скрещивание рук,,None,3,2,beginner,10,False,False,4,0,,exercises/men/Calisthenics-Cardio-Plyo-Functional/Arm double crossover.mp4,,assets/posters/men/ea_arm_double_crossover.jpg,,,False,False,Calisthenics-Cardio-Plyo-Functional,False,True,True,2,1,NO_EQUIPMENT_ID;NO_CONTRAINDICATION_TAGS;NO_PURPOSE;NO_FEMALE_CLIP;SHARED_SUMMARY
ea_arm_pulses,Arm Pulses,Пульсации руками,,None,2,1,beginner,10,False,False,4,0,,exercises/men/Calisthenics-Cardio-Plyo-Functional/arm pulses.mp4,,assets/posters/men/ea_arm_pulses.jpg,,,False,False,Calisthenics-Cardio-Plyo-Functional,False,True,True,6,1,NO_EQUIPMENT_ID;NO_CONTRAINDICATION_TAGS;NO_PURPOSE;NO_FEMALE_CLIP;SHARED_SUMMARY
ea_arm_pulses_cross,Arm Pulses Cross,Пульсации руками со скрещиванием,,None,2,1,beginner,10,False,False,4,0,,exercises/men/Calisthenics-Cardio-Plyo-Functional/arm pulses cross.mp4,,assets/posters/men/ea_arm_pulses_cross.jpg,,,False,False,Calisthenics-Cardio-Plyo-Functional,False,True,True,6,1,NO_EQUIPMENT_ID;NO_CONTRAINDICATION_TAGS;NO_PURPOSE;NO_FEMALE_CLIP;SHARED_SUMMARY
ea_arm_pulses_palms_downwards,Arm Pulses Palms Downwards,Пульсации руками ладонями вниз,,None,2,1,beginner,10,False,False,3,0,,exercises/men/Calisthenics-Cardio-Plyo-Functional/arm pulses palms downwards.mp4,,assets/posters/men/ea_arm_pulses_palms_downwards.jpg,,,False,False,Calisthenics-Cardio-Plyo-Functional,False,True,True,1,1,NO_EQUIPMENT_ID;NO_CONTRAINDICATION_TAGS;NO_PURPOSE;NO_FEMALE_CLIP
ea_arm_pulses_palms_upwards,Arm Pulses Palms Upwards,Пульсации руками ладонями вверх,,None,2,1,beginner,10,False,False,3,0,,exercises/men/Calisthenics-Cardio-Plyo-Functional/arm pulses palms upwards.mp4,,assets/posters/men/ea_arm_pulses_palms_upwards.jpg,,,False,False,Calisthenics-Cardio-Plyo-Functional,False,True,True,1,1,NO_EQUIPMENT_ID;NO_CONTRAINDICATION_TAGS;NO_PURPOSE;NO_FEMALE_CLIP
ea_arm_rotation_knee_lift,Arm Rotation Knee Lift,Вращение руками с подъёмом колена,,None,4,2,beginner,10,False,False,4,1,lower_back,exercises/men/Abdominals/Arm rotation knee lift.mp4,,assets/posters/men/ea_arm_rotation_knee_lift.jpg,,,False,False,Abdominals,False,True,True,6,1,NO_EQUIPMENT_ID;NO_PURPOSE;NO_FEMALE_CLIP;SHARED_SUMMARY
ea_arm_swing_side_to_side,Arm Swing Side to Side,Махи руками из стороны в сторону,,None,2,1,beginner,10,False,False,4,1,lower_back,exercises/men/Shoulders/arm swing side to side.mp4,,assets/posters/men/ea_arm_swing_side_to_side.jpg,,hinge,True,False,Shoulders,False,True,True,1,1,NO_EQUIPMENT_ID;NO_PURPOSE;NO_FEMALE_CLIP
ea_arm_tuck_side_bend,Arm Tuck Side Bend,Наклон в сторону с заведением руки за спину,,None,2,1,beginner,10,False,False,4,0,,,exercises/girl/Shoulders/Arm Tuck Side Bend.mp4,,assets/posters/girl/ea_arm_tuck_side_bend.jpg,,False,False,Shoulders,False,True,True,1,1,NO_EQUIPMENT_ID;NO_CONTRAINDICATION_TAGS;NO_PURPOSE;NO_MALE_CLIP
ea_armless_prayer_stretch,Armless Prayer Stretch,Растяжка молитвы без рук,adjustable_bench,Bench (flat / adjustable),4,2,beginner,10,False,False,4,1,upper_back,,exercises/girl/Stretching - Mobility/Armless Prayer Stretch.mp4,,assets/posters/girl/ea_armless_prayer_stretch.jpg,,False,True,Stretching - Mobility,False,True,True,1,1,NO_PURPOSE;NO_MALE_CLIP
ea_arms_behind_back_chest_stretch,Arms Behind Back Chest Stretch,Растяжка груди с руками за спиной,,None (Bodyweight),0,0,beginner,10,True,True,5,0,,exercises/men/Stretching - Mobility/Arms Behind Back Chest Stretch.mp4,exercises/girl/Stretching - Mobility/Arms Behind Back Chest Stretch.mp4,assets/posters/men/ea_arms_behind_back_chest_stretch.jpg,assets/posters/girl/ea_arms_behind_back_chest_stretch.jpg,,False,True,Stretching - Mobility,False,True,True,1,1,NO_EQUIPMENT_ID;NO_CONTRAINDICATION_TAGS;NO_MUSCLES;NO_PRIMARY_MUSCLES
ea_arms_behind_back_shoulder_flexor_stretch,Arms Behind Back Shoulder Flexor Stretch,Растяжка сгибателей плеча с руками за спиной,,Yoga Mat,2,1,beginner,10,False,False,3,0,,exercises/men/Shoulders/arms behind back shoulder flexor stretch.mp4,,assets/posters/men/ea_arms_behind_back_shoulder_flexor_stretch.jpg,,,False,False,Shoulders,False,True,True,1,1,NO_EQUIPMENT_ID;NO_CONTRAINDICATION_TAGS;NO_PURPOSE;NO_FEMALE_CLIP
ea_arms_lateral_raise_and_rotation_up,Arms Lateral Raise and Rotation Up,Подъём рук в стороны с вращением вверх,,None (Bodyweight),0,0,beginner,10,True,True,5,3,hip|shoulder|wrist,exercises/men/Calisthenics-Cardio-Plyo-Functional/Arms Lateral Raise And Rotation Up.mp4,exercises/girl/Calisthenics-Cardio-Plyo-Functional/Arms Lateral Raise And Rotation Up.mp4,assets/posters/men/ea_arms_lateral_raise_and_rotation_up.jpg,assets/posters/girl/ea_arms_lateral_raise_and_rotation_up.jpg,,False,False,Calisthenics-Cardio-Plyo-Functional,False,True,True,1,1,NO_EQUIPMENT_ID;NO_MUSCLES;NO_PRIMARY_MUSCLES
ea_arms_up_and_down,Arms Up and Down,Подъёмы и опускания рук,,None,2,1,beginner,10,False,False,3,0,,exercises/men/Calisthenics-Cardio-Plyo-Functional/Arms up and down.mp4,,assets/posters/men/ea_arms_up_and_down.jpg,,,False,False,Calisthenics-Cardio-Plyo-Functional,False,True,True,1,1,NO_EQUIPMENT_ID;NO_CONTRAINDICATION_TAGS;NO_PURPOSE;NO_FEMALE_CLIP
ea_arms_wide_chest_stretch,Arms Wide Chest Stretch,Растяжка груди с широко разведёнными руками,,None (Bodyweight),0,0,beginner,10,True,True,5,0,,exercises/men/Stretching - Mobility/Arms Wide Chest Stretch.mp4,exercises/girl/Stretching - Mobility/Arms Wide Chest Stretch.mp4,assets/posters/men/ea_arms_wide_chest_stretch.jpg,assets/posters/girl/ea_arms_wide_chest_stretch.jpg,,False,True,Stretching - Mobility,False,True,True,2,1,NO_EQUIPMENT_ID;NO_CONTRAINDICATION_TAGS;NO_MUSCLES;NO_PRIMARY_MUSCLES;SHARED_SUMMARY
ea_arnold_press_cable_resistance_band_standing,Arnold Press Cable Resistance Band Standing,Жим Арнольда с резиновой лентой стоя,resistance_bands,Resistance Band,2,1,beginner,10,False,False,4,1,shoulder,exercises/men/Shoulders/arnold press cable resistance band standing.mp4,,assets/posters/men/ea_arnold_press_cable_resistance_band_standing.jpg,,,False,False,Shoulders,False,True,True,1,1,NO_PURPOSE;NO_FEMALE_CLIP
ea_arnold_press_dumbbell,Arnold Press Dumbbell,Жим Арнольда с гантелями,bench_press,Dumbbells,1,0,beginner,10,False,False,4,1,shoulder,exercises/men/Shoulders/arnold press dumbbell.mp4,,assets/posters/men/ea_arnold_press_dumbbell.jpg,,,False,False,Shoulders,False,True,True,1,1,NO_PRIMARY_MUSCLES;NO_PURPOSE;NO_FEMALE_CLIP
ea_around_the_world_superman_hold,Around the World Superman Hold,Супермен с круговыми движениями руками,,None,3,1,beginner,10,False,False,4,1,lower_back,exercises/men/Back/around the world superman hold.mp4,exercises/girl/Back/around the world superman hold.mp4,assets/posters/men/ea_around_the_world_superman_hold.jpg,assets/posters/girl/ea_around_the_world_superman_hold.jpg,,False,False,Back,False,True,True,1,1,NO_EQUIPMENT_ID;NO_PURPOSE
ea_assault_airbike_fast_speed,Assault Airbike Fast Speed,Assault AirBike: высокая скорость,air_bike,Airbike,7,3,beginner,10,False,False,4,0,,exercises/men/Calisthenics-Cardio-Plyo-Functional/Assault AirBike Fast Speed.mp4,exercises/girl/Calisthenics-Cardio-Plyo-Functional/Assault AirBike Fast Speed.mp4,assets/posters/men/ea_assault_airbike_fast_speed.jpg,assets/posters/girl/ea_assault_airbike_fast_speed.jpg,,False,False,Calisthenics-Cardio-Plyo-Functional,False,True,True,2,1,NO_CONTRAINDICATION_TAGS;NO_PURPOSE;SHARED_SUMMARY
ea_assault_airbike_normal_speed,Assault Airbike Normal Speed,Assault AirBike: обычная скорость,air_bike,Airbike,7,3,beginner,10,False,False,4,0,,exercises/men/Calisthenics-Cardio-Plyo-Functional/Assault AirBike Normal Speed.mp4,exercises/girl/Calisthenics-Cardio-Plyo-Functional/Assault AirBike Normal Speed.mp4,assets/posters/men/ea_assault_airbike_normal_speed.jpg,assets/posters/girl/ea_assault_airbike_normal_speed.jpg,,False,False,Calisthenics-Cardio-Plyo-Functional,False,True,True,1,1,NO_CONTRAINDICATION_TAGS;NO_PURPOSE
ea_assault_airbike_sprint_speed,Assault Airbike Sprint Speed,Assault AirBike: спринтерская скорость,air_bike,Airbike,7,3,beginner,10,False,False,4,2,ankle|knee,exercises/men/Calisthenics-Cardio-Plyo-Functional/Assault AirBike Sprint Speed.mp4,exercises/girl/Calisthenics-Cardio-Plyo-Functional/Assault AirBike Sprint Speed.mp4,assets/posters/men/ea_assault_airbike_sprint_speed.jpg,assets/posters/girl/ea_assault_airbike_sprint_speed.jpg,,False,False,Calisthenics-Cardio-Plyo-Functional,False,True,True,2,1,NO_PURPOSE;SHARED_SUMMARY
ea_assisted_bulgarian_split_squat,Assisted Bulgarian Split Squat,Болгарский сплит-присед с поддержкой,barbell,"Box, Barbell",4,2,beginner,10,False,False,4,3,ankle|hip|knee,exercises/men/Legs/Assisted Bulgarian Split Squat.mp4,exercises/girl/Legs/Assisted Bulgarian Split Squat.mp4,assets/posters/men/ea_assisted_bulgarian_split_squat.jpg,assets/posters/girl/ea_assisted_bulgarian_split_squat.jpg,,False,False,Legs,False,True,True,1,1,NO_PURPOSE
ea_assisted_chin_up_normal_width_reverse_grip,Assisted Chin Up Normal Width Reverse Grip,Подтягивания обратным хватом средней ширины с поддержкой,assisted_pullup_machine,Assisted Pull Up Machine,3,1,beginner,10,False,False,4,2,elbow|shoulder,exercises/men/Back/assisted chin up normal width reverse grip.mp4,,assets/posters/men/ea_assisted_chin_up_normal_width_reverse_grip.jpg,,,False,False,Back,False,True,True,1,1,NO_PURPOSE;NO_FEMALE_CLIP
ea_assisted_chin_up_reverse_close_grip,Assisted Chin Up Reverse Close Grip,Подтягивания обратным узким хватом с поддержкой,assisted_pullup_machine,Assisted Pull Up Machine,3,1,beginner,10,False,False,4,2,elbow|shoulder,exercises/men/Back/assisted chin up reverse close grip.mp4,,assets/posters/men/ea_assisted_chin_up_reverse_close_grip.jpg,,,False,False,Back,False,True,True,1,1,NO_PURPOSE;NO_FEMALE_CLIP
ea_assisted_chin_up_reverse_wide_grip,Assisted Chin Up Reverse Wide Grip,Подтягивания обратным широким хватом с поддержкой,assisted_pullup_machine,Assisted Pull Up Machine,3,1,beginner,10,False,False,4,2,elbow|shoulder,exercises/men/Back/assisted chin up reverse wide grip.mp4,,assets/posters/men/ea_assisted_chin_up_reverse_wide_grip.jpg,,,False,False,Back,False,True,True,1,1,NO_PURPOSE;NO_FEMALE_CLIP
ea_assisted_chin_up_on_a_bench,Assisted Chin-up on a Bench,Подтягивания обратным хватом с поддержкой на скамье,pullup_bar,"Bench, Pull Up Bar",3,1,beginner,10,False,False,4,2,elbow|shoulder,,exercises/girl/Back/Assisted Chin-up on a bench.mp4,,assets/posters/girl/ea_assisted_chin_up_on_a_bench.jpg,,False,False,Back,False,True,True,1,1,NO_PURPOSE;NO_MALE_CLIP
ea_assisted_close_grip_underhand_chin_up,Assisted Close Grip Underhand Chin Up,Подтягивания обратным узким хватом с поддержкой,assisted_pullup_machine,Assisted Pull Up Machine,3,1,beginner,10,False,False,4,2,elbow|shoulder,exercises/men/Back/Assisted close grip underhand chin up.mp4,exercises/girl/Back/Assisted Close-grip Underhand Chin-up.mp4,assets/posters/men/ea_assisted_close_grip_underhand_chin_up.jpg,assets/posters/girl/ea_assisted_close_grip_underhand_chin_up.jpg,,False,False,Back,False,True,True,1,1,NO_PURPOSE
ea_assisted_parallel_close_grip_pull_up,Assisted Parallel Close Grip Pull Up,Подтягивания параллельным узким хватом с поддержкой,assisted_pullup_machine,Assisted Pull Up Machine,3,1,beginner,10,False,False,4,2,elbow|shoulder,exercises/men/Back/Assisted parallel close grip pull up.mp4,exercises/girl/Back/Assisted Parallel Close-Grip Pull-up.mp4,assets/posters/men/ea_assisted_parallel_close_grip_pull_up.jpg,assets/posters/girl/ea_assisted_parallel_close_grip_pull_up.jpg,,False,False,Back,False,True,True,1,1,NO_PURPOSE
ea_assisted_pistol_squats,Assisted Pistol Squats,Приседания «пистолет» с поддержкой,squat_rack,Sturdy Equipment,4,2,beginner,10,False,False,4,3,ankle|hip|knee,exercises/men/Legs/Assisted Pistol Squats.mp4,exercises/girl/Legs/Assisted Pistol Squats.mp4,assets/posters/men/ea_assisted_pistol_squats.jpg,assets/posters/girl/ea_assisted_pistol_squats.jpg,,False,False,Legs,False,True,True,1,1,NO_PURPOSE
ea_assisted_pull_up,Assisted Pull Up,Подтягивания с поддержкой,assisted_pullup_machine,Assisted Pull Up Machine,3,1,beginner,10,False,False,4,2,elbow|shoulder,exercises/men/Back/Assisted pull up.mp4,exercises/girl/Back/Assisted Pull-up.mp4,assets/posters/men/ea_assisted_pull_up.jpg,assets/posters/girl/ea_assisted_pull_up.jpg,,False,False,Back,False,True,True,2,2,NO_PURPOSE;SHARED_SUMMARY;SHARED_STEPS
ea_assisted_pull_up_close_grip,Assisted Pull Up Close Grip,Подтягивания узким хватом с поддержкой,assisted_pullup_machine,Assisted Pull Up Machine,3,1,beginner,10,False,False,4,2,elbow|shoulder,exercises/men/Back/assisted pull up close grip.mp4,,assets/posters/men/ea_assisted_pull_up_close_grip.jpg,,,False,False,Back,False,True,True,1,1,NO_PURPOSE;NO_FEMALE_CLIP
ea_assisted_pull_up_normal_grip,Assisted Pull Up Normal Grip,Подтягивания средним хватом с поддержкой,assisted_pullup_machine,Assisted Pull Up Machine,3,1,beginner,10,False,False,4,2,elbow|shoulder,exercises/men/Back/assisted pull up normal grip.mp4,,assets/posters/men/ea_assisted_pull_up_normal_grip.jpg,,,False,False,Back,False,True,True,2,2,NO_PURPOSE;NO_FEMALE_CLIP;SHARED_SUMMARY;SHARED_STEPS
ea_assisted_pull_up_wide_grip,Assisted Pull Up Wide Grip,Подтягивания широким хватом с поддержкой,assisted_pullup_machine,Assisted Pull Up Machine,3,1,beginner,10,False,False,4,2,elbow|shoulder,exercises/men/Back/assisted pull up wide grip.mp4,,assets/posters/men/ea_assisted_pull_up_wide_grip.jpg,,,False,False,Back,False,True,True,1,1,NO_PURPOSE;NO_FEMALE_CLIP
ea_assisted_sit_ups,Assisted Sit Ups,Скручивания с поддержкой,,None,2,1,beginner,10,False,False,4,2,lower_back|neck,exercises/men/Abdominals/Assisted sit ups.mp4,,assets/posters/men/ea_assisted_sit_ups.jpg,,,False,False,Abdominals,False,True,True,1,1,NO_EQUIPMENT_ID;NO_PURPOSE;NO_FEMALE_CLIP
ea_assisted_sit_up,Assisted Sit-up,Скручивание с поддержкой,,A Partner,2,1,beginner,10,False,False,4,2,lower_back|neck,,exercises/girl/Abdominals/Assisted Sit-Up.mp4,,assets/posters/girl/ea_assisted_sit_up.jpg,,False,False,Abdominals,False,True,True,1,1,NO_EQUIPMENT_ID;NO_PURPOSE;NO_MALE_CLIP
ea_assisted_weighted_push_up,Assisted Weighted Push Up,Отжимания с весом с поддержкой,weight_plates,Weight plates,3,1,beginner,10,False,False,3,4,elbow|shoulder|upper_back|wrist,exercises/men/Chest/Assisted weighted push up.mp4,exercises/girl/Chest/Assisted Weighted Push-up.mp4,assets/posters/men/ea_assisted_weighted_push_up.jpg,assets/posters/girl/ea_assisted_weighted_push_up.jpg,,False,False,Chest,False,True,True,1,1,NO_PURPOSE
ea_back_and_forward_leg_swings,Back and Forward Leg Swings,Махи ногами вперед-назад,squat_rack,Squat rack,4,2,beginner,10,False,False,4,2,hip|lower_back,exercises/men/Legs/Back and forward leg swings.mp4,exercises/girl/Legs/Back Forward Leg Swings.mp4,assets/posters/men/ea_back_and_forward_leg_swings.jpg,assets/posters/girl/ea_back_and_forward_leg_swings.jpg,,False,False,Legs,False,True,True,1,1,NO_PURPOSE
ea_back_and_shoulder_stretch,Back and Shoulder Stretch,Растяжка спины и плеч,adjustable_bench,Bench (flat / adjustable),4,2,beginner,10,False,False,4,1,upper_back,exercises/men/Stretching - Mobility/back and shoulder stretch.mp4,exercises/girl/Stretching - Mobility/Back and Shoulders Stretch.mp4,assets/posters/men/ea_back_and_shoulder_stretch.jpg,assets/posters/girl/ea_back_and_shoulder_stretch.jpg,,False,True,Stretching - Mobility,False,True,True,1,1,NO_PURPOSE
ea_back_extension_machine,Back Extension Machine,Гиперэкстензия в тренажере,back_extension,Hyperextension Bench,3,2,beginner,10,False,False,4,1,lower_back,exercises/men/Back/back extension machine.mp4,,assets/posters/men/ea_back_extension_machine.jpg,,,False,False,Back,False,True,True,4,3,NO_PURPOSE;NO_FEMALE_CLIP;SHARED_SUMMARY;SHARED_STEPS
ea_back_extension_on_exercise_ball,Back Extension on Exercise Ball,Гиперэкстензия на фитболе,stability_ball,Exercise Ball,3,2,beginner,10,False,False,4,1,lower_back,exercises/men/Back/Back extension on exercise ball.mp4,exercises/girl/Back/Back Extension on Exercise Ball.mp4,assets/posters/men/ea_back_extension_on_exercise_ball.jpg,assets/posters/girl/ea_back_extension_on_exercise_ball.jpg,,False,False,Back,False,True,True,1,1,NO_PURPOSE
ea_back_lever,Back Lever,Задний вис,squat_rack,Squat rack,3,2,beginner,10,False,False,4,0,,exercises/men/Calisthenics-Cardio-Plyo-Functional/Back lever.mp4,exercises/girl/Calisthenics-Cardio-Plyo-Functional/Back lever.mp4,assets/posters/men/ea_back_lever.jpg,assets/posters/girl/ea_back_lever.jpg,,False,False,Calisthenics-Cardio-Plyo-Functional,False,True,True,1,1,NO_CONTRAINDICATION_TAGS;NO_PURPOSE
ea_back_pec_stretch,Back Pec Stretch,Растяжка грудных мышц и спины,bench_press,Weight bench,4,3,beginner,10,False,False,4,0,,exercises/men/Stretching - Mobility/back pec stretch.mp4,,assets/posters/men/ea_back_pec_stretch.jpg,,,False,True,Stretching - Mobility,False,True,True,2,1,NO_CONTRAINDICATION_TAGS;NO_PURPOSE;NO_FEMALE_CLIP;SHARED_SUMMARY
ea_back_slaps_wrap_around_stretch,Back Slaps Wrap Around Stretch,Растяжка с обхватом спины,,None,3,2,beginner,10,False,False,4,0,,exercises/men/Stretching - Mobility/Back slaps wrap around stretch.mp4,exercises/girl/Stretching - Mobility/Back Slaps Wrap Around Stretch.mp4,assets/posters/men/ea_back_slaps_wrap_around_stretch.jpg,assets/posters/girl/ea_back_slaps_wrap_around_stretch.jpg,,False,True,Stretching - Mobility,False,True,True,2,1,NO_EQUIPMENT_ID;NO_CONTRAINDICATION_TAGS;NO_PURPOSE;SHARED_SUMMARY
ea_back_squeeze,Back Squeeze,Сведение лопаток,plyo_box,Plyo box,2,1,beginner,10,False,False,4,1,upper_back,exercises/men/Back/Back squeeze.mp4,,assets/posters/men/ea_back_squeeze.jpg,,,False,False,Back,False,True,True,1,1,NO_PURPOSE;NO_FEMALE_CLIP
ea_back_stretch_dynamic,Back Stretch Dynamic,Динамическая растяжка спины,adjustable_bench,Bench (flat / adjustable),4,2,beginner,10,False,False,4,0,,exercises/men/Stretching - Mobility/back stretch dynamic.mp4,,assets/posters/men/ea_back_stretch_dynamic.jpg,,,False,True,Stretching - Mobility,False,True,True,2,1,NO_CONTRAINDICATION_TAGS;NO_PURPOSE;NO_FEMALE_CLIP;SHARED_SUMMARY
ea_back_stretch_standing_with_bench,Back Stretch Standing with Bench,Растяжка спины стоя со скамьей,bench_press,Weight bench,4,2,beginner,10,False,False,4,0,,exercises/men/Stretching - Mobility/back stretch standing with bench.mp4,,assets/posters/men/ea_back_stretch_standing_with_bench.jpg,,,False,True,Stretching - Mobility,False,True,True,1,1,NO_CONTRAINDICATION_TAGS;NO_PURPOSE;NO_FEMALE_CLIP
ea_backhand_raise,Backhand Raise,Подъём рук назад,,None,3,2,beginner,10,False,False,4,2,shoulder|upper_back,exercises/men/Shoulders/Backhand raise.mp4,exercises/girl/Shoulders/Backhand Raise.mp4,assets/posters/men/ea_backhand_raise.jpg,assets/posters/girl/ea_backhand_raise.jpg,,False,False,Shoulders,False,True,True,1,1,NO_EQUIPMENT_ID;NO_PURPOSE
ea_backward_abdominal_stretch,Backward Abdominal Stretch,Растяжка пресса назад,,None,2,1,beginner,10,False,False,3,0,,exercises/men/Stretching - Mobility/Backward abdominal stretch.mp4,,assets/posters/men/ea_backward_abdominal_stretch.jpg,,,False,True,Stretching - Mobility,False,True,True,1,1,NO_EQUIPMENT_ID;NO_CONTRAINDICATION_TAGS;NO_PURPOSE;NO_FEMALE_CLIP
ea_backward_forward_turn_to_side_neck_stretch,Backward Forward Turn to Side Neck Stretch,"Растяжка шеи: назад, вперед, в стороны",,None,1,0,beginner,10,False,False,4,1,neck,exercises/men/Stretching - Mobility/Backward Forward Turn to Side Neck Stretch.mp4,exercises/girl/Stretching - Mobility/Backward Forward Turn to Side Neck Stretch.mp4,assets/posters/men/ea_backward_forward_turn_to_side_neck_stretch.jpg,assets/posters/girl/ea_backward_forward_turn_to_side_neck_stretch.jpg,,False,True,Stretching - Mobility,False,True,True,1,1,NO_EQUIPMENT_ID;NO_PRIMARY_MUSCLES;NO_PURPOSE
ea_balance_board_version_2,Balance Board (version 2),Балансировочная доска (версия 2),balance_board,Balance Board,1,0,beginner,10,False,False,4,0,,,exercises/girl/Legs/Balance Board (VERSION 2).mp4,,assets/posters/girl/ea_balance_board_version_2.jpg,,False,False,Legs,False,True,True,2,1,NO_CONTRAINDICATION_TAGS;NO_PRIMARY_MUSCLES;NO_PURPOSE;NO_MALE_CLIP;SHARED_SUMMARY
ea_balance_board_lateral_squat,Balance Board Lateral Squat,Боковой присед на балансировочной доске,balance_board,Balance Board,3,2,beginner,10,False,False,4,3,ankle|hip|knee,exercises/men/Calisthenics-Cardio-Plyo-Functional/Balance board lateral squat.mp4,,assets/posters/men/ea_balance_board_lateral_squat.jpg,,,False,False,Calisthenics-Cardio-Plyo-Functional,False,True,True,2,1,NO_PURPOSE;NO_FEMALE_CLIP;SHARED_SUMMARY
ea_ball_headlock_squat,Ball Headlock Squat,Присед с мячом в захвате,stability_ball,Exercise Ball,5,2,beginner,10,False,False,4,3,ankle|hip|knee,exercises/men/Legs/Ball Headlock Squat.mp4,exercises/girl/Legs/Ball Headlock Squat.mp4,assets/posters/men/ea_ball_headlock_squat.jpg,assets/posters/girl/ea_ball_headlock_squat.jpg,,False,False,Legs,False,True,True,1,1,NO_PURPOSE
ea_ball_sit_up,Ball Sit-up,Скручивания на фитболе,stability_ball,Exercise Ball,2,1,beginner,10,False,False,4,2,lower_back|neck,,exercises/girl/Abdominals/Ball Sit-up.mp4,,assets/posters/girl/ea_ball_sit_up.jpg,,False,False,Abdominals,False,True,True,1,1,NO_PURPOSE;NO_MALE_CLIP
ea_ball_slams,Ball Slams,Броски медбола,medicine_ball,Exercise Ball,0,0,beginner,10,True,True,5,0,,exercises/men/Calisthenics-Cardio-Plyo-Functional/Ball Slams.mp4,exercises/girl/Calisthenics-Cardio-Plyo-Functional/Ball Slams.mp4,assets/posters/men/ea_ball_slams.jpg,assets/posters/girl/ea_ball_slams.jpg,,False,False,Calisthenics-Cardio-Plyo-Functional,False,True,True,1,1,NO_CONTRAINDICATION_TAGS;NO_MUSCLES;NO_PRIMARY_MUSCLES
ea_balloon_drill,Balloon Drill,Упражнение с воздушным шаром,,Balloon,3,2,beginner,10,False,False,4,0,,,exercises/girl/Calisthenics-Cardio-Plyo-Functional/Balloon Drill.mp4,,assets/posters/girl/ea_balloon_drill.jpg,,False,False,Calisthenics-Cardio-Plyo-Functional,False,True,True,1,1,NO_EQUIPMENT_ID;NO_CONTRAINDICATION_TAGS;NO_PURPOSE;NO_MALE_CLIP
ea_band_assisted_chin_up_from_knee,Band Assisted Chin Up (from Knee),Подтягивания с помощью резиновой ленты (с колена),pullup_bar,"Pull Up Bar, Resistance Band",4,1,beginner,10,False,False,4,2,elbow|shoulder,,exercises/girl/Back/Band Assisted Chin Up (From Knee).mp4,,assets/posters/girl/ea_band_assisted_chin_up_from_knee.jpg,,False,False,Back,False,True,True,1,1,NO_PURPOSE;NO_MALE_CLIP
ea_band_behind_neck_shoulder_press,Band Behind Neck Shoulder Press,Жим резиновой ленты из-за головы,resistance_bands,Resistance Band,3,1,beginner,10,False,False,4,2,neck|shoulder,,exercises/girl/Shoulders/Band Behind Neck Shoulder Press.mp4,,assets/posters/girl/ea_band_behind_neck_shoulder_press.jpg,overhead_press,True,False,Shoulders,False,True,True,1,1,NO_PURPOSE;NO_MALE_CLIP
ea_band_bench_press,Band Bench Press,Жим резиновой ленты лёжа,bench_press,Bench,3,1,beginner,10,False,False,4,1,shoulder,,exercises/girl/Chest/Band Bench Press.mp4,,assets/posters/girl/ea_band_bench_press.jpg,,False,False,Chest,False,True,True,1,1,NO_PURPOSE;NO_MALE_CLIP
ea_band_bent_over_one_arm_kickback,Band Bent Over One Arm Kickback,Разгибание руки с резиновой лентой в наклоне (одной рукой),resistance_bands,Resistance Band,2,1,beginner,10,False,False,4,2,elbow|lower_back,,exercises/girl/Triceps/Band Bent over One Arm Kickback.mp4,,assets/posters/girl/ea_band_bent_over_one_arm_kickback.jpg,,False,False,Triceps,False,True,True,1,1,NO_PURPOSE;NO_MALE_CLIP
ea_band_bent_over_hip_extension,Band Bent-over Hip Extension,Разгибание бедра с резиновой лентой в наклоне,resistance_bands,Resistance Band,3,1,beginner,10,False,False,3,2,hip|lower_back,,exercises/girl/Legs/Band Bent-over Hip Extension.mp4,,assets/posters/girl/ea_band_bent_over_hip_extension.jpg,,False,False,Legs,False,True,True,1,1,NO_PURPOSE;NO_MALE_CLIP
ea_band_bent_over_row,Band Bent-over Row,Тяга резиновой ленты в наклоне,resistance_bands,Resistance Band,4,2,beginner,10,False,False,4,2,lower_back|upper_back,exercises/men/Back/Band bent-over row.mp4,exercises/girl/Back/Band bent-over row.mp4,assets/posters/men/ea_band_bent_over_row.jpg,assets/posters/girl/ea_band_bent_over_row.jpg,,False,False,Back,False,True,True,1,1,NO_PURPOSE
ea_band_bicycle_crunch,Band Bicycle Crunch,Скручивания «велосипед» с резиновой лентой,resistance_bands,Resistance Band,2,1,beginner,10,False,False,4,2,lower_back|neck,exercises/men/Abdominals/Band Bicycle Crunch.mp4,exercises/girl/Abdominals/Band Bicycle Crunch.mp4,assets/posters/men/ea_band_bicycle_crunch.jpg,assets/posters/girl/ea_band_bicycle_crunch.jpg,situp,True,False,Abdominals,False,True,True,1,1,NO_PURPOSE
ea_band_chest_fly,Band Chest Fly,Разведение рук с резиновой лентой для груди,resistance_bands,Resistance Band,3,1,beginner,10,False,False,4,1,shoulder,,exercises/girl/Chest/Band Chest Fly.mp4,,assets/posters/girl/ea_band_chest_fly.jpg,,False,False,Chest,False,True,True,1,1,NO_PURPOSE;NO_MALE_CLIP
ea_band_close_grip_row,Band Close Grip Row,Тяга резиновой ленты узким хватом,resistance_bands,Resistance Band,3,2,beginner,10,False,False,3,2,elbow|upper_back,,exercises/girl/Shoulders/Band Close Grip Row.mp4,,assets/posters/girl/ea_band_close_grip_row.jpg,,False,False,Shoulders,False,True,True,1,1,NO_PURPOSE;NO_MALE_CLIP
ea_band_close_grip_biceps_curl,Band Close-grip Biceps Curl,Сгибание на бицепс с резиновой лентой узким хватом,resistance_bands,Resistance Band,2,1,beginner,10,False,False,4,1,elbow,exercises/men/Biceps/Band Close-Grip Biceps Curl.mp4,exercises/girl/Biceps/Band Close-Grip Biceps Curl.mp4,assets/posters/men/ea_band_close_grip_biceps_curl.jpg,assets/posters/girl/ea_band_close_grip_biceps_curl.jpg,curl,True,False,Biceps,False,True,True,1,1,NO_PURPOSE
ea_band_concentration_curl,Band Concentration Curl,Концентрированное сгибание на бицепс с резиновой лентой,bench_press,Resistance Band,2,1,beginner,10,False,False,3,1,elbow,,exercises/girl/Biceps/Band Concentration Curl.mp4,,assets/posters/girl/ea_band_concentration_curl.jpg,curl,True,False,Biceps,False,True,True,1,1,NO_PURPOSE;NO_MALE_CLIP
ea_band_cross_abduction,Band Cross Abduction,Отведение ноги с резиновой лентой (скрестное),resistance_bands,Resistance Band,1,1,beginner,10,False,False,4,1,hip,exercises/men/Legs/Band Cross Abduction.mp4,exercises/girl/Legs/Band Cross Abduction.mp4,assets/posters/men/ea_band_cross_abduction.jpg,assets/posters/girl/ea_band_cross_abduction.jpg,,False,False,Legs,False,True,True,1,1,NO_PURPOSE
ea_band_cross_body_one_arm_chest_press,Band Cross Body One Arm Chest Press,Жим резиновой ленты одной рукой через тело,resistance_bands,Resistance Band,3,1,beginner,10,False,False,4,1,shoulder,,exercises/girl/Chest/Band Cross Body One Arm Chest Press.mp4,,assets/posters/girl/ea_band_cross_body_one_arm_chest_press.jpg,,False,False,Chest,False,True,True,1,1,NO_PURPOSE;NO_MALE_CLIP
ea_band_cross_chest_biceps_curl,Band Cross Chest Biceps Curl,Сгибание на бицепс с резиновой лентой через грудь,resistance_bands,Resistance Band,2,1,beginner,10,False,False,4,1,elbow,,exercises/girl/Biceps/Band Cross Chest Biceps Curl.mp4,,assets/posters/girl/ea_band_cross_chest_biceps_curl.jpg,curl,True,False,Biceps,False,True,True,1,1,NO_PURPOSE;NO_MALE_CLIP
ea_band_deadlift,Band Deadlift,Становая тяга с резиновой лентой,resistance_bands,Resistance Band,3,2,beginner,10,False,False,4,2,hip|lower_back,exercises/men/Back/Band Deadlift.mp4,exercises/girl/Legs/Band Deadlift.mp4,assets/posters/men/ea_band_deadlift.jpg,assets/posters/girl/ea_band_deadlift.jpg,hinge,True,False,Legs,False,True,True,1,1,NO_PURPOSE
ea_band_decline_sit_up,Band Decline Sit Up,Скручивания на наклонной скамье с резиновой лентой,bench_press,Resistance Band,2,1,beginner,10,False,False,4,2,lower_back|neck,,exercises/girl/Abdominals/Band Decline Sit up.mp4,,assets/posters/girl/ea_band_decline_sit_up.jpg,situp,True,False,Abdominals,False,True,True,1,1,NO_PURPOSE;NO_MALE_CLIP
ea_band_face_pull,Band Face Pull,Тяга резиновой ленты к лицу,resistance_bands,Resistance Band,3,2,beginner,10,False,False,4,2,shoulder|upper_back,,exercises/girl/Shoulders/Band Face Pull.mp4,,assets/posters/girl/ea_band_face_pull.jpg,,False,False,Shoulders,False,True,True,3,2,NO_PURPOSE;NO_MALE_CLIP;SHARED_SUMMARY;SHARED_STEPS
ea_band_fixed_back_underhand_pulldown,Band Fixed Back Underhand Pulldown,Тяга резиновой ленты верхнего блока обратным хватом (с фиксированной спиной),resistance_bands,Resistance Band,3,1,beginner,10,False,False,4,1,shoulder,,exercises/girl/Back/Band Fixed Back Underhand Pulldown.mp4,,assets/posters/girl/ea_band_fixed_back_underhand_pulldown.jpg,,False,False,Back,False,True,True,1,1,NO_PURPOSE;NO_MALE_CLIP
ea_band_front_face_pull,Band Front Face Pull,Тяга резиновой ленты к лицу (спереди),resistance_bands,Resistance Band,3,2,beginner,10,False,False,4,2,shoulder|upper_back,,exercises/girl/Shoulders/Band front Face Pull.mp4,,assets/posters/girl/ea_band_front_face_pull.jpg,,False,False,Shoulders,False,True,True,3,1,NO_PURPOSE;NO_MALE_CLIP;SHARED_SUMMARY
ea_band_front_raise,Band Front Raise,Подъём рук с резиновой лентой вперёд,resistance_bands,Resistance Band,2,1,beginner,10,False,False,4,1,shoulder,,exercises/girl/Shoulders/Band front raise.mp4,,assets/posters/girl/ea_band_front_raise.jpg,,False,False,Shoulders,False,True,True,1,1,NO_PURPOSE;NO_MALE_CLIP
ea_band_high_fly,Band High Fly,Разведение рук с резиновой лентой вверх,resistance_bands,Resistance Band,3,1,beginner,10,False,False,4,1,shoulder,,exercises/girl/Chest/Band high fly.mp4,,assets/posters/girl/ea_band_high_fly.jpg,,False,False,Chest,False,True,True,1,1,NO_PURPOSE;NO_MALE_CLIP
ea_band_hip_adduction,Band Hip Adduction,Приведение бедра с резиновой лентой,cable_machine,Resistance Band,1,0,beginner,10,True,True,5,1,hip,exercises/men/Legs/Band Hip Adduction.mp4,exercises/girl/Legs/Band Hip Adduction.mp4,assets/posters/men/ea_band_hip_adduction.jpg,assets/posters/girl/ea_band_hip_adduction.jpg,,False,False,Legs,False,True,True,1,1,NO_PRIMARY_MUSCLES
ea_band_horizontal_shrug,Band Horizontal Shrug,Горизонтальные шраги с резиновой лентой,resistance_bands,Resistance Band,2,1,beginner,10,False,False,4,3,lower_back|neck|upper_back,exercises/men/Shoulders/Band Horizontal Shrug.mp4,exercises/girl/Shoulders/Band Horizontal Shrug.mp4,assets/posters/men/ea_band_horizontal_shrug.jpg,assets/posters/girl/ea_band_horizontal_shrug.jpg,,False,False,Shoulders,False,True,True,1,1,NO_PURPOSE
ea_band_incline_alternate_hammer_curl,Band Incline Alternate Hammer Curl,Попеременное сгибание рук с резиновой лентой на наклонной скамье молотковым хватом,bench_press,Resistance Band,2,1,beginner,10,False,False,4,1,elbow,,exercises/girl/Biceps/Band Incline Alternate Hammer Curl.mp4,,assets/posters/girl/ea_band_incline_alternate_hammer_curl.jpg,curl,True,False,Biceps,False,True,True,1,1,NO_PURPOSE;NO_MALE_CLIP
ea_band_incline_bench_press,Band Incline Bench Press,Жим лёжа на наклонной скамье с резиновой лентой,bench_press,Bench,3,1,beginner,10,False,False,4,1,shoulder,,exercises/girl/Chest/Band Incline Bench Press.mp4,,assets/posters/girl/ea_band_incline_bench_press.jpg,,False,False,Chest,False,True,True,1,1,NO_PURPOSE;NO_MALE_CLIP
ea_band_incline_biceps_curl,Band Incline Biceps Curl,Сгибание рук на бицепс с резиновой лентой на наклонной скамье,bench_press,Resistance Band,2,1,beginner,10,False,False,4,1,elbow,,exercises/girl/Biceps/Band Incline Biceps Curl.mp4,,assets/posters/girl/ea_band_incline_biceps_curl.jpg,curl,True,False,Biceps,False,True,True,1,1,NO_PURPOSE;NO_MALE_CLIP
ea_band_incline_fly,Band Incline Fly,Разведение рук с резиновой лентой на наклонной скамье,bench_press,Resistance Band,3,1,beginner,10,False,False,4,1,shoulder,,exercises/girl/Chest/Band Incline Fly.mp4,,assets/posters/girl/ea_band_incline_fly.jpg,,False,False,Chest,False,True,True,1,1,NO_PURPOSE;NO_MALE_CLIP
ea_band_incline_hammer_curl,Band Incline Hammer Curl,Сгибание рук с резиновой лентой на наклонной скамье молотковым хватом,bench_press,Resistance Band,2,1,beginner,10,False,False,4,1,elbow,,exercises/girl/Biceps/Band Incline Hammer Curl.mp4,,assets/posters/girl/ea_band_incline_hammer_curl.jpg,curl,True,False,Biceps,False,True,True,1,1,NO_PURPOSE;NO_MALE_CLIP
ea_band_incline_hammer_press,Band Incline Hammer Press,Жим с резиновой лентой на наклонной скамье молотковым хватом,bench_press,Resistance Band,3,1,beginner,10,False,False,4,1,shoulder,,exercises/girl/Chest/Band Incline Hammer Press.mp4,,assets/posters/girl/ea_band_incline_hammer_press.jpg,,False,False,Chest,False,True,True,1,1,NO_PURPOSE;NO_MALE_CLIP
ea_band_incline_palms_back_press,Band Incline Palms Back Press,Жим с резиновой лентой на наклонной скамье ладонями назад,resistance_bands,Resistance Band,3,1,beginner,10,False,False,4,1,shoulder,,exercises/girl/Chest/Band Incline Palms back Press.mp4,,assets/posters/girl/ea_band_incline_palms_back_press.jpg,,False,False,Chest,False,True,True,1,1,NO_PURPOSE;NO_MALE_CLIP
ea_band_incline_row,Band Incline Row,Тяга с резиновой лентой на наклонной скамье,bench_press,Resistance Band,3,1,beginner,10,False,False,4,1,upper_back,,exercises/girl/Shoulders/Band Incline Row.mp4,,assets/posters/girl/ea_band_incline_row.jpg,,False,False,Shoulders,False,True,True,1,1,NO_PURPOSE;NO_MALE_CLIP
ea_band_incline_t_raise,Band Incline T Raise,Подъём рук в стороны с резиновой лентой на наклонной скамье,bench_press,Resistance Band,2,1,beginner,10,False,False,4,1,shoulder,,exercises/girl/Shoulders/Band Incline T Raise.mp4,,assets/posters/girl/ea_band_incline_t_raise.jpg,,False,False,Shoulders,False,True,True,1,1,NO_PURPOSE;NO_MALE_CLIP
ea_band_incline_triceps_extension,Band Incline Triceps Extension,Разгибание рук на трицепс с резиновой лентой на наклонной скамье,bench_press,Resistance Band,1,1,beginner,10,False,False,4,1,elbow,,exercises/girl/Triceps/Band Incline Triceps Extension.mp4,,assets/posters/girl/ea_band_incline_triceps_extension.jpg,,False,False,Triceps,False,True,True,1,1,NO_PURPOSE;NO_MALE_CLIP
ea_band_incline_y_raise,Band Incline Y Raise,Подъём рук в форме «Y» с резиновой лентой на наклонной скамье,bench_press,Resistance Band,2,1,beginner,10,False,False,3,1,shoulder,,exercises/girl/Shoulders/Band Incline Y Raise.mp4,,assets/posters/girl/ea_band_incline_y_raise.jpg,,False,False,Shoulders,False,True,True,1,1,NO_PURPOSE;NO_MALE_CLIP
ea_band_kneeling_crunch,Band Kneeling Crunch,Скручивания на коленях с резиновой лентой,resistance_bands,Resistance Band,2,1,beginner,10,False,False,4,3,knee|lower_back|neck,,exercises/girl/Abdominals/band kneeling crunch.mp4,,assets/posters/girl/ea_band_kneeling_crunch.jpg,situp,True,False,Abdominals,False,True,True,1,1,NO_PURPOSE;NO_MALE_CLIP
ea_band_kneeling_lat_pulldown,Band Kneeling Lat Pulldown,Тяга верхнего блока на коленях с резиновой лентой,squat_rack,Resistance Band,3,1,beginner,10,False,False,4,2,knee|shoulder,,exercises/girl/Back/band kneeling lat pulldown.mp4,,assets/posters/girl/ea_band_kneeling_lat_pulldown.jpg,,False,False,Back,False,True,True,1,1,NO_PURPOSE;NO_MALE_CLIP
ea_band_kneeling_preacher_curl,Band Kneeling Preacher Curl,Сгибание рук на бицепс на коленях с резиновой лентой,resistance_bands,Resistance Band,1,1,beginner,10,False,False,4,2,elbow|knee,,exercises/girl/Biceps/band kneeling preacher curl.mp4,,assets/posters/girl/ea_band_kneeling_preacher_curl.jpg,curl,True,False,Biceps,False,True,True,1,1,NO_PURPOSE;NO_MALE_CLIP
ea_band_kneeling_rear_kick,Band Kneeling Rear Kick,Отведение ноги назад на коленях с резиновой лентой,resistance_bands,Resistance Band,3,1,beginner,10,False,False,4,2,hip|knee,,exercises/girl/Legs/band kneeling rear kick.mp4,,assets/posters/girl/ea_band_kneeling_rear_kick.jpg,,False,False,Legs,False,True,True,1,1,NO_PURPOSE;NO_MALE_CLIP
ea_band_kneeling_single_arm_high_row,Band Kneeling Single Arm High Row,Тяга одной рукой сверху на коленях с резиновой лентой,smith_machine,Resistance Band,3,1,beginner,10,False,False,4,2,knee|upper_back,exercises/men/Back/Band Kneeling Single Arm High Row.mp4,exercises/girl/Back/Band Kneeling Single Arm High Row.mp4,assets/posters/men/ea_band_kneeling_single_arm_high_row.jpg,assets/posters/girl/ea_band_kneeling_single_arm_high_row.jpg,,False,False,Back,False,True,True,1,1,NO_PURPOSE
ea_band_leg_press,Band Leg Press,Жим ногами с резиновой лентой,resistance_bands,Resistance Band,4,1,beginner,10,False,False,4,2,hip|knee,exercises/men/Legs/Band Leg Press.mp4,exercises/girl/Legs/Band Leg Press.mp4,assets/posters/men/ea_band_leg_press.jpg,assets/posters/girl/ea_band_leg_press.jpg,,False,False,Legs,False,True,True,1,1,NO_PURPOSE
ea_band_low_alternate_chest_press,Band Low Alternate Chest Press,Попеременный жим от груди вниз с резиновой лентой,resistance_bands,Resistance Band,3,1,beginner,10,False,False,4,1,shoulder,,exercises/girl/Chest/band low alternate chest press.mp4,,assets/posters/girl/ea_band_low_alternate_chest_press.jpg,,False,False,Chest,False,True,True,2,1,NO_PURPOSE;NO_MALE_CLIP;SHARED_SUMMARY
ea_band_low_chest_fly,Band Low Chest Fly,Разведение рук от груди вниз с резиновой лентой,resistance_bands,Resistance Band,2,1,beginner,10,False,False,4,1,shoulder,,exercises/girl/Chest/band low chest fly.mp4,,assets/posters/girl/ea_band_low_chest_fly.jpg,,False,False,Chest,False,True,True,1,1,NO_PURPOSE;NO_MALE_CLIP
ea_band_low_chest_press,Band Low Chest Press,Жим от груди вниз с резиновой лентой,resistance_bands,Resistance Band,3,1,beginner,10,False,False,3,1,shoulder,,exercises/girl/Chest/band low chest press.mp4,,assets/posters/girl/ea_band_low_chest_press.jpg,,False,False,Chest,False,True,True,2,1,NO_PURPOSE;NO_MALE_CLIP;SHARED_SUMMARY
ea_band_lying_press_down,Band Lying Press Down,Жим вниз лежа с резиновой лентой,resistance_bands,Resistance Band,1,0,beginner,10,True,True,5,1,shoulder,,exercises/girl/Triceps/Band Lying Press Down.mp4,,assets/posters/girl/ea_band_lying_press_down.jpg,,False,False,Triceps,False,True,True,1,1,NO_PRIMARY_MUSCLES;NO_MALE_CLIP
ea_band_lying_reverse_grip_row,Band Lying Reverse Grip Row,Тяга лежа обратным хватом с резиновой лентой,bench_press,Resistance Band,3,1,beginner,10,False,False,4,1,upper_back,,exercises/girl/Back/Band Lying Reverse Grip Row.mp4,,assets/posters/girl/ea_band_lying_reverse_grip_row.jpg,,False,False,Back,False,True,True,1,1,NO_PURPOSE;NO_MALE_CLIP
ea_band_pallof_press,Band Pallof Press,Жим Паллофа с резиновой лентой,resistance_bands,Resistance Band,1,0,beginner,10,True,True,5,1,shoulder,exercises/men/Chest/Band Pallof Press.mp4,,assets/posters/men/ea_band_pallof_press.jpg,,,False,False,Chest,False,True,True,1,1,NO_PRIMARY_MUSCLES;NO_FEMALE_CLIP
ea_band_palloff_press,Band Palloff Press,Жим Паллофа с резиновой лентой,resistance_bands,Resistance Band,3,1,beginner,10,False,False,4,1,shoulder,,exercises/girl/Chest/Band Palloff Press.mp4,,assets/posters/girl/ea_band_palloff_press.jpg,,False,False,Chest,False,True,True,1,1,NO_PURPOSE;NO_MALE_CLIP
ea_band_prone_incline_curl,Band Prone Incline Curl,Сгибание рук на бицепс лежа на наклонной скамье с резиновой лентой,bench_press,Resistance Band,2,1,beginner,10,False,False,4,1,elbow,,exercises/girl/Biceps/Band Prone Incline Curl.mp4,,assets/posters/girl/ea_band_prone_incline_curl.jpg,curl,True,False,Biceps,False,True,True,1,1,NO_PURPOSE;NO_MALE_CLIP
ea_band_prone_incline_hammer_curl,Band Prone Incline Hammer Curl,Сгибание рук молотковым хватом лежа на наклонной скамье с резиновой лентой,bench_press,Resistance Band,2,1,beginner,10,False,False,4,1,elbow,,exercises/girl/Biceps/Band Prone Incline Hammer Curl.mp4,,assets/posters/girl/ea_band_prone_incline_hammer_curl.jpg,curl,True,False,Biceps,False,True,True,1,1,NO_PURPOSE;NO_MALE_CLIP
ea_band_pull_up,Band Pull Up,Подтягивания с резиновой лентой,squat_rack,Resistance Band,3,1,beginner,10,False,False,4,2,elbow|shoulder,exercises/men/Back/Band Pull Up.mp4,exercises/girl/Back/Band Pull Up.mp4,assets/posters/men/ea_band_pull_up.jpg,assets/posters/girl/ea_band_pull_up.jpg,,False,False,Back,False,True,True,1,1,NO_PURPOSE
ea_band_pullthrough,Band Pullthrough,Пулл-тру с резиновой лентой,resistance_bands,Resistance Band,4,2,beginner,10,False,False,4,0,,exercises/men/Legs/Band Pullthrough.mp4,exercises/girl/Legs/Band Pullthrough.mp4,assets/posters/men/ea_band_pullthrough.jpg,assets/posters/girl/ea_band_pullthrough.jpg,,False,False,Legs,False,True,True,1,1,NO_CONTRAINDICATION_TAGS;NO_PURPOSE
ea_band_push_up,Band Push-up,Отжимания с резиновой лентой,resistance_bands,Resistance Band,4,1,beginner,10,False,False,4,3,elbow|shoulder|wrist,,exercises/girl/Chest/Band Push-up.mp4,,assets/posters/girl/ea_band_push_up.jpg,pushup,True,False,Chest,False,True,True,1,1,NO_PURPOSE;NO_MALE_CLIP
ea_band_reverse_fly,Band Reverse Fly,Обратные разведения лежа с резиновой лентой,bench_press,Resistance Band,2,1,beginner,10,False,False,4,2,shoulder|upper_back,,exercises/girl/Shoulders/Band Reverse Fly.mp4,,assets/posters/girl/ea_band_reverse_fly.jpg,,False,False,Shoulders,False,True,True,1,1,NO_PURPOSE;NO_MALE_CLIP
ea_band_reverse_spider_curl,Band Reverse Spider Curl,Обратные сгибания рук на бицепс лежа на наклонной скамье с резиновой лентой,bench_press,Resistance Band,2,1,beginner,10,False,False,4,1,elbow,,exercises/girl/Biceps/Band Reverse Spider Curl.mp4,,assets/posters/girl/ea_band_reverse_spider_curl.jpg,curl,True,False,Biceps,False,True,True,1,1,NO_PURPOSE;NO_MALE_CLIP
ea_band_rotating_hammer_grip_incline_bench_row,Band Rotating Hammer Grip Incline Bench Row,Тяга на наклонной скамье с вращением и молотковым хватом с резиновой лентой,bench_press,Bench,4,2,beginner,10,False,False,4,1,upper_back,,exercises/girl/Back/Band Rotating Hammer Grip Incline Bench Row.mp4,,assets/posters/girl/ea_band_rotating_hammer_grip_incline_bench_row.jpg,,False,False,Back,False,True,True,1,1,NO_PURPOSE;NO_MALE_CLIP
ea_band_seated_lateral_raise,Band Seated Lateral Raise,Подъёмы рук в стороны сидя с резиновой лентой,resistance_bands,Resistance Band,2,1,beginner,10,False,False,4,1,shoulder,,exercises/girl/Shoulders/Band Seated Lateral Raise.mp4,,assets/posters/girl/ea_band_seated_lateral_raise.jpg,,False,False,Shoulders,False,True,True,1,1,NO_PURPOSE;NO_MALE_CLIP
ea_band_seated_neutral_grip_shoulders_press,Band Seated Neutral Grip Shoulders Press,Жим плечами сидя нейтральным хватом с резиновой лентой,resistance_bands,Resistance Band,3,1,beginner,10,False,False,4,1,shoulder,,exercises/girl/Shoulders/Band Seated Neutral Grip Shoulders Press.mp4,,assets/posters/girl/ea_band_seated_neutral_grip_shoulders_press.jpg,,False,False,Shoulders,False,True,True,1,1,NO_PURPOSE;NO_MALE_CLIP
ea_band_seated_shoulder_press,Band Seated Shoulder Press,Жим плечами сидя с резиновой лентой,resistance_bands,Resistance Band,3,1,beginner,10,False,False,4,1,shoulder,,exercises/girl/Shoulders/Band Seated Shoulder Press.mp4,,assets/posters/girl/ea_band_seated_shoulder_press.jpg,,False,False,Shoulders,False,True,True,1,1,NO_PURPOSE;NO_MALE_CLIP
ea_band_side_bend,Band Side Bend,Наклоны в сторону с резиновой лентой,resistance_bands,Resistance Band,2,1,beginner,10,False,False,4,0,,,exercises/girl/Abdominals/Band side bend.mp4,,assets/posters/girl/ea_band_side_bend.jpg,,False,False,Abdominals,False,True,True,1,1,NO_CONTRAINDICATION_TAGS;NO_PURPOSE;NO_MALE_CLIP
ea_band_single_arm_overhead_press,Band Single Arm Overhead Press,Жим над головой одной рукой с резиновой лентой,resistance_bands,Resistance Band,4,1,beginner,10,False,False,4,1,shoulder,exercises/men/Shoulders/Band Single Arm Overhead Press.mp4,exercises/girl/Shoulders/Band Single Arm Overhead Press.mp4,assets/posters/men/ea_band_single_arm_overhead_press.jpg,assets/posters/girl/ea_band_single_arm_overhead_press.jpg,overhead_press,True,False,Shoulders,False,True,True,1,1,NO_PURPOSE
ea_band_single_arm_pec_fly,Band Single Arm Pec Fly,Разведение рук с резиновой лентой одной рукой,resistance_bands,Resistance Band,3,1,beginner,10,False,False,4,1,shoulder,exercises/men/Chest/Band Single Arm Pec Fly.mp4,exercises/girl/Chest/Band Single Arm Pec Fly.mp4,assets/posters/men/ea_band_single_arm_pec_fly.jpg,assets/posters/girl/ea_band_single_arm_pec_fly.jpg,,False,False,Chest,False,True,True,1,1,NO_PURPOSE
ea_band_single_leg_split_squat,Band Single Leg Split Squat,Сплит-присед на одной ноге с резиновой лентой,resistance_bands,Resistance Band,5,2,beginner,10,False,False,4,3,ankle|hip|knee,,exercises/girl/Legs/Band single leg split squat.mp4,,assets/posters/girl/ea_band_single_leg_split_squat.jpg,lunge,True,False,Legs,False,True,True,1,1,NO_PURPOSE;NO_MALE_CLIP
ea_band_skullcrusher,Band Skullcrusher,Разгибание рук с резиновой лентой лежа (череподробилка),smith_machine,Resistance Band,1,0,beginner,10,True,True,5,0,,exercises/men/Triceps/Band Skullcrusher.mp4,,assets/posters/men/ea_band_skullcrusher.jpg,,,False,False,Triceps,False,True,True,1,1,NO_CONTRAINDICATION_TAGS;NO_PRIMARY_MUSCLES;NO_FEMALE_CLIP
ea_band_spanish_split_squat,Band Spanish Split Squat,Испанский сплит-присед с резиновой лентой,resistance_bands,Resistance Band,5,2,beginner,10,False,False,4,3,ankle|hip|knee,exercises/men/Legs/Band Spanish Split Squat.mp4,exercises/girl/Legs/Band Spanish Split Squat.mp4,assets/posters/men/ea_band_spanish_split_squat.jpg,assets/posters/girl/ea_band_spanish_split_squat.jpg,lunge,True,False,Legs,False,True,True,1,1,NO_PURPOSE
ea_band_squat_row,Band Squat Row,Присед с тягой с резиновой лентой,resistance_bands,Resistance Band,0,0,beginner,10,True,True,5,4,ankle|hip|knee|upper_back,exercises/men/Calisthenics-Cardio-Plyo-Functional/Band Squat Row.mp4,exercises/girl/Calisthenics-Cardio-Plyo-Functional/Band Squat Row.mp4,assets/posters/men/ea_band_squat_row.jpg,assets/posters/girl/ea_band_squat_row.jpg,,False,False,Calisthenics-Cardio-Plyo-Functional,False,True,True,1,1,NO_MUSCLES;NO_PRIMARY_MUSCLES
ea_band_standing_leg_curl,Band Standing Leg Curl,Сгибание ног стоя с резиновой лентой,resistance_bands,Resistance Band,3,1,beginner,10,False,False,4,1,knee,,exercises/girl/Legs/Band Standing Leg Curl.mp4,,assets/posters/girl/ea_band_standing_leg_curl.jpg,,False,False,Legs,False,True,True,1,1,NO_PURPOSE;NO_MALE_CLIP
ea_band_standing_rear_delt_row,Band Standing Rear Delt Row,Тяга на задние дельты стоя с резиновой лентой,resistance_bands,Resistance Band,3,1,beginner,10,False,False,4,2,shoulder|upper_back,,exercises/girl/Shoulders/Band standing rear delt row.mp4,,assets/posters/girl/ea_band_standing_rear_delt_row.jpg,,False,False,Shoulders,False,True,True,1,1,NO_PURPOSE;NO_MALE_CLIP
ea_band_triceps_pushdown_single_arm,Band Triceps Pushdown Single Arm,Разгибание рук на трицепс одной рукой с резиновой лентой,resistance_bands,Resistance Band,1,0,beginner,10,True,True,5,1,elbow,exercises/men/Triceps/Band Triceps Pushdown Single Arm.mp4,exercises/girl/Triceps/Band Triceps Pushdown Single Arm.mp4,assets/posters/men/ea_band_triceps_pushdown_single_arm.jpg,assets/posters/girl/ea_band_triceps_pushdown_single_arm.jpg,,False,False,Triceps,False,True,True,1,1,NO_PRIMARY_MUSCLES
ea_band_two_legs_calf_raise_band_under_both_legs_version_2,Band Two Legs Calf Raise - (band Under Both Legs) Version 2,Подъёмы на носки на двух ногах с резиновой лентой (лента под обеими ногами) Версия 2,resistance_bands,Resistance Band,1,1,beginner,10,False,False,4,1,ankle,,exercises/girl/Legs/Band Two Legs Calf Raise - (Band under both legs) VERSION 2.mp4,,assets/posters/girl/ea_band_two_legs_calf_raise_band_under_both_legs_version_2.jpg,calf_raise,True,False,Legs,False,True,True,1,1,NO_PURPOSE;NO_MALE_CLIP
ea_band_warm_up_shoulder_stretch,Band Warm Up Shoulder Stretch,Разминка плеч с резиновой лентой,resistance_bands,Resistance Band,2,1,beginner,10,False,False,4,0,,,exercises/girl/Stretching - Mobility/Band Warm up Shoulder Stretch.mp4,,assets/posters/girl/ea_band_warm_up_shoulder_stretch.jpg,,False,True,Stretching - Mobility,False,True,True,1,1,NO_CONTRAINDICATION_TAGS;NO_PURPOSE;NO_MALE_CLIP
ea_band_wrist_curl_single_arm,Band Wrist Curl Single Arm,Сгибание запястья одной рукой с резиновой лентой,resistance_bands,Resistance Band,1,0,beginner,10,True,True,5,2,elbow|wrist,,exercises/girl/Forearms/Band Wrist Curl Single Arm.mp4,,assets/posters/girl/ea_band_wrist_curl_single_arm.jpg,curl,True,False,Forearms,False,True,True,1,1,NO_PRIMARY_MUSCLES;NO_MALE_CLIP
ea_band_y_raise,Band Y Raise,Подъём рук в форме буквы Y с резиновой лентой,resistance_bands,Resistance Band,2,1,beginner,10,False,False,4,1,shoulder,,exercises/girl/Shoulders/Band Y Raise.mp4,,assets/posters/girl/ea_band_y_raise.jpg,,False,False,Shoulders,False,True,True,1,1,NO_PURPOSE;NO_MALE_CLIP
ea_banded_feet_elevated_hip_thrusters,Banded Feet Elevated Hip Thrusters,Ягодичный мост с резиновой лентой и поднятыми ногами,resistance_bands,Resistance Band,4,2,beginner,10,False,False,4,0,,exercises/men/Legs/Banded feet elevated hip thrusters.mp4,exercises/girl/Legs/Banded feet elevated hip thrusters.mp4,assets/posters/men/ea_banded_feet_elevated_hip_thrusters.jpg,assets/posters/girl/ea_banded_feet_elevated_hip_thrusters.jpg,hinge,True,False,Legs,False,True,True,1,1,NO_CONTRAINDICATION_TAGS;NO_PURPOSE
ea_barbell_alternate_biceps_curl,Barbell Alternate Biceps Curl,Сгибание на бицепс со штангой попеременно,barbell,Barbell,2,1,beginner,10,False,False,4,1,elbow,,exercises/girl/Biceps/Barbell Alternate Biceps Curl.mp4,,assets/posters/girl/ea_barbell_alternate_biceps_curl.jpg,curl,True,False,Biceps,False,True,True,1,1,NO_PURPOSE;NO_MALE_CLIP
ea_barbell_back_wide_shrug,Barbell Back Wide Shrug,Шраги со штангой за спиной широким хватом,barbell,Barbell,2,1,beginner,10,False,False,4,3,lower_back|neck|upper_back,,exercises/girl/Shoulders/Barbell Back Wide Shrug.mp4,,assets/posters/girl/ea_barbell_back_wide_shrug.jpg,,False,False,Shoulders,False,True,True,2,2,NO_PURPOSE;NO_MALE_CLIP;SHARED_SUMMARY;SHARED_STEPS
ea_barbell_back_wide_shrugs,Barbell Back Wide Shrugs,Шраги со штангой за спиной широким хватом,barbell,Barbell,2,1,beginner,10,False,False,4,3,lower_back|neck|upper_back,exercises/men/Shoulders/Barbell back wide shrugs.mp4,,assets/posters/men/ea_barbell_back_wide_shrugs.jpg,,,False,False,Shoulders,False,True,True,2,2,NO_PURPOSE;NO_FEMALE_CLIP;SHARED_SUMMARY;SHARED_STEPS
ea_barbell_behind_neck_push_press,Barbell Behind Neck Push Press,Жим штанги из-за головы с толчком ногами,barbell,Barbell,2,0,beginner,10,False,False,4,3,neck|shoulder|upper_back,exercises/men/Shoulders/Barbell behind neck push press.mp4,,assets/posters/men/ea_barbell_behind_neck_push_press.jpg,,overhead_press,True,False,Shoulders,False,True,True,1,1,NO_PRIMARY_MUSCLES;NO_PURPOSE;NO_FEMALE_CLIP
ea_barbell_behind_the_back_push_press_single_arm_balance,Barbell Behind the Back Push Press Single Arm Balance,Жим штанги из-за спины одной рукой с толчком ногами (на баланс),barbell,Barbell,3,1,beginner,10,False,False,4,2,shoulder|upper_back,,exercises/girl/Shoulders/Barbell Behind the Back Push Press Single Arm Balance.mp4,,assets/posters/girl/ea_barbell_behind_the_back_push_press_single_arm_balance.jpg,overhead_press,True,False,Shoulders,False,True,True,1,1,NO_PURPOSE;NO_MALE_CLIP
ea_barbell_bench_lateral_step_up,Barbell Bench Lateral Step-up,Зашагивание на скамью со штангой сбоку,barbell,Bench,4,2,beginner,10,False,False,4,3,hip|knee|upper_back,,exercises/girl/Legs/Barbell Bench Lateral Step-up.mp4,,assets/posters/girl/ea_barbell_bench_lateral_step_up.jpg,,False,False,Legs,False,True,True,1,1,NO_PURPOSE;NO_MALE_CLIP
ea_barbell_bench_press,Barbell Bench Press,Жим лёжа со штангой,bench_press,Barbell,3,1,beginner,10,False,False,4,1,shoulder,exercises/men/Chest/barbell bench press.mp4,exercises/girl/Chest/Barbell Bench Press.mp4,assets/posters/men/ea_barbell_bench_press.jpg,assets/posters/girl/ea_barbell_bench_press.jpg,,False,False,Chest,False,True,True,1,1,NO_PURPOSE
ea_barbell_bench_press_decline,Barbell Bench Press Decline,Жим лёжа на наклонной скамье со штангой,bench_press,Barbell,3,1,beginner,10,False,False,4,1,shoulder,exercises/men/Chest/barbell bench press decline.mp4,,assets/posters/men/ea_barbell_bench_press_decline.jpg,,,False,False,Chest,False,True,True,1,1,NO_PURPOSE;NO_FEMALE_CLIP
ea_barbell_bench_press_incline,Barbell Bench Press Incline,Жим лёжа на наклонной скамье со штангой,bench_press,Barbell,3,1,beginner,10,False,False,4,1,shoulder,exercises/men/Chest/barbell bench press incline.mp4,,assets/posters/men/ea_barbell_bench_press_incline.jpg,,,False,False,Chest,False,True,True,1,1,NO_PURPOSE;NO_FEMALE_CLIP
ea_barbell_bench_squats,Barbell Bench Squats,Приседания со штангой на скамью,bench_press,Barbell,4,2,beginner,10,False,False,3,4,ankle|hip|knee|upper_back,exercises/men/Legs/Barbell bench squats.mp4,exercises/girl/Legs/Barbell Bench Squat.mp4,assets/posters/men/ea_barbell_bench_squats.jpg,assets/posters/girl/ea_barbell_bench_squats.jpg,,False,False,Legs,False,True,True,1,1,NO_PURPOSE
ea_barbell_bent_over_reverse_raise_skier,Barbell Bent Over Reverse Raise (skier),Подъём штанги назад в наклоне (лыжник),barbell,Barbell,3,1,beginner,10,False,False,4,3,lower_back|shoulder|upper_back,,exercises/girl/Shoulders/Barbell Bent Over Reverse Raise (skier).mp4,,assets/posters/girl/ea_barbell_bent_over_reverse_raise_skier.jpg,,False,False,Shoulders,False,True,True,1,1,NO_PURPOSE;NO_MALE_CLIP
ea_barbell_bent_over_row_pronated_grip,Barbell Bent Over Row Pronated Grip,Тяга штанги в наклоне пронированным хватом,barbell,Barbell,4,2,beginner,10,False,False,4,2,lower_back|upper_back,exercises/men/Back/Barbell bent over row pronated grip.mp4,,assets/posters/men/ea_barbell_bent_over_row_pronated_grip.jpg,,,False,False,Back,False,True,True,2,2,NO_PURPOSE;NO_FEMALE_CLIP;SHARED_SUMMARY;SHARED_STEPS
ea_barbell_bent_over_row_supinated_grip,Barbell Bent Over Row Supinated Grip,Тяга штанги в наклоне супинированным хватом,barbell,Barbell,4,2,beginner,10,False,False,4,2,lower_back|upper_back,exercises/men/Back/Barbell bent over row supinated grip.mp4,,assets/posters/men/ea_barbell_bent_over_row_supinated_grip.jpg,,,False,False,Back,False,True,True,1,1,NO_PURPOSE;NO_FEMALE_CLIP
ea_barbell_bicep_curl_close_grip,Barbell Bicep Curl Close Grip,Сгибание на бицепс со штангой узким хватом,barbell,Barbell,2,1,beginner,10,False,False,4,1,elbow,exercises/men/Biceps/barbell bicep curl close grip.mp4,,assets/posters/men/ea_barbell_bicep_curl_close_grip.jpg,,curl,True,False,Biceps,False,True,True,1,1,NO_PURPOSE;NO_FEMALE_CLIP
ea_barbell_bicep_curl_normal_grip,Barbell Bicep Curl Normal Grip,Сгибание на бицепс со штангой обычным хватом,barbell,Barbell,2,1,beginner,10,False,False,4,1,elbow,exercises/men/Biceps/barbell bicep curl normal grip.mp4,,assets/posters/men/ea_barbell_bicep_curl_normal_grip.jpg,,curl,True,False,Biceps,False,True,True,2,2,NO_PURPOSE;NO_FEMALE_CLIP;SHARED_SUMMARY;SHARED_STEPS
ea_barbell_bicep_curl_wide_grip,Barbell Bicep Curl Wide Grip,Сгибание на бицепс со штангой широким хватом,barbell,Barbell,2,1,beginner,10,False,False,4,1,elbow,exercises/men/Biceps/barbell bicep curl wide grip.mp4,,assets/posters/men/ea_barbell_bicep_curl_wide_grip.jpg,,curl,True,False,Biceps,False,True,True,1,1,NO_PURPOSE;NO_FEMALE_CLIP
ea_barbell_biceps_curl,Barbell Biceps Curl,Сгибание на бицепс со штангой,barbell,Barbell,2,1,beginner,10,False,False,4,1,elbow,exercises/men/Biceps/barbell biceps curl.mp4,,assets/posters/men/ea_barbell_biceps_curl.jpg,,curl,True,False,Biceps,False,True,True,2,2,NO_PURPOSE;NO_FEMALE_CLIP;SHARED_SUMMARY;SHARED_STEPS
ea_barbell_box_squat,Barbell Box Squat,Приседания со штангой на ящик,squat_rack,Barbell,4,2,beginner,10,False,False,4,4,ankle|hip|knee|upper_back,exercises/men/Legs/Barbell box squat.mp4,exercises/girl/Legs/Barbell Box Squat.mp4,assets/posters/men/ea_barbell_box_squat.jpg,assets/posters/girl/ea_barbell_box_squat.jpg,squat,True,False,Legs,False,True,True,1,1,NO_PURPOSE
ea_barbell_bulgarian_split_squat,Barbell Bulgarian Split Squat,Болгарские приседания со штангой,barbell,Barbell,4,2,beginner,10,False,False,4,4,ankle|hip|knee|upper_back,exercises/men/Legs/Barbell bulgarian split squat.mp4,exercises/girl/Legs/Barbell bulgarian split squat.mp4,assets/posters/men/ea_barbell_bulgarian_split_squat.jpg,assets/posters/girl/ea_barbell_bulgarian_split_squat.jpg,lunge,True,False,Legs,False,True,True,1,1,NO_PURPOSE
ea_barbell_bulgarian_split_squat_left_front_back_view,Barbell Bulgarian Split Squat Left Front-back View,"Болгарские приседания со штангой, левая нога впереди (вид спереди-сзади)",barbell,Barbell,4,2,beginner,10,False,False,4,4,ankle|hip|knee|upper_back,exercises/men/Legs/Barbell bulgarian split squat left front-back view.mp4,,assets/posters/men/ea_barbell_bulgarian_split_squat_left_front_back_view.jpg,,lunge,True,False,Legs,False,True,True,2,2,NO_PURPOSE;NO_FEMALE_CLIP;SHARED_SUMMARY;SHARED_STEPS
ea_barbell_bulgarian_split_squat_left_side_view,Barbell Bulgarian Split Squat Left Side View,"Болгарские приседания со штангой, левая нога впереди (вид сбоку)",barbell,Barbell,4,2,beginner,10,False,False,4,4,ankle|hip|knee|upper_back,exercises/men/Legs/barbell bulgarian split squat left side view.mp4,,assets/posters/men/ea_barbell_bulgarian_split_squat_left_side_view.jpg,,lunge,True,False,Legs,False,True,True,2,2,NO_PURPOSE;NO_FEMALE_CLIP;SHARED_SUMMARY;SHARED_STEPS
ea_barbell_calf_jump,Barbell Calf Jump,Подъёмы на носки со штангой с подскоком,barbell,Barbell,4,1,beginner,10,False,False,4,3,ankle|knee|upper_back,exercises/men/Legs/Barbell Calf Jump.mp4,exercises/girl/Legs/Barbell Calf Jump.mp4,assets/posters/men/ea_barbell_calf_jump.jpg,assets/posters/girl/ea_barbell_calf_jump.jpg,,False,False,Legs,False,True,True,1,1,NO_PURPOSE
ea_barbell_clean_and_jerk,Barbell Clean and Jerk,Рывок и толчок штанги,barbell,Barbell,7,3,beginner,10,False,False,4,3,lower_back|shoulder|wrist,,exercises/girl/Powerlifting/Barbell Clean and Jerk.mp4,,assets/posters/girl/ea_barbell_clean_and_jerk.jpg,,False,False,Powerlifting,False,True,True,1,1,NO_PURPOSE;NO_MALE_CLIP
ea_barbell_clean_and_jerk_split_squat,Barbell Clean and Jerk Split Squat,Рывок и толчок штанги с выпадом,barbell,Barbell,6,3,beginner,10,False,False,4,6,ankle|hip|knee|lower_back|shoulder|wrist,exercises/men/Powerlifting/Barbell clean and jerk split squat.mp4,,assets/posters/men/ea_barbell_clean_and_jerk_split_squat.jpg,,lunge,True,False,Powerlifting,False,True,True,1,1,NO_PURPOSE;NO_FEMALE_CLIP
ea_barbell_clean_and_press,Barbell Clean and Press,Взятие на грудь и жим штанги,barbell,Barbell,7,3,beginner,10,False,False,4,4,knee|lower_back|shoulder|wrist,exercises/men/Powerlifting/Barbell clean and press.mp4,,assets/posters/men/ea_barbell_clean_and_press.jpg,,,False,False,Powerlifting,False,True,True,1,1,NO_PURPOSE;NO_FEMALE_CLIP
ea_barbell_clean_deadlift,Barbell Clean Deadlift,Становая тяга для взятия на грудь,barbell,Barbell,5,3,beginner,10,False,False,4,3,hip|lower_back|wrist,exercises/men/Back/Barbell clean deadlift.mp4,exercises/girl/Powerlifting/Barbell Clean Deadlift.mp4,assets/posters/men/ea_barbell_clean_deadlift.jpg,assets/posters/girl/ea_barbell_clean_deadlift.jpg,hinge,True,False,Powerlifting,False,True,True,1,1,NO_PURPOSE
ea_barbell_clean_grip_front_squat,Barbell Clean Grip Front Squat,Фронтальные приседания со штангой хватом для взятия на грудь,barbell,Barbell,4,2,beginner,10,False,False,3,6,ankle|hip|knee|lower_back|upper_back|wrist,exercises/men/Powerlifting/Barbell clean grip front squat.mp4,exercises/girl/Legs/Barbell Clean-grip Front Squat.mp4,assets/posters/men/ea_barbell_clean_grip_front_squat.jpg,assets/posters/girl/ea_barbell_clean_grip_front_squat.jpg,squat,True,False,Legs,False,True,True,1,1,NO_PURPOSE
ea_barbell_clean_pull,Barbell Clean Pull,Тяга штанги в стойку,barbell,Barbell,5,3,beginner,10,False,False,4,2,lower_back|wrist,exercises/men/Powerlifting/Barbell clean pull.mp4,exercises/girl/Powerlifting/Barbell Clean Pull.mp4,assets/posters/men/ea_barbell_clean_pull.jpg,assets/posters/girl/ea_barbell_clean_pull.jpg,,False,False,Powerlifting,False,True,True,1,1,NO_PURPOSE
ea_barbell_close_grip_press,Barbell Close Grip Press,Жим штанги узким хватом,bench_press,Barbell,3,1,beginner,10,False,False,4,2,elbow|shoulder,exercises/men/Triceps/Barbell close grip press.mp4,,assets/posters/men/ea_barbell_close_grip_press.jpg,,,False,False,Triceps,False,True,True,1,1,NO_PURPOSE;NO_FEMALE_CLIP
ea_barbell_coan_deadlift,Barbell Coan Deadlift,Становая тяга Коана со штангой,barbell,Barbell,1,0,beginner,10,True,True,5,2,hip|lower_back,exercises/men/Back/Barbell Coan Deadlift.mp4,exercises/girl/Back/Barbell Coan Deadlift.mp4,assets/posters/men/ea_barbell_coan_deadlift.jpg,assets/posters/girl/ea_barbell_coan_deadlift.jpg,hinge,True,False,Back,False,True,True,1,1,NO_PRIMARY_MUSCLES
ea_barbell_curl,Barbell Curl,Сгибание на бицепс со штангой,barbell,Barbell,2,1,beginner,10,False,False,4,1,elbow,,exercises/girl/Biceps/Barbell Curl.mp4,,assets/posters/girl/ea_barbell_curl.jpg,curl,True,False,Biceps,False,True,True,1,1,NO_PURPOSE;NO_MALE_CLIP
ea_barbell_curtsy_lunges,Barbell Curtsy Lunges,Реверансные выпады со штангой,barbell,Barbell,4,2,beginner,10,False,False,3,3,hip|knee|upper_back,exercises/men/Legs/Barbell curtsy lunges.mp4,exercises/girl/Legs/Barbell Curtsy Lunge.mp4,assets/posters/men/ea_barbell_curtsy_lunges.jpg,assets/posters/girl/ea_barbell_curtsy_lunges.jpg,lunge,True,False,Legs,False,True,True,9,1,NO_PURPOSE;SHARED_SUMMARY
ea_barbell_deadlift,Barbell Deadlift,Становая тяга со штангой,barbell,Barbell,5,3,beginner,10,False,False,4,2,hip|lower_back,,exercises/girl/Powerlifting/Barbell Deadlift.mp4,,assets/posters/girl/ea_barbell_deadlift.jpg,hinge,True,False,Powerlifting,False,True,True,5,4,NO_PURPOSE;NO_MALE_CLIP;SHARED_SUMMARY;SHARED_STEPS
ea_barbell_deadlift_front_pov,Barbell Deadlift (front POV),Становая тяга со штангой (вид спереди),barbell,Barbell,5,3,beginner,10,False,False,4,2,hip|lower_back,,exercises/girl/Powerlifting/Barbell Deadlift (front POV).mp4,,assets/posters/girl/ea_barbell_deadlift_front_pov.jpg,hinge,True,False,Powerlifting,False,True,True,5,4,NO_PURPOSE;NO_MALE_CLIP;SHARED_SUMMARY;SHARED_STEPS
ea_barbell_deadlift_side_pov,Barbell Deadlift (side POV),Становая тяга со штангой (вид сбоку),barbell,Barbell,5,3,beginner,10,False,False,4,2,hip|lower_back,,exercises/girl/Powerlifting/Barbell Deadlift (side POV).mp4,,assets/posters/girl/ea_barbell_deadlift_side_pov.jpg,hinge,True,False,Powerlifting,False,True,True,5,4,NO_PURPOSE;NO_MALE_CLIP;SHARED_SUMMARY;SHARED_STEPS
ea_barbell_deadlift_360_degrees,Barbell Deadlift 360 Degrees,Становая тяга со штангой 360 градусов,barbell,Barbell,5,3,beginner,10,False,False,4,2,hip|lower_back,exercises/men/Back/Barbell deadlift 360 degrees.mp4,,assets/posters/men/ea_barbell_deadlift_360_degrees.jpg,,hinge,True,False,Back,False,True,True,5,4,NO_PURPOSE;NO_FEMALE_CLIP;SHARED_SUMMARY;SHARED_STEPS
ea_barbell_deadlift_high_pull,Barbell Deadlift High Pull,Становая тяга с высоким подъёмом со штангой,barbell,Barbell,7,4,beginner,10,False,False,4,2,hip|lower_back,exercises/men/Back/Barbell Deadlift High Pull.mp4,exercises/girl/Back/Barbell Deadlift High Pull.mp4,assets/posters/men/ea_barbell_deadlift_high_pull.jpg,assets/posters/girl/ea_barbell_deadlift_high_pull.jpg,hinge,True,False,Back,False,True,True,1,1,NO_PURPOSE
ea_barbell_decline_shrug,Barbell Decline Shrug,Шраги со штангой на наклонной скамье вниз головой,bench_press,Barbell,1,1,beginner,10,False,False,4,3,lower_back|neck|upper_back,,exercises/girl/Shoulders/Barbell Decline Shrug.mp4,,assets/posters/girl/ea_barbell_decline_shrug.jpg,,False,False,Shoulders,False,True,True,1,1,NO_PURPOSE;NO_MALE_CLIP
ea_barbell_drag_biceps_curl,Barbell Drag Biceps Curl,Сгибание на бицепс со штангой с протяжкой,barbell,Barbell,2,1,beginner,10,False,False,4,1,elbow,exercises/men/Biceps/barbell drag biceps curl.mp4,,assets/posters/men/ea_barbell_drag_biceps_curl.jpg,,curl,True,False,Biceps,False,True,True,2,2,NO_PURPOSE;NO_FEMALE_CLIP;SHARED_SUMMARY;SHARED_STEPS
ea_barbell_drag_curl,Barbell Drag Curl,Сгибание со штангой с протяжкой,barbell,Barbell,2,1,beginner,10,False,False,4,1,elbow,exercises/men/Biceps/barbell drag curl.mp4,,assets/posters/men/ea_barbell_drag_curl.jpg,,curl,True,False,Biceps,False,True,True,2,2,NO_PURPOSE;NO_FEMALE_CLIP;SHARED_SUMMARY;SHARED_STEPS
ea_barbell_feet_elevated_figure_four_glute_bridge,Barbell Feet Elevated Figure Four Glute Bridge,Ягодичный мост со штангой с поднятыми ногами и скрещенной ногой,barbell,"Barbell, Box",5,1,beginner,10,False,False,4,1,hip,exercises/men/Legs/Barbell Feet Elevated Figure Four Glute Bridge.mp4,exercises/girl/Legs/Barbell Feet Elevated Figure Four Glute Bridge.mp4,assets/posters/men/ea_barbell_feet_elevated_figure_four_glute_bridge.jpg,assets/posters/girl/ea_barbell_feet_elevated_figure_four_glute_bridge.jpg,hinge,True,False,Legs,False,True,True,1,1,NO_PURPOSE
ea_barbell_feet_elevated_glute_bridge,Barbell Feet Elevated Glute Bridge,Ягодичный мост со штангой с поднятыми ногами,barbell,"Barbell, Box",5,1,beginner,10,False,False,4,1,hip,exercises/men/Legs/Barbell Feet Elevated Glute Bridge.mp4,exercises/girl/Legs/Barbell Feet Elevated Glute Bridge.mp4,assets/posters/men/ea_barbell_feet_elevated_glute_bridge.jpg,assets/posters/girl/ea_barbell_feet_elevated_glute_bridge.jpg,hinge,True,False,Legs,False,True,True,1,1,NO_PURPOSE
ea_barbell_feet_elevated_single_leg_glute_bridge,Barbell Feet Elevated Single Leg Glute Bridge,Ягодичный мост со штангой с поднятой одной ногой,barbell,"Barbell, Box",5,1,beginner,10,False,False,4,1,hip,exercises/men/Legs/Barbell Feet Elevated Single Leg Glute Bridge.mp4,exercises/girl/Legs/Barbell Feet Elevated Single Leg Glute Bridge.mp4,assets/posters/men/ea_barbell_feet_elevated_single_leg_glute_bridge.jpg,assets/posters/girl/ea_barbell_feet_elevated_single_leg_glute_bridge.jpg,hinge,True,False,Legs,False,True,True,1,1,NO_PURPOSE
ea_barbell_feet_elevated_staggered_glute_bridge,Barbell Feet Elevated Staggered Glute Bridge,Ягодичный мост со штангой с поднятыми ногами в разножке,barbell,"Barbell, Box",5,1,beginner,10,False,False,4,1,hip,exercises/men/Legs/Barbell Feet Elevated Staggered Glute Bridge.mp4,exercises/girl/Legs/Barbell Feet Elevated Staggered Glute Bridge.mp4,assets/posters/men/ea_barbell_feet_elevated_staggered_glute_bridge.jpg,assets/posters/girl/ea_barbell_feet_elevated_staggered_glute_bridge.jpg,hinge,True,False,Legs,False,True,True,1,1,NO_PURPOSE
ea_barbell_floor_chest_press,Barbell Floor Chest Press,Жим штанги лёжа на полу,barbell,Barbell,3,1,beginner,10,False,False,4,1,shoulder,exercises/men/Chest/Barbell floor chest press.mp4,exercises/girl/Chest/barbell floor chest press.mp4,assets/posters/men/ea_barbell_floor_chest_press.jpg,assets/posters/girl/ea_barbell_floor_chest_press.jpg,,False,False,Chest,False,True,True,1,1,NO_PURPOSE
ea_barbell_front_bench_squat,Barbell Front Bench Squat,Присед со штангой на груди на скамью,adjustable_bench,Barbell,4,2,beginner,10,False,False,3,3,ankle|hip|knee,,exercises/girl/Legs/barbell front bench squat.mp4,,assets/posters/girl/ea_barbell_front_bench_squat.jpg,,False,False,Legs,False,True,True,2,2,NO_PURPOSE;NO_MALE_CLIP;SHARED_SUMMARY;SHARED_STEPS
ea_barbell_front_chest_bench_squat,Barbell Front Chest Bench Squat,Присед со штангой на груди на скамью,bench_press,Barbell,4,2,beginner,10,False,False,3,3,ankle|hip|knee,exercises/men/Legs/barbell front chest bench squat.mp4,,assets/posters/men/ea_barbell_front_chest_bench_squat.jpg,,,False,False,Legs,False,True,True,2,2,NO_PURPOSE;NO_FEMALE_CLIP;SHARED_SUMMARY;SHARED_STEPS
ea_barbell_front_chest_lunges,Barbell Front Chest Lunges,Выпады со штангой на груди,barbell,Barbell,4,2,beginner,10,False,False,3,2,hip|knee,exercises/men/Legs/barbell front chest lunges.mp4,,assets/posters/men/ea_barbell_front_chest_lunges.jpg,,lunge,True,False,Legs,False,True,True,3,2,NO_PURPOSE;NO_FEMALE_CLIP;SHARED_SUMMARY;SHARED_STEPS
ea_barbell_front_chest_squat,Barbell Front Chest Squat,Присед со штангой на груди,squat_rack,Barbell,4,2,beginner,10,False,False,3,3,ankle|hip|knee,exercises/men/Legs/Barbell front chest squat.mp4,exercises/girl/Legs/barbell front chest squat.mp4,assets/posters/men/ea_barbell_front_chest_squat.jpg,assets/posters/girl/ea_barbell_front_chest_squat.jpg,squat,True,False,Legs,False,True,True,3,1,NO_PURPOSE;SHARED_SUMMARY
ea_barbell_front_lunges_with_small_pause,Barbell Front Lunges with Small Pause,Выпады со штангой вперед с короткой паузой,barbell,Barbell,4,2,beginner,10,False,False,3,3,hip|knee|upper_back,exercises/men/Legs/Barbell front lunges with small pause.mp4,,assets/posters/men/ea_barbell_front_lunges_with_small_pause.jpg,,lunge,True,False,Legs,False,True,True,3,1,NO_PURPOSE;NO_FEMALE_CLIP;SHARED_SUMMARY
ea_barbell_front_rack_lunge,Barbell Front Rack Lunge,Выпады со штангой на груди (фронтальный хват),barbell,Barbell,4,2,beginner,10,False,False,3,3,hip|knee|wrist,,exercises/girl/Legs/barbell front rack lunge.mp4,,assets/posters/girl/ea_barbell_front_rack_lunge.jpg,lunge,True,False,Legs,False,True,True,3,2,NO_PURPOSE;NO_MALE_CLIP;SHARED_SUMMARY;SHARED_STEPS
ea_barbell_front_squats,Barbell Front Squats,Фронтальные приседания со штангой,squat_rack,Barbell,5,2,beginner,10,False,False,4,5,ankle|hip|knee|lower_back|upper_back,exercises/men/Legs/Barbell front squats.mp4,exercises/girl/Legs/barbell front squat.mp4,assets/posters/men/ea_barbell_front_squats.jpg,assets/posters/girl/ea_barbell_front_squats.jpg,,False,False,Legs,False,True,True,1,1,NO_PURPOSE
ea_barbell_full_clean,Barbell Full Clean,Взятие штанги на грудь в сед,barbell,Barbell,6,3,beginner,10,False,False,4,2,lower_back|wrist,exercises/men/Powerlifting/Barbell full clean.mp4,exercises/girl/Powerlifting/barbell full clean.mp4,assets/posters/men/ea_barbell_full_clean.jpg,assets/posters/girl/ea_barbell_full_clean.jpg,,False,False,Powerlifting,False,True,True,5,1,NO_PURPOSE;SHARED_SUMMARY
ea_barbell_full_squat,Barbell Full Squat,Полный присед со штангой,squat_rack,Barbell,4,2,beginner,10,False,False,3,4,ankle|hip|knee|upper_back,exercises/men/Powerlifting/Barbell full squat.mp4,exercises/girl/Legs/Barbell Full Squat.mp4,assets/posters/men/ea_barbell_full_squat.jpg,assets/posters/girl/ea_barbell_full_squat.jpg,squat,True,False,Legs,False,True,True,9,3,NO_PURPOSE;SHARED_SUMMARY;SHARED_STEPS
ea_barbell_full_squat_side_pov,Barbell Full Squat Side Pov,Полный присед со штангой (вид сбоку),squat_rack,Barbell,4,2,beginner,10,False,False,3,4,ankle|hip|knee|upper_back,exercises/men/Legs/barbell full squat side pov.mp4,exercises/girl/Legs/Barbell Full Squat Side POV.mp4,assets/posters/men/ea_barbell_full_squat_side_pov.jpg,assets/posters/girl/ea_barbell_full_squat_side_pov.jpg,squat,True,False,Legs,False,True,True,9,3,NO_PURPOSE;SHARED_SUMMARY;SHARED_STEPS
ea_barbell_full_squat_wide,Barbell Full Squat Wide,Полный присед со штангой (широкая постановка ног),squat_rack,Barbell,4,2,beginner,10,False,False,3,4,ankle|hip|knee|upper_back,,exercises/girl/Legs/barbell full squat wide.mp4,,assets/posters/girl/ea_barbell_full_squat_wide.jpg,squat,True,False,Legs,False,True,True,1,1,NO_PURPOSE;NO_MALE_CLIP
ea_barbell_full_squat_back,Barbell Full Squat(back),Полный присед со штангой (вид сзади),squat_rack,Barbell,4,2,beginner,10,False,False,3,4,ankle|hip|knee|upper_back,,exercises/girl/Legs/barbell full squat(back).mp4,,assets/posters/girl/ea_barbell_full_squat_back.jpg,squat,True,False,Legs,False,True,True,9,3,NO_PURPOSE;NO_MALE_CLIP;SHARED_SUMMARY;SHARED_STEPS
ea_barbell_full_squat_with_rack,Barbell Full Squat(with Rack),Полный присед со штангой (со стойкой),smith_machine,Barbell,4,2,beginner,10,False,False,3,4,ankle|hip|knee|upper_back,,exercises/girl/Legs/barbell full squat(with rack).mp4,,assets/posters/girl/ea_barbell_full_squat_with_rack.jpg,squat,True,False,Legs,False,True,True,1,1,NO_PURPOSE;NO_MALE_CLIP
ea_barbell_full_zercher_squat,Barbell Full Zercher Squat,Полный присед Зерчера со штангой,barbell,Barbell,5,2,beginner,10,False,False,4,5,ankle|hip|knee|lower_back|upper_back,exercises/men/Legs/Barbell full zercher squat.mp4,exercises/girl/Legs/Barbell full Zercher Squat.mp4,assets/posters/men/ea_barbell_full_zercher_squat.jpg,assets/posters/girl/ea_barbell_full_zercher_squat.jpg,squat,True,False,Legs,False,True,True,1,1,NO_PURPOSE
ea_barbell_glute_bridge,Barbell Glute Bridge,Ягодичный мост со штангой,barbell,Barbell,3,1,beginner,10,False,False,4,1,hip,exercises/men/Legs/Barbell glute bridge.mp4,,assets/posters/men/ea_barbell_glute_bridge.jpg,,hinge,True,False,Legs,False,True,True,2,2,NO_PURPOSE;NO_FEMALE_CLIP;SHARED_SUMMARY;SHARED_STEPS
ea_barbell_glute_bridge_hands_on_bar,Barbell Glute Bridge (hands on Bar),Ягодичный мост со штангой (руки на грифе),barbell,Barbell,3,1,beginner,10,False,False,4,1,hip,,exercises/girl/Legs/Barbell Glute Bridge (hands on bar).mp4,,assets/posters/girl/ea_barbell_glute_bridge_hands_on_bar.jpg,hinge,True,False,Legs,False,True,True,2,2,NO_PURPOSE;NO_MALE_CLIP;SHARED_SUMMARY;SHARED_STEPS
ea_barbell_good_morning,Barbell Good Morning,Наклоны со штангой на плечах (Good Morning),barbell,Barbell,3,1,beginner,10,False,False,4,3,hip|lower_back|upper_back,exercises/men/Back/Barbell Good Morning.mp4,,assets/posters/men/ea_barbell_good_morning.jpg,,hinge,True,False,Back,False,True,True,9,1,NO_PURPOSE;NO_FEMALE_CLIP;SHARED_SUMMARY
ea_barbell_hang_clean,Barbell Hang Clean,Взятие штанги на грудь с виса,barbell,Barbell,0,0,beginner,10,True,True,5,2,lower_back|wrist,exercises/men/Powerlifting/Barbell Hang Clean.mp4,exercises/girl/Powerlifting/Barbell Hang Clean.mp4,assets/posters/men/ea_barbell_hang_clean.jpg,assets/posters/girl/ea_barbell_hang_clean.jpg,,False,False,Powerlifting,False,True,True,1,1,NO_MUSCLES;NO_PRIMARY_MUSCLES
ea_barbell_hip_thrust,Barbell Hip Thrust,Ягодичный мост со штангой,bench_press,Barbell,3,1,beginner,10,False,False,4,1,hip,exercises/men/Legs/Barbell Hip Thrust.mp4,exercises/girl/Legs/Barbell Hip Thrust.mp4,assets/posters/men/ea_barbell_hip_thrust.jpg,assets/posters/girl/ea_barbell_hip_thrust.jpg,hinge,True,False,Legs,False,True,True,1,1,NO_PURPOSE
ea_barbell_hooklying_bench_press,Barbell Hooklying Bench Press,Жим штанги лежа (ноги на скамье),bench_press,Barbell,1,0,beginner,10,True,True,5,1,shoulder,,exercises/girl/Chest/Barbell Hooklying Bench Press.mp4,,assets/posters/girl/ea_barbell_hooklying_bench_press.jpg,,False,False,Chest,False,True,True,1,1,NO_PRIMARY_MUSCLES;NO_MALE_CLIP
ea_barbell_hooklying_bench_press_close_elbows,Barbell Hooklying Bench Press Close Elbows,"Жим штанги лежа (ноги на скамье, локти прижаты)",bench_press,Barbell,1,0,beginner,10,True,True,5,1,shoulder,exercises/men/Chest/Barbell Hooklying Bench Press Close Elbows.mp4,,assets/posters/men/ea_barbell_hooklying_bench_press_close_elbows.jpg,,,False,False,Chest,False,True,True,1,1,NO_PRIMARY_MUSCLES;NO_FEMALE_CLIP
ea_barbell_incline_shoulders_press,Barbell Incline Shoulders Press,Жим штанги на наклонной скамье,bench_press,Barbell,3,1,beginner,10,False,False,4,1,shoulder,,exercises/girl/Shoulders/Barbell Incline Shoulders Press.mp4,,assets/posters/girl/ea_barbell_incline_shoulders_press.jpg,,False,False,Shoulders,False,True,True,1,1,NO_PURPOSE;NO_MALE_CLIP
ea_barbell_incline_shoulders_press_inside_squat_cage,Barbell Incline Shoulders Press (inside Squat Cage),Жим штанги на наклонной скамье для плеч (в силовой раме),squat_rack,Barbell,3,1,beginner,10,False,False,4,3,hip|knee|shoulder,,exercises/girl/Shoulders/Barbell Incline Shoulders Press (inside squat cage).mp4,,assets/posters/girl/ea_barbell_incline_shoulders_press_inside_squat_cage.jpg,,False,False,Shoulders,False,True,True,1,1,NO_PURPOSE;NO_MALE_CLIP
ea_barbell_inclined_bench_press,Barbell Inclined Bench Press,Жим штанги на наклонной скамье,bench_press,Barbell,2,0,beginner,10,False,False,4,1,shoulder,,exercises/girl/Chest/Barbell Inclined Bench Press.mp4,,assets/posters/girl/ea_barbell_inclined_bench_press.jpg,,False,False,Chest,False,True,True,1,1,NO_PRIMARY_MUSCLES;NO_PURPOSE;NO_MALE_CLIP
ea_barbell_jefferson_split_squat,Barbell Jefferson Split Squat,Сплит-присед Джефферсона со штангой,barbell,Barbell,4,2,beginner,10,False,False,4,3,ankle|hip|knee,exercises/men/Legs/Barbell jefferson split squat.mp4,,assets/posters/men/ea_barbell_jefferson_split_squat.jpg,,lunge,True,False,Legs,False,True,True,1,1,NO_PURPOSE;NO_FEMALE_CLIP
ea_barbell_jefferson_squat,Barbell Jefferson Squat,Присед Джефферсона со штангой,barbell,Barbell,4,2,beginner,10,False,False,3,3,ankle|hip|knee,exercises/men/Legs/Barbell jefferson squat.mp4,exercises/girl/Legs/Barbell Jefferson Squat.mp4,assets/posters/men/ea_barbell_jefferson_squat.jpg,assets/posters/girl/ea_barbell_jefferson_squat.jpg,,False,False,Legs,False,True,True,1,1,NO_PURPOSE
ea_barbell_jm_bench_press,Barbell JM Bench Press,Жим JM со штангой,bench_press,Barbell,3,1,beginner,10,False,False,4,1,shoulder,exercises/men/Chest/Barbell JM bench press.mp4,,assets/posters/men/ea_barbell_jm_bench_press.jpg,,,False,False,Chest,False,True,True,1,1,NO_PURPOSE;NO_FEMALE_CLIP
ea_barbell_jump_shrug,Barbell Jump Shrug,Шраги в прыжке со штангой,barbell,Barbell,0,0,beginner,10,True,True,5,5,ankle|knee|lower_back|neck|upper_back,exercises/men/Calisthenics-Cardio-Plyo-Functional/Barbell Jump Shrug.mp4,exercises/girl/Calisthenics-Cardio-Plyo-Functional/Barbell Jump Shrug.mp4,assets/posters/men/ea_barbell_jump_shrug.jpg,assets/posters/girl/ea_barbell_jump_shrug.jpg,,False,False,Calisthenics-Cardio-Plyo-Functional,False,True,True,1,1,NO_MUSCLES;NO_PRIMARY_MUSCLES
ea_barbell_jump_squat,Barbell Jump Squat,Присед в прыжке со штангой,barbell,Barbell,4,2,beginner,10,False,False,4,4,ankle|hip|knee|upper_back,exercises/men/Legs/Barbell jump squat.mp4,exercises/girl/Legs/Barbell Jump Squat.mp4,assets/posters/men/ea_barbell_jump_squat.jpg,assets/posters/girl/ea_barbell_jump_squat.jpg,squat,True,False,Legs,False,True,True,9,1,NO_PURPOSE;SHARED_SUMMARY
ea_barbell_kas_glute_bridge,Barbell KAS Glute Bridge,Ягодичный мост KAS со штангой,barbell,Barbell,3,1,beginner,10,False,False,4,1,hip,exercises/men/Legs/Barbell KAS glute bridge.mp4,exercises/girl/Legs/Barbell KAS Glute Bridge.mp4,assets/posters/men/ea_barbell_kas_glute_bridge.jpg,assets/posters/girl/ea_barbell_kas_glute_bridge.jpg,hinge,True,False,Legs,False,True,True,1,1,NO_PURPOSE
ea_barbell_kneeling_squat,Barbell Kneeling Squat,Присед на коленях со штангой,bench_press,Barbell,4,2,beginner,10,False,False,4,4,ankle|hip|knee|upper_back,exercises/men/Legs/barbell kneeling squat.mp4,,assets/posters/men/ea_barbell_kneeling_squat.jpg,,,False,False,Legs,False,True,True,1,1,NO_PURPOSE;NO_FEMALE_CLIP
ea_barbell_landmine_chest_press,Barbell Landmine Chest Press,Жим штанги от груди в Landmine,barbell,Landmine,1,0,beginner,10,True,True,5,1,shoulder,exercises/men/Chest/Barbell landmine chest press.mp4,exercises/girl/Chest/Barbell landmine chest press.mp4,assets/posters/men/ea_barbell_landmine_chest_press.jpg,assets/posters/girl/ea_barbell_landmine_chest_press.jpg,,False,False,Chest,False,True,True,1,1,NO_PRIMARY_MUSCLES
ea_barbell_landmine_side_bend,Barbell Landmine Side Bend,Наклоны в сторону в Landmine со штангой,barbell,Landmine,1,0,beginner,10,True,True,5,0,,exercises/men/Abdominals/Barbell Landmine Side Bend.mp4,exercises/girl/Abdominals/Barbell Landmine Side Bend.mp4,assets/posters/men/ea_barbell_landmine_side_bend.jpg,assets/posters/girl/ea_barbell_landmine_side_bend.jpg,,False,False,Abdominals,False,True,True,1,1,NO_CONTRAINDICATION_TAGS;NO_PRIMARY_MUSCLES
ea_barbell_lap_curl,Barbell Lap Curl,Сгибание на бицепс со штангой на бёдрах,bench_press,Barbell,2,1,beginner,10,False,False,4,1,elbow,exercises/men/Biceps/barbell lap curl.mp4,,assets/posters/men/ea_barbell_lap_curl.jpg,,curl,True,False,Biceps,False,True,True,1,1,NO_PURPOSE;NO_FEMALE_CLIP
ea_barbell_larsen_bench_press,Barbell Larsen Bench Press,Жим Ларсена со штангой,bench_press,Barbell,1,0,beginner,10,True,True,5,1,shoulder,exercises/men/Chest/Barbell Larsen Bench Press.mp4,exercises/girl/Chest/Barbell Larsen Bench Press.mp4,assets/posters/men/ea_barbell_larsen_bench_press.jpg,assets/posters/girl/ea_barbell_larsen_bench_press.jpg,,False,False,Chest,False,True,True,1,1,NO_PRIMARY_MUSCLES
ea_barbell_lateral_lunges,Barbell Lateral Lunges,Боковые выпады со штангой,barbell,Barbell,5,3,beginner,10,False,False,3,3,hip|knee|upper_back,exercises/men/Legs/Barbell lateral lunges.mp4,exercises/girl/Legs/Barbell Lateral Lunge.mp4,assets/posters/men/ea_barbell_lateral_lunges.jpg,assets/posters/girl/ea_barbell_lateral_lunges.jpg,lunge,True,False,Legs,False,True,True,9,1,NO_PURPOSE;SHARED_SUMMARY
ea_barbell_long_landmine_row,Barbell Long Landmine Row,Тяга штанги в Landmine (длинная),barbell,Landmine,4,1,beginner,10,False,False,4,1,upper_back,exercises/men/Back/Barbell Long Landmine Row.mp4,,assets/posters/men/ea_barbell_long_landmine_row.jpg,,,False,False,Back,False,True,True,1,1,NO_PURPOSE;NO_FEMALE_CLIP
ea_barbell_low_bar_squat,Barbell Low Bar Squat,Присед со штангой низко на спине,squat_rack,Barbell,4,2,beginner,10,False,False,3,4,ankle|hip|knee|upper_back,exercises/men/Legs/Barbell low bar squat.mp4,exercises/girl/Legs/Barbell Low Bar Squat.mp4,assets/posters/men/ea_barbell_low_bar_squat.jpg,assets/posters/girl/ea_barbell_low_bar_squat.jpg,squat,True,False,Legs,False,True,True,1,1,NO_PURPOSE
ea_barbell_lunges,Barbell Lunges,Выпады со штангой,barbell,Barbell,4,2,beginner,10,False,False,3,3,hip|knee|upper_back,exercises/men/Legs/Barbell lunges.mp4,exercises/girl/Legs/Barbell Lunge.mp4,assets/posters/men/ea_barbell_lunges.jpg,assets/posters/girl/ea_barbell_lunges.jpg,lunge,True,False,Legs,False,True,True,3,1,NO_PURPOSE;SHARED_SUMMARY
ea_barbell_lunges_on_the_spot,Barbell Lunges on the Spot,Выпады со штангой на месте,barbell,Barbell,4,2,beginner,10,False,False,3,3,hip|knee|upper_back,exercises/men/Legs/barbell lunges on the spot.mp4,,assets/posters/men/ea_barbell_lunges_on_the_spot.jpg,,lunge,True,False,Legs,False,True,True,3,1,NO_PURPOSE;NO_FEMALE_CLIP;SHARED_SUMMARY
ea_barbell_lying_extension,Barbell Lying Extension,Разгибание рук со штангой лёжа,bench_press,Barbell,2,1,beginner,10,False,False,4,0,,,exercises/girl/Triceps/Barbell Lying extension.mp4,,assets/posters/girl/ea_barbell_lying_extension.jpg,,False,False,Triceps,False,True,True,4,2,NO_CONTRAINDICATION_TAGS;NO_PURPOSE;NO_MALE_CLIP;SHARED_SUMMARY;SHARED_STEPS
ea_barbell_lying_row,Barbell Lying Row,Тяга штанги лёжа,bench_press,Barbell,4,2,beginner,10,False,False,3,1,upper_back,exercises/men/Back/Barbell Lying Row.mp4,,assets/posters/men/ea_barbell_lying_row.jpg,,,False,False,Back,False,True,True,1,1,NO_PURPOSE;NO_FEMALE_CLIP
ea_barbell_lying_triceps_extension,Barbell Lying Triceps Extension,Французский жим со штангой лёжа,bench_press,Barbell,2,1,beginner,10,False,False,4,1,elbow,exercises/men/Triceps/Barbell lying triceps extension.mp4,,assets/posters/men/ea_barbell_lying_triceps_extension.jpg,,,False,False,Triceps,False,True,True,4,2,NO_PURPOSE;NO_FEMALE_CLIP;SHARED_SUMMARY;SHARED_STEPS
ea_barbell_lying_triceps_skull_crusher,Barbell Lying Triceps Skull Crusher,Французский жим со штангой лёжа,bench_press,Barbell,2,1,beginner,10,False,False,4,1,elbow,,exercises/girl/Triceps/barbell lying triceps skull crusher.mp4,,assets/posters/girl/ea_barbell_lying_triceps_skull_crusher.jpg,,False,False,Triceps,False,True,True,4,2,NO_PURPOSE;NO_MALE_CLIP;SHARED_SUMMARY;SHARED_STEPS
ea_barbell_lying_triceps_skull_crushers,Barbell Lying Triceps Skull Crushers,Французский жим со штангой лёжа,bench_press,Barbell,2,1,beginner,10,False,False,4,1,elbow,exercises/men/Triceps/Barbell lying triceps skull crushers.mp4,,assets/posters/men/ea_barbell_lying_triceps_skull_crushers.jpg,,,False,False,Triceps,False,True,True,4,2,NO_PURPOSE;NO_FEMALE_CLIP;SHARED_SUMMARY;SHARED_STEPS
ea_barbell_meadows_row,Barbell Meadows Row,Тяга штанги в тренажере Landmine (Мэдоуз),barbell,Barbell,4,1,beginner,10,False,False,4,1,upper_back,exercises/men/Back/Barbell Meadows Row.mp4,,assets/posters/men/ea_barbell_meadows_row.jpg,,,False,False,Back,False,True,True,1,1,NO_PURPOSE;NO_FEMALE_CLIP
ea_barbell_muscle_clean,Barbell Muscle Clean,Мышечный подъем штанги на грудь,barbell,Barbell,7,5,beginner,10,False,False,4,3,lower_back|upper_back|wrist,exercises/men/Powerlifting/Barbell muscle clean.mp4,exercises/girl/Powerlifting/barbell muscle clean.mp4,assets/posters/men/ea_barbell_muscle_clean.jpg,assets/posters/girl/ea_barbell_muscle_clean.jpg,,False,False,Powerlifting,False,True,True,2,1,NO_PURPOSE;SHARED_SUMMARY
ea_barbell_narrow_stance_full_squat,Barbell Narrow Stance Full Squat,Присед со штангой с узкой постановкой ног,squat_rack,Barbell,5,2,beginner,10,False,False,4,4,ankle|hip|knee|upper_back,,exercises/girl/Legs/barbell narrow stance full squat.mp4,,assets/posters/girl/ea_barbell_narrow_stance_full_squat.jpg,squat,True,False,Legs,False,True,True,1,1,NO_PURPOSE;NO_MALE_CLIP
ea_barbell_narrow_stance_squat,Barbell Narrow Stance Squat,Присед со штангой с узкой постановкой ног,squat_rack,Barbell,3,2,beginner,10,False,False,3,4,ankle|hip|knee|upper_back,exercises/men/Legs/Barbell narrow stance squat.mp4,,assets/posters/men/ea_barbell_narrow_stance_squat.jpg,,squat,True,False,Legs,False,True,True,1,1,NO_PURPOSE;NO_FEMALE_CLIP
ea_barbell_one_arm_single_deadlift,Barbell One Arm Single Deadlift,Становая тяга штанги одной рукой,barbell,Barbell,5,3,beginner,10,False,False,4,2,hip|lower_back,exercises/men/Back/barbell one arm single deadlift.mp4,,assets/posters/men/ea_barbell_one_arm_single_deadlift.jpg,,hinge,True,False,Back,False,True,True,1,1,NO_PURPOSE;NO_FEMALE_CLIP
ea_barbell_one_leg_hip_thrust,Barbell One Leg Hip Thrust,Ягодичный мост со штангой на одной ноге,bench_press,Barbell,3,1,beginner,10,False,False,4,1,hip,exercises/men/Legs/barbell one leg hip thrust.mp4,,assets/posters/men/ea_barbell_one_leg_hip_thrust.jpg,,hinge,True,False,Legs,False,True,True,1,1,NO_PURPOSE;NO_FEMALE_CLIP
ea_barbell_overhead_lunges,Barbell Overhead Lunges,Выпады со штангой над головой,barbell,Barbell,5,3,beginner,10,False,False,3,3,hip|knee|shoulder,exercises/men/Legs/Barbell overhead lunges.mp4,exercises/girl/Legs/barbell overhead lunge.mp4,assets/posters/men/ea_barbell_overhead_lunges.jpg,assets/posters/girl/ea_barbell_overhead_lunges.jpg,lunge,True,False,Legs,False,True,True,3,1,NO_PURPOSE;SHARED_SUMMARY
ea_barbell_overhead_shrug,Barbell Overhead Shrug,Шраги со штангой над головой,barbell,Barbell,2,1,beginner,10,False,False,4,4,lower_back|neck|shoulder|upper_back,exercises/men/Shoulders/Barbell overhead shrug.mp4,,assets/posters/men/ea_barbell_overhead_shrug.jpg,,,False,False,Shoulders,False,True,True,3,1,NO_PURPOSE;NO_FEMALE_CLIP;SHARED_SUMMARY
ea_barbell_overhead_squat,Barbell Overhead Squat,Присед со штангой над головой,barbell,Barbell,5,3,beginner,10,False,False,3,6,ankle|hip|knee|lower_back|shoulder|upper_back,exercises/men/Legs/Barbell overhead squat.mp4,exercises/girl/Legs/barbell overhead squat.mp4,assets/posters/men/ea_barbell_overhead_squat.jpg,assets/posters/girl/ea_barbell_overhead_squat.jpg,squat,True,False,Legs,False,True,True,3,1,NO_PURPOSE;SHARED_SUMMARY
ea_barbell_palm_down_wrist_curl_over_a_bench,Barbell Palm Down Wrist Curl Over a Bench,Сгибание запястий со штангой прямым хватом на скамье,bench_press,Barbell,1,1,beginner,10,False,False,4,2,elbow|wrist,,exercises/girl/Forearms/barbell palm down wrist curl over a bench.mp4,,assets/posters/girl/ea_barbell_palm_down_wrist_curl_over_a_bench.jpg,,False,False,Forearms,False,True,True,1,1,NO_PURPOSE;NO_MALE_CLIP
ea_barbell_pause_incline_bench_press,Barbell Pause Incline Bench Press,Жим штанги на наклонной скамье с паузой,bench_press,Barbell,3,0,beginner,10,False,False,4,1,shoulder,,exercises/girl/Chest/Barbell Pause Incline Bench Press.mp4,,assets/posters/girl/ea_barbell_pause_incline_bench_press.jpg,,False,False,Chest,False,True,True,1,1,NO_PRIMARY_MUSCLES;NO_PURPOSE;NO_MALE_CLIP
ea_barbell_pause_lunge,Barbell Pause Lunge,Выпады со штангой с паузой,barbell,Barbell,5,2,beginner,10,False,False,4,3,hip|knee|upper_back,,exercises/girl/Legs/Barbell Pause Lunge.mp4,,assets/posters/girl/ea_barbell_pause_lunge.jpg,lunge,True,False,Legs,False,True,True,2,1,NO_PURPOSE;NO_MALE_CLIP;SHARED_SUMMARY
ea_barbell_pendlay_row,Barbell Pendlay Row,Тяга штанги в наклоне Пендлея,barbell,Barbell,4,2,beginner,10,False,False,4,2,lower_back|upper_back,exercises/men/Back/Barbell pendlay row.mp4,,assets/posters/men/ea_barbell_pendlay_row.jpg,,,False,False,Back,False,True,True,1,1,NO_PURPOSE;NO_FEMALE_CLIP
ea_barbell_power_clean,Barbell Power Clean,Силовой подъем штанги на грудь,barbell,Barbell,7,5,beginner,10,False,False,4,3,lower_back|upper_back|wrist,exercises/men/Powerlifting/Barbell power clean.mp4,,assets/posters/men/ea_barbell_power_clean.jpg,,,False,False,Powerlifting,False,True,True,2,1,NO_PURPOSE;NO_FEMALE_CLIP;SHARED_SUMMARY
ea_barbell_power_clean_from_blocks,Barbell Power Clean From Blocks,Силовой подъем штанги на грудь с плинтов,barbell,Barbell,7,5,beginner,10,False,False,4,3,lower_back|upper_back|wrist,exercises/men/Powerlifting/Barbell power clean from blocks.mp4,,assets/posters/men/ea_barbell_power_clean_from_blocks.jpg,,,False,False,Powerlifting,False,True,True,1,1,NO_PURPOSE;NO_FEMALE_CLIP
ea_barbell_power_jerk,Barbell Power Jerk,Силовой толчок штанги,barbell,Barbell,5,3,beginner,10,False,False,4,1,shoulder,exercises/men/Powerlifting/Barbell power jerk.mp4,,assets/posters/men/ea_barbell_power_jerk.jpg,,,False,False,Powerlifting,False,True,True,1,1,NO_PURPOSE;NO_FEMALE_CLIP
ea_barbell_power_snatch,Barbell Power Snatch,Силовой рывок штанги,barbell,Barbell,7,4,beginner,10,False,False,4,3,lower_back|shoulder|wrist,exercises/men/Powerlifting/Barbell power snatch.mp4,,assets/posters/men/ea_barbell_power_snatch.jpg,,,False,False,Powerlifting,False,True,True,1,1,NO_PURPOSE;NO_FEMALE_CLIP
ea_barbell_preacher_curl,Barbell Preacher Curl,Сгибание на бицепс со штангой на скамье Скотта,preacher_curl_bench,Barbell,2,1,beginner,10,False,False,4,1,elbow,exercises/men/Biceps/Barbell preacher curl.mp4,,assets/posters/men/ea_barbell_preacher_curl.jpg,,curl,True,False,Biceps,False,True,True,1,1,NO_PURPOSE;NO_FEMALE_CLIP
ea_barbell_press_under,Barbell Press Under,Жим штанги из-под себя,barbell,Barbell,0,0,beginner,10,True,True,5,2,knee|shoulder,exercises/men/Powerlifting/Barbell Press Under.mp4,exercises/girl/Powerlifting/Barbell Press Under.mp4,assets/posters/men/ea_barbell_press_under.jpg,assets/posters/girl/ea_barbell_press_under.jpg,,False,False,Powerlifting,False,True,True,1,1,NO_MUSCLES;NO_PRIMARY_MUSCLES
ea_barbell_pullover_to_triceps_extension,Barbell Pullover to Triceps Extension,Пуловер со штангой с разгибанием на трицепс,bench_press,Barbell,4,2,beginner,10,False,False,4,2,elbow|shoulder,exercises/men/Chest/Barbell pullover to triceps extension.mp4,,assets/posters/men/ea_barbell_pullover_to_triceps_extension.jpg,,,False,False,Chest,False,True,True,1,1,NO_PURPOSE;NO_FEMALE_CLIP
ea_barbell_push_bent_over_row,Barbell Push Bent Over Row,Тяга штанги в наклоне с толчком,barbell,Barbell,4,2,beginner,10,False,False,4,2,lower_back|upper_back,exercises/men/Back/Barbell push bent over row.mp4,,assets/posters/men/ea_barbell_push_bent_over_row.jpg,,,False,False,Back,False,True,True,1,1,NO_PURPOSE;NO_FEMALE_CLIP
ea_barbell_quarter_squat,Barbell Quarter Squat,Присед со штангой на четверть амплитуды,squat_rack,Barbell,4,2,beginner,10,False,False,3,4,ankle|hip|knee|upper_back,exercises/men/Legs/Barbell quarter squat.mp4,,assets/posters/men/ea_barbell_quarter_squat.jpg,,squat,True,False,Legs,False,True,True,9,1,NO_PURPOSE;NO_FEMALE_CLIP;SHARED_SUMMARY
ea_barbell_rack_pull,Barbell Rack Pull,Тяга штанги с плинтов,squat_rack,Barbell,6,4,beginner,10,False,False,4,2,lower_back|upper_back,exercises/men/Powerlifting/Barbell rack pull.mp4,,assets/posters/men/ea_barbell_rack_pull.jpg,,,False,False,Powerlifting,False,True,True,1,1,NO_PURPOSE;NO_FEMALE_CLIP
ea_barbell_rear_delt_raise,Barbell Rear Delt Raise,Подъём штанги на задние дельты,barbell,Barbell,2,1,beginner,10,False,False,3,2,shoulder|upper_back,exercises/men/Shoulders/Barbell rear delt raise.mp4,,assets/posters/men/ea_barbell_rear_delt_raise.jpg,,,False,False,Shoulders,False,True,True,1,1,NO_PURPOSE;NO_FEMALE_CLIP
ea_barbell_rear_lunge_on_box,Barbell Rear Lunge on Box,Выпады назад со штангой на платформе,barbell,Barbell,4,2,beginner,10,False,False,4,3,hip|knee|upper_back,exercises/men/Legs/Barbell rear lunge on box.mp4,,assets/posters/men/ea_barbell_rear_lunge_on_box.jpg,,lunge,True,False,Legs,False,True,True,1,1,NO_PURPOSE;NO_FEMALE_CLIP
ea_barbell_rear_lunges,Barbell Rear Lunges,Выпады назад со штангой,barbell,Barbell,4,2,beginner,10,False,False,4,3,hip|knee|upper_back,exercises/men/Legs/Barbell rear lunges.mp4,,assets/posters/men/ea_barbell_rear_lunges.jpg,,lunge,True,False,Legs,False,True,True,9,1,NO_PURPOSE;NO_FEMALE_CLIP;SHARED_SUMMARY
ea_barbell_reverse_biceps_curl,Barbell Reverse Biceps Curl,Сгибание рук со штангой обратным хватом,barbell,Barbell,2,1,beginner,10,False,False,4,1,elbow,exercises/men/Biceps/Barbell reverse biceps curl.mp4,,assets/posters/men/ea_barbell_reverse_biceps_curl.jpg,,curl,True,False,Biceps,False,True,True,1,1,NO_PURPOSE;NO_FEMALE_CLIP
ea_barbell_reverse_close_grip_bench_press,Barbell Reverse Close Grip Bench Press,Жим лёжа обратным узким хватом со штангой,bench_press,Barbell,3,2,beginner,10,False,False,4,2,elbow|shoulder,exercises/men/Chest/Barbell reverse close grip bench press.mp4,,assets/posters/men/ea_barbell_reverse_close_grip_bench_press.jpg,,,False,False,Chest,False,True,True,1,1,NO_PURPOSE;NO_FEMALE_CLIP
ea_barbell_reverse_deadlift,Barbell Reverse Deadlift,Обратная становая тяга со штангой,barbell,Barbell,1,0,beginner,10,True,True,5,2,hip|lower_back,exercises/men/Back/Barbell Reverse Deadlift.mp4,exercises/girl/Back/Barbell Reverse Deadlift.mp4,assets/posters/men/ea_barbell_reverse_deadlift.jpg,assets/posters/girl/ea_barbell_reverse_deadlift.jpg,hinge,True,False,Back,False,True,True,1,1,NO_PRIMARY_MUSCLES
ea_barbell_reverse_grip_bench_press,Barbell Reverse Grip Bench Press,Жим лёжа обратным хватом со штангой,bench_press,Barbell,3,2,beginner,10,False,False,4,1,shoulder,exercises/men/Chest/Barbell reverse grip bench press.mp4,,assets/posters/men/ea_barbell_reverse_grip_bench_press.jpg,,,False,False,Chest,False,True,True,1,1,NO_PURPOSE;NO_FEMALE_CLIP
ea_barbell_reverse_grip_bent_over_row,Barbell Reverse Grip Bent Over Row,Тяга штанги в наклоне обратным хватом,barbell,Barbell,4,1,beginner,10,False,False,4,2,lower_back|upper_back,exercises/men/Back/Barbell reverse grip bent over row.mp4,,assets/posters/men/ea_barbell_reverse_grip_bent_over_row.jpg,,,False,False,Back,False,True,True,1,1,NO_PURPOSE;NO_FEMALE_CLIP
ea_barbell_reverse_spider_curl,Barbell Reverse Spider Curl,Сгибание рук со штангой обратным хватом на наклонной скамье,bench_press,Barbell,2,1,beginner,10,False,False,4,1,elbow,exercises/men/Biceps/Barbell reverse spider curl.mp4,,assets/posters/men/ea_barbell_reverse_spider_curl.jpg,,curl,True,False,Biceps,False,True,True,1,1,NO_PURPOSE;NO_FEMALE_CLIP
ea_barbell_rollout,Barbell Rollout,Выкатывание штанги,barbell,Barbell,3,1,beginner,10,False,False,4,0,,exercises/men/Abdominals/Barbell rollout.mp4,,assets/posters/men/ea_barbell_rollout.jpg,,,False,False,Abdominals,False,True,True,1,1,NO_CONTRAINDICATION_TAGS;NO_PURPOSE;NO_FEMALE_CLIP
ea_barbell_seated_behind_neck_military_press,Barbell Seated Behind Neck Military Press,Жим штанги из-за головы сидя,bench_press,Barbell,3,1,beginner,10,False,False,4,2,neck|shoulder,exercises/men/Shoulders/Barbell seated behind neck military press.mp4,,assets/posters/men/ea_barbell_seated_behind_neck_military_press.jpg,,,False,False,Shoulders,False,True,True,1,1,NO_PURPOSE;NO_FEMALE_CLIP
ea_barbell_seated_concentration_biceps_curl,Barbell Seated Concentration Biceps Curl,Сгибание рук со штангой сидя в концентрации,bench_press,Barbell,2,1,beginner,10,False,False,4,1,elbow,exercises/men/Biceps/Barbell seated concentration biceps curl.mp4,,assets/posters/men/ea_barbell_seated_concentration_biceps_curl.jpg,,,False,False,Biceps,False,True,True,1,1,NO_PURPOSE;NO_FEMALE_CLIP
ea_barbell_seated_good_morning,Barbell Seated Good Morning,Наклоны со штангой сидя,bench_press,Barbell,4,1,beginner,10,False,False,4,3,hip|lower_back|upper_back,exercises/men/Back/Barbell seated good morning.mp4,,assets/posters/men/ea_barbell_seated_good_morning.jpg,,,False,False,Back,False,True,True,1,1,NO_PURPOSE;NO_FEMALE_CLIP
ea_barbell_seated_military_press,Barbell Seated Military Press,Жим штанги сидя,squat_rack,Barbell,2,0,beginner,10,False,False,4,1,shoulder,exercises/men/Shoulders/Barbell seated military press.mp4,,assets/posters/men/ea_barbell_seated_military_press.jpg,,,False,False,Shoulders,False,True,True,1,1,NO_PRIMARY_MUSCLES;NO_PURPOSE;NO_FEMALE_CLIP
ea_barbell_seated_on_knee_calve_raises,Barbell Seated on Knee Calve Raises,Подъёмы на носки сидя со штангой на коленях,bench_press,Barbell,1,1,beginner,10,False,False,4,0,,exercises/men/Legs/barbell seated on knee calve raises.mp4,,assets/posters/men/ea_barbell_seated_on_knee_calve_raises.jpg,,,False,False,Legs,False,True,True,1,1,NO_CONTRAINDICATION_TAGS;NO_PURPOSE;NO_FEMALE_CLIP
ea_barbell_seated_overhead_press,Barbell Seated Overhead Press,Жим штанги сидя над головой,bench_press,Barbell,3,1,beginner,10,False,False,4,1,shoulder,exercises/men/Shoulders/Barbell seated overhead press.mp4,,assets/posters/men/ea_barbell_seated_overhead_press.jpg,,,False,False,Shoulders,False,True,True,1,1,NO_PURPOSE;NO_FEMALE_CLIP
ea_barbell_seated_overhead_triceps_press,Barbell Seated Overhead Triceps Press,Жим штанги сидя над головой на трицепс,bench_press,Barbell,2,1,beginner,10,False,False,4,2,elbow|shoulder,exercises/men/Triceps/barbell seated overhead triceps press.mp4,,assets/posters/men/ea_barbell_seated_overhead_triceps_press.jpg,,,False,False,Triceps,False,True,True,1,1,NO_PURPOSE;NO_FEMALE_CLIP
ea_barbell_seated_twist,Barbell Seated Twist,Повороты корпуса сидя со штангой,bench_press,Barbell,2,1,beginner,10,False,False,4,1,upper_back,exercises/men/Abdominals/Barbell seated twist.mp4,,assets/posters/men/ea_barbell_seated_twist.jpg,,,False,False,Abdominals,False,True,True,1,1,NO_PURPOSE;NO_FEMALE_CLIP
ea_barbell_seated_twist_on_exercise_ball,Barbell Seated Twist on Exercise Ball,Повороты корпуса сидя на фитболе со штангой,barbell,Barbell,2,1,beginner,10,False,False,4,1,upper_back,exercises/men/Abdominals/barbell seated twist on exercise ball.mp4,,assets/posters/men/ea_barbell_seated_twist_on_exercise_ball.jpg,,,False,False,Abdominals,False,True,True,1,1,NO_PURPOSE;NO_FEMALE_CLIP
ea_barbell_shrugs,Barbell Shrugs,Шраги со штангой,barbell,Barbell,1,1,beginner,10,False,False,4,3,lower_back|neck|upper_back,exercises/men/Shoulders/barbell shrugs.mp4,,assets/posters/men/ea_barbell_shrugs.jpg,,,False,False,Shoulders,False,True,True,1,1,NO_PURPOSE;NO_FEMALE_CLIP
ea_barbell_side_bends,Barbell Side Bends,Наклоны в стороны со штангой,barbell,Barbell,2,1,beginner,10,False,False,4,1,upper_back,exercises/men/Abdominals/Barbell side bends.mp4,,assets/posters/men/ea_barbell_side_bends.jpg,,,False,False,Abdominals,False,True,True,1,1,NO_PURPOSE;NO_FEMALE_CLIP
ea_barbell_side_split_squat,Barbell Side Split Squat,Боковой выпад со штангой,barbell,Barbell,3,2,beginner,10,False,False,4,4,ankle|hip|knee|upper_back,exercises/men/Legs/Barbell side split squat.mp4,,assets/posters/men/ea_barbell_side_split_squat.jpg,,lunge,True,False,Legs,False,True,True,1,1,NO_PURPOSE;NO_FEMALE_CLIP
ea_barbell_side_step_up,Barbell Side Step Up,Боковые зашагивания на платформу со штангой,barbell,"Box, Barbell",3,2,beginner,10,False,False,4,3,hip|knee|upper_back,exercises/men/Legs/Barbell Side Step Up.mp4,exercises/girl/Legs/Barbell Side Step Up.mp4,assets/posters/men/ea_barbell_side_step_up.jpg,assets/posters/girl/ea_barbell_side_step_up.jpg,lunge,True,False,Legs,False,True,True,1,1,NO_PURPOSE
ea_barbell_silverback_shrug,Barbell Silverback Shrug,Шраги «Серебряная спина» со штангой,barbell,Barbell,2,1,beginner,10,False,False,4,3,lower_back|neck|upper_back,exercises/men/Shoulders/Barbell Silverback Shrug.mp4,exercises/girl/Shoulders/Barbell Silverback Shrug.mp4,assets/posters/men/ea_barbell_silverback_shrug.jpg,assets/posters/girl/ea_barbell_silverback_shrug.jpg,,False,False,Shoulders,False,True,True,1,1,NO_PURPOSE
ea_barbell_single_arm_biceps_curl,Barbell Single Arm Biceps Curl,Сгибание на бицепс одной рукой со штангой,barbell,Barbell,2,1,beginner,10,False,False,4,1,elbow,exercises/men/Biceps/Barbell single arm biceps curl.mp4,,assets/posters/men/ea_barbell_single_arm_biceps_curl.jpg,,curl,True,False,Biceps,False,True,True,1,1,NO_PURPOSE;NO_FEMALE_CLIP
ea_barbell_single_leg_deadlift,Barbell Single Leg Deadlift,Становая тяга на одной ноге со штангой,barbell,Barbell,3,2,beginner,10,False,False,4,2,hip|lower_back,exercises/men/Back/Barbell single leg deadlift.mp4,,assets/posters/men/ea_barbell_single_leg_deadlift.jpg,,hinge,True,False,Back,False,True,True,1,1,NO_PURPOSE;NO_FEMALE_CLIP
ea_barbell_single_leg_split_squat,Barbell Single Leg Split Squat,Болгарский присед со штангой,bench_press,Barbell,4,2,beginner,10,False,False,4,4,ankle|hip|knee|upper_back,exercises/men/Legs/Barbell single leg split squat.mp4,,assets/posters/men/ea_barbell_single_leg_split_squat.jpg,,lunge,True,False,Legs,False,True,True,1,1,NO_PURPOSE;NO_FEMALE_CLIP
ea_barbell_situp,Barbell Situp,Скручивания со штангой,barbell,Barbell,1,0,beginner,10,True,True,5,0,,exercises/men/Abdominals/Barbell Situp.mp4,exercises/girl/Abdominals/Barbell Situp.mp4,assets/posters/men/ea_barbell_situp.jpg,assets/posters/girl/ea_barbell_situp.jpg,situp,True,False,Abdominals,False,True,True,1,1,NO_CONTRAINDICATION_TAGS;NO_PRIMARY_MUSCLES
ea_barbell_smith_chest_press,Barbell Smith Chest Press,Жим штанги в машине Смита на грудь,smith_machine,Smith machine,2,1,beginner,10,False,False,4,1,shoulder,,exercises/girl/Chest/Barbell Smith Chest Press.mp4,,assets/posters/girl/ea_barbell_smith_chest_press.jpg,,False,False,Chest,False,True,True,1,1,NO_PURPOSE;NO_MALE_CLIP
ea_barbell_snatch,Barbell Snatch,Рывок штанги,barbell,Barbell,6,3,beginner,10,False,False,4,3,lower_back|shoulder|wrist,exercises/men/Powerlifting/Barbell snatch.mp4,,assets/posters/men/ea_barbell_snatch.jpg,,,False,False,Powerlifting,False,True,True,2,1,NO_PURPOSE;NO_FEMALE_CLIP;SHARED_SUMMARY
ea_barbell_snatch_balance,Barbell Snatch Balance,Рывковый баланс со штангой,barbell,Barbell,6,3,beginner,10,False,False,4,4,lower_back|shoulder|upper_back|wrist,exercises/men/Powerlifting/Barbell snatch balance.mp4,,assets/posters/men/ea_barbell_snatch_balance.jpg,,,False,False,Powerlifting,False,True,True,1,1,NO_PURPOSE;NO_FEMALE_CLIP
ea_barbell_snatch_deadlift_close_grip,Barbell Snatch Deadlift Close Grip,Рывковая становая тяга узким хватом со штангой,barbell,Barbell,5,3,beginner,10,False,False,4,5,elbow|hip|lower_back|shoulder|wrist,exercises/men/Back/Barbell snatch deadlift close grip.mp4,,assets/posters/men/ea_barbell_snatch_deadlift_close_grip.jpg,,hinge,True,False,Back,False,True,True,2,1,NO_PURPOSE;NO_FEMALE_CLIP;SHARED_SUMMARY
ea_barbell_snatch_deadlift_wide_grip,Barbell Snatch Deadlift Wide Grip,Рывковая становая тяга широким хватом со штангой,barbell,Barbell,5,3,beginner,10,False,False,4,4,hip|lower_back|shoulder|wrist,exercises/men/Back/Barbell snatch deadlift wide grip.mp4,,assets/posters/men/ea_barbell_snatch_deadlift_wide_grip.jpg,,hinge,True,False,Back,False,True,True,1,1,NO_PURPOSE;NO_FEMALE_CLIP
ea_barbell_snatch_from_blocks,Barbell Snatch From Blocks,Рывок штанги с плинтов,barbell,Barbell,6,3,beginner,10,False,False,4,3,lower_back|shoulder|wrist,exercises/men/Powerlifting/Barbell snatch from blocks.mp4,,assets/posters/men/ea_barbell_snatch_from_blocks.jpg,,,False,False,Powerlifting,False,True,True,1,1,NO_PURPOSE;NO_FEMALE_CLIP
ea_barbell_snatch_pull,Barbell Snatch Pull,Рывковая тяга штанги,barbell,Barbell,6,2,beginner,10,False,False,4,3,lower_back|shoulder|wrist,exercises/men/Powerlifting/Barbell snatch pull.mp4,,assets/posters/men/ea_barbell_snatch_pull.jpg,,,False,False,Powerlifting,False,True,True,2,1,NO_PURPOSE;NO_FEMALE_CLIP;SHARED_SUMMARY
ea_barbell_split_clean,Barbell Split Clean,Взятие штанги на грудь в ножницы,barbell,Barbell,6,3,beginner,10,False,False,4,2,lower_back|wrist,exercises/men/Powerlifting/Barbell split clean.mp4,,assets/posters/men/ea_barbell_split_clean.jpg,,,False,False,Powerlifting,False,True,True,2,1,NO_PURPOSE;NO_FEMALE_CLIP;SHARED_SUMMARY
ea_barbell_split_jerk,Barbell Split Jerk,Толчок штанги в ножницы,barbell,Barbell,6,3,beginner,10,False,False,4,1,shoulder,exercises/men/Powerlifting/Barbell split jerk.mp4,,assets/posters/men/ea_barbell_split_jerk.jpg,,,False,False,Powerlifting,False,True,True,1,1,NO_PURPOSE;NO_FEMALE_CLIP
ea_barbell_split_squat,Barbell Split Squat,Присед в ножницы со штангой,squat_rack,Barbell,4,2,beginner,10,False,False,4,4,ankle|hip|knee|upper_back,exercises/men/Legs/Barbell split squat.mp4,,assets/posters/men/ea_barbell_split_squat.jpg,,lunge,True,False,Legs,False,True,True,1,1,NO_PURPOSE;NO_FEMALE_CLIP
ea_barbell_spoto_press,Barbell Spoto Press,Жим Спото со штангой,bench_press,Barbell,1,0,beginner,10,True,True,5,1,shoulder,exercises/men/Chest/Barbell Spoto Press.mp4,exercises/girl/Chest/Barbell Spoto Press.mp4,assets/posters/men/ea_barbell_spoto_press.jpg,assets/posters/girl/ea_barbell_spoto_press.jpg,,False,False,Chest,False,True,True,1,1,NO_PRIMARY_MUSCLES
ea_barbell_squat_back_pov,Barbell Squat Back POV,Присед со штангой на спине (вид сзади),squat_rack,Barbell,4,2,beginner,10,False,False,4,5,ankle|hip|knee|lower_back|upper_back,exercises/men/Legs/Barbell squat back POV.mp4,,assets/posters/men/ea_barbell_squat_back_pov.jpg,,squat,True,False,Legs,False,True,True,1,1,NO_PURPOSE;NO_FEMALE_CLIP
ea_barbell_squat_to_grass,Barbell Squat to Grass,Глубокий присед со штангой,squat_rack,Barbell,4,2,beginner,10,False,False,3,5,ankle|hip|knee|lower_back|upper_back,exercises/men/Legs/Barbell squat to grass.mp4,,assets/posters/men/ea_barbell_squat_to_grass.jpg,,squat,True,False,Legs,False,True,True,2,1,NO_PURPOSE;NO_FEMALE_CLIP;SHARED_SUMMARY
ea_barbell_squat_with_2_sec_hold,Barbell Squat with 2 Sec Hold,Присед со штангой с 2-секундной паузой,squat_rack,Barbell,4,2,beginner,10,False,False,3,5,ankle|hip|knee|lower_back|upper_back,exercises/men/Legs/barbell squat with 2 sec hold.mp4,,assets/posters/men/ea_barbell_squat_with_2_sec_hold.jpg,,squat,True,False,Legs,False,True,True,2,1,NO_PURPOSE;NO_FEMALE_CLIP;SHARED_SUMMARY
ea_barbell_staggered_deadlift,Barbell Staggered Deadlift,Становая тяга со штангой в разножке,barbell,Barbell,3,2,beginner,10,False,False,4,2,hip|lower_back,exercises/men/Legs/Barbell Staggered Deadlift.mp4,exercises/girl/Legs/Barbell Staggered Deadlift.mp4,assets/posters/men/ea_barbell_staggered_deadlift.jpg,assets/posters/girl/ea_barbell_staggered_deadlift.jpg,hinge,True,False,Legs,False,True,True,1,1,NO_PURPOSE
ea_barbell_standing_back_wrist_curl,Barbell Standing Back Wrist Curl,Сгибание запястий со штангой за спиной стоя,barbell,Barbell,1,1,beginner,10,False,False,4,2,elbow|wrist,exercises/men/Forearms/Barbell standing back wrist curl.mp4,,assets/posters/men/ea_barbell_standing_back_wrist_curl.jpg,,curl,True,False,Forearms,False,True,True,1,1,NO_PURPOSE;NO_FEMALE_CLIP
ea_barbell_standing_close_grip_curl,Barbell Standing Close Grip Curl,Сгибание на бицепс со штангой узким хватом стоя,barbell,Barbell,2,1,beginner,10,False,False,4,1,elbow,exercises/men/Biceps/Barbell standing close grip curl.mp4,,assets/posters/men/ea_barbell_standing_close_grip_curl.jpg,,curl,True,False,Biceps,False,True,True,1,1,NO_PURPOSE;NO_FEMALE_CLIP
ea_barbell_standing_close_grip_military_press,Barbell Standing Close Grip Military Press,Жим штанги стоя узким хватом,barbell,Barbell,2,1,beginner,10,False,False,3,2,elbow|shoulder,exercises/men/Shoulders/Barbell standing close grip military press.mp4,,assets/posters/men/ea_barbell_standing_close_grip_military_press.jpg,,overhead_press,True,False,Shoulders,False,True,True,1,1,NO_PURPOSE;NO_FEMALE_CLIP
ea_barbell_standing_concentration_curl,Barbell Standing Concentration Curl,Концентрированное сгибание на бицепс со штангой стоя,barbell,Barbell,2,1,beginner,10,False,False,4,1,elbow,exercises/men/Biceps/Barbell standing concentration curl.mp4,,assets/posters/men/ea_barbell_standing_concentration_curl.jpg,,curl,True,False,Biceps,False,True,True,1,1,NO_PURPOSE;NO_FEMALE_CLIP
ea_barbell_standing_leg_calf_raises,Barbell Standing Leg Calf Raises,Подъёмы на носки со штангой стоя,barbell,Barbell,1,1,beginner,10,False,False,4,2,ankle|upper_back,exercises/men/Legs/Barbell standing leg calf raises.mp4,,assets/posters/men/ea_barbell_standing_leg_calf_raises.jpg,,calf_raise,True,False,Legs,False,True,True,1,1,NO_PURPOSE;NO_FEMALE_CLIP
ea_barbell_standing_military_press,Barbell Standing Military Press,Армейский жим со штангой стоя,barbell,Barbell,2,2,beginner,10,False,False,4,1,shoulder,exercises/men/Shoulders/Barbell Standing Military Press.mp4,,assets/posters/men/ea_barbell_standing_military_press.jpg,,overhead_press,True,False,Shoulders,False,True,True,2,1,NO_PURPOSE;NO_FEMALE_CLIP;SHARED_SUMMARY
ea_barbell_standing_overhead_triceps_extension,Barbell Standing Overhead Triceps Extension,Разгибание рук со штангой над головой стоя,barbell,Barbell,2,1,beginner,10,False,False,4,2,elbow|shoulder,exercises/men/Triceps/Barbell standing overhead triceps extension.mp4,,assets/posters/men/ea_barbell_standing_overhead_triceps_extension.jpg,,,False,False,Triceps,False,True,True,1,1,NO_PURPOSE;NO_FEMALE_CLIP
ea_barbell_standing_shoulder_press,Barbell Standing Shoulder Press,Жим штанги стоя,barbell,Barbell,2,2,beginner,10,False,False,4,1,shoulder,exercises/men/Shoulders/Barbell standing shoulder press.mp4,,assets/posters/men/ea_barbell_standing_shoulder_press.jpg,,overhead_press,True,False,Shoulders,False,True,True,2,1,NO_PURPOSE;NO_FEMALE_CLIP;SHARED_SUMMARY
ea_barbell_standing_twist,Barbell Standing Twist,Повороты корпуса со штангой на плечах стоя,barbell,Barbell,2,1,beginner,10,False,False,4,1,upper_back,exercises/men/Abdominals/Barbell standing twist.mp4,,assets/posters/men/ea_barbell_standing_twist.jpg,,,False,False,Abdominals,False,True,True,1,1,NO_PURPOSE;NO_FEMALE_CLIP
ea_barbell_standing_wide_grip_biceps_curls,Barbell Standing Wide Grip Biceps Curls,Сгибание на бицепс со штангой широким хватом стоя,barbell,Barbell,2,1,beginner,10,False,False,4,1,elbow,exercises/men/Biceps/Barbell standing wide grip biceps curls.mp4,,assets/posters/men/ea_barbell_standing_wide_grip_biceps_curls.jpg,,,False,False,Biceps,False,True,True,1,1,NO_PURPOSE;NO_FEMALE_CLIP
ea_barbell_standing_wide_grip_military_press,Barbell Standing Wide Grip Military Press,Жим штанги стоя широким хватом,barbell,Barbell,2,2,beginner,10,False,False,4,1,shoulder,exercises/men/Shoulders/Barbell standing wide grip military press.mp4,,assets/posters/men/ea_barbell_standing_wide_grip_military_press.jpg,,overhead_press,True,False,Shoulders,False,True,True,1,1,NO_PURPOSE;NO_FEMALE_CLIP
ea_barbell_step_up_balance_on_box,Barbell Step Up Balance on Box,Шаги на платформу со штангой с балансом,barbell,Barbell,4,2,beginner,10,False,False,4,3,hip|knee|upper_back,exercises/men/Legs/Barbell Step Up Balance On Box.mp4,exercises/girl/Legs/Barbell Step Up Balance On Box.mp4,assets/posters/men/ea_barbell_step_up_balance_on_box.jpg,assets/posters/girl/ea_barbell_step_up_balance_on_box.jpg,lunge,True,False,Legs,False,True,True,1,1,NO_PURPOSE
ea_barbell_step_up_on_bench,Barbell Step Up on Bench,Шаги на скамью со штангой,barbell,Barbell,4,2,beginner,10,False,False,4,3,hip|knee|upper_back,exercises/men/Legs/Barbell step up on bench.mp4,,assets/posters/men/ea_barbell_step_up_on_bench.jpg,,,False,False,Legs,False,True,True,1,1,NO_PURPOSE;NO_FEMALE_CLIP
ea_barbell_stiff_leg_deadlift,Barbell Stiff Leg Deadlift,Становая тяга на прямых ногах со штангой,barbell,Barbell,3,2,beginner,10,False,False,4,2,hip|lower_back,exercises/men/Legs/Barbell stiff leg deadlift.mp4,,assets/posters/men/ea_barbell_stiff_leg_deadlift.jpg,,hinge,True,False,Legs,False,True,True,2,1,NO_PURPOSE;NO_FEMALE_CLIP;SHARED_SUMMARY
ea_barbell_straight_leg_deadlift,Barbell Straight Leg Deadlift,Становая тяга на прямых ногах со штангой,barbell,Barbell,3,2,beginner,10,False,False,4,2,hip|lower_back,exercises/men/Legs/Barbell straight leg deadlift.mp4,,assets/posters/men/ea_barbell_straight_leg_deadlift.jpg,,hinge,True,False,Legs,False,True,True,2,1,NO_PURPOSE;NO_FEMALE_CLIP;SHARED_SUMMARY
ea_barbell_sumo_deadlift,Barbell Sumo Deadlift,Сумо становая тяга со штангой,barbell,Barbell,5,3,beginner,10,False,False,3,2,hip|lower_back,exercises/men/Back/barbell sumo deadlift.mp4,,assets/posters/men/ea_barbell_sumo_deadlift.jpg,,hinge,True,False,Back,False,True,True,1,1,NO_PURPOSE;NO_FEMALE_CLIP
ea_barbell_sumo_romanian_deadlift,Barbell Sumo Romanian Deadlift,Румынская становая тяга сумо со штангой,barbell,Barbell,3,2,beginner,10,False,False,4,2,hip|lower_back,exercises/men/Legs/Barbell sumo romanian deadlift.mp4,,assets/posters/men/ea_barbell_sumo_romanian_deadlift.jpg,,hinge,True,False,Legs,False,True,True,1,1,NO_PURPOSE;NO_FEMALE_CLIP
ea_barbell_thruster,Barbell Thruster,Трастер со штангой,barbell,Barbell,4,2,beginner,10,False,False,4,0,,exercises/men/Powerlifting/Barbell Thruster.mp4,,assets/posters/men/ea_barbell_thruster.jpg,,,False,False,Powerlifting,False,True,True,1,1,NO_CONTRAINDICATION_TAGS;NO_PURPOSE;NO_FEMALE_CLIP
ea_barbell_underhand_bent_over_row,Barbell Underhand Bent Over Row,Тяга штанги в наклоне обратным хватом,barbell,Barbell,3,1,beginner,10,False,False,4,2,lower_back|upper_back,exercises/men/Back/Barbell Underhand Bent over Row.mp4,,assets/posters/men/ea_barbell_underhand_bent_over_row.jpg,,,False,False,Back,False,True,True,1,1,NO_PURPOSE;NO_FEMALE_CLIP
ea_barbell_wide_bench_press,Barbell Wide Bench Press,Жим лёжа широким хватом со штангой,bench_press,Barbell,3,1,beginner,10,False,False,4,1,shoulder,exercises/men/Chest/Barbell Wide Bench Press.mp4,,assets/posters/men/ea_barbell_wide_bench_press.jpg,,,False,False,Chest,False,True,True,1,1,NO_PURPOSE;NO_FEMALE_CLIP
ea_barbell_wide_grip_biceps_curl,Barbell Wide Grip Biceps Curl,Сгибание на бицепс со штангой широким хватом,barbell,Barbell,2,1,beginner,10,False,False,4,1,elbow,exercises/men/Biceps/barbell wide grip biceps curl.mp4,,assets/posters/men/ea_barbell_wide_grip_biceps_curl.jpg,,curl,True,False,Biceps,False,True,True,1,1,NO_PURPOSE;NO_FEMALE_CLIP
ea_barbell_wide_grip_upright_row,Barbell Wide Grip Upright Row,Тяга штанги к подбородку широким хватом,barbell,Barbell,2,1,beginner,10,False,False,4,3,neck|shoulder|upper_back,exercises/men/Back/Barbell wide grip Upright Row.mp4,,assets/posters/men/ea_barbell_wide_grip_upright_row.jpg,,,False,False,Back,False,True,True,2,1,NO_PURPOSE;NO_FEMALE_CLIP;SHARED_SUMMARY
ea_barbell_wide_shrug,Barbell Wide Shrug,Шраги со штангой широким хватом,barbell,Barbell,2,1,beginner,10,False,False,4,3,lower_back|neck|upper_back,exercises/men/Shoulders/Barbell Wide Shrug.mp4,,assets/posters/men/ea_barbell_wide_shrug.jpg,,,False,False,Shoulders,False,True,True,2,1,NO_PURPOSE;NO_FEMALE_CLIP;SHARED_SUMMARY
ea_barbell_wrist_curl_on_knees,Barbell Wrist Curl on Knees,Сгибание запястий со штангой с опорой на колени,bench_press,Barbell,1,1,beginner,10,False,False,4,2,elbow|wrist,exercises/men/Forearms/barbell wrist curl on knees.mp4,,assets/posters/men/ea_barbell_wrist_curl_on_knees.jpg,,curl,True,False,Forearms,False,True,True,1,1,NO_PURPOSE;NO_FEMALE_CLIP
ea_barbell_wrist_curl_wide_legs,Barbell Wrist Curl Wide Legs,Сгибание запястий со штангой с широко расставленными ногами,bench_press,Barbell,1,1,beginner,10,False,False,4,2,elbow|wrist,exercises/men/Forearms/barbell wrist curl wide legs.mp4,,assets/posters/men/ea_barbell_wrist_curl_wide_legs.jpg,,curl,True,False,Forearms,False,True,True,1,1,NO_PURPOSE;NO_FEMALE_CLIP
ea_barbell_wrist_extension_on_knees,Barbell Wrist Extension on Knees,Разгибание запястий со штангой с опорой на колени,bench_press,Barbell,1,0,beginner,10,False,False,4,1,wrist,exercises/men/Forearms/Barbell wrist extension on knees.mp4,,assets/posters/men/ea_barbell_wrist_extension_on_knees.jpg,,,False,False,Forearms,False,True,True,1,1,NO_PRIMARY_MUSCLES;NO_PURPOSE;NO_FEMALE_CLIP
ea_barbell_z_press,Barbell Z Press,Z-жим со штангой,barbell,Barbell,4,1,beginner,10,False,False,4,1,shoulder,exercises/men/Shoulders/Barbell Z Press.mp4,exercises/girl/Shoulders/Barbell Z Press.mp4,assets/posters/men/ea_barbell_z_press.jpg,assets/posters/girl/ea_barbell_z_press.jpg,,False,False,Shoulders,False,True,True,1,1,NO_PURPOSE
ea_barbell_zercher_good_morning,Barbell Zercher Good Morning,Наклоны со штангой Зерчера,barbell,Barbell,1,0,beginner,10,True,True,5,3,hip|lower_back|upper_back,,exercises/girl/Back/Barbell Zercher Good Morning.mp4,,assets/posters/girl/ea_barbell_zercher_good_morning.jpg,hinge,True,False,Back,False,True,True,1,1,NO_PRIMARY_MUSCLES;NO_MALE_CLIP
ea_basic_toe_touch,Basic Toe Touch,Наклоны к носкам,,None,3,1,beginner,10,False,False,4,1,lower_back,exercises/men/Yoga/Basic Toe Touch.mp4,,assets/posters/men/ea_basic_toe_touch.jpg,,,False,True,Yoga,False,True,True,2,1,NO_EQUIPMENT_ID;NO_PURPOSE;NO_FEMALE_CLIP;SHARED_SUMMARY
ea_basketball_shot_jump,Basketball Shot Jump,Прыжок с имитацией броска в баскетболе,,None,4,2,beginner,10,False,False,4,2,ankle|knee,exercises/men/Calisthenics-Cardio-Plyo-Functional/Basketball Shot Jump.mp4,,assets/posters/men/ea_basketball_shot_jump.jpg,,,False,False,Calisthenics-Cardio-Plyo-Functional,False,True,True,1,1,NO_EQUIPMENT_ID;NO_PURPOSE;NO_FEMALE_CLIP
ea_battle_rope_alternating_arm_waves,Battle Rope Alternating Arm Waves,Волны канатом поочерёдно руками,battle_ropes,Battle Ropes,0,0,beginner,10,True,True,5,0,,exercises/men/Calisthenics-Cardio-Plyo-Functional/Battle Rope Alternating Arm Waves.mp4,exercises/girl/Calisthenics-Cardio-Plyo-Functional/Battle Rope Alternating Arm Waves.mp4,assets/posters/men/ea_battle_rope_alternating_arm_waves.jpg,assets/posters/girl/ea_battle_rope_alternating_arm_waves.jpg,,False,False,Calisthenics-Cardio-Plyo-Functional,False,True,True,1,1,NO_CONTRAINDICATION_TAGS;NO_MUSCLES;NO_PRIMARY_MUSCLES
ea_battle_rope_double_arm_slams,Battle Rope Double Arm Slams,Удары канатом двумя руками,battle_ropes,Battle Ropes,0,0,beginner,10,True,True,5,0,,exercises/men/Calisthenics-Cardio-Plyo-Functional/Battle Rope Double Arm Slams.mp4,exercises/girl/Calisthenics-Cardio-Plyo-Functional/Battle Rope Double Arm Slams.mp4,assets/posters/men/ea_battle_rope_double_arm_slams.jpg,assets/posters/girl/ea_battle_rope_double_arm_slams.jpg,,False,False,Calisthenics-Cardio-Plyo-Functional,False,True,True,1,1,NO_CONTRAINDICATION_TAGS;NO_MUSCLES;NO_PRIMARY_MUSCLES
ea_bear_crawls,Bear Crawls,Медвежья походка,,None (Bodyweight),0,0,beginner,10,True,True,5,2,elbow|wrist,exercises/men/Calisthenics-Cardio-Plyo-Functional/Bear crawls.mp4,exercises/girl/Calisthenics-Cardio-Plyo-Functional/Bear crawls.mp4,assets/posters/men/ea_bear_crawls.jpg,assets/posters/girl/ea_bear_crawls.jpg,,False,False,Calisthenics-Cardio-Plyo-Functional,False,True,True,1,1,NO_EQUIPMENT_ID;NO_MUSCLES;NO_PRIMARY_MUSCLES
ea_behind_neck_lat_pull_down_machine,Behind Neck Lat Pull Down Machine,Тяга верхнего блока за голову,lat_pulldown,Lat Pull Down Machine (Cable),3,1,beginner,10,False,False,4,1,neck,exercises/men/Back/behind neck lat pull down machine.mp4,,assets/posters/men/ea_behind_neck_lat_pull_down_machine.jpg,,,False,False,Back,False,True,True,1,1,NO_PURPOSE;NO_FEMALE_CLIP
ea_behind_neck_press_resistance_band_cable,Behind Neck Press Resistance Band Cable,Жим за голову с резиновой лентой,resistance_bands,Resistance Band,3,1,beginner,10,False,False,4,2,neck|shoulder,exercises/men/Shoulders/behind neck press resistance band cable.mp4,,assets/posters/men/ea_behind_neck_press_resistance_band_cable.jpg,,,False,False,Shoulders,False,True,True,1,1,NO_PURPOSE;NO_FEMALE_CLIP
ea_bench_alternating_step_ups,Bench Alternating Step Ups,Чередующиеся подъемы на скамью,bench_press,Weight bench,4,2,beginner,10,False,False,4,2,hip|knee,exercises/men/Legs/bench alternating step ups.mp4,,assets/posters/men/ea_bench_alternating_step_ups.jpg,,,False,False,Legs,False,True,True,1,1,NO_PURPOSE;NO_FEMALE_CLIP
ea_bench_bulgarian_split_squats_left,Bench Bulgarian Split Squats Left,Болгарские сплит-приседания на скамье (левая нога),bench_press,Weight bench,4,2,beginner,10,False,False,4,3,ankle|hip|knee,exercises/men/Legs/Bench Bulgarian Split Squats left.mp4,,assets/posters/men/ea_bench_bulgarian_split_squats_left.jpg,,,False,False,Legs,False,True,True,2,1,NO_PURPOSE;NO_FEMALE_CLIP;SHARED_SUMMARY
ea_bench_bulgarian_split_squats_right,Bench Bulgarian Split Squats Right,Болгарские сплит-приседания на скамье (правая нога),bench_press,Weight bench,4,2,beginner,10,False,False,4,3,ankle|hip|knee,exercises/men/Legs/Bench Bulgarian Split Squats Right.mp4,,assets/posters/men/ea_bench_bulgarian_split_squats_right.jpg,,,False,False,Legs,False,True,True,2,1,NO_PURPOSE;NO_FEMALE_CLIP;SHARED_SUMMARY
ea_bench_decline_ab_sit_ups,Bench Decline Ab Sit-ups,Скручивания на наклонной скамье,bench_press,Weight bench,2,1,beginner,10,False,False,4,2,lower_back|neck,exercises/men/Abdominals/bench decline ab sit-ups.mp4,,assets/posters/men/ea_bench_decline_ab_sit_ups.jpg,,,False,False,Abdominals,False,True,True,1,1,NO_PURPOSE;NO_FEMALE_CLIP
ea_bench_dip_knees_bent,Bench Dip (knees Bent),Отжимания от скамьи (согнутые колени),bench_press,Weight bench,3,1,beginner,10,False,False,4,3,elbow|shoulder|wrist,exercises/men/Triceps/Bench Dip (knees bent).mp4,,assets/posters/men/ea_bench_dip_knees_bent.jpg,,,False,False,Triceps,False,True,True,1,1,NO_PURPOSE;NO_FEMALE_CLIP
ea_bench_dip_on_floor,Bench Dip on Floor,Отжимания от скамьи на полу,bench_press,Weight bench,3,1,beginner,10,False,False,4,3,elbow|shoulder|wrist,exercises/men/Triceps/Bench dip on floor.mp4,,assets/posters/men/ea_bench_dip_on_floor.jpg,,,False,False,Triceps,False,True,True,1,1,NO_PURPOSE;NO_FEMALE_CLIP
ea_bench_knee_tucks,Bench Knee Tucks,Подтягивание коленей к груди на скамье,bench_press,Weight bench,2,1,beginner,10,False,False,4,0,,exercises/men/Abdominals/bench knee tucks.mp4,,assets/posters/men/ea_bench_knee_tucks.jpg,,,False,False,Abdominals,False,True,True,1,1,NO_CONTRAINDICATION_TAGS;NO_PURPOSE;NO_FEMALE_CLIP
ea_bench_pull_ups,Bench Pull-ups,Подтягивания на скамье,pullup_bar,Pull Up Bar,4,2,beginner,10,False,False,4,2,elbow|shoulder,exercises/men/Back/Bench Pull-ups.mp4,,assets/posters/men/ea_bench_pull_ups.jpg,,,False,False,Back,False,True,True,1,1,NO_PURPOSE;NO_FEMALE_CLIP
ea_bench_reverse_plank_hold,Bench Reverse Plank Hold,Обратная планка на скамье,bench_press,Weight bench,3,2,beginner,10,False,False,4,2,elbow|wrist,exercises/men/Yoga/Bench Reverse Plank Hold.mp4,,assets/posters/men/ea_bench_reverse_plank_hold.jpg,,,False,True,Yoga,False,True,True,1,1,NO_PURPOSE;NO_FEMALE_CLIP
ea_bench_triceps_dip_leg_curls,Bench Triceps Dip Leg Curls,Отжимания на трицепс от скамьи со сгибанием ног,bench_press,Weight bench,3,1,beginner,10,False,False,4,4,elbow|knee|shoulder|wrist,exercises/men/Triceps/bench triceps dip leg curls.mp4,,assets/posters/men/ea_bench_triceps_dip_leg_curls.jpg,,,False,False,Triceps,False,True,True,1,1,NO_PURPOSE;NO_FEMALE_CLIP
ea_bench_triceps_dip_straight_legs,Bench Triceps Dip Straight Legs,Отжимания на трицепс от скамьи с прямыми ногами,bench_press,Weight bench,3,1,beginner,10,False,False,4,3,elbow|shoulder|wrist,exercises/men/Triceps/bench triceps dip straight legs.mp4,,assets/posters/men/ea_bench_triceps_dip_straight_legs.jpg,,,False,False,Triceps,False,True,True,1,1,NO_PURPOSE;NO_FEMALE_CLIP
ea_bent_arm_chest_stretch,Bent Arm Chest Stretch,Растяжка груди согнутой рукой,,None,3,1,beginner,10,False,False,3,0,,exercises/men/Stretching - Mobility/Bent Arm Chest Stretch.mp4,,assets/posters/men/ea_bent_arm_chest_stretch.jpg,,,False,True,Stretching - Mobility,False,True,True,1,1,NO_EQUIPMENT_ID;NO_CONTRAINDICATION_TAGS;NO_PURPOSE;NO_FEMALE_CLIP
ea_bent_knee_back_to_side_kick,Bent Knee Back to Side Kick,Отведение согнутой ноги назад и в сторону,,None,4,2,beginner,10,False,False,4,2,hip|lower_back,exercises/men/Legs/Bent Knee Back to Side Kick.mp4,,assets/posters/men/ea_bent_knee_back_to_side_kick.jpg,,,False,False,Legs,False,True,True,2,1,NO_EQUIPMENT_ID;NO_PURPOSE;NO_FEMALE_CLIP;SHARED_SUMMARY
ea_bent_knee_lying_twist,Bent Knee Lying Twist,Скручивания лежа с согнутыми коленями,,None,2,1,beginner,10,False,False,4,0,,exercises/men/Abdominals/Bent knee Lying Twist.mp4,,assets/posters/men/ea_bent_knee_lying_twist.jpg,,,False,False,Abdominals,False,True,True,1,1,NO_EQUIPMENT_ID;NO_CONTRAINDICATION_TAGS;NO_PURPOSE;NO_FEMALE_CLIP
ea_bent_knee_lying_twist_on_stability_ball,Bent Knee Lying Twist (on Stability Ball),Скручивания лежа с согнутыми коленями (на фитболе),stability_ball,Exercise Ball,2,1,beginner,10,False,False,4,0,,exercises/men/Abdominals/Bent knee Lying Twist (On Stability Ball).mp4,,assets/posters/men/ea_bent_knee_lying_twist_on_stability_ball.jpg,,,False,False,Abdominals,False,True,True,1,1,NO_CONTRAINDICATION_TAGS;NO_PURPOSE;NO_FEMALE_CLIP
ea_bent_leg_side_kick_kneeling,Bent Leg Side Kick (kneeling),Отведение согнутой ноги в сторону (на коленях),,None,3,1,beginner,10,False,False,4,2,hip|knee,exercises/men/Legs/Bent Leg Side Kick (kneeling).mp4,,assets/posters/men/ea_bent_leg_side_kick_kneeling.jpg,,,False,False,Legs,False,True,True,2,1,NO_EQUIPMENT_ID;NO_PURPOSE;NO_FEMALE_CLIP;SHARED_SUMMARY
ea_bent_over_barbell_row,Bent Over Barbell Row,Тяга штанги в наклоне,barbell,Barbell,4,2,beginner,10,False,False,4,2,lower_back|upper_back,exercises/men/Back/bent over barbell row.mp4,exercises/girl/Back/Barbell Bent Over Row.mp4,assets/posters/men/ea_bent_over_barbell_row.jpg,assets/posters/girl/ea_bent_over_barbell_row.jpg,,False,False,Back,False,True,True,2,2,NO_PURPOSE;SHARED_SUMMARY;SHARED_STEPS
ea_bent_over_rear_delt_fly_dumbbell,Bent Over Rear Delt Fly Dumbbell,Разведение гантелей в наклоне на задние дельты,dumbbell,Dumbbells,2,1,beginner,10,False,False,4,3,lower_back|shoulder|upper_back,exercises/men/Shoulders/bent over rear delt fly dumbbell.mp4,,assets/posters/men/ea_bent_over_rear_delt_fly_dumbbell.jpg,,,False,False,Shoulders,False,True,True,1,1,NO_PURPOSE;NO_FEMALE_CLIP
ea_bent_over_rear_deltoid_fly_resistance_band,Bent Over Rear Deltoid Fly Resistance Band,Разведение рук с резиновой лентой в наклоне на задние дельты,resistance_bands,Resistance Band,2,1,beginner,10,False,False,4,3,lower_back|shoulder|upper_back,exercises/men/Shoulders/bent over rear deltoid fly resistance band.mp4,,assets/posters/men/ea_bent_over_rear_deltoid_fly_resistance_band.jpg,,,False,False,Shoulders,False,True,True,1,1,NO_PURPOSE;NO_FEMALE_CLIP
ea_bent_over_row_resistance_band,Bent Over Row Resistance Band,Тяга резиновой ленты в наклоне,resistance_bands,Resistance Band,3,1,beginner,10,False,False,4,2,lower_back|upper_back,exercises/men/Back/bent over row resistance band.mp4,,assets/posters/men/ea_bent_over_row_resistance_band.jpg,,,False,False,Back,False,True,True,1,1,NO_PURPOSE;NO_FEMALE_CLIP
ea_bent_over_twist,Bent Over Twist,Повороты корпуса в наклоне,barbell,Barbell,4,2,beginner,10,False,False,4,2,lower_back|upper_back,exercises/men/Calisthenics-Cardio-Plyo-Functional/Bent Over Twist.mp4,,assets/posters/men/ea_bent_over_twist.jpg,,,False,False,Calisthenics-Cardio-Plyo-Functional,False,True,True,1,1,NO_PURPOSE;NO_FEMALE_CLIP
ea_bent_over_row_with_bar,Bent-over Row with Bar,Тяга грифа в наклоне,barbell,Bar,4,1,beginner,10,False,False,3,2,lower_back|upper_back,exercises/men/Back/Bent-over Row with bar.mp4,,assets/posters/men/ea_bent_over_row_with_bar.jpg,,,False,False,Back,False,True,True,1,1,NO_PURPOSE;NO_FEMALE_CLIP
ea_bicep_curl_low_cable_machine_normal_grip,Bicep Curl Low Cable Machine Normal Grip,Сгибание на бицепс на нижнем блоке обычным хватом,cable_machine,Crossover machine,2,1,beginner,10,False,False,4,1,elbow,exercises/men/Biceps/bicep curl low cable machine normal grip.mp4,,assets/posters/men/ea_bicep_curl_low_cable_machine_normal_grip.jpg,,,False,False,Biceps,False,True,True,1,1,NO_PURPOSE;NO_FEMALE_CLIP
ea_biceps_curl_cable,Biceps Curl Cable,Сгибание на бицепс на блоке,cable_machine,Cable Pulley Machine,2,1,beginner,10,False,False,4,1,elbow,exercises/men/Biceps/biceps curl cable.mp4,,assets/posters/men/ea_biceps_curl_cable.jpg,,,False,False,Biceps,False,True,True,1,1,NO_PURPOSE;NO_FEMALE_CLIP
ea_biceps_curl_cable_wide_grip,Biceps Curl Cable Wide Grip,Сгибание на бицепс на блоке широким хватом,cable_machine,Cable Pulley Machine,2,1,beginner,10,False,False,4,1,elbow,exercises/men/Biceps/biceps curl cable wide grip.mp4,,assets/posters/men/ea_biceps_curl_cable_wide_grip.jpg,,,False,False,Biceps,False,True,True,1,1,NO_PURPOSE;NO_FEMALE_CLIP
ea_biceps_curl_cable_wide_grip_crossover_machine,Biceps Curl Cable Wide Grip Crossover Machine,Сгибание на бицепс на кроссовере широким хватом,cable_machine,Cable Pulley Machine,2,1,beginner,10,False,False,4,1,elbow,exercises/men/Biceps/biceps curl cable wide grip crossover machine.mp4,,assets/posters/men/ea_biceps_curl_cable_wide_grip_crossover_machine.jpg,,,False,False,Biceps,False,True,True,1,1,NO_PURPOSE;NO_FEMALE_CLIP
ea_biceps_curl_front_step,Biceps Curl Front Step,Сгибание на бицепс с шагом вперёд,,None,4,2,beginner,10,False,False,3,2,elbow|knee,exercises/men/Biceps/Biceps Curl Front Step.mp4,,assets/posters/men/ea_biceps_curl_front_step.jpg,,curl,True,False,Biceps,False,True,True,1,1,NO_EQUIPMENT_ID;NO_PURPOSE;NO_FEMALE_CLIP
ea_biceps_curl_resistance_band,Biceps Curl Resistance Band,Сгибание на бицепс с резиновой лентой,resistance_bands,Resistance Band,2,1,beginner,10,False,False,4,1,elbow,exercises/men/Biceps/biceps curl resistance band.mp4,,assets/posters/men/ea_biceps_curl_resistance_band.jpg,,curl,True,False,Biceps,False,True,True,2,1,NO_PURPOSE;NO_FEMALE_CLIP;SHARED_SUMMARY
ea_biceps_curl_to_shoulder_press_resistance_band,Biceps Curl to Shoulder Press Resistance Band,Сгибание на бицепс с переходом в жим над головой с резиновой лентой,resistance_bands,Resistance Band,4,2,beginner,10,False,False,4,2,elbow|shoulder,exercises/men/Biceps/biceps curl to shoulder press resistance band.mp4,,assets/posters/men/ea_biceps_curl_to_shoulder_press_resistance_band.jpg,,,False,False,Biceps,False,True,True,2,1,NO_PURPOSE;NO_FEMALE_CLIP;SHARED_SUMMARY
ea_biceps_leg_concentration_curl,Biceps Leg Concentration Curl,Концентрированное сгибание на бицепс ногой,bench_press,Weight bench,2,1,beginner,10,False,False,4,1,elbow,exercises/men/Biceps/Biceps Leg Concentration Curl.mp4,,assets/posters/men/ea_biceps_leg_concentration_curl.jpg,,curl,True,False,Biceps,False,True,True,1,1,NO_PURPOSE;NO_FEMALE_CLIP
ea_biceps_stretch_behind_the_back,Biceps Stretch Behind the Back,Растяжка бицепса за спиной,,None,3,1,beginner,10,False,False,4,0,,exercises/men/Stretching - Mobility/biceps stretch behind the back.mp4,,assets/posters/men/ea_biceps_stretch_behind_the_back.jpg,,,False,True,Stretching - Mobility,False,True,True,1,1,NO_EQUIPMENT_ID;NO_CONTRAINDICATION_TAGS;NO_PURPOSE;NO_FEMALE_CLIP
ea_bicycle_air_legs,Bicycle Air Legs,Велосипед ногами в воздухе,,None,4,2,beginner,10,False,False,4,1,lower_back,exercises/men/Yoga/Bicycle air legs.mp4,,assets/posters/men/ea_bicycle_air_legs.jpg,,,False,True,Yoga,False,True,True,1,1,NO_EQUIPMENT_ID;NO_PURPOSE;NO_FEMALE_CLIP
ea_bicycle_twisting_crunch,Bicycle Twisting Crunch,Скручивания «велосипед» с поворотом,,None,3,1,beginner,10,False,False,3,2,lower_back|neck,exercises/men/Abdominals/bicycle twisting crunch.mp4,,assets/posters/men/ea_bicycle_twisting_crunch.jpg,,situp,True,False,Abdominals,False,True,True,1,1,NO_EQUIPMENT_ID;NO_PURPOSE;NO_FEMALE_CLIP
ea_bicycles,Bicycles,Велосипед,,None,3,2,beginner,10,False,False,3,1,lower_back,exercises/men/Abdominals/bicycles.mp4,,assets/posters/men/ea_bicycles.jpg,,,False,False,Abdominals,False,True,True,1,1,NO_EQUIPMENT_ID;NO_PURPOSE;NO_FEMALE_CLIP
ea_bicycles_crunches,Bicycles Crunches,Скручивания «велосипед»,,None,3,1,beginner,10,False,False,4,2,lower_back|neck,exercises/men/Abdominals/bicycles crunches.mp4,,assets/posters/men/ea_bicycles_crunches.jpg,,situp,True,False,Abdominals,False,True,True,1,1,NO_EQUIPMENT_ID;NO_PURPOSE;NO_FEMALE_CLIP
ea_bird_dog,Bird Dog,Поза «Птица-собака»,,None,3,2,beginner,10,False,False,4,1,lower_back,exercises/men/Yoga/bird dog.mp4,,assets/posters/men/ea_bird_dog.jpg,,,False,True,Yoga,False,True,True,2,1,NO_EQUIPMENT_ID;NO_PURPOSE;NO_FEMALE_CLIP;SHARED_SUMMARY
ea_bird_dog_version_2,Bird Dog (version 2),Бёрд-дог (вариант 2),,None,3,2,beginner,10,False,False,4,1,lower_back,exercises/men/Yoga/Bird Dog (VERSION 2).mp4,,assets/posters/men/ea_bird_dog_version_2.jpg,,,False,True,Yoga,False,True,True,2,1,NO_EQUIPMENT_ID;NO_PURPOSE;NO_FEMALE_CLIP;SHARED_SUMMARY
ea_boat_stretch,Boat Stretch,Поза лодки (растяжка),,None,3,2,beginner,10,False,False,4,1,lower_back,exercises/men/Stretching - Mobility/Boat Stretch.mp4,,assets/posters/men/ea_boat_stretch.jpg,,,False,True,Stretching - Mobility,False,True,True,5,1,NO_EQUIPMENT_ID;NO_PURPOSE;NO_FEMALE_CLIP;SHARED_SUMMARY
ea_body_saw_plank,Body Saw Plank,Планка-пила,,None (Bodyweight),3,1,beginner,10,False,False,4,2,elbow|wrist,exercises/men/Yoga/Body Saw Plank.mp4,,assets/posters/men/ea_body_saw_plank.jpg,,pushup,True,True,Yoga,False,True,True,1,1,NO_EQUIPMENT_ID;NO_PURPOSE;NO_FEMALE_CLIP
ea_body_slide,Body Slide,Скольжение корпуса,,None,1,0,beginner,10,False,False,4,0,,exercises/men/Calisthenics-Cardio-Plyo-Functional/Body Slide.mp4,,assets/posters/men/ea_body_slide.jpg,,,False,False,Calisthenics-Cardio-Plyo-Functional,False,True,True,1,1,NO_EQUIPMENT_ID;NO_CONTRAINDICATION_TAGS;NO_PRIMARY_MUSCLES;NO_PURPOSE;NO_FEMALE_CLIP
ea_body_throw,Body Throw,Бросок корпусом,,None,4,3,beginner,10,False,False,3,0,,exercises/men/Calisthenics-Cardio-Plyo-Functional/Body Throw.mp4,,assets/posters/men/ea_body_throw.jpg,,,False,False,Calisthenics-Cardio-Plyo-Functional,False,True,True,1,1,NO_EQUIPMENT_ID;NO_CONTRAINDICATION_TAGS;NO_PURPOSE;NO_FEMALE_CLIP
ea_body_up,Body-up,Отжимания от пола,,None,3,1,beginner,10,False,False,4,0,,exercises/men/Triceps/Body-Up.mp4,,assets/posters/men/ea_body_up.jpg,,,False,False,Triceps,False,True,True,1,1,NO_EQUIPMENT_ID;NO_CONTRAINDICATION_TAGS;NO_PURPOSE;NO_FEMALE_CLIP
ea_bodyweight_bent_over_rear_delt_fly,Bodyweight Bent Over Rear Delt Fly,Разведение рук в наклоне на задние дельты (с собственным весом),,None,2,1,beginner,10,False,False,4,3,lower_back|shoulder|upper_back,exercises/men/Shoulders/bodyweight bent over rear delt fly.mp4,,assets/posters/men/ea_bodyweight_bent_over_rear_delt_fly.jpg,,,False,False,Shoulders,False,True,True,1,1,NO_EQUIPMENT_ID;NO_PURPOSE;NO_FEMALE_CLIP
ea_bodyweight_calf_raises,Bodyweight Calf Raises,Подъёмы на носки (с собственным весом),,None,1,1,beginner,10,False,False,4,1,ankle,exercises/men/Legs/bodyweight calf raises.mp4,,assets/posters/men/ea_bodyweight_calf_raises.jpg,,calf_raise,True,False,Legs,False,True,True,2,1,NO_EQUIPMENT_ID;NO_PURPOSE;NO_FEMALE_CLIP;SHARED_SUMMARY
ea_bodyweight_feet_elevated_figure_four_glute_bridge,Bodyweight Feet Elevated Figure Four Glute Bridge,Ягодичный мост с поднятыми ногами и скрещенной ногой (с собственным весом),plyo_box,Box,3,0,beginner,10,False,False,4,1,hip,exercises/men/Legs/Bodyweight Feet Elevated Figure Four Glute Bridge.mp4,exercises/girl/Legs/Bodyweight Feet Elevated Figure Four Glute Bridge.mp4,assets/posters/men/ea_bodyweight_feet_elevated_figure_four_glute_bridge.jpg,assets/posters/girl/ea_bodyweight_feet_elevated_figure_four_glute_bridge.jpg,hinge,True,False,Legs,False,True,True,1,1,NO_PRIMARY_MUSCLES;NO_PURPOSE
ea_bodyweight_feet_elevated_staggered_glute_bridge,Bodyweight Feet Elevated Staggered Glute Bridge,Ягодичный мост с поднятыми ногами в разножке (с собственным весом),plyo_box,Box,3,0,beginner,10,False,False,4,1,hip,exercises/men/Legs/Bodyweight Feet Elevated Staggered Glute Bridge.mp4,exercises/girl/Legs/Bodyweight Feet Elevated Staggered Glute Bridge.mp4,assets/posters/men/ea_bodyweight_feet_elevated_staggered_glute_bridge.jpg,assets/posters/girl/ea_bodyweight_feet_elevated_staggered_glute_bridge.jpg,hinge,True,False,Legs,False,True,True,1,1,NO_PRIMARY_MUSCLES;NO_PURPOSE
ea_bodyweight_forward_lunge,Bodyweight Forward Lunge,Выпады вперёд (с собственным весом),,None,4,2,beginner,10,False,False,4,2,hip|knee,exercises/men/Legs/Bodyweight Forward Lunge.mp4,,assets/posters/men/ea_bodyweight_forward_lunge.jpg,,lunge,True,False,Legs,False,True,True,3,1,NO_EQUIPMENT_ID;NO_PURPOSE;NO_FEMALE_CLIP;SHARED_SUMMARY
ea_bodyweight_front_slam,Bodyweight Front Slam,Бросок вперёд (с собственным весом),,None,3,1,beginner,10,False,False,4,0,,exercises/men/Calisthenics-Cardio-Plyo-Functional/Bodyweight Front Slam.mp4,,assets/posters/men/ea_bodyweight_front_slam.jpg,,,False,False,Calisthenics-Cardio-Plyo-Functional,False,True,True,1,1,NO_EQUIPMENT_ID;NO_CONTRAINDICATION_TAGS;NO_PURPOSE;NO_FEMALE_CLIP
ea_bodyweight_full_squat_with_overhead_front_raise,Bodyweight Full Squat with Overhead Front Raise,Полный присед с подъёмом рук вперёд над головой (с собственным весом),,None,5,3,beginner,10,False,False,4,4,ankle|hip|knee|shoulder,exercises/men/Legs/bodyweight full squat with overhead front raise.mp4,,assets/posters/men/ea_bodyweight_full_squat_with_overhead_front_raise.jpg,,,False,False,Calisthenics-Cardio-Plyo-Functional,False,True,True,1,1,NO_EQUIPMENT_ID;NO_PURPOSE;NO_FEMALE_CLIP
ea_bodyweight_full_squat_with_overhead_press,Bodyweight Full Squat with Overhead Press,Полный присед с жимом над головой (с собственным весом),,None (Bodyweight),5,3,beginner,10,False,False,4,4,ankle|hip|knee|shoulder,exercises/men/Legs/Bodyweight full squat with overhead press.mp4,,assets/posters/men/ea_bodyweight_full_squat_with_overhead_press.jpg,,overhead_press,True,False,Legs,False,True,True,1,1,NO_EQUIPMENT_ID;NO_PURPOSE;NO_FEMALE_CLIP
ea_bodyweight_hip_thrust,Bodyweight Hip Thrust,Ягодичный мост (с собственным весом),adjustable_bench,Bench,2,1,beginner,10,False,False,4,1,hip,exercises/men/Legs/Bodyweight Hip Thrust.mp4,exercises/girl/Legs/Bodyweight Hip Thrust.mp4,assets/posters/men/ea_bodyweight_hip_thrust.jpg,assets/posters/girl/ea_bodyweight_hip_thrust.jpg,,False,False,Legs,False,True,True,1,1,NO_PURPOSE
ea_bodyweight_knee_thrust,Bodyweight Knee Thrust,Выброс колена (с собственным весом),,None,2,2,beginner,10,False,False,4,1,lower_back,exercises/men/Calisthenics-Cardio-Plyo-Functional/Bodyweight Knee Thrust.mp4,,assets/posters/men/ea_bodyweight_knee_thrust.jpg,,,False,False,Calisthenics-Cardio-Plyo-Functional,False,True,True,1,1,NO_EQUIPMENT_ID;NO_PURPOSE;NO_FEMALE_CLIP
ea_bodyweight_knee_to_hand_tap,Bodyweight Knee to Hand Tap,Касание коленом руки (с собственным весом),,None,2,2,beginner,10,False,False,4,1,lower_back,exercises/men/Calisthenics-Cardio-Plyo-Functional/Bodyweight knee to hand tap.mp4,,assets/posters/men/ea_bodyweight_knee_to_hand_tap.jpg,,,False,False,Calisthenics-Cardio-Plyo-Functional,False,True,True,1,1,NO_EQUIPMENT_ID;NO_PURPOSE;NO_FEMALE_CLIP
ea_bodyweight_kneeling_hold_to_stand,Bodyweight Kneeling Hold to Stand,Подъём из положения на коленях (с собственным весом),,None,3,2,beginner,10,False,False,4,1,knee,exercises/men/Legs/Bodyweight kneeling hold to stand.mp4,,assets/posters/men/ea_bodyweight_kneeling_hold_to_stand.jpg,,,False,False,Legs,False,True,True,1,1,NO_EQUIPMENT_ID;NO_PURPOSE;NO_FEMALE_CLIP
ea_bodyweight_kneeling_push_up_row,Bodyweight Kneeling Push-up Row,Отжимания с тягой в положении на коленях (с собственным весом),,None,4,3,beginner,10,False,False,4,5,elbow|knee|shoulder|upper_back|wrist,exercises/men/Yoga/Bodyweight Kneeling Push-Up Row.mp4,,assets/posters/men/ea_bodyweight_kneeling_push_up_row.jpg,,pushup,True,True,Yoga,False,True,True,1,1,NO_EQUIPMENT_ID;NO_PURPOSE;NO_FEMALE_CLIP
ea_bodyweight_kneeling_sissy_squat,Bodyweight Kneeling Sissy Squat,Приседания «Сисси» на коленях (с собственным весом),,None,3,1,beginner,10,False,False,3,3,ankle|hip|knee,exercises/men/Legs/Bodyweight kneeling sissy squat.mp4,exercises/girl/Legs/Bodyweight Kneeling Sissy Squat.mp4,assets/posters/men/ea_bodyweight_kneeling_sissy_squat.jpg,assets/posters/girl/ea_bodyweight_kneeling_sissy_squat.jpg,,False,False,Legs,False,True,True,1,1,NO_EQUIPMENT_ID;NO_PURPOSE
ea_bodyweight_kneeling_triceps_extension,Bodyweight Kneeling Triceps Extension,Разгибание на трицепс с колен собственным весом,,None,3,1,beginner,10,False,False,4,2,elbow|knee,exercises/men/Triceps/Bodyweight kneeling triceps extension.mp4,,assets/posters/men/ea_bodyweight_kneeling_triceps_extension.jpg,,,False,False,Triceps,False,True,True,1,1,NO_EQUIPMENT_ID;NO_PURPOSE;NO_FEMALE_CLIP
ea_bodyweight_lying_leg_curl,Bodyweight Lying Leg Curl,Сгибание ног лежа собственным весом,,None,2,1,beginner,10,False,False,4,1,knee,exercises/men/Legs/bodyweight lying leg curl.mp4,,assets/posters/men/ea_bodyweight_lying_leg_curl.jpg,,,False,False,Legs,False,True,True,1,1,NO_EQUIPMENT_ID;NO_PURPOSE;NO_FEMALE_CLIP
ea_bodyweight_muscle_up,Bodyweight Muscle-up,Выход силой собственным весом,pullup_bar,Pull Up Bar,5,3,beginner,10,False,False,4,0,,exercises/men/Back/Bodyweight Muscle-up.mp4,,assets/posters/men/ea_bodyweight_muscle_up.jpg,,,False,False,Back,False,True,True,1,1,NO_CONTRAINDICATION_TAGS;NO_PURPOSE;NO_FEMALE_CLIP
ea_bodyweight_overhead_squat,Bodyweight Overhead Squat,Присед над головой собственным весом,,None,5,3,beginner,10,False,False,4,6,ankle|hip|knee|lower_back|shoulder|upper_back,exercises/men/Legs/Bodyweight Overhead Squat.mp4,,assets/posters/men/ea_bodyweight_overhead_squat.jpg,,squat,True,False,Legs,False,True,True,1,1,NO_EQUIPMENT_ID;NO_PURPOSE;NO_FEMALE_CLIP
ea_bodyweight_overhead_triceps_extension,Bodyweight Overhead Triceps Extension,Разгибание рук над головой на трицепс собственным весом,,None,2,1,beginner,10,False,False,4,2,elbow|shoulder,exercises/men/Triceps/Bodyweight Overhead Triceps Extension.mp4,,assets/posters/men/ea_bodyweight_overhead_triceps_extension.jpg,,,False,False,Triceps,False,True,True,1,1,NO_EQUIPMENT_ID;NO_PURPOSE;NO_FEMALE_CLIP
ea_bodyweight_pulse_forward_lunge,Bodyweight Pulse Forward Lunge,Пульсирующие выпады вперед собственным весом,,None (Bodyweight),4,2,beginner,10,False,False,4,2,hip|knee,exercises/men/Legs/Bodyweight Pulse Forward Lunge.mp4,,assets/posters/men/ea_bodyweight_pulse_forward_lunge.jpg,,lunge,True,False,Legs,False,True,True,3,1,NO_EQUIPMENT_ID;NO_PURPOSE;NO_FEMALE_CLIP;SHARED_SUMMARY
ea_bodyweight_pulse_squat,Bodyweight Pulse Squat,Пульсирующий присед собственным весом,,None (Bodyweight),4,2,beginner,10,False,False,4,3,ankle|hip|knee,exercises/men/Legs/Bodyweight Pulse Squat.mp4,,assets/posters/men/ea_bodyweight_pulse_squat.jpg,,squat,True,False,Legs,False,True,True,1,1,NO_EQUIPMENT_ID;NO_PURPOSE;NO_FEMALE_CLIP
ea_bodyweight_pulse_squat_arms_to_chest,Bodyweight Pulse Squat Arms to Chest,Пульсирующий присед с руками на груди собственным весом,,None (Bodyweight),4,2,beginner,10,False,False,4,3,ankle|hip|knee,exercises/men/Legs/Bodyweight Pulse Squat arms to chest.mp4,,assets/posters/men/ea_bodyweight_pulse_squat_arms_to_chest.jpg,,squat,True,False,Legs,False,True,True,1,1,NO_EQUIPMENT_ID;NO_PURPOSE;NO_FEMALE_CLIP
ea_bodyweight_rear_lunge,Bodyweight Rear Lunge,Выпады назад собственным весом,,None (Bodyweight),4,2,beginner,10,False,False,4,2,hip|knee,exercises/men/Legs/Bodyweight Rear Lunge.mp4,,assets/posters/men/ea_bodyweight_rear_lunge.jpg,,lunge,True,False,Legs,False,True,True,3,1,NO_EQUIPMENT_ID;NO_PURPOSE;NO_FEMALE_CLIP;SHARED_SUMMARY
ea_bodyweight_rear_lunge_front_raise,Bodyweight Rear Lunge Front Raise,Выпады назад с подъемом рук вперед собственным весом,,None (Bodyweight),5,3,beginner,10,False,False,4,3,hip|knee|shoulder,exercises/men/Legs/Bodyweight Rear Lunge front raise.mp4,,assets/posters/men/ea_bodyweight_rear_lunge_front_raise.jpg,,lunge,True,False,Legs,False,True,True,1,1,NO_EQUIPMENT_ID;NO_PURPOSE;NO_FEMALE_CLIP
ea_bodyweight_single_leg_deadlift,Bodyweight Single Leg Deadlift,Становая тяга на одной ноге собственным весом,,None,4,2,beginner,10,False,False,4,2,hip|lower_back,exercises/men/Legs/Bodyweight Single Leg Deadlift.mp4,,assets/posters/men/ea_bodyweight_single_leg_deadlift.jpg,,hinge,True,False,Legs,False,True,True,1,1,NO_EQUIPMENT_ID;NO_PURPOSE;NO_FEMALE_CLIP
ea_bodyweight_squat_to_front_leg,Bodyweight Squat to Front Leg,Присед с подъемом ноги вперед собственным весом,,None (Bodyweight),5,3,beginner,10,False,False,4,4,ankle|hip|knee|lower_back,exercises/men/Legs/Bodyweight Squat to Front Leg.mp4,,assets/posters/men/ea_bodyweight_squat_to_front_leg.jpg,,,False,False,Legs,False,True,True,1,1,NO_EQUIPMENT_ID;NO_PURPOSE;NO_FEMALE_CLIP
ea_bodyweight_squat_to_side_leg,Bodyweight Squat to Side Leg,Присед с подъемом ноги в сторону собственным весом,,None (Bodyweight),4,2,beginner,10,False,False,4,3,ankle|hip|knee,exercises/men/Legs/Bodyweight Squat to Side Leg.mp4,,assets/posters/men/ea_bodyweight_squat_to_side_leg.jpg,,,False,False,Legs,False,True,True,1,1,NO_EQUIPMENT_ID;NO_PURPOSE;NO_FEMALE_CLIP
ea_bodyweight_squat_to_side_to_front_leg,Bodyweight Squat to Side to Front Leg,"Присед с подъемом ноги в сторону, затем вперед собственным весом",,None (Bodyweight),5,3,beginner,10,False,False,4,4,ankle|hip|knee|lower_back,exercises/men/Legs/Bodyweight Squat to Side to Front Leg.mp4,,assets/posters/men/ea_bodyweight_squat_to_side_to_front_leg.jpg,,,False,False,Legs,False,True,True,1,1,NO_EQUIPMENT_ID;NO_PURPOSE;NO_FEMALE_CLIP
ea_bodyweight_squats,Bodyweight Squats,Приседания собственным весом,,None (Bodyweight),4,2,beginner,10,False,False,4,3,ankle|hip|knee,exercises/men/Legs/bodyweight squats.mp4,,assets/posters/men/ea_bodyweight_squats.jpg,,,False,False,Legs,False,True,True,1,1,NO_EQUIPMENT_ID;NO_PURPOSE;NO_FEMALE_CLIP
ea_bodyweight_squats_hold,Bodyweight Squats Hold,Приседания с удержанием собственным весом,,None (Bodyweight),4,2,beginner,10,False,False,4,3,ankle|hip|knee,exercises/men/Legs/bodyweight squats hold.mp4,,assets/posters/men/ea_bodyweight_squats_hold.jpg,,,False,False,Legs,False,True,True,1,1,NO_EQUIPMENT_ID;NO_PURPOSE;NO_FEMALE_CLIP
ea_bodyweight_standing_around_world_wall_supported,Bodyweight Standing Around World Wall Supported,Подъемы рук вокруг света стоя с опорой на стену собственным весом,,None,2,2,beginner,10,False,False,4,1,upper_back,exercises/men/Shoulders/Bodyweight Standing Around World Wall Supported.mp4,,assets/posters/men/ea_bodyweight_standing_around_world_wall_supported.jpg,,,False,False,Shoulders,False,True,True,1,1,NO_EQUIPMENT_ID;NO_PURPOSE;NO_FEMALE_CLIP
ea_bodyweight_standing_back_stretch,Bodyweight Standing Back Stretch,Растяжка спины стоя собственным весом,,None,3,1,beginner,10,False,False,4,1,lower_back,exercises/men/Stretching - Mobility/Bodyweight Standing Back Stretch.mp4,,assets/posters/men/ea_bodyweight_standing_back_stretch.jpg,,,False,True,Stretching - Mobility,False,True,True,1,1,NO_EQUIPMENT_ID;NO_PURPOSE;NO_FEMALE_CLIP
ea_bodyweight_standing_calf_raise,Bodyweight Standing Calf Raise,Подъемы на носки стоя собственным весом,,None,1,1,beginner,10,False,False,4,1,ankle,exercises/men/Legs/Bodyweight Standing Calf Raise.mp4,,assets/posters/men/ea_bodyweight_standing_calf_raise.jpg,,calf_raise,True,False,Legs,False,True,True,2,1,NO_EQUIPMENT_ID;NO_PURPOSE;NO_FEMALE_CLIP;SHARED_SUMMARY
ea_bodyweight_standing_fly,Bodyweight Standing Fly,Разведение рук стоя собственным весом,,None,3,2,beginner,10,False,False,4,1,shoulder,exercises/men/Chest/Bodyweight Standing Fly.mp4,,assets/posters/men/ea_bodyweight_standing_fly.jpg,,,False,False,Chest,False,True,True,1,1,NO_EQUIPMENT_ID;NO_PURPOSE;NO_FEMALE_CLIP
ea_bodyweight_standing_military_press,Bodyweight Standing Military Press,Жим над головой стоя с собственным весом,,None,3,1,beginner,10,False,False,4,1,shoulder,exercises/men/Shoulders/Bodyweight Standing Military Press.mp4,,assets/posters/men/ea_bodyweight_standing_military_press.jpg,,overhead_press,True,False,Shoulders,False,True,True,1,1,NO_EQUIPMENT_ID;NO_PURPOSE;NO_FEMALE_CLIP
ea_bodyweight_standing_military_press_wall_supported,Bodyweight Standing Military Press Wall Supported,Жим над головой стоя с собственным весом с опорой на стену,,None,2,1,beginner,10,False,False,4,1,shoulder,exercises/men/Shoulders/Bodyweight Standing Military Press Wall Supported.mp4,,assets/posters/men/ea_bodyweight_standing_military_press_wall_supported.jpg,,overhead_press,True,False,Shoulders,False,True,True,1,1,NO_EQUIPMENT_ID;NO_PURPOSE;NO_FEMALE_CLIP
ea_bodyweight_standing_shrug,Bodyweight Standing Shrug,Шраги стоя с собственным весом,,None,2,2,beginner,10,False,False,3,3,lower_back|neck|upper_back,exercises/men/Shoulders/Bodyweight Standing Shrug.mp4,,assets/posters/men/ea_bodyweight_standing_shrug.jpg,,,False,False,Shoulders,False,True,True,1,1,NO_EQUIPMENT_ID;NO_PURPOSE;NO_FEMALE_CLIP
ea_bodyweight_standing_triangle_fly,Bodyweight Standing Triangle Fly,Разведение рук стоя «Треугольник» с собственным весом,,None,3,2,beginner,10,False,False,4,1,shoulder,exercises/men/Calisthenics-Cardio-Plyo-Functional/Bodyweight Standing Triangle Fly.mp4,,assets/posters/men/ea_bodyweight_standing_triangle_fly.jpg,,,False,False,Calisthenics-Cardio-Plyo-Functional,False,True,True,1,1,NO_EQUIPMENT_ID;NO_PURPOSE;NO_FEMALE_CLIP
ea_bodyweight_step_up_on_step_box,Bodyweight Step-up on Step Box,Шаг на степ-платформу с собственным весом,plyo_box,Plyo box,4,2,beginner,10,False,False,4,2,hip|knee,exercises/men/Legs/Bodyweight Step-up on Step box.mp4,,assets/posters/men/ea_bodyweight_step_up_on_step_box.jpg,,lunge,True,False,Legs,False,True,True,1,1,NO_PURPOSE;NO_FEMALE_CLIP
ea_bodyweight_svend_press,Bodyweight Svend Press,Жим Свенда с собственным весом,,None,3,1,beginner,10,False,False,4,1,shoulder,exercises/men/Chest/Bodyweight Svend Press.mp4,,assets/posters/men/ea_bodyweight_svend_press.jpg,,,False,False,Chest,False,True,True,1,1,NO_EQUIPMENT_ID;NO_PURPOSE;NO_FEMALE_CLIP
ea_bodyweight_triceps_extension,Bodyweight Triceps Extension,Разгибания на трицепс с собственным весом,,None,3,1,beginner,10,False,False,4,1,elbow,exercises/men/Triceps/bodyweight triceps extension.mp4,,assets/posters/men/ea_bodyweight_triceps_extension.jpg,,,False,False,Triceps,False,True,True,1,1,NO_EQUIPMENT_ID;NO_PURPOSE;NO_FEMALE_CLIP
ea_bodyweight_windmill,Bodyweight Windmill,Мельница с собственным весом,,None,4,2,beginner,10,False,False,4,0,,exercises/men/Calisthenics-Cardio-Plyo-Functional/Bodyweight Windmill.mp4,,assets/posters/men/ea_bodyweight_windmill.jpg,,,False,False,Calisthenics-Cardio-Plyo-Functional,False,True,True,2,1,NO_EQUIPMENT_ID;NO_CONTRAINDICATION_TAGS;NO_PURPOSE;NO_FEMALE_CLIP;SHARED_SUMMARY
ea_bodyweight_windmill_cut,Bodyweight Windmill Cut,Мельница с собственным весом с пульсацией,,None,4,2,beginner,10,False,False,4,0,,exercises/men/Calisthenics-Cardio-Plyo-Functional/Bodyweight Windmill Cut.mp4,,assets/posters/men/ea_bodyweight_windmill_cut.jpg,,,False,False,Calisthenics-Cardio-Plyo-Functional,False,True,True,2,1,NO_EQUIPMENT_ID;NO_CONTRAINDICATION_TAGS;NO_PURPOSE;NO_FEMALE_CLIP;SHARED_SUMMARY
ea_both_arms_behind_on_wall_biceps_stretch,Both Arms Behind on Wall Biceps Stretch,Растяжка бицепса обеими руками за спиной у стены,,Wall,0,0,beginner,10,True,True,5,0,,exercises/men/Stretching - Mobility/Both Arms Behind On Wall Biceps Stretch.mp4,exercises/girl/Stretching - Mobility/Both Arms Behind On Wall Biceps Stretch.mp4,assets/posters/men/ea_both_arms_behind_on_wall_biceps_stretch.jpg,assets/posters/girl/ea_both_arms_behind_on_wall_biceps_stretch.jpg,,False,True,Stretching - Mobility,False,True,True,1,1,NO_EQUIPMENT_ID;NO_CONTRAINDICATION_TAGS;NO_MUSCLES;NO_PRIMARY_MUSCLES
ea_bottoms_up_half_rep,Bottoms-up Half Rep,Частичное повторение с подъёмом ног,,None,2,1,beginner,10,False,False,4,0,,exercises/men/Abdominals/Bottoms-Up half rep.mp4,,assets/posters/men/ea_bottoms_up_half_rep.jpg,,,False,False,Abdominals,False,True,True,1,1,NO_EQUIPMENT_ID;NO_CONTRAINDICATION_TAGS;NO_PURPOSE;NO_FEMALE_CLIP
ea_bouncing_circle_draw,Bouncing Circle Draw,Пружинящие круговые движения руками,,None,4,2,beginner,10,False,False,4,0,,exercises/men/Calisthenics-Cardio-Plyo-Functional/Bouncing Circle Draw.mp4,,assets/posters/men/ea_bouncing_circle_draw.jpg,,,False,False,Calisthenics-Cardio-Plyo-Functional,False,True,True,1,1,NO_EQUIPMENT_ID;NO_CONTRAINDICATION_TAGS;NO_PURPOSE;NO_FEMALE_CLIP
ea_bouncing_inner_thigh_tap,Bouncing Inner Thigh Tap,Пружинящие касания внутренней поверхности бедра,,None,4,2,beginner,10,False,False,4,0,,exercises/men/Calisthenics-Cardio-Plyo-Functional/Bouncing Inner Thigh Tap.mp4,,assets/posters/men/ea_bouncing_inner_thigh_tap.jpg,,,False,False,Calisthenics-Cardio-Plyo-Functional,False,True,True,1,1,NO_EQUIPMENT_ID;NO_CONTRAINDICATION_TAGS;NO_PURPOSE;NO_FEMALE_CLIP
ea_bow_pose,Bow Pose,Поза Лука,,None (Bodyweight),0,0,beginner,10,True,True,5,1,upper_back,exercises/men/Yoga/Bow Pose.mp4,exercises/girl/Yoga/Bow Pose.mp4,assets/posters/men/ea_bow_pose.jpg,assets/posters/girl/ea_bow_pose.jpg,,False,True,Yoga,False,True,True,1,1,NO_EQUIPMENT_ID;NO_MUSCLES;NO_PRIMARY_MUSCLES
ea_box_jump,Box Jump,Прыжки на коробку,plyo_box,None (Bodyweight),4,3,beginner,10,False,False,4,2,ankle|knee,exercises/men/Legs/box jump.mp4,,assets/posters/men/ea_box_jump.jpg,,,False,False,Legs,False,True,True,2,1,NO_PURPOSE;NO_FEMALE_CLIP;SHARED_SUMMARY
ea_box_jump_squats,Box Jump Squats,Приседания с прыжком на коробку,plyo_box,None (Bodyweight),4,3,beginner,10,False,False,4,3,ankle|hip|knee,exercises/men/Legs/box jump squats.mp4,,assets/posters/men/ea_box_jump_squats.jpg,,,False,False,Legs,False,True,True,2,1,NO_PURPOSE;NO_FEMALE_CLIP;SHARED_SUMMARY
ea_box_sled_push,Box Sled Push,Толкание саней,plyo_box,Box,0,0,beginner,10,True,True,5,0,,exercises/men/Calisthenics-Cardio-Plyo-Functional/Box Sled Push.mp4,exercises/girl/Calisthenics-Cardio-Plyo-Functional/Box Sled Push.mp4,assets/posters/men/ea_box_sled_push.jpg,assets/posters/girl/ea_box_sled_push.jpg,,False,False,Calisthenics-Cardio-Plyo-Functional,False,True,True,1,1,NO_CONTRAINDICATION_TAGS;NO_MUSCLES;NO_PRIMARY_MUSCLES
ea_boxing_jab,Boxing Jab,Боксёрский джеб,,None,4,2,beginner,10,False,False,4,0,,exercises/men/Calisthenics-Cardio-Plyo-Functional/boxing jab.mp4,,assets/posters/men/ea_boxing_jab.jpg,,,False,False,Calisthenics-Cardio-Plyo-Functional,False,True,True,6,1,NO_EQUIPMENT_ID;NO_CONTRAINDICATION_TAGS;NO_PURPOSE;NO_FEMALE_CLIP;SHARED_SUMMARY
ea_boxing_left_hook,Boxing Left Hook,Боксёрский левый хук,,None,5,3,beginner,10,False,False,4,0,,exercises/men/Calisthenics-Cardio-Plyo-Functional/Boxing Left Hook.mp4,,assets/posters/men/ea_boxing_left_hook.jpg,,,False,False,Calisthenics-Cardio-Plyo-Functional,False,True,True,6,1,NO_EQUIPMENT_ID;NO_CONTRAINDICATION_TAGS;NO_PURPOSE;NO_FEMALE_CLIP;SHARED_SUMMARY
ea_boxing_left_uppercut,Boxing Left Uppercut,Боксёрский левый апперкот,,None,5,3,beginner,10,False,False,4,0,,exercises/men/Calisthenics-Cardio-Plyo-Functional/Boxing left uppercut.mp4,,assets/posters/men/ea_boxing_left_uppercut.jpg,,,False,False,Calisthenics-Cardio-Plyo-Functional,False,True,True,6,1,NO_EQUIPMENT_ID;NO_CONTRAINDICATION_TAGS;NO_PURPOSE;NO_FEMALE_CLIP;SHARED_SUMMARY
ea_boxing_right_cross,Boxing Right Cross,Боксерский правый кросс,,None,4,2,beginner,10,False,False,4,0,,exercises/men/Calisthenics-Cardio-Plyo-Functional/Boxing right cross.mp4,,assets/posters/men/ea_boxing_right_cross.jpg,,,False,False,Calisthenics-Cardio-Plyo-Functional,False,True,True,6,1,NO_EQUIPMENT_ID;NO_CONTRAINDICATION_TAGS;NO_PURPOSE;NO_FEMALE_CLIP;SHARED_SUMMARY
ea_boxing_right_hook,Boxing Right Hook,Боксерский правый хук,,None,5,3,beginner,10,False,False,4,0,,exercises/men/Calisthenics-Cardio-Plyo-Functional/Boxing right hook.mp4,,assets/posters/men/ea_boxing_right_hook.jpg,,,False,False,Calisthenics-Cardio-Plyo-Functional,False,True,True,6,1,NO_EQUIPMENT_ID;NO_CONTRAINDICATION_TAGS;NO_PURPOSE;NO_FEMALE_CLIP;SHARED_SUMMARY
ea_boxing_right_uppercut,Boxing Right Uppercut,Боксерский правый апперкот,,None,5,3,beginner,10,False,False,4,0,,exercises/men/Calisthenics-Cardio-Plyo-Functional/Boxing Right Uppercut.mp4,,assets/posters/men/ea_boxing_right_uppercut.jpg,,,False,False,Calisthenics-Cardio-Plyo-Functional,False,True,True,6,1,NO_EQUIPMENT_ID;NO_CONTRAINDICATION_TAGS;NO_PURPOSE;NO_FEMALE_CLIP;SHARED_SUMMARY
ea_brazilian_crunches,Brazilian Crunches,Бразильские скручивания,,None,2,1,beginner,10,False,False,3,2,lower_back|neck,exercises/men/Abdominals/brazilian crunches.mp4,,assets/posters/men/ea_brazilian_crunches.jpg,,situp,True,False,Abdominals,False,True,True,1,1,NO_EQUIPMENT_ID;NO_PURPOSE;NO_FEMALE_CLIP
ea_bridge_mountain_climber_cross_body,Bridge - Mountain Climber (cross Body),Планка - Альпинист (перекрестный),,None,2,1,beginner,10,False,False,4,2,hip|wrist,exercises/men/Abdominals/Bridge - Mountain Climber (Cross Body).mp4,,assets/posters/men/ea_bridge_mountain_climber_cross_body.jpg,,,False,False,Abdominals,False,True,True,2,1,NO_EQUIPMENT_ID;NO_PURPOSE;NO_FEMALE_CLIP;SHARED_SUMMARY
ea_bridge_hip_abduction,Bridge Hip Abduction,Ягодичный мост с отведением бедер,,None,2,1,beginner,10,False,False,4,1,hip,exercises/men/Yoga/Bridge Hip Abduction.mp4,,assets/posters/men/ea_bridge_hip_abduction.jpg,,,False,True,Yoga,False,True,True,1,1,NO_EQUIPMENT_ID;NO_PURPOSE;NO_FEMALE_CLIP
ea_bridge_pose_setu_bandhasana,Bridge Pose Setu Bandhasana,Поза моста (Сету Бандхасана),,None (Bodyweight),4,2,beginner,10,False,False,4,2,hip|neck,exercises/men/Yoga/bridge pose setu bandhasana.mp4,,assets/posters/men/ea_bridge_pose_setu_bandhasana.jpg,,,False,True,Yoga,False,True,True,1,1,NO_EQUIPMENT_ID;NO_PURPOSE;NO_FEMALE_CLIP
ea_bridge_with_alternating_leg_raise,Bridge with Alternating Leg Raise,Ягодичный мост с поочередным подъемом ног,,None,4,2,beginner,10,False,False,4,1,hip,exercises/men/Yoga/Bridge with Alternating Leg Raise.mp4,,assets/posters/men/ea_bridge_with_alternating_leg_raise.jpg,,,False,True,Yoga,False,True,True,1,1,NO_EQUIPMENT_ID;NO_PURPOSE;NO_FEMALE_CLIP
ea_briskly_walking,Briskly Walking,Быстрая ходьба,,None,5,3,beginner,10,False,False,4,0,,exercises/men/Calisthenics-Cardio-Plyo-Functional/Briskly Walking.mp4,,assets/posters/men/ea_briskly_walking.jpg,,,False,False,Calisthenics-Cardio-Plyo-Functional,False,True,True,4,2,NO_EQUIPMENT_ID;NO_CONTRAINDICATION_TAGS;NO_PURPOSE;NO_FEMALE_CLIP;SHARED_SUMMARY;SHARED_STEPS
ea_briskly_walking_360_degrees,Briskly Walking (360 Degrees),Быстрая ходьба (360 градусов),,None,5,3,beginner,10,False,False,4,0,,exercises/men/Calisthenics-Cardio-Plyo-Functional/Briskly Walking (360 degrees).mp4,,assets/posters/men/ea_briskly_walking_360_degrees.jpg,,,False,False,Calisthenics-Cardio-Plyo-Functional,False,True,True,4,2,NO_EQUIPMENT_ID;NO_CONTRAINDICATION_TAGS;NO_PURPOSE;NO_FEMALE_CLIP;SHARED_SUMMARY;SHARED_STEPS
ea_bulgarian_split_squat,Bulgarian Split Squat,Болгарский сплит-присед,bench_press,None (Bodyweight),4,2,beginner,10,False,False,4,3,ankle|hip|knee,exercises/men/Legs/Bulgarian Split Squat.mp4,,assets/posters/men/ea_bulgarian_split_squat.jpg,,lunge,True,False,Legs,False,True,True,3,3,NO_PURPOSE;NO_FEMALE_CLIP;SHARED_SUMMARY;SHARED_STEPS
ea_bulgarian_split_squat_bodyweight_left,Bulgarian Split Squat Bodyweight Left,Болгарский сплит-присед с собственным весом (левая нога),plyo_box,None (Bodyweight),4,2,beginner,10,False,False,4,3,ankle|hip|knee,exercises/men/Legs/bulgarian split squat bodyweight left.mp4,,assets/posters/men/ea_bulgarian_split_squat_bodyweight_left.jpg,,lunge,True,False,Legs,False,True,True,2,2,NO_PURPOSE;NO_FEMALE_CLIP;SHARED_SUMMARY;SHARED_STEPS
ea_bulgarian_split_squat_bodyweight_right,Bulgarian Split Squat Bodyweight Right,Болгарский сплит-присед с собственным весом (правая нога),plyo_box,None (Bodyweight),4,2,beginner,10,False,False,4,3,ankle|hip|knee,exercises/men/Legs/bulgarian split squat bodyweight right.mp4,,assets/posters/men/ea_bulgarian_split_squat_bodyweight_right.jpg,,lunge,True,False,Legs,False,True,True,3,3,NO_PURPOSE;NO_FEMALE_CLIP;SHARED_SUMMARY;SHARED_STEPS
ea_bulgarian_split_squat_cable_resistance_band,Bulgarian Split Squat Cable Resistance Band,Болгарский сплит-присед с резиновой лентой,resistance_bands,Resistance Band,5,2,beginner,10,False,False,4,3,ankle|hip|knee,exercises/men/Legs/bulgarian split squat cable resistance band.mp4,,assets/posters/men/ea_bulgarian_split_squat_cable_resistance_band.jpg,,,False,False,Legs,False,True,True,1,1,NO_PURPOSE;NO_FEMALE_CLIP
ea_bulgarian_split_squat_left_bodyweight_side_view,Bulgarian Split Squat Left Bodyweight Side View,"Болгарский сплит-присед с собственным весом (левая нога, вид сбоку)",plyo_box,None (Bodyweight),4,2,beginner,10,False,False,4,3,ankle|hip|knee,exercises/men/Legs/bulgarian split squat left bodyweight side view.mp4,,assets/posters/men/ea_bulgarian_split_squat_left_bodyweight_side_view.jpg,,lunge,True,False,Legs,False,True,True,2,2,NO_PURPOSE;NO_FEMALE_CLIP;SHARED_SUMMARY;SHARED_STEPS
ea_bulgarian_split_squat_right_bodyweight_side_view,Bulgarian Split Squat Right Bodyweight Side View,"Болгарский сплит-присед с собственным весом (правая нога, вид сбоку)",plyo_box,None (Bodyweight),4,2,beginner,10,False,False,4,3,ankle|hip|knee,exercises/men/Legs/bulgarian split squat right bodyweight side view.mp4,,assets/posters/men/ea_bulgarian_split_squat_right_bodyweight_side_view.jpg,,lunge,True,False,Legs,False,True,True,3,3,NO_PURPOSE;NO_FEMALE_CLIP;SHARED_SUMMARY;SHARED_STEPS
ea_bulgarian_split_squat_stretch,Bulgarian Split Squat Stretch,Растяжка в болгарском сплит-приседе,,Wall,0,0,beginner,10,True,True,5,3,ankle|hip|knee,exercises/men/Stretching - Mobility/Bulgarian Split Squat Stretch.mp4,exercises/girl/Stretching - Mobility/Bulgarian Split Squat Stretch.mp4,assets/posters/men/ea_bulgarian_split_squat_stretch.jpg,assets/posters/girl/ea_bulgarian_split_squat_stretch.jpg,lunge,True,True,Stretching - Mobility,False,True,True,1,1,NO_EQUIPMENT_ID;NO_MUSCLES;NO_PRIMARY_MUSCLES
ea_burpee,Burpee,Бёрпи,,None,7,4,beginner,10,False,False,5,3,ankle|knee|wrist,exercises/men/Calisthenics-Cardio-Plyo-Functional/Burpee.mp4,,assets/posters/men/ea_burpee.jpg,,,False,False,Calisthenics-Cardio-Plyo-Functional,False,True,True,1,1,NO_EQUIPMENT_ID;NO_PURPOSE;NO_FEMALE_CLIP
ea_burpee_squat,Burpee Squat,Бёрпи-присед,,None,4,2,beginner,10,False,False,4,4,ankle|hip|knee|wrist,exercises/men/Legs/Burpee Squat.mp4,,assets/posters/men/ea_burpee_squat.jpg,,,False,False,Legs,False,True,True,1,1,NO_EQUIPMENT_ID;NO_PURPOSE;NO_FEMALE_CLIP
ea_butt_kick_with_row,Butt Kick with Row,Захлест голени с тягой,,None,5,2,beginner,10,False,False,4,1,upper_back,exercises/men/Calisthenics-Cardio-Plyo-Functional/Butt Kick with Row.mp4,,assets/posters/men/ea_butt_kick_with_row.jpg,,,False,False,Calisthenics-Cardio-Plyo-Functional,False,True,True,1,1,NO_EQUIPMENT_ID;NO_PURPOSE;NO_FEMALE_CLIP
ea_butt_kicks,Butt Kicks,Захлёсты голени назад,,None,3,1,beginner,10,False,False,4,0,,exercises/men/Calisthenics-Cardio-Plyo-Functional/Butt kicks.mp4,,assets/posters/men/ea_butt_kicks.jpg,,,False,False,Calisthenics-Cardio-Plyo-Functional,False,True,True,2,1,NO_EQUIPMENT_ID;NO_CONTRAINDICATION_TAGS;NO_PURPOSE;NO_FEMALE_CLIP;SHARED_SUMMARY
ea_butt_kicks_slow,Butt Kicks Slow,Захлёсты голени назад в медленном темпе,,None,3,1,beginner,10,False,False,4,0,,exercises/men/Calisthenics-Cardio-Plyo-Functional/Butt kicks slow.mp4,,assets/posters/men/ea_butt_kicks_slow.jpg,,,False,False,Calisthenics-Cardio-Plyo-Functional,False,True,True,2,1,NO_EQUIPMENT_ID;NO_CONTRAINDICATION_TAGS;NO_PURPOSE;NO_FEMALE_CLIP;SHARED_SUMMARY
ea_butterfly_yoga_flaps,Butterfly Yoga Flaps,Махи ногами в позе бабочки,,None,2,1,beginner,10,False,False,4,1,hip,exercises/men/Stretching - Mobility/Butterfly Yoga Flaps.mp4,,assets/posters/men/ea_butterfly_yoga_flaps.jpg,,,False,True,Stretching - Mobility,False,True,True,2,1,NO_EQUIPMENT_ID;NO_PURPOSE;NO_FEMALE_CLIP;SHARED_SUMMARY
ea_butterfly_yoga_pose,Butterfly Yoga Pose,Поза бабочки в йоге,,None,2,1,beginner,10,False,False,4,1,hip,exercises/men/Yoga/Butterfly Yoga Pose.mp4,,assets/posters/men/ea_butterfly_yoga_pose.jpg,,,False,True,Yoga,False,True,True,2,1,NO_EQUIPMENT_ID;NO_PURPOSE;NO_FEMALE_CLIP;SHARED_SUMMARY
ea_cable_30_degree_shrug,Cable 30 Degree Shrug,Шраги в наклоне 30 градусов с блоком,cable_machine,Cable Pulley Machine,1,0,beginner,10,True,True,5,3,lower_back|neck|upper_back,exercises/men/Shoulders/Cable 30 Degree Shrug.mp4,exercises/girl/Shoulders/Cable 30 Degree Shrug.mp4,assets/posters/men/ea_cable_30_degree_shrug.jpg,assets/posters/girl/ea_cable_30_degree_shrug.jpg,,False,False,Shoulders,False,True,True,1,1,NO_PRIMARY_MUSCLES
ea_cable_alternate_triceps_extension,Cable Alternate Triceps Extension,Разгибание рук на трицепс поочередно с блоком,cable_machine,Cable Pulley Machine,1,1,beginner,10,False,False,3,1,elbow,exercises/men/Triceps/Cable Alternate Triceps Extension.mp4,,assets/posters/men/ea_cable_alternate_triceps_extension.jpg,,,False,False,Triceps,False,True,True,1,1,NO_PURPOSE;NO_FEMALE_CLIP
ea_cable_assisted_inverse_leg_curl,Cable Assisted Inverse Leg Curl,Обратное сгибание ног с помощью блока,cable_machine,Cable machine,4,1,beginner,10,False,False,4,2,knee|upper_back,exercises/men/Legs/Cable Assisted Inverse Leg Curl.mp4,,assets/posters/men/ea_cable_assisted_inverse_leg_curl.jpg,,,False,False,Legs,False,True,True,1,1,NO_PURPOSE;NO_FEMALE_CLIP
ea_cable_bar_lateral_pulldown,Cable Bar Lateral Pulldown,Тяга верхнего блока широким хватом,lat_pulldown,Lat Pull Down Machine (Cable),4,1,beginner,10,False,False,4,1,shoulder,exercises/men/Back/Cable Bar Lateral Pulldown.mp4,,assets/posters/men/ea_cable_bar_lateral_pulldown.jpg,,,False,False,Back,False,True,True,1,1,NO_PURPOSE;NO_FEMALE_CLIP
ea_cable_bench_fly_press,Cable Bench Fly Press,Жим-разведение на скамье с блоками,cable_machine,Dual Cable Pulley Machine,3,1,beginner,10,False,False,4,1,shoulder,exercises/men/Chest/Cable Bench Fly Press.mp4,,assets/posters/men/ea_cable_bench_fly_press.jpg,,,False,False,Chest,False,True,True,1,1,NO_PURPOSE;NO_FEMALE_CLIP
ea_cable_bent_over_one_arm_lateral_raise,Cable Bent Over One Arm Lateral Raise,Подъём руки в сторону в наклоне одной рукой с блоком,cable_machine,Cable Pulley Machine,3,1,beginner,10,False,False,4,2,lower_back|shoulder,exercises/men/Shoulders/Cable Bent Over One Arm Lateral Raise.mp4,,assets/posters/men/ea_cable_bent_over_one_arm_lateral_raise.jpg,,,False,False,Shoulders,False,True,True,1,1,NO_PURPOSE;NO_FEMALE_CLIP
ea_cable_bent_over_reverse_grip_row,Cable Bent Over Reverse Grip Row,Тяга блока в наклоне обратным хватом,cable_machine,Cable Pulley Machine,5,1,beginner,10,False,False,4,2,lower_back|upper_back,exercises/men/Back/Cable Bent Over Reverse Grip Row.mp4,,assets/posters/men/ea_cable_bent_over_reverse_grip_row.jpg,,,False,False,Back,False,True,True,1,1,NO_PURPOSE;NO_FEMALE_CLIP
ea_cable_bent_over_row,Cable Bent Over Row,Тяга блока в наклоне,cable_machine,Cable Pulley Machine,5,1,beginner,10,False,False,4,2,lower_back|upper_back,exercises/men/Back/Cable Bent Over Row.mp4,,assets/posters/men/ea_cable_bent_over_row.jpg,,,False,False,Back,False,True,True,1,1,NO_PURPOSE;NO_FEMALE_CLIP
ea_cable_biceps_curl_ez_bar,Cable Biceps Curl (ez-bar),Сгибание на бицепс с EZ-грифом на блоке,cable_machine,Cable Pulley Machine,2,1,beginner,10,False,False,4,1,elbow,exercises/men/Biceps/Cable Biceps Curl (EZ-bar).mp4,,assets/posters/men/ea_cable_biceps_curl_ez_bar.jpg,,,False,False,Biceps,False,True,True,1,1,NO_PURPOSE;NO_FEMALE_CLIP
ea_cable_calve_raise,Cable Calve Raise,Подъёмы на носки с блоком,cable_machine,Cable Pulley Machine,1,1,beginner,10,False,False,4,0,,exercises/men/Legs/Cable Calve Raise.mp4,exercises/girl/Legs/Cable Calve Raise.mp4,assets/posters/men/ea_cable_calve_raise.jpg,assets/posters/girl/ea_cable_calve_raise.jpg,,False,False,Legs,False,True,True,1,1,NO_CONTRAINDICATION_TAGS;NO_PURPOSE
ea_cable_close_grip_curl,Cable Close Grip Curl,Сгибание на бицепс узким хватом на блоке,cable_machine,Cable Pulley Machine,2,1,beginner,10,False,False,4,1,elbow,exercises/men/Biceps/Cable Close Grip Curl.mp4,,assets/posters/men/ea_cable_close_grip_curl.jpg,,,False,False,Biceps,False,True,True,1,1,NO_PURPOSE;NO_FEMALE_CLIP
ea_cable_close_grip_front_lat_pulldown,Cable Close Grip Front Lat Pulldown,Тяга верхнего блока узким прямым хватом к груди,lat_pulldown,Cable Pulley Machine,5,1,beginner,10,False,False,4,2,elbow|shoulder,exercises/men/Back/Cable Close Grip Front Lat Pulldown.mp4,,assets/posters/men/ea_cable_close_grip_front_lat_pulldown.jpg,,,False,False,Back,False,True,True,1,1,NO_PURPOSE;NO_FEMALE_CLIP
ea_cable_core_palloff_press,Cable Core Palloff Press,Жим Паллофа с блоком,cable_machine,Cable Pulley Machine,1,0,beginner,10,True,True,5,1,shoulder,exercises/men/Chest/Cable Core Palloff Press.mp4,exercises/girl/Chest/Cable Core Palloff Press.mp4,assets/posters/men/ea_cable_core_palloff_press.jpg,assets/posters/girl/ea_cable_core_palloff_press.jpg,,False,False,Chest,False,True,True,1,1,NO_PRIMARY_MUSCLES
ea_cable_cross_pushdown,Cable Cross Pushdown,Разгибание рук на трицепс на кроссовере,cable_machine,Cable Pulley Machine,1,0,beginner,10,True,True,5,1,elbow,exercises/men/Triceps/Cable Cross Pushdown.mp4,exercises/girl/Triceps/Cable Cross Pushdown.mp4,assets/posters/men/ea_cable_cross_pushdown.jpg,assets/posters/girl/ea_cable_cross_pushdown.jpg,,False,False,Triceps,False,True,True,1,1,NO_PRIMARY_MUSCLES
ea_cable_face_pull_with_rope,Cable Face Pull with Rope,Тяга к лицу с канатной рукояткой на блоке,cable_machine,Cable Pulley Machine,1,0,beginner,10,True,True,5,2,shoulder|upper_back,exercises/men/Shoulders/Cable Face Pull With Rope.mp4,exercises/girl/Shoulders/Cable Face Pull With Rope.mp4,assets/posters/men/ea_cable_face_pull_with_rope.jpg,assets/posters/girl/ea_cable_face_pull_with_rope.jpg,,False,False,Shoulders,False,True,True,1,1,NO_PRIMARY_MUSCLES
ea_cable_front_raises_straight_bar,Cable Front Raises Straight Bar,Подъёмы рук вперёд с прямым грифом на блоке,cable_machine,Cable machine,2,1,beginner,10,False,False,4,1,shoulder,exercises/men/Shoulders/cable front raises straight bar.mp4,,assets/posters/men/ea_cable_front_raises_straight_bar.jpg,,,False,False,Shoulders,False,True,True,1,1,NO_PURPOSE;NO_FEMALE_CLIP
ea_cable_goblet_squat,Cable Goblet Squat,Присед с тросом (гоблет),cable_machine,Cable Pulley Machine,5,2,beginner,10,False,False,4,3,ankle|hip|knee,exercises/men/Legs/Cable Goblet Squat.mp4,exercises/girl/Legs/Cable Goblet Squat.mp4,assets/posters/men/ea_cable_goblet_squat.jpg,assets/posters/girl/ea_cable_goblet_squat.jpg,,False,False,Legs,False,True,True,1,1,NO_PURPOSE
ea_cable_hamstring_curl,Cable Hamstring Curl,Сгибание ног на бицепс бедра в блоке,cable_machine,Cable Pulley Machine,3,1,beginner,10,False,False,4,0,,exercises/men/Legs/Cable Hamstring Curl.mp4,exercises/girl/Legs/Cable Hamstring Curl.mp4,assets/posters/men/ea_cable_hamstring_curl.jpg,assets/posters/girl/ea_cable_hamstring_curl.jpg,,False,False,Legs,False,True,True,1,1,NO_CONTRAINDICATION_TAGS;NO_PURPOSE
ea_cable_individual_glute_kickbacks,Cable Individual Glute Kickbacks,Махи ногой назад в блоке (на ягодицы),cable_machine,Cable Pulley Machine,4,2,beginner,10,False,False,4,2,elbow|hip,exercises/men/Legs/Cable individual glute kickbacks.mp4,exercises/girl/Legs/Cable individual glute kickbacks.mp4,assets/posters/men/ea_cable_individual_glute_kickbacks.jpg,assets/posters/girl/ea_cable_individual_glute_kickbacks.jpg,,False,False,Legs,False,True,True,1,1,NO_PURPOSE
ea_cable_lat_prayer,Cable Lat Prayer,Пуловер на блоке,cable_machine,Cable Pulley Machine,1,0,beginner,10,True,True,5,0,,exercises/men/Back/Cable Lat Prayer.mp4,exercises/girl/Back/Cable Lat Prayer.mp4,assets/posters/men/ea_cable_lat_prayer.jpg,assets/posters/girl/ea_cable_lat_prayer.jpg,,False,False,Back,False,True,True,1,1,NO_CONTRAINDICATION_TAGS;NO_PRIMARY_MUSCLES
ea_cable_lateral_raises,Cable Lateral Raises,Разведение рук в стороны в блоке,cable_machine,Cable machine,2,1,beginner,10,False,False,4,1,shoulder,exercises/men/Shoulders/cable lateral raises.mp4,,assets/posters/men/ea_cable_lateral_raises.jpg,,,False,False,Shoulders,False,True,True,1,1,NO_PURPOSE;NO_FEMALE_CLIP
ea_cable_leaning_lateral_raise,Cable Leaning Lateral Raise,Разведение рук в стороны в блоке с наклоном,cable_machine,Cable machine,2,1,beginner,10,False,False,4,1,shoulder,exercises/men/Shoulders/cable leaning lateral raise.mp4,,assets/posters/men/ea_cable_leaning_lateral_raise.jpg,,,False,False,Shoulders,False,True,True,1,1,NO_PURPOSE;NO_FEMALE_CLIP
ea_cable_low_fly,Cable Low Fly,Разведение рук на нижних блоках,cable_machine,Dual Cable Pulley Machine,3,1,beginner,10,False,False,4,1,shoulder,exercises/men/Chest/Cable low fly.mp4,,assets/posters/men/ea_cable_low_fly.jpg,,,False,False,Chest,False,True,True,1,1,NO_PURPOSE;NO_FEMALE_CLIP
ea_cable_low_seated_row,Cable Low Seated Row,Тяга нижнего блока сидя,cable_machine,Cable Pulley Machine,4,1,beginner,10,False,False,4,1,upper_back,exercises/men/Back/cable low seated row.mp4,,assets/posters/men/ea_cable_low_seated_row.jpg,,,False,False,Back,False,True,True,1,1,NO_PURPOSE;NO_FEMALE_CLIP
ea_cable_lying_extension_pullover_with_cables_attachment,Cable Lying Extension Pullover (with Cables Attachment),Пуловер-разгибание лежа на блоке,cable_machine,Cable Pulley Machine,3,2,beginner,10,False,False,4,1,shoulder,exercises/men/Back/cable lying extension pullover (with cables attachment).mp4,,assets/posters/men/ea_cable_lying_extension_pullover_with_cables_attachment.jpg,,,False,False,Back,False,True,True,1,1,NO_PURPOSE;NO_FEMALE_CLIP
ea_cable_lying_fly,Cable Lying Fly,Разведение рук лежа на блоках,cable_machine,Dual Cable Pulley Machine,2,1,beginner,10,False,False,4,1,shoulder,exercises/men/Chest/cable lying fly.mp4,,assets/posters/men/ea_cable_lying_fly.jpg,,,False,False,Chest,False,True,True,1,1,NO_PURPOSE;NO_FEMALE_CLIP
ea_cable_lying_triceps_extension,Cable Lying Triceps Extension,Разгибание рук на трицепс лежа в блоке,cable_machine,Cable Pulley Machine,2,1,beginner,10,False,False,4,1,elbow,exercises/men/Triceps/cable lying triceps extension.mp4,,assets/posters/men/ea_cable_lying_triceps_extension.jpg,,,False,False,Triceps,False,True,True,1,1,NO_PURPOSE;NO_FEMALE_CLIP
ea_cable_lying_triceps_extension_low,Cable Lying Triceps Extension (LOW),Разгибание рук на трицепс лежа в блоке (НИЗКИЙ),cable_machine,Cable Pulley Machine,2,1,beginner,10,False,False,4,1,elbow,exercises/men/Triceps/cable lying triceps extension (LOW).mp4,,assets/posters/men/ea_cable_lying_triceps_extension_low.jpg,,,False,False,Triceps,False,True,True,1,1,NO_PURPOSE;NO_FEMALE_CLIP
ea_cable_machine_low_to_high,Cable Machine Low to High,Сведение рук в кроссовере снизу вверх,cable_machine,Dual Cable Pulley Machine,3,1,beginner,10,False,False,4,0,,exercises/men/Chest/cable machine low to high.mp4,,assets/posters/men/ea_cable_machine_low_to_high.jpg,,,False,False,Chest,False,True,True,1,1,NO_CONTRAINDICATION_TAGS;NO_PURPOSE;NO_FEMALE_CLIP
ea_cable_middle_fly,Cable Middle Fly,Сведение рук в кроссовере на среднем уровне,cable_machine,Dual Cable Pulley Machine,3,1,beginner,10,False,False,4,1,shoulder,exercises/men/Chest/Cable Middle Fly.mp4,,assets/posters/men/ea_cable_middle_fly.jpg,,,False,False,Chest,False,True,True,1,1,NO_PURPOSE;NO_FEMALE_CLIP
ea_cable_narrow_chair_stand_up,Cable Narrow Chair Stand-up,Вставания со стула с узкой постановкой ног в блоке,cable_machine,Cable machine,4,2,beginner,10,False,False,4,0,,exercises/men/Legs/Cable Narrow Chair Stand-Up.mp4,,assets/posters/men/ea_cable_narrow_chair_stand_up.jpg,,,False,False,Legs,False,True,True,1,1,NO_CONTRAINDICATION_TAGS;NO_PURPOSE;NO_FEMALE_CLIP
ea_cable_neutral_grip_kickback,Cable Neutral Grip Kickback,Разгибание руки назад в блоке нейтральным хватом,cable_machine,Cable Pulley Machine,2,1,beginner,10,False,False,4,1,elbow,exercises/men/Triceps/Cable Neutral Grip Kickback.mp4,,assets/posters/men/ea_cable_neutral_grip_kickback.jpg,,,False,False,Triceps,False,True,True,1,1,NO_PURPOSE;NO_FEMALE_CLIP
ea_cable_one_arm_bent_over_row,Cable One Arm Bent Over Row,Тяга одной рукой в наклоне в блоке,cable_machine,Cable machine,3,1,beginner,10,False,False,4,2,lower_back|upper_back,exercises/men/Back/Cable One Arm Bent over Row.mp4,,assets/posters/men/ea_cable_one_arm_bent_over_row.jpg,,,False,False,Back,False,True,True,1,1,NO_PURPOSE;NO_FEMALE_CLIP
ea_cable_one_arm_chest_fly_bent,Cable One Arm Chest Fly Bent,Разведение одной рукой в наклоне в кроссовере,cable_machine,Cable machine,3,1,beginner,10,False,False,4,1,shoulder,exercises/men/Chest/Cable One Arm Chest Fly Bent.mp4,,assets/posters/men/ea_cable_one_arm_chest_fly_bent.jpg,,,False,False,Chest,False,True,True,1,1,NO_PURPOSE;NO_FEMALE_CLIP
ea_cable_one_arm_curl,Cable One Arm Curl,Сгибание руки на бицепс одной рукой в блоке,cable_machine,Cable Pulley Machine,2,1,beginner,10,False,False,4,1,elbow,exercises/men/Biceps/Cable One Arm Curl.mp4,,assets/posters/men/ea_cable_one_arm_curl.jpg,,,False,False,Biceps,False,True,True,1,1,NO_PURPOSE;NO_FEMALE_CLIP
ea_cable_one_arm_front_raise,Cable One Arm Front Raise,Подъём руки вперёд одной рукой в блоке,cable_machine,Cable machine,2,1,beginner,10,False,False,4,1,shoulder,exercises/men/Shoulders/Cable One Arm Front Raise.mp4,,assets/posters/men/ea_cable_one_arm_front_raise.jpg,,,False,False,Shoulders,False,True,True,1,1,NO_PURPOSE;NO_FEMALE_CLIP
ea_cable_one_arm_inner_biceps_curl,Cable One Arm Inner Biceps Curl,Сгибание на бицепс одной рукой на блоке,cable_machine,Cable Pulley Machine,3,1,beginner,10,False,False,4,1,elbow,exercises/men/Biceps/Cable One Arm Inner Biceps Curl.mp4,,assets/posters/men/ea_cable_one_arm_inner_biceps_curl.jpg,,,False,False,Biceps,False,True,True,1,1,NO_PURPOSE;NO_FEMALE_CLIP
ea_cable_one_arm_lat_pulldown,Cable One Arm Lat Pulldown,Тяга верхнего блока одной рукой,lat_pulldown,Cable Pulley Machine,3,1,beginner,10,False,False,4,1,shoulder,exercises/men/Back/Cable one arm lat pulldown.mp4,,assets/posters/men/ea_cable_one_arm_lat_pulldown.jpg,,,False,False,Back,False,True,True,1,1,NO_PURPOSE;NO_FEMALE_CLIP
ea_cable_overhead_curl,Cable Overhead Curl,Сгибание на бицепс над головой на блоке,cable_machine,Cable Pulley Machine,3,1,beginner,10,False,False,4,2,elbow|shoulder,exercises/men/Biceps/Cable Overhead Curl.mp4,,assets/posters/men/ea_cable_overhead_curl.jpg,,,False,False,Biceps,False,True,True,1,1,NO_PURPOSE;NO_FEMALE_CLIP
ea_cable_overhead_extension_rope,Cable Overhead Extension Rope,Разгибание рук над головой с канатом на блоке,cable_machine,Cable Pulley Machine,3,1,beginner,10,False,False,4,2,elbow|shoulder,exercises/men/Triceps/cable overhead extension rope.mp4,,assets/posters/men/ea_cable_overhead_extension_rope.jpg,,,False,False,Triceps,False,True,True,1,1,NO_PURPOSE;NO_FEMALE_CLIP
ea_cable_palm_rotational_row,Cable Palm Rotational Row,Тяга на блоке с вращением ладони,cable_machine,Cable machine,5,2,beginner,10,False,False,4,1,upper_back,exercises/men/Back/cable palm rotational row.mp4,,assets/posters/men/ea_cable_palm_rotational_row.jpg,,,False,False,Back,False,True,True,1,1,NO_PURPOSE;NO_FEMALE_CLIP
ea_cable_preacher_curl,Cable Preacher Curl,Сгибание на бицепс на скамье Скотта на блоке,cable_machine,"Cable Pulley Machine, Rope Attachment",2,1,beginner,10,False,False,4,1,elbow,exercises/men/Biceps/Cable Preacher Curl.mp4,,assets/posters/men/ea_cable_preacher_curl.jpg,,,False,False,Biceps,False,True,True,1,1,NO_PURPOSE;NO_FEMALE_CLIP
ea_cable_pull_in_kneeling,Cable Pull in Kneeling,Тяга на блоке с колен,cable_machine,Cable Pulley Machine,1,0,beginner,10,True,True,5,1,knee,exercises/men/Back/Cable Pull In Kneeling.mp4,exercises/girl/Back/Cable Pull In Kneeling.mp4,assets/posters/men/ea_cable_pull_in_kneeling.jpg,assets/posters/girl/ea_cable_pull_in_kneeling.jpg,,False,False,Back,False,True,True,1,1,NO_PRIMARY_MUSCLES
ea_cable_pull_through,Cable Pull Through,Протяжка на блоке,cable_machine,Cable Pulley Machine,4,2,beginner,10,False,False,4,0,,exercises/men/Legs/cable pull through.mp4,exercises/girl/Legs/Cable Pull Through.mp4,assets/posters/men/ea_cable_pull_through.jpg,assets/posters/girl/ea_cable_pull_through.jpg,,False,False,Legs,False,True,True,1,1,NO_CONTRAINDICATION_TAGS;NO_PURPOSE
ea_cable_pulldown,Cable Pulldown,Тяга верхнего блока,lat_pulldown,Lat Pull Down Machine (Cable),3,1,beginner,10,False,False,4,1,shoulder,exercises/men/Back/Cable Pulldown.mp4,,assets/posters/men/ea_cable_pulldown.jpg,,,False,False,Back,False,True,True,1,1,NO_PURPOSE;NO_FEMALE_CLIP
ea_cable_pulldown_pro_lat_bar,Cable Pulldown (pro Lat Bar),Тяга верхнего блока (Pro Lat Bar),lat_pulldown,Lat Pull Down Machine (Cable),3,1,beginner,10,False,False,4,1,shoulder,exercises/men/Back/Cable Pulldown (pro lat bar).mp4,,assets/posters/men/ea_cable_pulldown_pro_lat_bar.jpg,,,False,False,Back,False,True,True,1,1,NO_PURPOSE;NO_FEMALE_CLIP
ea_cable_pushdown,Cable Pushdown,Разгибание рук на блоке,cable_machine,Cable Pulley Machine,3,1,beginner,10,False,False,4,1,elbow,exercises/men/Triceps/Cable Pushdown.mp4,,assets/posters/men/ea_cable_pushdown.jpg,,,False,False,Triceps,False,True,True,3,1,NO_PURPOSE;NO_FEMALE_CLIP;SHARED_SUMMARY
ea_cable_pushdown_straight_arm,Cable Pushdown (straight Arm),Разгибание рук на блоке (прямыми руками),cable_machine,Cable Pulley Machine,4,1,beginner,10,False,False,4,1,elbow,exercises/men/Back/Cable Pushdown (straight arm).mp4,,assets/posters/men/ea_cable_pushdown_straight_arm.jpg,,,False,False,Back,False,True,True,3,1,NO_PURPOSE;NO_FEMALE_CLIP;SHARED_SUMMARY
ea_cable_rear_delt_fly,Cable Rear Delt Fly,Разведение рук на блоке для задних дельт,cable_machine,Cable machine,2,0,beginner,10,False,False,4,2,shoulder|upper_back,exercises/men/Shoulders/cable rear delt fly.mp4,,assets/posters/men/ea_cable_rear_delt_fly.jpg,,,False,False,Shoulders,False,True,True,1,1,NO_PRIMARY_MUSCLES;NO_PURPOSE;NO_FEMALE_CLIP
ea_cable_rear_drive,Cable Rear Drive,Отведение руки назад на блоке,cable_machine,Cable machine,3,2,beginner,10,False,False,4,1,upper_back,exercises/men/Triceps/Cable Rear Drive.mp4,,assets/posters/men/ea_cable_rear_drive.jpg,,,False,False,Triceps,False,True,True,2,1,NO_PURPOSE;NO_FEMALE_CLIP;SHARED_SUMMARY
ea_cable_rear_drive_bent_arm,Cable Rear Drive Bent Arm,Отведение руки назад на блоке (согнутой рукой),cable_machine,Cable machine,3,1,beginner,10,False,False,4,1,upper_back,exercises/men/Shoulders/Cable rear drive bent arm.mp4,,assets/posters/men/ea_cable_rear_drive_bent_arm.jpg,,,False,False,Shoulders,False,True,True,2,1,NO_PURPOSE;NO_FEMALE_CLIP;SHARED_SUMMARY
ea_cable_rear_pulldown,Cable Rear Pulldown,Тяга верхнего блока за голову,lat_pulldown,Lat Pull Down Machine (Cable),3,1,beginner,10,False,False,4,1,shoulder,exercises/men/Back/Cable rear Pulldown.mp4,,assets/posters/men/ea_cable_rear_pulldown.jpg,,,False,False,Back,False,True,True,1,1,NO_PURPOSE;NO_FEMALE_CLIP
ea_cable_reverse_curl,Cable Reverse Curl,Обратное сгибание на бицепс на блоке,cable_machine,Cable Pulley Machine,2,1,beginner,10,False,False,4,2,elbow|wrist,exercises/men/Biceps/cable reverse curl.mp4,,assets/posters/men/ea_cable_reverse_curl.jpg,,,False,False,Biceps,False,True,True,1,1,NO_PURPOSE;NO_FEMALE_CLIP
ea_cable_reverse_fly_on_crossover,Cable Reverse Fly on Crossover,Обратное разведение рук на кроссовере,cable_machine,Resistance Band,2,1,beginner,10,False,False,4,2,shoulder|upper_back,exercises/men/Shoulders/cable reverse fly on crossover.mp4,,assets/posters/men/ea_cable_reverse_fly_on_crossover.jpg,,,False,False,Shoulders,False,True,True,1,1,NO_PURPOSE;NO_FEMALE_CLIP
ea_cable_reverse_grip_pushdown,Cable Reverse Grip Pushdown,Разгибание рук на блоке обратным хватом,cable_machine,Cable Pulley Machine,3,1,beginner,10,False,False,4,1,elbow,exercises/men/Triceps/cable reverse grip pushdown.mp4,,assets/posters/men/ea_cable_reverse_grip_pushdown.jpg,,,False,False,Triceps,False,True,True,3,3,NO_PURPOSE;NO_FEMALE_CLIP;SHARED_SUMMARY;SHARED_STEPS
ea_cable_reverse_grip_straight_back_seated_high_row,Cable Reverse Grip Straight Back Seated High Row,Тяга верхнего блока обратным хватом сидя с прямой спиной,lat_pulldown,Lat Pull Down Machine (Cable),4,2,beginner,10,False,False,4,1,upper_back,exercises/men/Back/cable reverse grip straight back seated high row.mp4,,assets/posters/men/ea_cable_reverse_grip_straight_back_seated_high_row.jpg,,,False,False,Back,False,True,True,1,1,NO_PURPOSE;NO_FEMALE_CLIP
ea_cable_reverse_grip_triceps_push_down_straight_bar_on_crossover,Cable Reverse Grip Triceps Push Down Straight Bar on Crossover,Разгибания на трицепс обратным хватом с прямым грифом на блоке,cable_machine,Cable Pulley Machine,3,1,beginner,10,False,False,4,1,elbow,exercises/men/Triceps/Cable reverse grip triceps push down straight bar on crossover.mp4,,assets/posters/men/ea_cable_reverse_grip_triceps_push_down_straight_bar_on_crossover.jpg,,,False,False,Triceps,False,True,True,3,3,NO_PURPOSE;NO_FEMALE_CLIP;SHARED_SUMMARY;SHARED_STEPS
ea_cable_reverse_grip_triceps_pushdown_ez_bar,Cable Reverse Grip Triceps Pushdown (ez-bar),Разгибания на трицепс обратным хватом с EZ-грифом на блоке,cable_machine,Cable Pulley Machine,3,1,beginner,10,False,False,4,1,elbow,exercises/men/Triceps/Cable Reverse Grip Triceps Pushdown (EZ-bar).mp4,,assets/posters/men/ea_cable_reverse_grip_triceps_pushdown_ez_bar.jpg,,,False,False,Triceps,False,True,True,1,1,NO_PURPOSE;NO_FEMALE_CLIP
ea_cable_reverse_grip_triceps_pushdown_back_side_pov,Cable Reverse Grip Triceps Pushdown Back Side Pov,Разгибания на трицепс обратным хватом на блоке (вид сзади),cable_machine,Cable Pulley Machine,3,1,beginner,10,False,False,4,1,elbow,exercises/men/Triceps/cable reverse grip triceps pushdown back side pov.mp4,,assets/posters/men/ea_cable_reverse_grip_triceps_pushdown_back_side_pov.jpg,,,False,False,Triceps,False,True,True,3,3,NO_PURPOSE;NO_FEMALE_CLIP;SHARED_SUMMARY;SHARED_STEPS
ea_cable_seated_on_floor_row,Cable Seated on Floor Row,Тяга сидя на полу на блоке,cable_machine,Cable Pulley Machine,4,1,beginner,10,False,False,4,1,upper_back,exercises/men/Back/Cable Seated on Floor Row.mp4,,assets/posters/men/ea_cable_seated_on_floor_row.jpg,,,False,False,Back,False,True,True,1,1,NO_PURPOSE;NO_FEMALE_CLIP
ea_cable_seated_one_arm_alternate_row,Cable Seated One Arm Alternate Row,Попеременная тяга одной рукой сидя на блоке,cable_machine,Cable Pulley Machine,5,1,beginner,10,False,False,4,1,upper_back,exercises/men/Back/Cable Seated One Arm Alternate Row.mp4,,assets/posters/men/ea_cable_seated_one_arm_alternate_row.jpg,,,False,False,Back,False,True,True,1,1,NO_PURPOSE;NO_FEMALE_CLIP
ea_cable_seated_rear_lateral_raise,Cable Seated Rear Lateral Raise,Разведение рук в стороны сидя на блоке (на заднюю дельту),cable_machine,Cable machine,3,1,beginner,10,False,False,4,1,shoulder,exercises/men/Shoulders/Cable Seated rear lateral raise.mp4,,assets/posters/men/ea_cable_seated_rear_lateral_raise.jpg,,,False,False,Shoulders,False,True,True,1,1,NO_PURPOSE;NO_FEMALE_CLIP
ea_cable_seated_row,Cable Seated Row,Тяга сидя на блоке,cable_machine,Lat Pull Down Machine (Cable),6,1,beginner,10,False,False,4,1,upper_back,exercises/men/Back/Cable seated row.mp4,,assets/posters/men/ea_cable_seated_row.jpg,,,False,False,Back,False,True,True,1,1,NO_PURPOSE;NO_FEMALE_CLIP
ea_cable_seated_supine_grip_row,Cable Seated Supine Grip Row,Тяга сидя на блоке обратным хватом,cable_machine,Lat Pull Down Machine (Cable),6,1,beginner,10,False,False,4,1,upper_back,exercises/men/Back/Cable Seated Supine grip Row.mp4,,assets/posters/men/ea_cable_seated_supine_grip_row.jpg,,,False,False,Back,False,True,True,1,1,NO_PURPOSE;NO_FEMALE_CLIP
ea_cable_silverback_shrug,Cable Silverback Shrug,Шраги Silverback на блоке,cable_machine,Cable Pulley Machine,1,0,beginner,10,True,True,5,2,lower_back|upper_back,exercises/men/Back/Cable Silverback Shrug.mp4,exercises/girl/Back/Cable Silverback Shrug.mp4,assets/posters/men/ea_cable_silverback_shrug.jpg,assets/posters/girl/ea_cable_silverback_shrug.jpg,,False,False,Back,False,True,True,1,1,NO_PRIMARY_MUSCLES
ea_cable_single_arm_reverse_fly,Cable Single Arm Reverse Fly,Разведение рук в стороны одной рукой на блоке (на заднюю дельту),cable_machine,Cable Pulley Machine,1,0,beginner,10,True,True,5,2,shoulder|upper_back,,exercises/girl/Shoulders/Cable Single Arm Reverse Fly.mp4,,assets/posters/girl/ea_cable_single_arm_reverse_fly.jpg,,False,False,Shoulders,False,True,True,1,1,NO_PRIMARY_MUSCLES;NO_MALE_CLIP
ea_cable_single_leg_deadlift,Cable Single Leg Deadlift,Становая тяга на одной ноге на блоке,cable_machine,Cable Pulley Machine,4,2,beginner,10,False,False,4,2,hip|lower_back,exercises/men/Legs/Cable Single Leg Deadlift.mp4,exercises/girl/Legs/Cable Single Leg Deadlift.mp4,assets/posters/men/ea_cable_single_leg_deadlift.jpg,assets/posters/girl/ea_cable_single_leg_deadlift.jpg,,False,False,Legs,False,True,True,1,1,NO_PURPOSE
ea_cable_split_squat,Cable Split Squat,Сплит-присед на блоке,cable_machine,Cable Pulley Machine,3,2,beginner,10,False,False,4,3,ankle|hip|knee,exercises/men/Legs/Cable Split Squat.mp4,exercises/girl/Legs/Cable Split Squat.mp4,assets/posters/men/ea_cable_split_squat.jpg,assets/posters/girl/ea_cable_split_squat.jpg,,False,False,Legs,False,True,True,1,1,NO_PURPOSE
ea_cable_standing_crunch,Cable Standing Crunch,Скручивания стоя на блоке,cable_machine,Cable Pulley Machine,1,0,beginner,10,True,True,5,2,lower_back|neck,exercises/men/Abdominals/Cable Standing Crunch.mp4,exercises/girl/Abdominals/Cable Standing Crunch.mp4,assets/posters/men/ea_cable_standing_crunch.jpg,assets/posters/girl/ea_cable_standing_crunch.jpg,,False,False,Abdominals,False,True,True,1,1,NO_PRIMARY_MUSCLES
ea_cable_standing_leg_extension,Cable Standing Leg Extension,Разгибание ног стоя на блоке,cable_machine,Cable Pulley Machine,2,1,beginner,10,False,False,4,1,knee,,exercises/girl/Legs/Cable Standing Leg Extension.mp4,,assets/posters/girl/ea_cable_standing_leg_extension.jpg,,False,False,Legs,False,True,True,1,1,NO_PURPOSE;NO_MALE_CLIP
ea_cable_standing_up_straight_crossovers,Cable Standing Up Straight Crossovers,Кроссоверы стоя прямо на блоке,cable_machine,Dual Cable Pulley Machine,3,1,beginner,10,False,False,4,0,,exercises/men/Chest/Cable Standing Up Straight Crossovers.mp4,,assets/posters/men/ea_cable_standing_up_straight_crossovers.jpg,,,False,False,Chest,False,True,True,1,1,NO_CONTRAINDICATION_TAGS;NO_PURPOSE;NO_FEMALE_CLIP
ea_cable_straight_arm_pulldown,Cable Straight Arm Pulldown,Тяга прямыми руками на блоке,cable_machine,Lat Pull Down Machine (Cable),3,1,beginner,10,False,False,4,1,shoulder,exercises/men/Back/Cable Straight Arm Pulldown.mp4,,assets/posters/men/ea_cable_straight_arm_pulldown.jpg,,,False,False,Back,False,True,True,3,1,NO_PURPOSE;NO_FEMALE_CLIP;SHARED_SUMMARY
ea_cable_triceps_overhead_extension_ez_bar,Cable Triceps Overhead Extension (ez Bar),Разгибания на трицепс над головой с EZ-грифом на блоке,cable_machine,Cable Pulley Machine,2,1,beginner,10,False,False,4,2,elbow|shoulder,exercises/men/Triceps/cable triceps overhead extension (ez bar).mp4,,assets/posters/men/ea_cable_triceps_overhead_extension_ez_bar.jpg,,,False,False,Triceps,False,True,True,1,1,NO_PURPOSE;NO_FEMALE_CLIP
ea_cable_triceps_push_down_elbow_out_v_bar,Cable Triceps Push Down Elbow Out (v Bar),Разгибания на трицепс с V-грифом на блоке (локти в стороны),cable_machine,Cable Pulley Machine,2,1,beginner,10,False,False,4,1,elbow,exercises/men/Triceps/cable triceps push down elbow out (v bar).mp4,,assets/posters/men/ea_cable_triceps_push_down_elbow_out_v_bar.jpg,,,False,False,Triceps,False,True,True,1,1,NO_PURPOSE;NO_FEMALE_CLIP
ea_cable_triceps_push_down_ez_bar,Cable Triceps Push Down Ez Bar,Разгибания на трицепс с EZ-грифом на блоке,cable_machine,Cable Pulley Machine,2,1,beginner,10,False,False,4,1,elbow,exercises/men/Triceps/cable triceps push down ez bar.mp4,,assets/posters/men/ea_cable_triceps_push_down_ez_bar.jpg,,,False,False,Triceps,False,True,True,5,1,NO_PURPOSE;NO_FEMALE_CLIP;SHARED_SUMMARY
ea_cable_triceps_push_down_ez_bar_close_grip,Cable Triceps Push Down Ez Bar Close Grip,Разгибания на трицепс с EZ-грифом на блоке узким хватом,cable_machine,Cable Pulley Machine,2,1,beginner,10,False,False,4,1,elbow,exercises/men/Triceps/cable triceps push down ez bar close grip.mp4,,assets/posters/men/ea_cable_triceps_push_down_ez_bar_close_grip.jpg,,,False,False,Triceps,False,True,True,5,1,NO_PURPOSE;NO_FEMALE_CLIP;SHARED_SUMMARY
ea_cable_triceps_push_down_ez_bar_wide_grip,Cable Triceps Push Down Ez Bar Wide Grip,Разгибание рук на трицепс на блоке с EZ-грифом широким хватом,cable_machine,Cable Pulley Machine,2,1,beginner,10,False,False,4,1,elbow,exercises/men/Triceps/cable triceps push down ez bar wide grip.mp4,,assets/posters/men/ea_cable_triceps_push_down_ez_bar_wide_grip.jpg,,,False,False,Triceps,False,True,True,5,1,NO_PURPOSE;NO_FEMALE_CLIP;SHARED_SUMMARY
ea_cable_triceps_push_down_straight_bar,Cable Triceps Push Down Straight Bar,Разгибание рук на трицепс на блоке с прямым грифом,cable_machine,Cable Pulley Machine,2,1,beginner,10,False,False,4,1,elbow,exercises/men/Triceps/cable triceps push down straight bar.mp4,,assets/posters/men/ea_cable_triceps_push_down_straight_bar.jpg,,,False,False,Triceps,False,True,True,5,1,NO_PURPOSE;NO_FEMALE_CLIP;SHARED_SUMMARY
ea_cable_triceps_push_down_v_bar,Cable Triceps Push Down V Bar,Разгибание рук на трицепс на блоке с V-образным грифом,cable_machine,Cable Pulley Machine,2,1,beginner,10,False,False,4,1,elbow,exercises/men/Triceps/cable triceps push down v bar.mp4,,assets/posters/men/ea_cable_triceps_push_down_v_bar.jpg,,,False,False,Triceps,False,True,True,5,1,NO_PURPOSE;NO_FEMALE_CLIP;SHARED_SUMMARY
ea_cable_twin_handle_parallel_grip_lat_pulldown,Cable Twin Handle Parallel Grip Lat Pulldown,Тяга верхнего блока с двойными рукоятками параллельным хватом,cable_machine,Cable Pulley Machine,3,1,beginner,10,False,False,4,1,shoulder,exercises/men/Back/Cable Twin Handle Parallel Grip Lat Pulldown.mp4,,assets/posters/men/ea_cable_twin_handle_parallel_grip_lat_pulldown.jpg,,,False,False,Back,False,True,True,1,1,NO_PURPOSE;NO_FEMALE_CLIP
ea_cable_twist,Cable Twist,Повороты корпуса на блоке,cable_machine,Cable machine,2,1,beginner,10,False,False,4,0,,exercises/men/Abdominals/Cable Twist.mp4,,assets/posters/men/ea_cable_twist.jpg,,,False,False,Abdominals,False,True,True,1,1,NO_CONTRAINDICATION_TAGS;NO_PURPOSE;NO_FEMALE_CLIP
ea_cable_twist_up_down,Cable Twist (up-down),Повороты корпуса на блоке (вверх-вниз),cable_machine,Cable machine,2,1,beginner,10,False,False,4,0,,exercises/men/Abdominals/Cable twist (up-down).mp4,,assets/posters/men/ea_cable_twist_up_down.jpg,,,False,False,Abdominals,False,True,True,1,1,NO_CONTRAINDICATION_TAGS;NO_PURPOSE;NO_FEMALE_CLIP
ea_cable_twisting_biceps_curl,Cable Twisting Biceps Curl,Сгибание на бицепс на блоке с поворотом,cable_machine,Cable Pulley Machine,1,0,beginner,10,True,True,5,1,elbow,exercises/men/Biceps/Cable Twisting Biceps Curl.mp4,exercises/girl/Biceps/Cable Twisting Biceps Curl.mp4,assets/posters/men/ea_cable_twisting_biceps_curl.jpg,assets/posters/girl/ea_cable_twisting_biceps_curl.jpg,,False,False,Biceps,False,True,True,1,1,NO_PRIMARY_MUSCLES
ea_cable_twisting_overhead_press,Cable Twisting Overhead Press,Жим над головой на блоке с поворотом,cable_machine,Cable Pulley Machine,4,2,beginner,10,False,False,4,1,shoulder,exercises/men/Calisthenics-Cardio-Plyo-Functional/Cable twisting overhead press.mp4,,assets/posters/men/ea_cable_twisting_overhead_press.jpg,,,False,False,Calisthenics-Cardio-Plyo-Functional,False,True,True,1,1,NO_PURPOSE;NO_FEMALE_CLIP
ea_cable_twisting_pull,Cable Twisting Pull,Тяга на блоке с поворотом,cable_machine,Cable Pulley Machine,5,1,beginner,10,False,False,4,0,,exercises/men/Back/Cable Twisting Pull.mp4,,assets/posters/men/ea_cable_twisting_pull.jpg,,,False,False,Back,False,True,True,1,1,NO_CONTRAINDICATION_TAGS;NO_PURPOSE;NO_FEMALE_CLIP
ea_cable_underhand_pulldown_wide_grips,Cable Underhand Pulldown Wide Grips,Тяга верхнего блока обратным широким хватом,lat_pulldown,Cable Pulley Machine,4,2,beginner,10,False,False,4,2,shoulder|upper_back,exercises/men/Back/Cable Underhand Pulldown Wide Grips.mp4,,assets/posters/men/ea_cable_underhand_pulldown_wide_grips.jpg,,,False,False,Back,False,True,True,1,1,NO_PURPOSE;NO_FEMALE_CLIP
ea_cable_upper_chest_crossover,Cable Upper Chest Crossover,Кроссовер на верхний отдел груди на блоке,cable_machine,Dual Cable Pulley Machine,3,1,beginner,10,False,False,4,0,,exercises/men/Chest/Cable Upper Chest Crossover.mp4,,assets/posters/men/ea_cable_upper_chest_crossover.jpg,,,False,False,Chest,False,True,True,1,1,NO_CONTRAINDICATION_TAGS;NO_PURPOSE;NO_FEMALE_CLIP
ea_cable_upright_row_with_ez_bar,Cable Upright Row with EZ Bar,Тяга EZ-грифа к подбородку на блоке,cable_machine,Cable machine,2,1,beginner,10,False,False,4,3,neck|shoulder|upper_back,exercises/men/Shoulders/cable upright row with EZ bar.mp4,,assets/posters/men/ea_cable_upright_row_with_ez_bar.jpg,,,False,False,Shoulders,False,True,True,1,1,NO_PURPOSE;NO_FEMALE_CLIP
ea_cable_upright_row_with_straight_bar,Cable Upright Row with Straight Bar,Тяга прямого грифа к подбородку на блоке,cable_machine,Cable machine,4,2,beginner,10,False,False,4,3,neck|shoulder|upper_back,exercises/men/Shoulders/cable upright row with straight bar.mp4,,assets/posters/men/ea_cable_upright_row_with_straight_bar.jpg,,,False,False,Shoulders,False,True,True,1,1,NO_PURPOSE;NO_FEMALE_CLIP
ea_cable_wrist_curl,Cable Wrist Curl,Сгибание запястий на блоке,cable_machine,Cable Pulley Machine,2,1,beginner,10,False,False,4,2,elbow|wrist,exercises/men/Forearms/Cable Wrist Curl.mp4,,assets/posters/men/ea_cable_wrist_curl.jpg,,,False,False,Forearms,False,True,True,1,1,NO_PURPOSE;NO_FEMALE_CLIP
ea_cable_wrist_extension,Cable Wrist Extension,Разгибание запястий на блоке,cable_machine,Cable Pulley Machine,1,0,beginner,10,True,True,5,1,wrist,exercises/men/Forearms/Cable Wrist Extension.mp4,exercises/girl/Forearms/Cable Wrist Extension.mp4,assets/posters/men/ea_cable_wrist_extension.jpg,assets/posters/girl/ea_cable_wrist_extension.jpg,,False,False,Forearms,False,True,True,1,1,NO_PRIMARY_MUSCLES
ea_cable_y_raise,Cable Y Raise,Подъём рук в форме Y на блоке,cable_machine,Cable machine,2,1,beginner,10,False,False,4,1,shoulder,exercises/men/Shoulders/Cable Y raise.mp4,,assets/posters/men/ea_cable_y_raise.jpg,,,False,False,Shoulders,False,True,True,1,1,NO_PURPOSE;NO_FEMALE_CLIP
ea_calf_push_stretch_with_hands_against_wall_v_2,Calf Push Stretch with Hands Against Wall V.2,Растяжка икроножных мышц с упором рук в стену V.2,,Wall,0,0,beginner,10,True,True,5,1,ankle,exercises/men/Stretching - Mobility/Calf Push Stretch With Hands Against Wall V.2.mp4,,assets/posters/men/ea_calf_push_stretch_with_hands_against_wall_v_2.jpg,,,False,True,Stretching - Mobility,False,True,True,1,1,NO_EQUIPMENT_ID;NO_MUSCLES;NO_PRIMARY_MUSCLES;NO_FEMALE_CLIP
ea_calf_raise_clap,Calf Raise Clap,Подъёмы на носки с хлопком,,None,3,1,beginner,10,False,False,4,1,ankle,exercises/men/Legs/Calf Raise Clap.mp4,,assets/posters/men/ea_calf_raise_clap.jpg,,calf_raise,True,False,Legs,False,True,True,1,1,NO_EQUIPMENT_ID;NO_PURPOSE;NO_FEMALE_CLIP
ea_calf_raise_from_deficit_with_chair_supported,Calf Raise From Deficit with Chair Supported,Подъёмы на носки с дефицитом и опорой на стул,,None,2,1,beginner,10,False,False,4,1,ankle,exercises/men/Legs/Calf Raise from Deficit with Chair Supported.mp4,,assets/posters/men/ea_calf_raise_from_deficit_with_chair_supported.jpg,,calf_raise,True,False,Legs,False,True,True,1,1,NO_EQUIPMENT_ID;NO_PURPOSE;NO_FEMALE_CLIP
ea_calf_raise_leg_press_machine,Calf Raise Leg Press Machine,Подъёмы на носки в тренажере для жима ногами,leg_press,Leg press,3,1,beginner,10,False,False,4,3,ankle|hip|knee,exercises/men/Legs/Calf raise leg press machine.mp4,exercises/girl/Legs/Calf raise leg press machine.mp4,assets/posters/men/ea_calf_raise_leg_press_machine.jpg,assets/posters/girl/ea_calf_raise_leg_press_machine.jpg,,False,False,Legs,False,True,True,1,1,NO_PURPOSE
ea_calf_raise_on_hack_squat_machine,Calf Raise on Hack Squat Machine,Подъём на носки в машине для гакк-приседаний,hack_squat_machine,None (Bodyweight),3,1,beginner,10,False,False,4,3,ankle|hip|knee,exercises/men/Legs/Calf raise on hack squat machine.mp4,exercises/girl/Legs/Calf raise on hack squat machine.mp4,assets/posters/men/ea_calf_raise_on_hack_squat_machine.jpg,assets/posters/girl/ea_calf_raise_on_hack_squat_machine.jpg,,False,False,Legs,False,True,True,1,1,NO_PURPOSE
ea_calf_raise_with_wall_support,Calf Raise with Wall Support,Подъём на носки с опорой на стену,,None,2,1,beginner,10,False,False,4,1,ankle,exercises/men/Legs/Calf Raise with Wall Support.mp4,,assets/posters/men/ea_calf_raise_with_wall_support.jpg,,calf_raise,True,False,Legs,False,True,True,1,1,NO_EQUIPMENT_ID;NO_PURPOSE;NO_FEMALE_CLIP
ea_calf_stretch_with_hands_against_wall,Calf Stretch with Hands Against Wall,Растяжка икр с руками на стене,,Yoga Mat,1,1,beginner,10,False,False,4,1,ankle,exercises/men/Stretching - Mobility/Calf Stretch With Hands Against Wall.mp4,,assets/posters/men/ea_calf_stretch_with_hands_against_wall.jpg,,,False,True,Stretching - Mobility,False,True,True,1,1,NO_EQUIPMENT_ID;NO_PURPOSE;NO_FEMALE_CLIP
ea_calf_stretch_with_rope,Calf Stretch with Rope,Растяжка икр с верёвкой,resistance_bands,Yoga Mat,2,1,beginner,10,False,False,4,1,ankle,exercises/men/Stretching - Mobility/Calf Stretch with Rope.mp4,,assets/posters/men/ea_calf_stretch_with_rope.jpg,,,False,True,Stretching - Mobility,False,True,True,1,1,NO_PURPOSE;NO_FEMALE_CLIP
ea_calve_stretch_foot_on_wall,Calve Stretch Foot on Wall,"Растяжка икр, стопа на стене",,Wall,0,0,beginner,10,True,True,5,0,,exercises/men/Stretching - Mobility/Calve Stretch Foot On Wall.mp4,exercises/girl/Stretching - Mobility/Calve Stretch Foot On Wall.mp4,assets/posters/men/ea_calve_stretch_foot_on_wall.jpg,assets/posters/girl/ea_calve_stretch_foot_on_wall.jpg,,False,True,Stretching - Mobility,False,True,True,1,1,NO_EQUIPMENT_ID;NO_CONTRAINDICATION_TAGS;NO_MUSCLES;NO_PRIMARY_MUSCLES
ea_calve_stretch_from_wall_to_floor,Calve Stretch From Wall to Floor,Растяжка икр от стены к полу,,Wall,0,0,beginner,10,True,True,5,0,,exercises/men/Stretching - Mobility/Calve Stretch From Wall To Floor.mp4,exercises/girl/Stretching - Mobility/Calve Stretch From Wall To Floor.mp4,assets/posters/men/ea_calve_stretch_from_wall_to_floor.jpg,assets/posters/girl/ea_calve_stretch_from_wall_to_floor.jpg,,False,True,Stretching - Mobility,False,True,True,1,1,NO_EQUIPMENT_ID;NO_CONTRAINDICATION_TAGS;NO_MUSCLES;NO_PRIMARY_MUSCLES
ea_calves_stretch_on_stairs,Calves Stretch on Stairs,Растяжка икр на лестнице,,Yoga Mat,2,1,beginner,10,False,False,4,2,ankle|knee,exercises/men/Stretching - Mobility/Calves stretch on stairs.mp4,,assets/posters/men/ea_calves_stretch_on_stairs.jpg,,,False,True,Stretching - Mobility,False,True,True,1,1,NO_EQUIPMENT_ID;NO_PURPOSE;NO_FEMALE_CLIP
ea_calves_stretch_on_step,Calves Stretch on Step,Растяжка икр на ступеньке,plyo_box,Plyo Box,0,0,beginner,10,True,True,5,1,knee,exercises/men/Stretching - Mobility/Calves Stretch On Step.mp4,exercises/girl/Stretching - Mobility/Calves Stretch On Step.mp4,assets/posters/men/ea_calves_stretch_on_step.jpg,assets/posters/girl/ea_calves_stretch_on_step.jpg,,False,True,Stretching - Mobility,False,True,True,1,1,NO_MUSCLES;NO_PRIMARY_MUSCLES
ea_captains_chair_leg_raise,Captains Chair Leg Raise,Подъём ног в римском стуле,captains_chair,Captain's chair,3,1,beginner,10,False,False,4,0,,exercises/men/Abdominals/Captains chair leg raise.mp4,,assets/posters/men/ea_captains_chair_leg_raise.jpg,,,False,False,Abdominals,False,True,True,2,1,NO_CONTRAINDICATION_TAGS;NO_PURPOSE;NO_FEMALE_CLIP;SHARED_SUMMARY
ea_captains_chair_straight_leg_raise,Captains Chair Straight Leg Raise,Подъём прямых ног в римском стуле,captains_chair,Captain's chair,3,1,beginner,10,False,False,4,0,,exercises/men/Abdominals/Captains Chair Straight Leg Raise.mp4,,assets/posters/men/ea_captains_chair_straight_leg_raise.jpg,,,False,False,Abdominals,False,True,True,2,1,NO_CONTRAINDICATION_TAGS;NO_PURPOSE;NO_FEMALE_CLIP;SHARED_SUMMARY
ea_cardio_lunge,Cardio Lunge,Кардио-выпады,,None (Bodyweight),4,2,beginner,10,False,False,4,2,hip|knee,exercises/men/Calisthenics-Cardio-Plyo-Functional/Cardio Lunge.mp4,,assets/posters/men/ea_cardio_lunge.jpg,,lunge,True,False,Calisthenics-Cardio-Plyo-Functional,False,True,True,1,1,NO_EQUIPMENT_ID;NO_PURPOSE;NO_FEMALE_CLIP
ea_cat_pose,Cat Pose,Поза кошки,,None (Bodyweight),0,0,beginner,10,True,True,5,0,,exercises/men/Yoga/Cat Pose.mp4,exercises/girl/Yoga/Cat Pose.mp4,assets/posters/men/ea_cat_pose.jpg,assets/posters/girl/ea_cat_pose.jpg,,False,True,Yoga,False,True,True,1,1,NO_EQUIPMENT_ID;NO_CONTRAINDICATION_TAGS;NO_MUSCLES;NO_PRIMARY_MUSCLES
ea_cat_stretch,Cat Stretch,Растяжка кошки,,Yoga Mat,4,2,beginner,10,False,False,4,1,lower_back,exercises/men/Yoga/Cat Stretch.mp4,,assets/posters/men/ea_cat_stretch.jpg,,,False,True,Yoga,False,True,True,1,1,NO_EQUIPMENT_ID;NO_PURPOSE;NO_FEMALE_CLIP
ea_ceiling_look_stretch,Ceiling Look Stretch,Растяжка с взглядом в потолок,,Yoga Mat,3,2,beginner,10,False,False,4,1,lower_back,exercises/men/Stretching - Mobility/Ceiling Look Stretch.mp4,,assets/posters/men/ea_ceiling_look_stretch.jpg,,,False,True,Stretching - Mobility,False,True,True,1,1,NO_EQUIPMENT_ID;NO_PURPOSE;NO_FEMALE_CLIP
ea_celebratory_hip_thrust,Celebratory Hip Thrust,Праздничные толчки бёдрами,,None,4,2,beginner,10,False,False,4,1,hip,exercises/men/Calisthenics-Cardio-Plyo-Functional/Celebratory Hip Thrust.mp4,,assets/posters/men/ea_celebratory_hip_thrust.jpg,,hinge,True,False,Calisthenics-Cardio-Plyo-Functional,False,True,True,1,1,NO_EQUIPMENT_ID;NO_PURPOSE;NO_FEMALE_CLIP
ea_chair_back_lunge_left_resistance_band,Chair Back Lunge Left Resistance Band,"Выпады назад с левой ногой и резиновой лентой, прикреплённой к стулу",resistance_bands,Resistance Band,4,2,beginner,10,False,False,4,2,hip|knee,exercises/men/Legs/chair back lunge left resistance band.mp4,,assets/posters/men/ea_chair_back_lunge_left_resistance_band.jpg,,lunge,True,False,Legs,False,True,True,1,1,NO_PURPOSE;NO_FEMALE_CLIP
ea_chair_back_lunge_right_resistance_band,Chair Back Lunge Right Resistance Band,"Выпады назад с правой ногой и резиновой лентой, прикреплённой к стулу",resistance_bands,Resistance Band,4,2,beginner,10,False,False,4,2,hip|knee,exercises/men/Legs/chair back lunge right resistance band.mp4,,assets/posters/men/ea_chair_back_lunge_right_resistance_band.jpg,,lunge,True,False,Legs,False,True,True,1,1,NO_PURPOSE;NO_FEMALE_CLIP
ea_chair_bulgarian_split_squats_bodyweight_left,Chair Bulgarian Split Squats Bodyweight Left,"Болгарские сплит-приседания на одной ноге с опорой на стул, левая нога",,None (Bodyweight),4,2,beginner,10,False,False,4,3,ankle|hip|knee,exercises/men/Legs/Chair Bulgarian Split Squats bodyweight left.mp4,,assets/posters/men/ea_chair_bulgarian_split_squats_bodyweight_left.jpg,,lunge,True,False,Legs,False,True,True,1,1,NO_EQUIPMENT_ID;NO_PURPOSE;NO_FEMALE_CLIP
ea_chair_bulgarian_split_squats_bodyweight_right,Chair Bulgarian Split Squats Bodyweight Right,"Болгарские сплит-приседания на одной ноге с опорой на стул, правая нога",,None (Bodyweight),4,2,beginner,10,False,False,4,3,ankle|hip|knee,exercises/men/Legs/chair Bulgarian Split Squats bodyweight right.mp4,,assets/posters/men/ea_chair_bulgarian_split_squats_bodyweight_right.jpg,,lunge,True,False,Legs,False,True,True,1,1,NO_EQUIPMENT_ID;NO_PURPOSE;NO_FEMALE_CLIP
ea_chair_elevated_single_leg_glute_bridge,Chair Elevated Single Leg Glute Bridge,Ягодичный мост на одной ноге с возвышением на стуле,,chair,4,2,beginner,10,False,False,4,1,hip,exercises/men/Legs/Chair Elevated Single Leg Glute Bridge.mp4,,assets/posters/men/ea_chair_elevated_single_leg_glute_bridge.jpg,,hinge,True,False,Legs,False,True,True,1,1,NO_EQUIPMENT_ID;NO_PURPOSE;NO_FEMALE_CLIP
ea_chair_feet_elevated_glute_bridge,Chair Feet Elevated Glute Bridge,Ягодичный мост со стопами на стуле,,chair,4,2,beginner,10,False,False,4,1,hip,exercises/men/Legs/chair Feet Elevated Glute Bridge.mp4,,assets/posters/men/ea_chair_feet_elevated_glute_bridge.jpg,,hinge,True,False,Legs,False,True,True,1,1,NO_EQUIPMENT_ID;NO_PURPOSE;NO_FEMALE_CLIP
ea_chair_frog_feet_elevated_glute_bridge_bodyweight,Chair Frog Feet Elevated Glute Bridge Bodyweight,Ягодичный мост со стопами на стуле в позе лягушки (собственный вес),,chair,4,2,beginner,10,False,False,4,1,hip,exercises/men/Legs/chair Frog Feet Elevated Glute Bridge bodyweight.mp4,,assets/posters/men/ea_chair_frog_feet_elevated_glute_bridge_bodyweight.jpg,,hinge,True,False,Legs,False,True,True,1,1,NO_EQUIPMENT_ID;NO_PURPOSE;NO_FEMALE_CLIP
ea_chair_pose,Chair Pose,Поза стула,,None (Bodyweight),0,0,beginner,10,True,True,5,0,,exercises/men/Yoga/Chair Pose.mp4,exercises/girl/Yoga/Chair Pose.mp4,assets/posters/men/ea_chair_pose.jpg,assets/posters/girl/ea_chair_pose.jpg,,False,True,Yoga,False,True,True,1,1,NO_EQUIPMENT_ID;NO_CONTRAINDICATION_TAGS;NO_MUSCLES;NO_PRIMARY_MUSCLES
ea_chair_triceps_dips,Chair Triceps Dips,Обратные отжимания от стула на трицепс,,Chair,3,1,beginner,10,False,False,4,3,elbow|shoulder|wrist,exercises/men/Triceps/chair triceps dips.mp4,,assets/posters/men/ea_chair_triceps_dips.jpg,,,False,False,Triceps,False,True,True,1,1,NO_EQUIPMENT_ID;NO_PURPOSE;NO_FEMALE_CLIP
ea_chest_bench_press_correct_stance,Chest Bench Press Correct Stance,Жим лёжа: правильная позиция,bench_press,Weight bench,1,0,beginner,10,False,False,3,1,shoulder,exercises/men/Chest/Chest Bench Press Correct stance.mp4,,assets/posters/men/ea_chest_bench_press_correct_stance.jpg,,,False,False,Chest,False,True,True,1,1,NO_PRIMARY_MUSCLES;NO_PURPOSE;NO_FEMALE_CLIP
ea_chest_dip,Chest Dip,Отжимания на брусьях на грудь,dip_station,Chair,3,1,beginner,10,False,False,4,3,elbow|shoulder|wrist,exercises/men/Chest/chest dip.mp4,,assets/posters/men/ea_chest_dip.jpg,,,False,False,Chest,False,True,True,1,1,NO_PURPOSE;NO_FEMALE_CLIP
ea_chest_dip_on_dip_station,Chest Dip (on Dip Station),Отжимания на брусьях на грудь (на станции для отжиманий),dip_station,Dip stand,3,1,beginner,10,False,False,4,3,elbow|shoulder|wrist,exercises/men/Chest/Chest Dip (on dip station).mp4,,assets/posters/men/ea_chest_dip_on_dip_station.jpg,,,False,False,Chest,False,True,True,1,1,NO_PURPOSE;NO_FEMALE_CLIP
ea_chest_dip_machine,Chest Dip Machine,Жим на грудь в тренажёре для отжиманий,seated_dip_machine,Seated Dip Machine,3,1,beginner,10,False,False,4,3,elbow|shoulder|wrist,exercises/men/Chest/chest dip machine.mp4,,assets/posters/men/ea_chest_dip_machine.jpg,,,False,False,Chest,False,True,True,1,1,NO_PURPOSE;NO_FEMALE_CLIP
ea_chest_dip_on_bench,Chest Dip on Bench,Обратные отжимания от скамьи на грудь,adjustable_bench,Bench (flat / adjustable),3,1,beginner,10,False,False,4,3,elbow|shoulder|wrist,exercises/men/Chest/Chest Dip on Bench.mp4,,assets/posters/men/ea_chest_dip_on_bench.jpg,,,False,False,Chest,False,True,True,1,1,NO_PURPOSE;NO_FEMALE_CLIP
ea_chest_dip_weighted,Chest Dip Weighted,Отжимания на брусьях на грудь с отягощением,dip_station,Dip Pull Up Station,3,1,beginner,10,False,False,4,3,elbow|shoulder|wrist,exercises/men/Chest/chest dip weighted.mp4,,assets/posters/men/ea_chest_dip_weighted.jpg,,,False,False,Chest,False,True,True,2,1,NO_PURPOSE;NO_FEMALE_CLIP;SHARED_SUMMARY
ea_chest_dip_weighted_slow,Chest Dip Weighted Slow,Медленные отжимания на брусьях на грудь с отягощением,dip_station,Dip Pull Up Station,3,1,beginner,10,False,False,4,3,elbow|shoulder|wrist,exercises/men/Chest/chest dip weighted slow.mp4,,assets/posters/men/ea_chest_dip_weighted_slow.jpg,,,False,False,Chest,False,True,True,2,1,NO_PURPOSE;NO_FEMALE_CLIP;SHARED_SUMMARY
ea_chest_dip_with_pause_bodyweight,Chest Dip with Pause Bodyweight,Отжимания на брусьях на грудь с паузой (собственный вес),dip_station,Dip Pull Up Station,3,1,beginner,10,False,False,3,3,elbow|shoulder|wrist,exercises/men/Chest/chest dip with pause bodyweight.mp4,,assets/posters/men/ea_chest_dip_with_pause_bodyweight.jpg,,,False,False,Chest,False,True,True,1,1,NO_PURPOSE;NO_FEMALE_CLIP
ea_chest_fly_low_to_high_resistance_band,Chest Fly Low to High Resistance Band,Разведение рук на грудь снизу вверх с резиновой лентой,resistance_bands,Resistance Band,2,1,beginner,10,False,False,4,1,shoulder,exercises/men/Chest/chest fly low to high resistance band.mp4,,assets/posters/men/ea_chest_fly_low_to_high_resistance_band.jpg,,,False,False,Chest,False,True,True,1,1,NO_PURPOSE;NO_FEMALE_CLIP
ea_chest_fly_side_step,Chest Fly Side Step,Разведение рук на грудь с боковым шагом,,None,4,2,beginner,10,False,False,4,2,knee|shoulder,exercises/men/Calisthenics-Cardio-Plyo-Functional/Chest Fly Side Step.mp4,,assets/posters/men/ea_chest_fly_side_step.jpg,,,False,False,Calisthenics-Cardio-Plyo-Functional,False,True,True,1,1,NO_EQUIPMENT_ID;NO_PURPOSE;NO_FEMALE_CLIP
ea_chest_lift_with_rotation,Chest Lift with Rotation,Подъём корпуса с поворотом,,None,2,1,beginner,10,False,False,4,0,,exercises/men/Abdominals/chest lift with rotation.mp4,,assets/posters/men/ea_chest_lift_with_rotation.jpg,,,False,False,Abdominals,False,True,True,1,1,NO_EQUIPMENT_ID;NO_CONTRAINDICATION_TAGS;NO_PURPOSE;NO_FEMALE_CLIP
ea_chest_out_hands_behind_hold,Chest Out Hands Behind (hold),"Грудь вперёд, руки за спиной (удержание)",,None,3,2,beginner,10,False,False,4,0,,exercises/men/Stretching - Mobility/chest out hands behind (hold).mp4,,assets/posters/men/ea_chest_out_hands_behind_hold.jpg,,,False,True,Stretching - Mobility,False,True,True,1,1,NO_EQUIPMENT_ID;NO_CONTRAINDICATION_TAGS;NO_PURPOSE;NO_FEMALE_CLIP
ea_chest_press_front_resistance_band,Chest Press Front Resistance Band,Жим на грудь вперёд с резиновой лентой,resistance_bands,Resistance Band,3,1,beginner,10,False,False,4,1,shoulder,exercises/men/Chest/chest press front resistance band.mp4,,assets/posters/men/ea_chest_press_front_resistance_band.jpg,,,False,False,Chest,False,True,True,1,1,NO_PURPOSE;NO_FEMALE_CLIP
ea_chest_press_high_to_low_cable_resistance_band,Chest Press High to Low Cable Resistance Band,Жим на грудь сверху вниз с резиновой лентой,cable_machine,Resistance Band,3,1,beginner,10,False,False,4,1,shoulder,exercises/men/Chest/chest press high to low cable resistance band.mp4,,assets/posters/men/ea_chest_press_high_to_low_cable_resistance_band.jpg,,,False,False,Chest,False,True,True,1,1,NO_PURPOSE;NO_FEMALE_CLIP
ea_chest_press_low_to_high_resistance_band,Chest Press Low to High Resistance Band,Жим на грудь снизу вверх с резиновой лентой,resistance_bands,Resistance Band,3,1,beginner,10,False,False,4,1,shoulder,exercises/men/Chest/chest press low to high resistance band.mp4,,assets/posters/men/ea_chest_press_low_to_high_resistance_band.jpg,,,False,False,Chest,False,True,True,1,1,NO_PURPOSE;NO_FEMALE_CLIP
ea_chest_press_machine,Chest Press Machine,Жим на грудь в тренажёре,chest_press_machine,Machine,1,1,beginner,10,False,False,4,1,shoulder,exercises/men/Chest/Chest Press Machine.mp4,exercises/girl/Chest/Chest Press Machine.mp4,assets/posters/men/ea_chest_press_machine.jpg,assets/posters/girl/ea_chest_press_machine.jpg,,False,False,Chest,False,True,True,1,1,NO_PURPOSE
ea_chest_pull_back,Chest Pull Back,Отведение руки назад,,None,4,2,beginner,10,False,False,4,1,upper_back,exercises/men/Calisthenics-Cardio-Plyo-Functional/Chest Pull Back.mp4,,assets/posters/men/ea_chest_pull_back.jpg,,,False,False,Calisthenics-Cardio-Plyo-Functional,False,True,True,1,1,NO_EQUIPMENT_ID;NO_PURPOSE;NO_FEMALE_CLIP
ea_chest_raise_and_rotate,Chest Raise and Rotate,Подъём и вращение груди,,None,4,2,beginner,10,False,False,4,1,shoulder,exercises/men/Calisthenics-Cardio-Plyo-Functional/Chest raise and rotate.mp4,,assets/posters/men/ea_chest_raise_and_rotate.jpg,,,False,False,Calisthenics-Cardio-Plyo-Functional,False,True,True,1,1,NO_EQUIPMENT_ID;NO_PURPOSE;NO_FEMALE_CLIP
ea_chest_stretch_with_exercise_ball,Chest Stretch with Exercise Ball,Растяжка груди с фитболом,stability_ball,Exercise Ball,3,1,beginner,10,False,False,4,0,,exercises/men/Stretching - Mobility/chest stretch with exercise ball.mp4,,assets/posters/men/ea_chest_stretch_with_exercise_ball.jpg,,,False,True,Stretching - Mobility,False,True,True,1,1,NO_CONTRAINDICATION_TAGS;NO_PURPOSE;NO_FEMALE_CLIP
ea_chest_tap_push_up,Chest Tap Push Up,Отжимания с касанием груди,,None,4,3,beginner,10,False,False,4,3,elbow|shoulder|wrist,exercises/men/Chest/Chest Tap Push up.mp4,,assets/posters/men/ea_chest_tap_push_up.jpg,,pushup,True,False,Chest,False,True,True,2,1,NO_EQUIPMENT_ID;NO_PURPOSE;NO_FEMALE_CLIP;SHARED_SUMMARY
ea_child_pose_arms_extended_left_right,Child Pose Arms Extended Left Right,Поза ребенка с вытянутыми руками влево и вправо,,None (Bodyweight),0,0,beginner,10,True,True,5,0,,exercises/men/Yoga/Child Pose Arms Extended Left Right.mp4,exercises/girl/Yoga/Child Pose Arms Extended Left Right.mp4,assets/posters/men/ea_child_pose_arms_extended_left_right.jpg,assets/posters/girl/ea_child_pose_arms_extended_left_right.jpg,,False,True,Yoga,False,True,True,1,1,NO_EQUIPMENT_ID;NO_CONTRAINDICATION_TAGS;NO_MUSCLES;NO_PRIMARY_MUSCLES
ea_child_pose_arms_on_side,Child Pose Arms on Side,Поза ребенка с руками вдоль тела,,None (Bodyweight),0,0,beginner,10,True,True,5,0,,exercises/men/Yoga/Child Pose Arms On Side.mp4,exercises/girl/Yoga/Child Pose Arms On Side.mp4,assets/posters/men/ea_child_pose_arms_on_side.jpg,assets/posters/girl/ea_child_pose_arms_on_side.jpg,,False,True,Yoga,False,True,True,1,1,NO_EQUIPMENT_ID;NO_CONTRAINDICATION_TAGS;NO_MUSCLES;NO_PRIMARY_MUSCLES
ea_child_pose_elbows_on_block,Child Pose Elbows on Block,Поза ребенка с локтями на блоке,yoga_blocks,Yoga Block,0,0,beginner,10,True,True,5,0,,exercises/men/Yoga/Child Pose Elbows On Block.mp4,exercises/girl/Yoga/Child Pose Elbows On Block.mp4,assets/posters/men/ea_child_pose_elbows_on_block.jpg,assets/posters/girl/ea_child_pose_elbows_on_block.jpg,,False,True,Yoga,False,True,True,1,1,NO_CONTRAINDICATION_TAGS;NO_MUSCLES;NO_PRIMARY_MUSCLES
ea_child_pose_lower_back_stretch,Child Pose Lower Back Stretch,Поза ребенка для растяжки поясницы,,None (Bodyweight),0,0,beginner,10,True,True,5,0,,exercises/men/Stretching - Mobility/Child Pose Lower back Stretch.mp4,exercises/girl/Stretching - Mobility/Child Pose Lower back Stretch.mp4,assets/posters/men/ea_child_pose_lower_back_stretch.jpg,assets/posters/girl/ea_child_pose_lower_back_stretch.jpg,,False,True,Stretching - Mobility,False,True,True,1,1,NO_EQUIPMENT_ID;NO_CONTRAINDICATION_TAGS;NO_MUSCLES;NO_PRIMARY_MUSCLES
ea_child_pose_up,Child Pose Up,Поза ребенка вверх,,None,3,1,beginner,10,False,False,4,1,lower_back,exercises/men/Yoga/child pose up.mp4,,assets/posters/men/ea_child_pose_up.jpg,,,False,True,Yoga,False,True,True,1,1,NO_EQUIPMENT_ID;NO_PURPOSE;NO_FEMALE_CLIP
ea_chin_up,Chin Up,Подтягивание обратным хватом,pullup_bar,Pull Up Bar,4,2,beginner,10,False,False,4,2,elbow|shoulder,exercises/men/Back/chin up.mp4,,assets/posters/men/ea_chin_up.jpg,,,False,False,Back,False,True,True,3,2,NO_PURPOSE;NO_FEMALE_CLIP;SHARED_SUMMARY;SHARED_STEPS
ea_chin_up_reverse_close_grip,Chin Up Reverse Close Grip,Подтягивание обратным узким хватом,pullup_bar,Pull Up Bar,4,2,beginner,10,False,False,3,2,elbow|shoulder,exercises/men/Back/chin up reverse close grip.mp4,,assets/posters/men/ea_chin_up_reverse_close_grip.jpg,,,False,False,Back,False,True,True,1,1,NO_PURPOSE;NO_FEMALE_CLIP
ea_chin_up_reverse_normal_grip,Chin Up Reverse Normal Grip,Подтягивание обратным обычным хватом,pullup_bar,Pull Up Bar,4,2,beginner,10,False,False,4,2,elbow|shoulder,exercises/men/Back/chin up reverse normal grip.mp4,,assets/posters/men/ea_chin_up_reverse_normal_grip.jpg,,,False,False,Back,False,True,True,3,2,NO_PURPOSE;NO_FEMALE_CLIP;SHARED_SUMMARY;SHARED_STEPS
ea_chin_up_reverse_wide_grip,Chin Up Reverse Wide Grip,Подтягивание обратным широким хватом,pullup_bar,Pull Up Bar,4,2,beginner,10,False,False,4,2,elbow|shoulder,exercises/men/Back/chin up reverse wide grip.mp4,,assets/posters/men/ea_chin_up_reverse_wide_grip.jpg,,,False,False,Back,False,True,True,1,1,NO_PURPOSE;NO_FEMALE_CLIP
ea_chin_ups_narrow_parallel_grip,Chin Ups (narrow Parallel Grip),Подтягивания узким параллельным хватом,pullup_bar,Pull Up Bar,4,2,beginner,10,False,False,3,2,elbow|shoulder,exercises/men/Back/Chin ups (narrow parallel grip).mp4,,assets/posters/men/ea_chin_ups_narrow_parallel_grip.jpg,,,False,False,Back,False,True,True,1,1,NO_PURPOSE;NO_FEMALE_CLIP
ea_chin_up_isometric_and_negative,Chin-up (isometric and Negative),Подтягивание обратным хватом (изометрическое и негативное),pullup_bar,Pull Up Bar,4,2,beginner,10,False,False,4,2,elbow|shoulder,exercises/men/Back/Chin-up (isometric and negative).mp4,,assets/posters/men/ea_chin_up_isometric_and_negative.jpg,,,False,False,Back,False,True,True,3,1,NO_PURPOSE;NO_FEMALE_CLIP;SHARED_SUMMARY
ea_circle_elbow_arm,Circle Elbow Arm,Круговые движения локтями,,None,4,2,beginner,10,False,False,4,1,upper_back,exercises/men/Calisthenics-Cardio-Plyo-Functional/Circle Elbow Arm.mp4,,assets/posters/men/ea_circle_elbow_arm.jpg,,,False,False,Calisthenics-Cardio-Plyo-Functional,False,True,True,1,1,NO_EQUIPMENT_ID;NO_PURPOSE;NO_FEMALE_CLIP
ea_circles_knee_stretch,Circles Knee Stretch,Круговая растяжка коленей,,Yoga Mat,4,2,beginner,10,False,False,4,0,,exercises/men/Stretching - Mobility/circles knee stretch.mp4,,assets/posters/men/ea_circles_knee_stretch.jpg,,,False,True,Stretching - Mobility,False,True,True,1,1,NO_EQUIPMENT_ID;NO_CONTRAINDICATION_TAGS;NO_PURPOSE;NO_FEMALE_CLIP
ea_clamshell,Clamshell,Ракушка,,None,1,1,beginner,10,False,False,4,1,hip,exercises/men/Legs/Clamshell.mp4,exercises/girl/Legs/Clamshell.mp4,assets/posters/men/ea_clamshell.jpg,assets/posters/girl/ea_clamshell.jpg,,False,False,Legs,False,True,True,1,1,NO_EQUIPMENT_ID;NO_PURPOSE
ea_clap_curtsy_squat,Clap Curtsy Squat,Приседание-реверанс с хлопком,,None (Bodyweight),4,3,beginner,10,False,False,4,3,ankle|hip|knee,exercises/men/Legs/Clap Curtsy Squat.mp4,,assets/posters/men/ea_clap_curtsy_squat.jpg,,,False,False,Legs,False,True,True,1,1,NO_EQUIPMENT_ID;NO_PURPOSE;NO_FEMALE_CLIP
ea_clap_jack,Clap Jack,Прыжки с хлопком,,None,5,3,beginner,10,False,False,4,2,ankle|knee,exercises/men/Calisthenics-Cardio-Plyo-Functional/Clap Jack.mp4,,assets/posters/men/ea_clap_jack.jpg,,,False,False,Calisthenics-Cardio-Plyo-Functional,False,True,True,1,1,NO_EQUIPMENT_ID;NO_PURPOSE;NO_FEMALE_CLIP
ea_clap_push_ups,Clap Push Ups,Отжимания с хлопком,,None,4,3,beginner,10,False,False,4,3,elbow|shoulder|wrist,exercises/men/Chest/clap push ups.mp4,,assets/posters/men/ea_clap_push_ups.jpg,,pushup,True,False,Chest,False,True,True,2,1,NO_EQUIPMENT_ID;NO_PURPOSE;NO_FEMALE_CLIP;SHARED_SUMMARY
ea_climber_a_padded_stool_supported,Climber a Padded Stool Supported,Подъем на мягкую скамью,,None,3,1,beginner,10,False,False,4,0,,exercises/men/Chest/Climber a padded stool Supported.mp4,,assets/posters/men/ea_climber_a_padded_stool_supported.jpg,,,False,False,Chest,False,True,True,1,1,NO_EQUIPMENT_ID;NO_CONTRAINDICATION_TAGS;NO_PURPOSE;NO_FEMALE_CLIP
ea_clock_push_ups,Clock Push Ups,Отжимания по кругу,,None,4,2,beginner,10,False,False,4,3,elbow|shoulder|wrist,exercises/men/Chest/Clock push ups.mp4,,assets/posters/men/ea_clock_push_ups.jpg,,pushup,True,False,Chest,False,True,True,2,1,NO_EQUIPMENT_ID;NO_PURPOSE;NO_FEMALE_CLIP;SHARED_SUMMARY
ea_close_grip_barbell_bench_press,Close Grip Barbell Bench Press,Жим штанги лёжа узким хватом,bench_press,Barbell,3,2,beginner,10,False,False,4,2,elbow|shoulder,exercises/men/Triceps/close grip barbell bench press.mp4,,assets/posters/men/ea_close_grip_barbell_bench_press.jpg,,,False,False,Chest,False,True,True,1,1,NO_PURPOSE;NO_FEMALE_CLIP
ea_close_grip_push_up,Close Grip Push Up,Отжимания узким хватом,,none,3,2,beginner,10,False,False,4,3,elbow|shoulder|wrist,exercises/men/Chest/Close Grip Push up.mp4,,assets/posters/men/ea_close_grip_push_up.jpg,,pushup,True,False,Chest,False,True,True,1,1,NO_EQUIPMENT_ID;NO_PURPOSE;NO_FEMALE_CLIP
ea_cluster,Cluster,Кластер,barbell,Barbell,6,2,beginner,10,False,False,4,0,,exercises/men/Powerlifting/cluster.mp4,,assets/posters/men/ea_cluster.jpg,,,False,False,Powerlifting,False,True,True,1,1,NO_CONTRAINDICATION_TAGS;NO_PURPOSE;NO_FEMALE_CLIP
ea_cobra_full_push_up,Cobra Full Push Up,Полное отжимание «Кобра»,,None,5,3,beginner,10,False,False,4,5,elbow|lower_back|shoulder|upper_back|wrist,exercises/men/Yoga/Cobra Full Push up.mp4,,assets/posters/men/ea_cobra_full_push_up.jpg,,pushup,True,True,Yoga,False,True,True,1,1,NO_EQUIPMENT_ID;NO_PURPOSE;NO_FEMALE_CLIP
ea_cobra_push_up,Cobra Push Up,Отжимание «Кобра»,,None,5,3,beginner,10,False,False,4,5,elbow|lower_back|shoulder|upper_back|wrist,exercises/men/Yoga/cobra push up.mp4,,assets/posters/men/ea_cobra_push_up.jpg,,pushup,True,True,Yoga,False,True,True,1,1,NO_EQUIPMENT_ID;NO_PURPOSE;NO_FEMALE_CLIP
ea_cobra_side_ab_stretch,Cobra Side Ab Stretch,Растяжка боковых мышц живота в позе кобры,,Yoga Mat,5,3,beginner,10,False,False,4,2,lower_back|upper_back,exercises/men/Yoga/Cobra Side Ab Stretch.mp4,,assets/posters/men/ea_cobra_side_ab_stretch.jpg,,,False,True,Yoga,False,True,True,2,1,NO_EQUIPMENT_ID;NO_PURPOSE;NO_FEMALE_CLIP;SHARED_SUMMARY
ea_cobra_stretch,Cobra Stretch,Растяжка «Кобра»,,None (Bodyweight),0,0,beginner,10,True,True,5,2,lower_back|upper_back,exercises/men/Stretching - Mobility/Cobra Stretch.mp4,exercises/girl/Stretching - Mobility/Cobra Stretch.mp4,assets/posters/men/ea_cobra_stretch.jpg,assets/posters/girl/ea_cobra_stretch.jpg,,False,True,Stretching - Mobility,False,True,True,1,1,NO_EQUIPMENT_ID;NO_MUSCLES;NO_PRIMARY_MUSCLES
ea_cobra_yoga_pose_hold,Cobra Yoga Pose Hold,Удержание позы йоги «Кобра»,,None (Bodyweight),5,3,beginner,10,False,False,3,2,lower_back|upper_back,exercises/men/Yoga/cobra yoga pose hold.mp4,,assets/posters/men/ea_cobra_yoga_pose_hold.jpg,,,False,True,Yoga,False,True,True,2,1,NO_EQUIPMENT_ID;NO_PURPOSE;NO_FEMALE_CLIP;SHARED_SUMMARY
ea_cocoons,Cocoons,Коконы,,None,2,1,beginner,10,False,False,4,0,,exercises/men/Stretching - Mobility/cocoons.mp4,,assets/posters/men/ea_cocoons.jpg,,,False,True,Stretching - Mobility,False,True,True,1,1,NO_EQUIPMENT_ID;NO_CONTRAINDICATION_TAGS;NO_PURPOSE;NO_FEMALE_CLIP
ea_commando_pull_up,Commando Pull-up,Подтягивания коммандос,squat_rack,Pull Up Bar,4,2,beginner,10,False,False,4,2,elbow|shoulder,exercises/men/Back/Commando Pull-up.mp4,,assets/posters/men/ea_commando_pull_up.jpg,,,False,False,Back,False,True,True,1,1,NO_PURPOSE;NO_FEMALE_CLIP
ea_concentration_curls_dumbbell,Concentration Curls Dumbbell,Сгибания на бицепс с гантелью в концентрации,bench_press,Dumbbells,2,1,beginner,10,False,False,4,1,elbow,exercises/men/Biceps/concentration curls dumbbell.mp4,,assets/posters/men/ea_concentration_curls_dumbbell.jpg,,,False,False,Biceps,False,True,True,1,1,NO_PURPOSE;NO_FEMALE_CLIP
ea_control_balance,Control Balance,Контроль баланса,,None,3,2,beginner,10,False,False,4,1,lower_back,exercises/men/Calisthenics-Cardio-Plyo-Functional/Control Balance.mp4,,assets/posters/men/ea_control_balance.jpg,,,False,False,Calisthenics-Cardio-Plyo-Functional,False,True,True,1,1,NO_EQUIPMENT_ID;NO_PURPOSE;NO_FEMALE_CLIP
ea_copenhagen_plank,Copenhagen Plank,Копенгагенская планка,bench_press,Bench,1,0,beginner,10,True,True,5,2,elbow|wrist,exercises/men/Abdominals/Copenhagen plank.mp4,exercises/girl/Abdominals/Copenhagen Plank.mp4,assets/posters/men/ea_copenhagen_plank.jpg,assets/posters/girl/ea_copenhagen_plank.jpg,,False,False,Abdominals,False,True,True,1,1,NO_PRIMARY_MUSCLES
ea_corner_touch,Corner Touch,Касание угла,,None,4,3,beginner,10,False,False,3,0,,exercises/men/Calisthenics-Cardio-Plyo-Functional/Corner Touch.mp4,,assets/posters/men/ea_corner_touch.jpg,,,False,False,Calisthenics-Cardio-Plyo-Functional,False,True,True,1,1,NO_EQUIPMENT_ID;NO_CONTRAINDICATION_TAGS;NO_PURPOSE;NO_FEMALE_CLIP
ea_corner_wall_chest_stretch,Corner Wall Chest Stretch,Растяжка груди в углу стены,,None,4,1,beginner,10,False,False,4,0,,exercises/men/Stretching - Mobility/Corner Wall Chest Stretch.mp4,,assets/posters/men/ea_corner_wall_chest_stretch.jpg,,,False,True,Stretching - Mobility,False,True,True,1,1,NO_EQUIPMENT_ID;NO_CONTRAINDICATION_TAGS;NO_PURPOSE;NO_FEMALE_CLIP
ea_cossack_squat,Cossack Squat,Казачий присед,,None (Bodyweight),5,3,beginner,10,False,False,3,3,ankle|hip|knee,exercises/men/Legs/Cossack Squat.mp4,,assets/posters/men/ea_cossack_squat.jpg,,,False,False,Legs,False,True,True,1,1,NO_EQUIPMENT_ID;NO_PURPOSE;NO_FEMALE_CLIP
ea_counterbalanced_skater_squat,Counterbalanced Skater Squat,Присед конькобежца с противовесом,,None (Bodyweight),5,3,beginner,10,False,False,3,3,ankle|hip|knee,exercises/men/Legs/Counterbalanced Skater Squat.mp4,,assets/posters/men/ea_counterbalanced_skater_squat.jpg,,,False,False,Legs,False,True,True,1,1,NO_EQUIPMENT_ID;NO_PURPOSE;NO_FEMALE_CLIP
ea_crab_pose,Crab Pose,Поза краба,,None,4,3,beginner,10,False,False,4,1,wrist,exercises/men/Yoga/Crab Pose.mp4,,assets/posters/men/ea_crab_pose.jpg,,,False,True,Yoga,False,True,True,2,1,NO_EQUIPMENT_ID;NO_PURPOSE;NO_FEMALE_CLIP;SHARED_SUMMARY
ea_crab_twist_toe_touch,Crab Twist Toe Touch,Скручивание краба с касанием носка,,None,4,3,beginner,10,False,False,4,2,lower_back|wrist,exercises/men/Abdominals/Crab Twist Toe Touch.mp4,,assets/posters/men/ea_crab_twist_toe_touch.jpg,,,False,False,Abdominals,False,True,True,2,1,NO_EQUIPMENT_ID;NO_PURPOSE;NO_FEMALE_CLIP;SHARED_SUMMARY
ea_crawl_with_sled_drag,Crawl with Sled Drag,Ползание с тягой саней,weight_plates,Sled,0,0,beginner,10,True,True,5,0,,exercises/men/Calisthenics-Cardio-Plyo-Functional/Crawl With Sled Drag.mp4,exercises/girl/Calisthenics-Cardio-Plyo-Functional/Crawl With Sled Drag.mp4,assets/posters/men/ea_crawl_with_sled_drag.jpg,assets/posters/girl/ea_crawl_with_sled_drag.jpg,,False,False,Calisthenics-Cardio-Plyo-Functional,False,True,True,1,1,NO_CONTRAINDICATION_TAGS;NO_MUSCLES;NO_PRIMARY_MUSCLES
ea_crescent_moon_pose,Crescent Moon Pose,Поза полумесяца,,None (Bodyweight),0,0,beginner,10,True,True,5,0,,exercises/men/Yoga/Crescent Moon Pose.mp4,exercises/girl/Yoga/Crescent Moon Pose.mp4,assets/posters/men/ea_crescent_moon_pose.jpg,assets/posters/girl/ea_crescent_moon_pose.jpg,,False,True,Yoga,False,True,True,1,1,NO_EQUIPMENT_ID;NO_CONTRAINDICATION_TAGS;NO_MUSCLES;NO_PRIMARY_MUSCLES
ea_crescent_moon_pose_quad_stretch,Crescent Moon Pose Quad Stretch,Растяжка квадрицепса в позе полумесяца,,None (Bodyweight),0,0,beginner,10,True,True,5,0,,exercises/men/Stretching - Mobility/Crescent Moon Pose Quad Stretch.mp4,,assets/posters/men/ea_crescent_moon_pose_quad_stretch.jpg,,,False,True,Stretching - Mobility,False,True,True,1,1,NO_EQUIPMENT_ID;NO_CONTRAINDICATION_TAGS;NO_MUSCLES;NO_PRIMARY_MUSCLES;NO_FEMALE_CLIP
ea_crescent_moon_pose_quad_stretch_with_block,Crescent Moon Pose Quad Stretch with Block,Растяжка квадрицепса в позе полумесяца с блоком,yoga_blocks,Yoga Block,0,0,beginner,10,True,True,5,0,,exercises/men/Stretching - Mobility/Crescent Moon Pose Quad Stretch With Block.mp4,exercises/girl/Stretching - Mobility/Crescent Moon Pose Quad Stretch With Block.mp4,assets/posters/men/ea_crescent_moon_pose_quad_stretch_with_block.jpg,assets/posters/girl/ea_crescent_moon_pose_quad_stretch_with_block.jpg,,False,True,Stretching - Mobility,False,True,True,1,1,NO_CONTRAINDICATION_TAGS;NO_MUSCLES;NO_PRIMARY_MUSCLES
ea_criss_cross_arms_lift,Criss Cross Arms Lift,Подъём рук с перекрещиванием,,None,2,2,beginner,10,False,False,4,1,upper_back,exercises/men/Calisthenics-Cardio-Plyo-Functional/Criss Cross Arms Lift.mp4,,assets/posters/men/ea_criss_cross_arms_lift.jpg,,,False,False,Calisthenics-Cardio-Plyo-Functional,False,True,True,1,1,NO_EQUIPMENT_ID;NO_PURPOSE;NO_FEMALE_CLIP
ea_criss_cross_bow_tie_pose,Criss Cross Bow Tie Pose,Поза «бабочка»: руки скрещены за спиной,,None (Bodyweight),0,0,beginner,10,True,True,5,0,,exercises/men/Yoga/Criss Cross Bow Tie Pose.mp4,exercises/girl/Yoga/Criss Cross Bow Tie Pose.mp4,assets/posters/men/ea_criss_cross_bow_tie_pose.jpg,assets/posters/girl/ea_criss_cross_bow_tie_pose.jpg,,False,True,Yoga,False,True,True,1,1,NO_EQUIPMENT_ID;NO_CONTRAINDICATION_TAGS;NO_MUSCLES;NO_PRIMARY_MUSCLES
ea_criss_cross_elbow_to_knee,Criss Cross Elbow to Knee,Перекрёстное касание локтем колена,,None,4,2,beginner,10,False,False,4,1,lower_back,exercises/men/Calisthenics-Cardio-Plyo-Functional/Criss Cross Elbow To Knee.mp4,,assets/posters/men/ea_criss_cross_elbow_to_knee.jpg,,,False,False,Calisthenics-Cardio-Plyo-Functional,False,True,True,1,1,NO_EQUIPMENT_ID;NO_PURPOSE;NO_FEMALE_CLIP
ea_criss_cross_jack,Criss Cross Jack,Перекрёстный джек,,None,5,3,beginner,10,False,False,4,3,ankle|knee|lower_back,exercises/men/Calisthenics-Cardio-Plyo-Functional/criss cross jack.mp4,,assets/posters/men/ea_criss_cross_jack.jpg,,,False,False,Calisthenics-Cardio-Plyo-Functional,False,True,True,1,1,NO_EQUIPMENT_ID;NO_PURPOSE;NO_FEMALE_CLIP
ea_criss_cross_jump,Criss Cross Jump,Перекрёстный прыжок,,None,5,3,beginner,10,False,False,4,3,ankle|knee|lower_back,exercises/men/Calisthenics-Cardio-Plyo-Functional/criss cross jump.mp4,,assets/posters/men/ea_criss_cross_jump.jpg,,,False,False,Calisthenics-Cardio-Plyo-Functional,False,True,True,1,1,NO_EQUIPMENT_ID;NO_PURPOSE;NO_FEMALE_CLIP
ea_criss_cross_leg_raises,Criss Cross Leg Raises,Подъёмы ног с перекрещиванием,,None,3,2,beginner,10,False,False,4,1,lower_back,exercises/men/Abdominals/Criss Cross Leg Raises.mp4,,assets/posters/men/ea_criss_cross_leg_raises.jpg,,,False,False,Abdominals,False,True,True,1,1,NO_EQUIPMENT_ID;NO_PURPOSE;NO_FEMALE_CLIP
ea_cross_body_elbow_pull_shoulder_stretch,Cross Body Elbow Pull Shoulder Stretch,Растяжка плеча с притягиванием локтя через тело,,None (Bodyweight),0,0,beginner,10,True,True,5,0,,exercises/men/Stretching - Mobility/Cross Body Elbow Pull Shoulder Stretch.mp4,exercises/girl/Stretching - Mobility/Cross Body Elbow Pull Shoulder Stretch.mp4,assets/posters/men/ea_cross_body_elbow_pull_shoulder_stretch.jpg,assets/posters/girl/ea_cross_body_elbow_pull_shoulder_stretch.jpg,,False,True,Stretching - Mobility,False,True,True,1,1,NO_EQUIPMENT_ID;NO_CONTRAINDICATION_TAGS;NO_MUSCLES;NO_PRIMARY_MUSCLES
ea_cross_body_shoulder_stretch,Cross Body Shoulder Stretch,Растяжка плеча через тело,,None (Bodyweight),0,0,beginner,10,True,True,5,0,,exercises/men/Stretching - Mobility/Cross Body Shoulder Stretch.mp4,exercises/girl/Stretching - Mobility/Cross Body Shoulder Stretch.mp4,assets/posters/men/ea_cross_body_shoulder_stretch.jpg,assets/posters/girl/ea_cross_body_shoulder_stretch.jpg,,False,True,Stretching - Mobility,False,True,True,1,1,NO_EQUIPMENT_ID;NO_CONTRAINDICATION_TAGS;NO_MUSCLES;NO_PRIMARY_MUSCLES
ea_cross_over_shoulder_stretch,Cross Over Shoulder Stretch,Перекрёстная растяжка плеча,,Yoga Mat,3,2,beginner,10,False,False,4,1,upper_back,exercises/men/Shoulders/cross over shoulder stretch.mp4,,assets/posters/men/ea_cross_over_shoulder_stretch.jpg,,,False,False,Shoulders,False,True,True,1,1,NO_EQUIPMENT_ID;NO_PURPOSE;NO_FEMALE_CLIP
ea_crossed_arms_front_leg_kick,Crossed Arms Front Leg Kick,Удары ногой вперёд со скрещенными руками,,None,3,2,beginner,10,False,False,4,1,lower_back,exercises/men/Legs/Crossed Arms Front Leg Kick.mp4,,assets/posters/men/ea_crossed_arms_front_leg_kick.jpg,,,False,False,Legs,False,True,True,1,1,NO_EQUIPMENT_ID;NO_PURPOSE;NO_FEMALE_CLIP
ea_crossover_kneeling_hip_flexor_stretch,Crossover Kneeling Hip Flexor Stretch,Перекрёстная растяжка сгибателей бедра на коленях,,Yoga Mat,4,2,beginner,10,False,False,4,2,knee|lower_back,exercises/men/Stretching - Mobility/Crossover Kneeling Hip Flexor Stretch.mp4,,assets/posters/men/ea_crossover_kneeling_hip_flexor_stretch.jpg,,,False,True,Stretching - Mobility,False,True,True,1,1,NO_EQUIPMENT_ID;NO_PURPOSE;NO_FEMALE_CLIP
ea_crouching_heel_back_calf_stretch,Crouching Heel Back Calf Stretch,Растяжка икроножных мышц с приседанием и отведением пятки назад,,Yoga Mat,4,1,beginner,10,False,False,4,1,ankle,exercises/men/Stretching - Mobility/Crouching Heel Back Calf Stretch.mp4,,assets/posters/men/ea_crouching_heel_back_calf_stretch.jpg,,,False,True,Stretching - Mobility,False,True,True,1,1,NO_EQUIPMENT_ID;NO_PURPOSE;NO_FEMALE_CLIP
ea_crow_pose,Crow Pose,Поза ворона,,None (Bodyweight),0,0,advanced,10,True,True,5,2,shoulder|wrist,exercises/men/Yoga/Crow Pose.mp4,exercises/girl/Yoga/Crow Pose.mp4,assets/posters/men/ea_crow_pose.jpg,assets/posters/girl/ea_crow_pose.jpg,,False,True,Yoga,False,True,True,1,1,NO_EQUIPMENT_ID;NO_MUSCLES;NO_PRIMARY_MUSCLES
ea_crunch_arms_straight,Crunch (arms Straight),Скручивание (руки прямо),,None,2,1,beginner,10,False,False,4,2,lower_back|neck,exercises/men/Abdominals/Crunch (arms straight).mp4,,assets/posters/men/ea_crunch_arms_straight.jpg,,situp,True,False,Abdominals,False,True,True,3,1,NO_EQUIPMENT_ID;NO_PURPOSE;NO_FEMALE_CLIP;SHARED_SUMMARY
ea_crunch_hands_overhead,Crunch (hands Overhead),Скручивание (руки над головой),,None,2,1,beginner,10,False,False,4,3,lower_back|neck|shoulder,exercises/men/Abdominals/Crunch (hands overhead).mp4,,assets/posters/men/ea_crunch_hands_overhead.jpg,,situp,True,False,Abdominals,False,True,True,3,1,NO_EQUIPMENT_ID;NO_PURPOSE;NO_FEMALE_CLIP;SHARED_SUMMARY
ea_crunch_legs_on_stability_ball,Crunch (legs on Stability Ball),Скручивания (ноги на фитболе),stability_ball,Stability ball,1,1,beginner,10,False,False,4,2,lower_back|neck,exercises/men/Abdominals/Crunch (legs on stability ball).mp4,,assets/posters/men/ea_crunch_legs_on_stability_ball.jpg,,situp,True,False,Abdominals,False,True,True,1,1,NO_PURPOSE;NO_FEMALE_CLIP
ea_crunch_on_bosu_ball,Crunch (on Bosu Ball),Скручивания (на BOSU),bosu_ball,Bosu ball,2,1,beginner,10,False,False,4,2,lower_back|neck,exercises/men/Abdominals/Crunch (on bosu ball).mp4,,assets/posters/men/ea_crunch_on_bosu_ball.jpg,,situp,True,False,Abdominals,False,True,True,1,1,NO_PURPOSE;NO_FEMALE_CLIP
ea_crunch_on_stability_ball,Crunch (on Stability Ball),Скручивания (на фитболе),stability_ball,Stability ball,2,1,beginner,10,False,False,4,2,lower_back|neck,exercises/men/Abdominals/Crunch (on stability ball).mp4,,assets/posters/men/ea_crunch_on_stability_ball.jpg,,situp,True,False,Abdominals,False,True,True,1,1,NO_PURPOSE;NO_FEMALE_CLIP
ea_crunch_straight_leg_up,Crunch (straight Leg Up),Скручивания (прямые ноги вверх),,None,2,1,beginner,10,False,False,4,2,lower_back|neck,exercises/men/Abdominals/Crunch (straight leg up).mp4,,assets/posters/men/ea_crunch_straight_leg_up.jpg,,situp,True,False,Abdominals,False,True,True,1,1,NO_EQUIPMENT_ID;NO_PURPOSE;NO_FEMALE_CLIP
ea_crunch_floor,Crunch Floor,Скручивания на полу,,None,2,1,beginner,10,False,False,4,2,lower_back|neck,exercises/men/Abdominals/Crunch Floor.mp4,,assets/posters/men/ea_crunch_floor.jpg,,situp,True,False,Abdominals,False,True,True,3,1,NO_EQUIPMENT_ID;NO_PURPOSE;NO_FEMALE_CLIP;SHARED_SUMMARY
ea_crunch_frog_on_floor,Crunch Frog on Floor,"Скручивания ""лягушка"" на полу",,None,2,1,beginner,10,False,False,4,3,hip|lower_back|neck,exercises/men/Abdominals/Crunch Frog on Floor.mp4,,assets/posters/men/ea_crunch_frog_on_floor.jpg,,situp,True,False,Abdominals,False,True,True,1,1,NO_EQUIPMENT_ID;NO_PURPOSE;NO_FEMALE_CLIP
ea_crunch_leg_raise,Crunch Leg Raise,Скручивания с подъёмом ног,,None,2,1,beginner,10,False,False,4,2,lower_back|neck,exercises/men/Abdominals/Crunch leg raise.mp4,,assets/posters/men/ea_crunch_leg_raise.jpg,,situp,True,False,Abdominals,False,True,True,1,1,NO_EQUIPMENT_ID;NO_PURPOSE;NO_FEMALE_CLIP
ea_crunch_with_medicine_ball,Crunch with Medicine Ball,Скручивания с медицинским мячом,medicine_ball,Medicine ball,2,1,beginner,10,False,False,4,2,lower_back|neck,exercises/men/Abdominals/Crunch with Medicine Ball.mp4,,assets/posters/men/ea_crunch_with_medicine_ball.jpg,,situp,True,False,Abdominals,False,True,True,1,1,NO_PURPOSE;NO_FEMALE_CLIP
ea_curtsy_lunge_bodyweight,Curtsy Lunge Bodyweight,Выпады-реверанс с собственным весом,,None (Bodyweight),3,2,beginner,10,False,False,4,2,hip|knee,exercises/men/Legs/curtsy lunge bodyweight.mp4,,assets/posters/men/ea_curtsy_lunge_bodyweight.jpg,,lunge,True,False,Legs,False,True,True,2,1,NO_EQUIPMENT_ID;NO_PURPOSE;NO_FEMALE_CLIP;SHARED_SUMMARY
ea_curtsy_lunge_slide_with_towel,Curtsy Lunge Slide with Towel,Выпады-реверанс со скольжением и полотенцем,sliding_disc,None (Bodyweight),3,2,beginner,10,False,False,4,2,hip|knee,exercises/men/Legs/Curtsy Lunge Slide with Towel.mp4,,assets/posters/men/ea_curtsy_lunge_slide_with_towel.jpg,,lunge,True,False,Legs,False,True,True,1,1,NO_PURPOSE;NO_FEMALE_CLIP
ea_curtsy_lunges_resistance_band,Curtsy Lunges Resistance Band,Выпады-реверанс с резиновой лентой,resistance_bands,Resistance Band,3,1,beginner,10,False,False,4,2,hip|knee,exercises/men/Legs/Curtsy lunges resistance band.mp4,,assets/posters/men/ea_curtsy_lunges_resistance_band.jpg,,lunge,True,False,Legs,False,True,True,1,1,NO_PURPOSE;NO_FEMALE_CLIP
ea_curtsy_squat,Curtsy Squat,Приседания-реверанс,,None (Bodyweight),3,2,beginner,10,False,False,4,3,ankle|hip|knee,exercises/men/Legs/Curtsy Squat.mp4,,assets/posters/men/ea_curtsy_squat.jpg,,,False,False,Legs,False,True,True,2,1,NO_EQUIPMENT_ID;NO_PURPOSE;NO_FEMALE_CLIP;SHARED_SUMMARY
ea_dead_bug,Dead Bug,Мёртвый жук,,None,2,1,beginner,10,False,False,4,0,,exercises/men/Yoga/Dead Bug.mp4,,assets/posters/men/ea_dead_bug.jpg,,,False,False,Abdominals,False,True,True,1,1,NO_EQUIPMENT_ID;NO_CONTRAINDICATION_TAGS;NO_PURPOSE;NO_FEMALE_CLIP
ea_dead_bug_extended_arms,Dead Bug Extended Arms,Мёртвый жук с вытянутыми руками,,None,2,1,beginner,10,False,False,3,0,,exercises/men/Abdominals/Dead Bug Extended Arms.mp4,,assets/posters/men/ea_dead_bug_extended_arms.jpg,,,False,False,Abdominals,False,True,True,1,1,NO_EQUIPMENT_ID;NO_CONTRAINDICATION_TAGS;NO_PURPOSE;NO_FEMALE_CLIP
ea_dead_hang_stretch,Dead Hang Stretch,Вис на перекладине (растяжка),squat_rack,Yoga Mat,5,3,beginner,10,False,False,4,2,lower_back|wrist,exercises/men/Stretching - Mobility/dead hang stretch.mp4,,assets/posters/men/ea_dead_hang_stretch.jpg,,,False,True,Stretching - Mobility,False,True,True,1,1,NO_PURPOSE;NO_FEMALE_CLIP
ea_decline_bench_full_sit_up,Decline Bench Full Sit Up,Полные подъёмы корпуса на наклонной скамье,bench_press,Weight bench,2,1,beginner,10,False,False,4,2,lower_back|neck,exercises/men/Abdominals/Decline Bench Full Sit up.mp4,,assets/posters/men/ea_decline_bench_full_sit_up.jpg,,,False,False,Abdominals,False,True,True,1,1,NO_PURPOSE;NO_FEMALE_CLIP
ea_decline_bent_leg_reverse_crunch,Decline Bent Leg Reverse Crunch,Обратные скручивания согнутыми ногами на наклонной скамье,bench_press,Weight bench,2,1,beginner,10,False,False,3,2,lower_back|neck,exercises/men/Abdominals/Decline Bent Leg Reverse Crunch.mp4,,assets/posters/men/ea_decline_bent_leg_reverse_crunch.jpg,,situp,True,False,Abdominals,False,True,True,1,1,NO_PURPOSE;NO_FEMALE_CLIP
ea_decline_chair_push_up_diamond,Decline Chair Push Up Diamond,Отжимания от стула с отрицательным наклоном (алмазный хват),,Chair,3,2,beginner,10,False,False,4,3,elbow|shoulder|wrist,exercises/men/Triceps/decline chair push up diamond.mp4,,assets/posters/men/ea_decline_chair_push_up_diamond.jpg,,pushup,True,False,Triceps,False,True,True,1,1,NO_EQUIPMENT_ID;NO_PURPOSE;NO_FEMALE_CLIP
ea_decline_diamond_pike_push_up,Decline Diamond Pike Push-up,Отжимания щучкой с отрицательным наклоном (алмазный хват),bench_press,Weight bench,3,2,beginner,10,False,False,4,3,elbow|shoulder|wrist,exercises/men/Triceps/Decline Diamond Pike Push-up.mp4,,assets/posters/men/ea_decline_diamond_pike_push_up.jpg,,pushup,True,False,Triceps,False,True,True,1,1,NO_PURPOSE;NO_FEMALE_CLIP
ea_decline_kneeling_push_up,Decline Kneeling Push Up,Отжимания на коленях с наклоном,plyo_box,Plyo box,3,2,beginner,10,False,False,4,4,elbow|knee|shoulder|wrist,exercises/men/Chest/Decline kneeling push up.mp4,,assets/posters/men/ea_decline_kneeling_push_up.jpg,,pushup,True,False,Chest,False,True,True,1,1,NO_PURPOSE;NO_FEMALE_CLIP
ea_decline_kneeling_push_up_on_box,Decline Kneeling Push Up on Box,Отжимания на коленях с наклоном на ящике,plyo_box,Plyo box,3,2,beginner,10,False,False,4,4,elbow|knee|shoulder|wrist,exercises/men/Chest/Decline Kneeling Push Up on Box.mp4,,assets/posters/men/ea_decline_kneeling_push_up_on_box.jpg,,pushup,True,False,Chest,False,True,True,1,1,NO_PURPOSE;NO_FEMALE_CLIP
ea_decline_levitating_sit_ups_bodyweight,Decline Levitating Sit Ups Bodyweight,Скручивания на наклонной скамье с зависанием,bench_press,Weight bench,2,1,beginner,10,False,False,4,2,lower_back|neck,exercises/men/Abdominals/decline levitating sit ups bodyweight.mp4,,assets/posters/men/ea_decline_levitating_sit_ups_bodyweight.jpg,,situp,True,False,Abdominals,False,True,True,1,1,NO_PURPOSE;NO_FEMALE_CLIP
ea_decline_push_up,Decline Push Up,Отжимания с ногами на возвышении,bench_press,Weight bench,3,2,beginner,10,False,False,4,3,elbow|shoulder|wrist,exercises/men/Chest/decline push up.mp4,,assets/posters/men/ea_decline_push_up.jpg,,pushup,True,False,Chest,False,True,True,1,1,NO_PURPOSE;NO_FEMALE_CLIP
ea_decline_push_up_against_wall,Decline Push Up Against Wall,Отжимания с ногами на стене,,None,3,2,beginner,10,False,False,4,3,elbow|shoulder|wrist,exercises/men/Chest/Decline Push Up against Wall.mp4,,assets/posters/men/ea_decline_push_up_against_wall.jpg,,pushup,True,False,Chest,False,True,True,1,1,NO_EQUIPMENT_ID;NO_PURPOSE;NO_FEMALE_CLIP
ea_decline_shoulder_tap,Decline Shoulder Tap,Касание плеча в отжиманиях вниз головой,bench_press,Weight bench,3,2,beginner,10,False,False,4,0,,exercises/men/Calisthenics-Cardio-Plyo-Functional/decline shoulder tap.mp4,,assets/posters/men/ea_decline_shoulder_tap.jpg,,,False,False,Calisthenics-Cardio-Plyo-Functional,False,True,True,1,1,NO_CONTRAINDICATION_TAGS;NO_PURPOSE;NO_FEMALE_CLIP
ea_decline_sit_up,Decline Sit Up,Скручивания на наклонной скамье,bench_press,Weight bench,2,1,beginner,10,False,False,4,2,lower_back|neck,exercises/men/Abdominals/decline sit up.mp4,,assets/posters/men/ea_decline_sit_up.jpg,,situp,True,False,Abdominals,False,True,True,1,1,NO_PURPOSE;NO_FEMALE_CLIP
ea_decline_sit_ups_dumbbells,Decline Sit Ups Dumbbells,Скручивания на наклонной скамье с гантелями,bench_press,Dumbbells,3,1,beginner,10,False,False,4,2,lower_back|neck,exercises/men/Abdominals/decline sit ups dumbbells.mp4,,assets/posters/men/ea_decline_sit_ups_dumbbells.jpg,,situp,True,False,Abdominals,False,True,True,1,1,NO_PURPOSE;NO_FEMALE_CLIP
ea_deep_push_up,Deep Push-up,Глубокие отжимания,dumbbell,Dumbbells,3,2,beginner,10,False,False,4,3,elbow|shoulder|wrist,exercises/men/Chest/Deep Push-Up.mp4,,assets/posters/men/ea_deep_push_up.jpg,,pushup,True,False,Chest,False,True,True,1,1,NO_PURPOSE;NO_FEMALE_CLIP
ea_diagonal_chop_cable,Diagonal Chop Cable,Диагональная тяга блока,cable_machine,Cable Pulley Machine,3,1,beginner,10,False,False,4,0,,exercises/men/Abdominals/diagonal chop cable.mp4,,assets/posters/men/ea_diagonal_chop_cable.jpg,,,False,False,Abdominals,False,True,True,1,1,NO_CONTRAINDICATION_TAGS;NO_PURPOSE;NO_FEMALE_CLIP
ea_diagonal_chop_left,Diagonal Chop Left,Диагональная рубка влево,,None,2,1,beginner,10,False,False,4,0,,exercises/men/Abdominals/diagonal chop left.mp4,,assets/posters/men/ea_diagonal_chop_left.jpg,,,False,False,Abdominals,False,True,True,1,1,NO_EQUIPMENT_ID;NO_CONTRAINDICATION_TAGS;NO_PURPOSE;NO_FEMALE_CLIP
ea_diagonal_chop_right,Diagonal Chop Right,Диагональная рубка вправо,,None,2,1,beginner,10,False,False,4,0,,exercises/men/Abdominals/diagonal chop right.mp4,,assets/posters/men/ea_diagonal_chop_right.jpg,,,False,False,Abdominals,False,True,True,1,1,NO_EQUIPMENT_ID;NO_CONTRAINDICATION_TAGS;NO_PURPOSE;NO_FEMALE_CLIP
ea_diagonal_lunge,Diagonal Lunge,Диагональный выпад,,None (Bodyweight),3,2,beginner,10,False,False,4,2,hip|knee,exercises/men/Legs/Diagonal Lunge.mp4,,assets/posters/men/ea_diagonal_lunge.jpg,,lunge,True,False,Legs,False,True,True,1,1,NO_EQUIPMENT_ID;NO_PURPOSE;NO_FEMALE_CLIP
ea_diagonal_opens,Diagonal Opens,Диагональные разведения,,None,2,1,beginner,10,False,False,3,0,,exercises/men/Calisthenics-Cardio-Plyo-Functional/Diagonal Opens.mp4,,assets/posters/men/ea_diagonal_opens.jpg,,,False,False,Calisthenics-Cardio-Plyo-Functional,False,True,True,1,1,NO_EQUIPMENT_ID;NO_CONTRAINDICATION_TAGS;NO_PURPOSE;NO_FEMALE_CLIP
ea_diagonal_punch,Diagonal Punch,Диагональный удар,,None,2,2,beginner,10,False,False,4,0,,exercises/men/Calisthenics-Cardio-Plyo-Functional/Diagonal Punch.mp4,,assets/posters/men/ea_diagonal_punch.jpg,,,False,False,Calisthenics-Cardio-Plyo-Functional,False,True,True,1,1,NO_EQUIPMENT_ID;NO_CONTRAINDICATION_TAGS;NO_PURPOSE;NO_FEMALE_CLIP
ea_diamond_push_up,Diamond Push Up,Алмазные отжимания,,None,3,2,beginner,10,False,False,4,3,elbow|shoulder|wrist,exercises/men/Triceps/diamond push up.mp4,,assets/posters/men/ea_diamond_push_up.jpg,,pushup,True,False,Triceps,False,True,True,1,1,NO_EQUIPMENT_ID;NO_PURPOSE;NO_FEMALE_CLIP
ea_diamond_push_up_on_knees,Diamond Push-up (on Knees),Алмазные отжимания (с колен),,None,3,2,beginner,10,False,False,4,3,elbow|shoulder|wrist,exercises/men/Triceps/Diamond Push-up (on knees).mp4,,assets/posters/men/ea_diamond_push_up_on_knees.jpg,,pushup,True,False,Triceps,False,True,True,1,1,NO_EQUIPMENT_ID;NO_PURPOSE;NO_FEMALE_CLIP
ea_dip_leg_raise_on_couch,Dip Leg Raise on Couch,Отжимания на диване с подъемом ног,,Couch,3,1,beginner,10,False,False,4,3,elbow|shoulder|wrist,exercises/men/Triceps/Dip Leg Raise on couch.mp4,,assets/posters/men/ea_dip_leg_raise_on_couch.jpg,,,False,False,Triceps,False,True,True,1,1,NO_EQUIPMENT_ID;NO_PURPOSE;NO_FEMALE_CLIP
ea_dip_on_floor_with_chair,Dip on Floor with Chair,Отжимания от пола со стулом,,Chair,2,1,beginner,10,False,False,4,3,elbow|shoulder|wrist,exercises/men/Triceps/Dip on Floor with Chair.mp4,,assets/posters/men/ea_dip_on_floor_with_chair.jpg,,,False,False,Triceps,False,True,True,1,1,NO_EQUIPMENT_ID;NO_PURPOSE;NO_FEMALE_CLIP
ea_dips_between_chairs,Dips Between Chairs,Отжимания между стульями,,Chair,3,2,beginner,10,False,False,4,3,elbow|shoulder|wrist,exercises/men/Triceps/Dips between Chairs.mp4,,assets/posters/men/ea_dips_between_chairs.jpg,,,False,False,Triceps,False,True,True,1,1,NO_EQUIPMENT_ID;NO_PURPOSE;NO_FEMALE_CLIP
ea_donkey_calf_raise,Donkey Calf Raise,Подъём на носки в наклоне,adjustable_bench,Bench (flat / adjustable),2,1,beginner,10,False,False,4,1,ankle,exercises/men/Legs/Donkey Calf Raise.mp4,,assets/posters/men/ea_donkey_calf_raise.jpg,,calf_raise,True,False,Legs,False,True,True,1,1,NO_PURPOSE;NO_FEMALE_CLIP
ea_donkey_kicks_bodyweight,Donkey Kicks Bodyweight,Махи ногой назад на четвереньках,,None,2,1,beginner,10,False,False,4,1,hip,exercises/men/Legs/Donkey kicks bodyweight.mp4,,assets/posters/men/ea_donkey_kicks_bodyweight.jpg,,,False,False,Legs,False,True,True,1,1,NO_EQUIPMENT_ID;NO_PURPOSE;NO_FEMALE_CLIP
ea_doorway_biceps_curl,Doorway Biceps Curl,Сгибание на бицепс в дверном проёме,,None,2,1,beginner,10,False,False,4,1,elbow,exercises/men/Biceps/Doorway Biceps Curl.mp4,,assets/posters/men/ea_doorway_biceps_curl.jpg,,curl,True,False,Biceps,False,True,True,1,1,NO_EQUIPMENT_ID;NO_PURPOSE;NO_FEMALE_CLIP
ea_double_jump_squat,Double Jump Squat,Двойной присед с выпрыгиванием,,None (Bodyweight),4,2,beginner,10,False,False,3,3,ankle|hip|knee,exercises/men/Legs/Double Jump Squat.mp4,,assets/posters/men/ea_double_jump_squat.jpg,,squat,True,False,Legs,False,True,True,1,1,NO_EQUIPMENT_ID;NO_PURPOSE;NO_FEMALE_CLIP
ea_double_kettlebell_sled_push,Double Kettlebell Sled Push,Толкание саней с двумя гирями,kettlebell,Kettlebells,0,0,beginner,10,True,True,5,0,,exercises/men/Calisthenics-Cardio-Plyo-Functional/Double Kettlebell Sled Push.mp4,exercises/girl/Calisthenics-Cardio-Plyo-Functional/Double Kettlebell Sled Push.mp4,assets/posters/men/ea_double_kettlebell_sled_push.jpg,assets/posters/girl/ea_double_kettlebell_sled_push.jpg,,False,False,Calisthenics-Cardio-Plyo-Functional,False,True,True,1,1,NO_CONTRAINDICATION_TAGS;NO_MUSCLES;NO_PRIMARY_MUSCLES
ea_double_knee_drive,Double Knee Drive,Двойной подъём колена,,None,4,2,beginner,10,False,False,4,1,lower_back,exercises/men/Calisthenics-Cardio-Plyo-Functional/Double Knee Drive.mp4,,assets/posters/men/ea_double_knee_drive.jpg,,,False,False,Calisthenics-Cardio-Plyo-Functional,False,True,True,1,1,NO_EQUIPMENT_ID;NO_PURPOSE;NO_FEMALE_CLIP
ea_double_pigeon_pose,Double Pigeon Pose,Поза двойного голубя,,None (Bodyweight),0,0,beginner,10,True,True,5,1,hip,exercises/men/Yoga/Double Pigeon Pose.mp4,exercises/girl/Yoga/Double Pigeon Pose.mp4,assets/posters/men/ea_double_pigeon_pose.jpg,assets/posters/girl/ea_double_pigeon_pose.jpg,,False,True,Yoga,False,True,True,1,1,NO_EQUIPMENT_ID;NO_MUSCLES;NO_PRIMARY_MUSCLES
ea_double_punch_front_leg_lift,Double Punch Front Leg Lift,Двойной удар руками вперёд с подъёмом ноги,,None,4,3,beginner,10,False,False,4,1,lower_back,exercises/men/Calisthenics-Cardio-Plyo-Functional/Double Punch Front Leg Lift.mp4,,assets/posters/men/ea_double_punch_front_leg_lift.jpg,,,False,False,Calisthenics-Cardio-Plyo-Functional,False,True,True,1,1,NO_EQUIPMENT_ID;NO_PURPOSE;NO_FEMALE_CLIP
ea_downward_dog_sprint,Downward Dog Sprint,Спринт в позе собаки мордой вниз,,None,0,0,beginner,10,False,False,3,3,ankle|knee|wrist,exercises/men/Calisthenics-Cardio-Plyo-Functional/Downward Dog Sprint.mp4,,assets/posters/men/ea_downward_dog_sprint.jpg,,,False,False,Calisthenics-Cardio-Plyo-Functional,False,True,True,1,1,NO_EQUIPMENT_ID;NO_MUSCLES;NO_PRIMARY_MUSCLES;NO_PURPOSE;NO_FEMALE_CLIP
ea_downward_dog_toe_to_heel,Downward Dog Toe to Heel,Собака мордой вниз: от носка к пятке,,None (Bodyweight),0,0,beginner,10,True,True,5,1,wrist,exercises/men/Yoga/Downward Dog Toe To Heel.mp4,exercises/girl/Yoga/Downward Dog Toe To Heel.mp4,assets/posters/men/ea_downward_dog_toe_to_heel.jpg,assets/posters/girl/ea_downward_dog_toe_to_heel.jpg,,False,True,Yoga,False,True,True,1,1,NO_EQUIPMENT_ID;NO_MUSCLES;NO_PRIMARY_MUSCLES
ea_downward_dog_with_fingers_facing_feet,Downward Dog with Fingers Facing Feet,"Собака мордой вниз с пальцами, направленными к стопам",,None (Bodyweight),0,0,beginner,10,True,True,5,1,wrist,exercises/men/Yoga/Downward Dog With Fingers Facing Feet.mp4,exercises/girl/Yoga/Downward Dog With Fingers Facing Feet.mp4,assets/posters/men/ea_downward_dog_with_fingers_facing_feet.jpg,assets/posters/girl/ea_downward_dog_with_fingers_facing_feet.jpg,,False,True,Yoga,False,True,True,1,1,NO_EQUIPMENT_ID;NO_MUSCLES;NO_PRIMARY_MUSCLES
ea_drag_curl_dumbbell,Drag Curl Dumbbell,Сгибание на бицепс с гантелями вдоль тела,dumbbell,Dumbbells,2,1,beginner,10,False,False,4,1,elbow,exercises/men/Biceps/drag curl dumbbell.mp4,,assets/posters/men/ea_drag_curl_dumbbell.jpg,,curl,True,False,Biceps,False,True,True,1,1,NO_PURPOSE;NO_FEMALE_CLIP
ea_drag_curl_resistance_band,Drag Curl Resistance Band,Сгибание на бицепс с резиновой лентой вдоль тела,resistance_bands,Resistance Band,3,1,beginner,10,False,False,4,1,elbow,exercises/men/Biceps/drag curl resistance band.mp4,,assets/posters/men/ea_drag_curl_resistance_band.jpg,,curl,True,False,Biceps,False,True,True,1,1,NO_PURPOSE;NO_FEMALE_CLIP
ea_dragonfly,Dragonfly,Стрекоза,vertical_pole,Pull Up Bar,1,0,beginner,10,True,True,5,1,upper_back,exercises/men/Abdominals/Dragonfly.mp4,exercises/girl/Abdominals/Dragonfly.mp4,assets/posters/men/ea_dragonfly.jpg,assets/posters/girl/ea_dragonfly.jpg,,False,False,Abdominals,False,True,True,1,1,NO_PRIMARY_MUSCLES
ea_dumbbell_ab_crunch,Dumbbell Ab Crunch,Скручивания с гантелью,dumbbell,Dumbbells,3,1,beginner,10,False,False,4,2,lower_back|neck,exercises/men/Abdominals/dumbbell ab crunch.mp4,,assets/posters/men/ea_dumbbell_ab_crunch.jpg,,situp,True,False,Abdominals,False,True,True,1,1,NO_PURPOSE;NO_FEMALE_CLIP
ea_dumbbell_alternate_bench_press_high_start,Dumbbell Alternate Bench Press (high Start),Жим гантелей лёжа попеременно (с высокого старта),bench_press,Dumbbells,3,1,beginner,10,False,False,4,1,shoulder,exercises/men/Chest/Dumbbell Alternate Bench Press (high start).mp4,,assets/posters/men/ea_dumbbell_alternate_bench_press_high_start.jpg,,,False,False,Chest,False,True,True,1,1,NO_PURPOSE;NO_FEMALE_CLIP
ea_dumbbell_alternate_biceps_curl,Dumbbell Alternate Biceps Curl,Сгибание рук с гантелями на бицепс попеременно,dumbbell,Dumbbells,2,1,beginner,10,False,False,4,1,elbow,exercises/men/Biceps/Dumbbell Alternate Biceps Curl.mp4,,assets/posters/men/ea_dumbbell_alternate_biceps_curl.jpg,,curl,True,False,Biceps,False,True,True,1,1,NO_PURPOSE;NO_FEMALE_CLIP
ea_dumbbell_alternate_biceps_curl_version_2,Dumbbell Alternate Biceps Curl (version 2),Сгибание рук с гантелями на бицепс попеременно (вариант 2),bench_press,Dumbbells,2,1,beginner,10,False,False,4,1,elbow,exercises/men/Biceps/Dumbbell Alternate Biceps Curl (VERSION 2).mp4,,assets/posters/men/ea_dumbbell_alternate_biceps_curl_version_2.jpg,,curl,True,False,Biceps,False,True,True,1,1,NO_PURPOSE;NO_FEMALE_CLIP
ea_dumbbell_alternate_seated_hammer_curl,Dumbbell Alternate Seated Hammer Curl,Сгибание рук с гантелями сидя молотковым хватом попеременно,bench_press,Dumbbells,2,1,beginner,10,False,False,4,1,elbow,exercises/men/Biceps/Dumbbell Alternate Seated Hammer Curl.mp4,exercises/girl/Biceps/Alternate Hammer Curl Seated Dumbbells.mp4,assets/posters/men/ea_dumbbell_alternate_seated_hammer_curl.jpg,assets/posters/girl/ea_dumbbell_alternate_seated_hammer_curl.jpg,,False,False,Biceps,False,True,True,1,1,NO_PURPOSE
ea_dumbbell_alternate_shoulder_press,Dumbbell Alternate Shoulder Press,Жим гантелей над головой попеременно,dumbbell,Dumbbells,2,1,beginner,10,False,False,4,1,shoulder,exercises/men/Shoulders/Dumbbell Alternate Shoulder Press.mp4,,assets/posters/men/ea_dumbbell_alternate_shoulder_press.jpg,,overhead_press,True,False,Shoulders,False,True,True,1,1,NO_PURPOSE;NO_FEMALE_CLIP
ea_dumbbell_alternate_side_press,Dumbbell Alternate Side Press,Жим гантелей поочерёдно в сторону,dumbbell,Dumbbells,3,1,beginner,10,False,False,4,1,shoulder,exercises/men/Shoulders/Dumbbell Alternate Side Press.mp4,,assets/posters/men/ea_dumbbell_alternate_side_press.jpg,,,False,False,Shoulders,False,True,True,1,1,NO_PURPOSE;NO_FEMALE_CLIP
ea_dumbbell_alternating_arnold_press,Dumbbell Alternating Arnold Press,Жим Арнольда с гантелями поочерёдно,dumbbell,Dumbbells,1,0,beginner,10,True,True,5,1,shoulder,exercises/men/Shoulders/Dumbbell Alternating Arnold Press.mp4,exercises/girl/Shoulders/Dumbbell Alternating Arnold Press.mp4,assets/posters/men/ea_dumbbell_alternating_arnold_press.jpg,assets/posters/girl/ea_dumbbell_alternating_arnold_press.jpg,,False,False,Shoulders,False,True,True,1,1,NO_PRIMARY_MUSCLES
ea_dumbbell_alternating_pendlay_row,Dumbbell Alternating Pendlay Row,Тяга Пендлея с гантелями поочерёдно,dumbbell,Dumbbells,1,0,beginner,10,True,True,5,2,lower_back|upper_back,exercises/men/Back/Dumbbell Alternating Pendlay Row.mp4,exercises/girl/Back/Dumbbell Alternating Pendlay Row.mp4,assets/posters/men/ea_dumbbell_alternating_pendlay_row.jpg,assets/posters/girl/ea_dumbbell_alternating_pendlay_row.jpg,,False,False,Back,False,True,True,1,1,NO_PRIMARY_MUSCLES
ea_dumbbell_armpit_row,Dumbbell Armpit Row,Тяга гантелей к подмышкам,dumbbell,Dumbbells,3,2,beginner,10,False,False,3,1,upper_back,exercises/men/Shoulders/dumbbell armpit row.mp4,,assets/posters/men/ea_dumbbell_armpit_row.jpg,,,False,False,Shoulders,False,True,True,2,1,NO_PURPOSE;NO_FEMALE_CLIP;SHARED_SUMMARY
ea_dumbbell_arnold_press_version_2,Dumbbell Arnold Press (version 2),Жим Арнольда с гантелями (версия 2),dumbbell,Dumbbells,2,1,beginner,10,False,False,4,1,shoulder,exercises/men/Shoulders/Dumbbell Arnold Press (version 2).mp4,,assets/posters/men/ea_dumbbell_arnold_press_version_2.jpg,,,False,False,Shoulders,False,True,True,1,1,NO_PURPOSE;NO_FEMALE_CLIP
ea_dumbbell_arnold_press_seated,Dumbbell Arnold Press Seated,Жим Арнольда с гантелями сидя,bench_press,Dumbbells,2,1,beginner,10,False,False,4,1,shoulder,exercises/men/Shoulders/Dumbbell Arnold Press Seated.mp4,,assets/posters/men/ea_dumbbell_arnold_press_seated.jpg,,,False,False,Shoulders,False,True,True,1,1,NO_PURPOSE;NO_FEMALE_CLIP
ea_dumbbell_around_pullover,Dumbbell Around Pullover,Пуловер с гантелями по кругу,bench_press,Dumbbells,3,1,beginner,10,False,False,4,1,shoulder,exercises/men/Chest/Dumbbell Around Pullover.mp4,,assets/posters/men/ea_dumbbell_around_pullover.jpg,,,False,False,Chest,False,True,True,1,1,NO_PURPOSE;NO_FEMALE_CLIP
ea_dumbbell_around_the_world,Dumbbell Around the World,"Разведение гантелей ""Вокруг света""",dumbbell,Dumbbells,3,2,beginner,10,False,False,4,1,upper_back,exercises/men/Shoulders/Dumbbell Around The World.mp4,,assets/posters/men/ea_dumbbell_around_the_world.jpg,,,False,False,Shoulders,False,True,True,1,1,NO_PURPOSE;NO_FEMALE_CLIP
ea_dumbbell_bar_grip_sumo_squat,Dumbbell Bar Grip Sumo Squat,Присед сумо с гантелью (хват как за гриф),dumbbell,Dumbbells,3,2,beginner,10,False,False,3,3,ankle|hip|knee,exercises/men/Legs/Dumbbell Bar Grip Sumo Squat.mp4,,assets/posters/men/ea_dumbbell_bar_grip_sumo_squat.jpg,,squat,True,False,Legs,False,True,True,1,1,NO_PURPOSE;NO_FEMALE_CLIP
ea_dumbbell_bench_press,Dumbbell Bench Press,Жим гантелей лёжа,bench_press,Dumbbells,2,1,beginner,10,False,False,4,1,shoulder,exercises/men/Chest/Dumbbell Bench Press.mp4,,assets/posters/men/ea_dumbbell_bench_press.jpg,,,False,False,Chest,False,True,True,1,1,NO_PURPOSE;NO_FEMALE_CLIP
ea_dumbbell_bench_seated_press,Dumbbell Bench Seated Press,Жим гантелей сидя на скамье,bench_press,Dumbbells,2,1,beginner,10,False,False,3,1,shoulder,exercises/men/Shoulders/Dumbbell Bench Seated Press.mp4,,assets/posters/men/ea_dumbbell_bench_seated_press.jpg,,,False,False,Shoulders,False,True,True,1,1,NO_PURPOSE;NO_FEMALE_CLIP
ea_dumbbell_bench_squat,Dumbbell Bench Squat,Присед на скамью с гантелями,bench_press,Dumbbells,4,2,beginner,10,False,False,4,3,ankle|hip|knee,exercises/men/Legs/Dumbbell Bench Squat.mp4,,assets/posters/men/ea_dumbbell_bench_squat.jpg,,,False,False,Legs,False,True,True,1,1,NO_PURPOSE;NO_FEMALE_CLIP
ea_dumbbell_bent_arm_lateral_raise,Dumbbell Bent Arm Lateral Raise,Разведение гантелей в стороны согнутыми руками,dumbbell,Dumbbells,2,1,beginner,10,False,False,3,1,shoulder,exercises/men/Shoulders/dumbbell bent arm lateral raise.mp4,,assets/posters/men/ea_dumbbell_bent_arm_lateral_raise.jpg,,,False,False,Shoulders,False,True,True,1,1,NO_PURPOSE;NO_FEMALE_CLIP
ea_dumbbell_bent_arm_pullover,Dumbbell Bent Arm Pullover,Пуловер с гантелью согнутыми руками,bench_press,Dumbbells,3,1,beginner,10,False,False,4,1,shoulder,exercises/men/Back/Dumbbell Bent Arm Pullover.mp4,,assets/posters/men/ea_dumbbell_bent_arm_pullover.jpg,,,False,False,Back,False,True,True,1,1,NO_PURPOSE;NO_FEMALE_CLIP
ea_dumbbell_bent_over_face_pull,Dumbbell Bent Over Face Pull,Тяга гантелей к лицу в наклоне,dumbbell,Dumbbells,3,2,beginner,10,False,False,4,3,lower_back|shoulder|upper_back,exercises/men/Shoulders/Dumbbell Bent Over Face Pull.mp4,,assets/posters/men/ea_dumbbell_bent_over_face_pull.jpg,,,False,False,Shoulders,False,True,True,1,1,NO_PURPOSE;NO_FEMALE_CLIP
ea_dumbbell_bent_over_reverse_row,Dumbbell Bent-over Reverse Row,Обратная тяга гантелей в наклоне,dumbbell,Dumbbells,4,2,beginner,10,False,False,4,2,lower_back|upper_back,exercises/men/Back/Dumbbell Bent-Over Reverse Row.mp4,,assets/posters/men/ea_dumbbell_bent_over_reverse_row.jpg,,,False,False,Back,False,True,True,1,1,NO_PURPOSE;NO_FEMALE_CLIP
ea_dumbbell_bicep_curl_to_shoulder_press,Dumbbell Bicep Curl to Shoulder Press,Сгибание на бицепс с гантелями с переходом в жим над головой,dumbbell,Dumbbells,3,2,beginner,10,False,False,4,2,elbow|shoulder,exercises/men/Shoulders/dumbbell bicep curl to shoulder press.mp4,,assets/posters/men/ea_dumbbell_bicep_curl_to_shoulder_press.jpg,,,False,False,Shoulders,False,True,True,1,1,NO_PURPOSE;NO_FEMALE_CLIP
ea_dumbbell_biceps_curl_with_overhead_extension_on_stability_ball,Dumbbell Biceps Curl with Overhead Extension on Stability Ball,Сгибание на бицепс с гантелями с разгибанием над головой на фитболе,dumbbell,Dumbbells,3,2,beginner,10,False,False,3,2,elbow|shoulder,exercises/men/Biceps/Dumbbell Biceps Curl with Overhead Extension on Stability Ball.mp4,,assets/posters/men/ea_dumbbell_biceps_curl_with_overhead_extension_on_stability_ball.jpg,,curl,True,False,Biceps,False,True,True,1,1,NO_PURPOSE;NO_FEMALE_CLIP
ea_dumbbell_bulgarian_box_split_squat,Dumbbell Bulgarian Box Split Squat,Болгарский сплит-присед с гантелями на тумбе,dumbbell,Dumbbells,4,2,beginner,10,False,False,4,3,ankle|hip|knee,exercises/men/Legs/dumbbell bulgarian box split squat.mp4,,assets/posters/men/ea_dumbbell_bulgarian_box_split_squat.jpg,,lunge,True,False,Legs,False,True,True,1,1,NO_PURPOSE;NO_FEMALE_CLIP
ea_dumbbell_bulgarian_split_squat,Dumbbell Bulgarian Split Squat,Болгарский сплит-присед с гантелями,bench_press,Dumbbells,4,2,beginner,10,False,False,4,3,ankle|hip|knee,exercises/men/Legs/Dumbbell Bulgarian Split Squat.mp4,,assets/posters/men/ea_dumbbell_bulgarian_split_squat.jpg,,lunge,True,False,Legs,False,True,True,1,1,NO_PURPOSE;NO_FEMALE_CLIP
ea_dumbbell_chest_press_decline,Dumbbell Chest Press Decline,Жим гантелей лёжа на наклонной скамье головой вниз,bench_press,Dumbbells,2,1,beginner,10,False,False,4,1,shoulder,exercises/men/Chest/dumbbell chest press decline.mp4,,assets/posters/men/ea_dumbbell_chest_press_decline.jpg,,,False,False,Chest,False,True,True,1,1,NO_PURPOSE;NO_FEMALE_CLIP
ea_dumbbell_chest_press_flat,Dumbbell Chest Press Flat,Жим гантелей лёжа на горизонтальной скамье,bench_press,Dumbbells,2,1,beginner,10,False,False,4,1,shoulder,exercises/men/Chest/dumbbell chest press flat.mp4,,assets/posters/men/ea_dumbbell_chest_press_flat.jpg,,,False,False,Chest,False,True,True,1,1,NO_PURPOSE;NO_FEMALE_CLIP
ea_dumbbell_chest_press_incline_bench,Dumbbell Chest Press Incline Bench,Жим гантелей лёжа на наклонной скамье,bench_press,Dumbbells,2,0,beginner,10,False,False,4,1,shoulder,exercises/men/Chest/dumbbell chest press incline bench.mp4,,assets/posters/men/ea_dumbbell_chest_press_incline_bench.jpg,,,False,False,Chest,False,True,True,1,1,NO_PRIMARY_MUSCLES;NO_PURPOSE;NO_FEMALE_CLIP
ea_dumbbell_chest_pull_over,Dumbbell Chest Pull Over,Пуловер с гантелью,bench_press,Dumbbells,4,2,beginner,10,False,False,4,0,,exercises/men/Chest/dumbbell chest pull over.mp4,,assets/posters/men/ea_dumbbell_chest_pull_over.jpg,,,False,False,Chest,False,True,True,1,1,NO_CONTRAINDICATION_TAGS;NO_PURPOSE;NO_FEMALE_CLIP
ea_dumbbell_chest_supported_lateral_raises,Dumbbell Chest Supported Lateral Raises,Подъёмы гантелей в стороны лёжа на наклонной скамье,bench_press,Dumbbells,4,2,beginner,10,False,False,4,2,shoulder|upper_back,exercises/men/Shoulders/Dumbbell Chest Supported Lateral Raises.mp4,,assets/posters/men/ea_dumbbell_chest_supported_lateral_raises.jpg,,,False,False,Shoulders,False,True,True,1,1,NO_PURPOSE;NO_FEMALE_CLIP
ea_dumbbell_chest_supported_y_raise,Dumbbell Chest Supported Y Raise,Подъёмы гантелей в стороны (Y-образные) лёжа на наклонной скамье,bench_press,Dumbbells,1,0,beginner,10,True,True,5,1,shoulder,exercises/men/Shoulders/Dumbbell Chest Supported Y Raise.mp4,exercises/girl/Shoulders/Dumbbell Chest Supported Y Raise.mp4,assets/posters/men/ea_dumbbell_chest_supported_y_raise.jpg,assets/posters/girl/ea_dumbbell_chest_supported_y_raise.jpg,,False,False,Shoulders,False,True,True,1,1,NO_PRIMARY_MUSCLES
ea_dumbbell_close_grip_shoulder_press_sit_up,Dumbbell Close Grip Shoulder Press Sit Up,Жим гантелей узким хватом с подъёмом корпуса,dumbbell,Dumbbells,3,1,beginner,10,False,False,4,4,elbow|lower_back|neck|shoulder,exercises/men/Shoulders/dumbbell close grip shoulder press sit up.mp4,,assets/posters/men/ea_dumbbell_close_grip_shoulder_press_sit_up.jpg,,,False,False,Shoulders,False,True,True,1,1,NO_PURPOSE;NO_FEMALE_CLIP
ea_dumbbell_close_legs_deadlift,Dumbbell Close Legs Deadlift,Становая тяга гантели с узкой постановкой ног,dumbbell,Dumbbells,3,2,beginner,10,False,False,4,2,hip|lower_back,exercises/men/Legs/Dumbbell close Legs Deadlift.mp4,,assets/posters/men/ea_dumbbell_close_legs_deadlift.jpg,,hinge,True,False,Legs,False,True,True,1,1,NO_PURPOSE;NO_FEMALE_CLIP
ea_dumbbell_close_grip_simultaneous_curl,Dumbbell Close-grip Simultaneous Curl,Сгибание рук с гантелями узким хватом одновременно,dumbbell,Dumbbells,2,1,beginner,10,False,False,4,1,elbow,exercises/men/Biceps/Dumbbell Close-Grip Simultaneous Curl.mp4,,assets/posters/men/ea_dumbbell_close_grip_simultaneous_curl.jpg,,curl,True,False,Biceps,False,True,True,1,1,NO_PURPOSE;NO_FEMALE_CLIP
ea_dumbbell_cossack_squats_version_2,Dumbbell Cossack Squats (version 2),Казачьи приседания с гантелью (вариант 2),dumbbell,Dumbbells,3,1,beginner,10,False,False,3,3,ankle|hip|knee,exercises/men/Legs/Dumbbell Cossack Squats (VERSION 2).mp4,,assets/posters/men/ea_dumbbell_cossack_squats_version_2.jpg,,,False,False,Legs,False,True,True,1,1,NO_PURPOSE;NO_FEMALE_CLIP
ea_dumbbell_cross_body_hammer_curl_version_2,Dumbbell Cross Body Hammer Curl (version 2),Перекрёстное сгибание рук с гантелями молотковым хватом (вариант 2),dumbbell,Dumbbells,2,1,beginner,10,False,False,4,1,elbow,exercises/men/Biceps/Dumbbell Cross Body Hammer Curl (Version 2).mp4,,assets/posters/men/ea_dumbbell_cross_body_hammer_curl_version_2.jpg,,curl,True,False,Biceps,False,True,True,2,1,NO_PURPOSE;NO_FEMALE_CLIP;SHARED_SUMMARY
ea_dumbbell_crunch_hold_with_legs_off,Dumbbell Crunch Hold with Legs Off,Скручивания с гантелью с поднятыми ногами и фиксацией,dumbbell,Dumbbells,3,1,beginner,10,False,False,4,2,lower_back|neck,exercises/men/Abdominals/Dumbbell Crunch Hold with Legs Off.mp4,,assets/posters/men/ea_dumbbell_crunch_hold_with_legs_off.jpg,,situp,True,False,Abdominals,False,True,True,1,1,NO_PURPOSE;NO_FEMALE_CLIP
ea_dumbbell_cuban_press_version_2,Dumbbell Cuban Press (version 2),Кубинский жим с гантелями (вариант 2),dumbbell,Dumbbells,2,1,beginner,10,False,False,4,1,shoulder,exercises/men/Shoulders/Dumbbell Cuban Press (version 2).mp4,,assets/posters/men/ea_dumbbell_cuban_press_version_2.jpg,,,False,False,Shoulders,False,True,True,1,1,NO_PURPOSE;NO_FEMALE_CLIP
ea_dumbbell_curl_press_extend,Dumbbell Curl Press Extend,"Сгибание рук, жим и разгибание с гантелями",dumbbell,Dumbbells,0,0,beginner,10,True,True,5,4,elbow|knee|shoulder|wrist,exercises/men/Calisthenics-Cardio-Plyo-Functional/Dumbbell Curl Press Extend.mp4,,assets/posters/men/ea_dumbbell_curl_press_extend.jpg,,curl,True,False,Calisthenics-Cardio-Plyo-Functional,False,True,True,1,1,NO_MUSCLES;NO_PRIMARY_MUSCLES;NO_FEMALE_CLIP
ea_dumbbell_curls,Dumbbell Curls,Сгибание рук с гантелями,dumbbell,Dumbbells,2,1,beginner,10,False,False,4,1,elbow,exercises/men/Biceps/dumbbell curls.mp4,,assets/posters/men/ea_dumbbell_curls.jpg,,,False,False,Biceps,False,True,True,2,1,NO_PURPOSE;NO_FEMALE_CLIP;SHARED_SUMMARY
ea_dumbbell_curls_alternating,Dumbbell Curls Alternating,Сгибание рук с гантелями попеременно,dumbbell,Dumbbells,2,1,beginner,10,False,False,4,1,elbow,exercises/men/Biceps/dumbbell curls alternating.mp4,,assets/posters/men/ea_dumbbell_curls_alternating.jpg,,,False,False,Biceps,False,True,True,2,1,NO_PURPOSE;NO_FEMALE_CLIP;SHARED_SUMMARY
ea_dumbbell_curtsy_lunge,Dumbbell Curtsy Lunge,Реверанс-выпады с гантелями,dumbbell,Dumbbells,4,2,beginner,10,False,False,4,2,hip|knee,exercises/men/Legs/Dumbbell Curtsy Lunge.mp4,,assets/posters/men/ea_dumbbell_curtsy_lunge.jpg,,lunge,True,False,Legs,False,True,True,1,1,NO_PURPOSE;NO_FEMALE_CLIP
ea_dumbbell_decline_alternate_bench_press,Dumbbell Decline Alternate Bench Press,Жим гантелей лёжа на наклонной скамье головой вниз попеременно,bench_press,Dumbbells,3,1,beginner,10,False,False,4,1,shoulder,exercises/men/Chest/Dumbbell Decline Alternate Bench Press.mp4,,assets/posters/men/ea_dumbbell_decline_alternate_bench_press.jpg,,,False,False,Chest,False,True,True,2,1,NO_PURPOSE;NO_FEMALE_CLIP;SHARED_SUMMARY
ea_dumbbell_decline_bench_press,Dumbbell Decline Bench Press,Жим гантелей лёжа на наклонной скамье головой вниз,bench_press,Dumbbells,3,1,beginner,10,False,False,4,1,shoulder,exercises/men/Chest/Dumbbell Decline Bench Press.mp4,,assets/posters/men/ea_dumbbell_decline_bench_press.jpg,,,False,False,Chest,False,True,True,2,1,NO_PURPOSE;NO_FEMALE_CLIP;SHARED_SUMMARY
ea_dumbbell_decline_close_neutral_grip_press,Dumbbell Decline Close Neutral Grip Press,Жим гантелей лёжа на наклонной скамье головой вниз узким нейтральным хватом,bench_press,Dumbbells,1,0,beginner,10,True,True,5,1,shoulder,exercises/men/Chest/Dumbbell Decline Close Neutral Grip Press.mp4,exercises/girl/Chest/Dumbbell Decline Close Neutral Grip Press.mp4,assets/posters/men/ea_dumbbell_decline_close_neutral_grip_press.jpg,assets/posters/girl/ea_dumbbell_decline_close_neutral_grip_press.jpg,,False,False,Chest,False,True,True,1,1,NO_PRIMARY_MUSCLES
ea_dumbbell_decline_fly,Dumbbell Decline Fly,Разведение гантелей на наклонной скамье вниз головой,bench_press,Dumbbells,2,1,beginner,10,False,False,4,1,shoulder,exercises/men/Chest/Dumbbell Decline Fly.mp4,,assets/posters/men/ea_dumbbell_decline_fly.jpg,,,False,False,Chest,False,True,True,1,1,NO_PURPOSE;NO_FEMALE_CLIP
ea_dumbbell_decline_hammer_press,Dumbbell Decline Hammer Press,Жим гантелей нейтральным хватом на наклонной скамье вниз головой,bench_press,Dumbbells,3,1,beginner,10,False,False,4,1,shoulder,exercises/men/Chest/Dumbbell Decline Hammer Press.mp4,,assets/posters/men/ea_dumbbell_decline_hammer_press.jpg,,,False,False,Chest,False,True,True,1,1,NO_PURPOSE;NO_FEMALE_CLIP
ea_dumbbell_decline_one_arm_hammer_press,Dumbbell Decline One Arm Hammer Press,Жим гантели одной рукой нейтральным хватом на наклонной скамье вниз головой,bench_press,Dumbbells,3,1,beginner,10,False,False,4,1,shoulder,exercises/men/Chest/Dumbbell Decline One Arm Hammer Press.mp4,,assets/posters/men/ea_dumbbell_decline_one_arm_hammer_press.jpg,,,False,False,Chest,False,True,True,1,1,NO_PURPOSE;NO_FEMALE_CLIP
ea_dumbbell_decline_overhead_sit_up,Dumbbell Decline Overhead Sit-up,Скручивания на наклонной скамье вниз головой с гантелями над головой,bench_press,Dumbbells,3,1,beginner,10,False,False,4,3,lower_back|neck|shoulder,exercises/men/Abdominals/Dumbbell Decline Overhead Sit-up.mp4,,assets/posters/men/ea_dumbbell_decline_overhead_sit_up.jpg,,situp,True,False,Abdominals,False,True,True,1,1,NO_PURPOSE;NO_FEMALE_CLIP
ea_dumbbell_decline_shrug,Dumbbell Decline Shrug,Шраги с гантелями на наклонной скамье (лицом вниз),bench_press,Dumbbells,2,1,beginner,10,False,False,4,3,lower_back|neck|upper_back,exercises/men/Shoulders/Dumbbell Decline Shrug.mp4,,assets/posters/men/ea_dumbbell_decline_shrug.jpg,,,False,False,Shoulders,False,True,True,1,1,NO_PURPOSE;NO_FEMALE_CLIP
ea_dumbbell_decline_sit_up,Dumbbell Decline Sit-up,Скручивания на наклонной скамье вниз головой с гантелью,bench_press,Dumbbells,2,1,beginner,10,False,False,4,2,lower_back|neck,exercises/men/Abdominals/Dumbbell Decline Sit-up.mp4,,assets/posters/men/ea_dumbbell_decline_sit_up.jpg,,situp,True,False,Abdominals,False,True,True,1,1,NO_PURPOSE;NO_FEMALE_CLIP
ea_dumbbell_decline_triceps_pull_over_extension,Dumbbell Decline Triceps Pull-over Extension,Пуловер-разгибание гантели на трицепс на наклонной скамье вниз головой,bench_press,Dumbbells,2,1,beginner,10,False,False,4,1,elbow,exercises/men/Triceps/Dumbbell Decline triceps pull-over extension.mp4,,assets/posters/men/ea_dumbbell_decline_triceps_pull_over_extension.jpg,,,False,False,Triceps,False,True,True,1,1,NO_PURPOSE;NO_FEMALE_CLIP
ea_dumbbell_decline_twist_fly,Dumbbell Decline Twist Fly,Разведение гантелей с поворотом кисти на наклонной скамье вниз головой,bench_press,Dumbbells,2,1,beginner,10,False,False,4,1,shoulder,exercises/men/Chest/Dumbbell Decline Twist Fly.mp4,,assets/posters/men/ea_dumbbell_decline_twist_fly.jpg,,,False,False,Chest,False,True,True,1,1,NO_PURPOSE;NO_FEMALE_CLIP
ea_dumbbell_diagonal_chop,Dumbbell Diagonal Chop,Диагональная рубка с гантелью,dumbbell,Dumbbells,2,1,beginner,10,False,False,4,0,,exercises/men/Abdominals/dumbbell diagonal chop.mp4,,assets/posters/men/ea_dumbbell_diagonal_chop.jpg,,,False,False,Abdominals,False,True,True,1,1,NO_CONTRAINDICATION_TAGS;NO_PURPOSE;NO_FEMALE_CLIP
ea_dumbbell_drag_over_shoulder_bicep_curl,Dumbbell Drag Over Shoulder Bicep Curl,Сгибание рук с гантелями на бицепс с подъёмом над плечами,dumbbell,Dumbbells,2,1,beginner,10,False,False,4,1,elbow,exercises/men/Biceps/Dumbbell Drag Over Shoulder Bicep Curl.mp4,,assets/posters/men/ea_dumbbell_drag_over_shoulder_bicep_curl.jpg,,curl,True,False,Biceps,False,True,True,1,1,NO_PURPOSE;NO_FEMALE_CLIP
ea_dumbbell_elbow_side_plank,Dumbbell Elbow Side Plank,Боковая планка на локте с гантелью,dumbbell,Dumbbells,1,0,beginner,10,True,True,5,2,elbow|wrist,exercises/men/Abdominals/Dumbbell Elbow Side Plank.mp4,exercises/girl/Abdominals/Dumbbell Elbow Side Plank.mp4,assets/posters/men/ea_dumbbell_elbow_side_plank.jpg,assets/posters/girl/ea_dumbbell_elbow_side_plank.jpg,pushup,True,False,Abdominals,False,True,True,1,1,NO_PRIMARY_MUSCLES
ea_dumbbell_external_rotatio,Dumbbell External Rotation,Внешняя ротация с гантелью,dumbbell,Dumbbells,1,1,beginner,10,False,False,4,0,,exercises/men/Shoulders/dumbbell external rotatio.mp4,,assets/posters/men/ea_dumbbell_external_rotatio.jpg,,,False,False,Shoulders,False,True,True,2,2,NO_CONTRAINDICATION_TAGS;NO_PURPOSE;NO_FEMALE_CLIP;SHARED_SUMMARY;SHARED_STEPS
ea_dumbbell_external_rotation,Dumbbell External Rotation,Внешняя ротация с гантелью,dumbbell,Dumbbells,1,1,beginner,10,False,False,4,0,,exercises/men/Shoulders/Dumbbell External Rotation.mp4,,assets/posters/men/ea_dumbbell_external_rotation.jpg,,,False,False,Shoulders,False,True,True,2,2,NO_CONTRAINDICATION_TAGS;NO_PURPOSE;NO_FEMALE_CLIP;SHARED_SUMMARY;SHARED_STEPS
ea_dumbbell_face_down_lying_shoulder_pres,Dumbbell Face Down Lying Shoulder Press,Жим гантелей лёжа лицом вниз,bench_press,Dumbbells,2,1,beginner,10,False,False,4,1,shoulder,exercises/men/Shoulders/dumbbell face down lying shoulder pres.mp4,,assets/posters/men/ea_dumbbell_face_down_lying_shoulder_pres.jpg,,,False,False,Shoulders,False,True,True,2,2,NO_PURPOSE;NO_FEMALE_CLIP;SHARED_SUMMARY;SHARED_STEPS
ea_dumbbell_face_down_lying_shoulder_press,Dumbbell Face Down Lying Shoulder Press,Жим гантелей лёжа лицом вниз,bench_press,Dumbbells,2,1,beginner,10,False,False,4,1,shoulder,exercises/men/Shoulders/Dumbbell Face Down Lying Shoulder Press.mp4,,assets/posters/men/ea_dumbbell_face_down_lying_shoulder_press.jpg,,,False,False,Shoulders,False,True,True,2,2,NO_PURPOSE;NO_FEMALE_CLIP;SHARED_SUMMARY;SHARED_STEPS
ea_dumbbell_farmer_walks,Dumbbell Farmer Walks,Прогулка фермера с гантелями,dumbbell,Dumbbells,3,3,beginner,10,False,False,4,4,lower_back|neck|upper_back|wrist,exercises/men/Legs/dumbbell farmer walks.mp4,,assets/posters/men/ea_dumbbell_farmer_walks.jpg,,,False,False,Legs,False,True,True,1,1,NO_PURPOSE;NO_FEMALE_CLIP
ea_dumbbell_feet_elevated_figure_four_glute_bridge,Dumbbell Feet Elevated Figure Four Glute Bridge,Ягодичный мост с гантелью с поднятыми стопами и ногой в положении «четвёрка»,dumbbell,Dumbbells,1,0,beginner,10,True,True,5,1,hip,exercises/men/Legs/Dumbbell Feet Elevated Figure Four Glute Bridge.mp4,exercises/girl/Legs/Dumbbell Feet Elevated Figure Four Glute Bridge.mp4,assets/posters/men/ea_dumbbell_feet_elevated_figure_four_glute_bridge.jpg,assets/posters/girl/ea_dumbbell_feet_elevated_figure_four_glute_bridge.jpg,hinge,True,False,Legs,False,True,True,1,1,NO_PRIMARY_MUSCLES
ea_dumbbell_feet_elevated_glute_bridge,Dumbbell Feet Elevated Glute Bridge,Ягодичный мост с гантелью с поднятыми стопами,dumbbell,"Dumbbell, Box",3,2,beginner,10,False,False,4,1,hip,exercises/men/Legs/Dumbbell Feet Elevated Glute Bridge.mp4,exercises/girl/Legs/Dumbbell Feet Elevated Glute Bridge.mp4,assets/posters/men/ea_dumbbell_feet_elevated_glute_bridge.jpg,assets/posters/girl/ea_dumbbell_feet_elevated_glute_bridge.jpg,hinge,True,False,Legs,False,True,True,1,1,NO_PURPOSE
ea_dumbbell_feet_elevated_single_leg_glute_bridge,Dumbbell Feet Elevated Single Leg Glute Bridge,Ягодичный мост с гантелью на одной ноге с поднятой стопой,plyo_box,"Dumbbell, Box",3,2,beginner,10,False,False,4,1,hip,exercises/men/Legs/Dumbbell Feet Elevated Single Leg Glute Bridge.mp4,exercises/girl/Legs/Dumbbell Feet Elevated Single Leg Glute Bridge.mp4,assets/posters/men/ea_dumbbell_feet_elevated_single_leg_glute_bridge.jpg,assets/posters/girl/ea_dumbbell_feet_elevated_single_leg_glute_bridge.jpg,hinge,True,False,Legs,False,True,True,1,1,NO_PURPOSE
ea_dumbbell_feet_elevated_staggered_glute_bridge,Dumbbell Feet Elevated Staggered Glute Bridge,Ягодичный мост с гантелью с поднятыми стопами в шахматном порядке,plyo_box,"Dumbbell, Box",3,2,beginner,10,False,False,4,1,hip,exercises/men/Legs/Dumbbell Feet Elevated Staggered Glute Bridge.mp4,exercises/girl/Legs/Dumbbell Feet Elevated Staggered Glute Bridge.mp4,assets/posters/men/ea_dumbbell_feet_elevated_staggered_glute_bridge.jpg,assets/posters/girl/ea_dumbbell_feet_elevated_staggered_glute_bridge.jpg,hinge,True,False,Legs,False,True,True,1,1,NO_PURPOSE
ea_dumbbell_figure_four_glute_bridge,Dumbbell Figure Four Glute Bridge,Ягодичный мост с гантелью с ногой в положении «четвёрка»,dumbbell,Dumbbell,3,2,beginner,10,False,False,4,1,hip,exercises/men/Legs/Dumbbell Figure Four Glute Bridge.mp4,exercises/girl/Legs/Dumbbell Figure Four Glute Bridge.mp4,assets/posters/men/ea_dumbbell_figure_four_glute_bridge.jpg,assets/posters/girl/ea_dumbbell_figure_four_glute_bridge.jpg,hinge,True,False,Legs,False,True,True,1,1,NO_PURPOSE
ea_dumbbell_figure_four_hip_thrust,Dumbbell Figure Four Hip Thrust,Ягодичный мост с гантелью с ногой в положении «четвёрка» (с опорой на скамью),bench_press,"Bench, Dumbbell",3,2,beginner,10,False,False,4,1,hip,exercises/men/Legs/Dumbbell Figure Four Hip Thrust.mp4,exercises/girl/Legs/Dumbbell Figure Four Hip Thrust.mp4,assets/posters/men/ea_dumbbell_figure_four_hip_thrust.jpg,assets/posters/girl/ea_dumbbell_figure_four_hip_thrust.jpg,,False,False,Legs,False,True,True,1,1,NO_PURPOSE
ea_dumbbell_floor_fly,Dumbbell Floor Fly,Разведение гантелей лёжа на полу,dumbbell,Dumbbells,2,1,beginner,10,False,False,3,1,shoulder,exercises/men/Chest/Dumbbell floor Fly.mp4,,assets/posters/men/ea_dumbbell_floor_fly.jpg,,,False,False,Chest,False,True,True,1,1,NO_PURPOSE;NO_FEMALE_CLIP
ea_dumbbell_fly_flat_bench,Dumbbell Fly Flat Bench,Разведение гантелей лёжа на горизонтальной скамье,bench_press,Dumbbells,2,1,beginner,10,False,False,3,1,shoulder,exercises/men/Chest/dumbbell fly flat bench.mp4,,assets/posters/men/ea_dumbbell_fly_flat_bench.jpg,,,False,False,Chest,False,True,True,2,1,NO_PURPOSE;NO_FEMALE_CLIP;SHARED_SUMMARY
ea_dumbbell_fly_flat_bench_slow,Dumbbell Fly Flat Bench Slow,Разведение гантелей лёжа на горизонтальной скамье (медленно),bench_press,Dumbbells,2,1,beginner,10,False,False,3,1,shoulder,exercises/men/Chest/dumbbell fly flat bench slow.mp4,,assets/posters/men/ea_dumbbell_fly_flat_bench_slow.jpg,,,False,False,Chest,False,True,True,2,1,NO_PURPOSE;NO_FEMALE_CLIP;SHARED_SUMMARY
ea_dumbbell_fly_incline_bench,Dumbbell Fly Incline Bench,Разведение гантелей лёжа на наклонной скамье,bench_press,Dumbbells,1,0,beginner,10,False,False,4,1,shoulder,exercises/men/Chest/dumbbell fly incline bench.mp4,,assets/posters/men/ea_dumbbell_fly_incline_bench.jpg,,,False,False,Chest,False,True,True,1,1,NO_PRIMARY_MUSCLES;NO_PURPOSE;NO_FEMALE_CLIP
ea_dumbbell_frog_jumps,Dumbbell Frog Jumps,Прыжки лягушкой с гантелями,dumbbell,Dumbbells,6,3,beginner,10,False,False,4,3,ankle|hip|knee,exercises/men/Legs/Dumbbell Frog Jumps.mp4,exercises/girl/Legs/Dumbbell Frog Jumps.mp4,assets/posters/men/ea_dumbbell_frog_jumps.jpg,assets/posters/girl/ea_dumbbell_frog_jumps.jpg,,False,False,Legs,False,True,True,1,1,NO_PURPOSE
ea_dumbbell_front_rack_lunge,Dumbbell Front Rack Lunge,Выпады с гантелями на плечах,dumbbell,Dumbbells,4,2,beginner,10,False,False,4,3,hip|knee|wrist,exercises/men/Legs/Dumbbell Front Rack Lunge.mp4,,assets/posters/men/ea_dumbbell_front_rack_lunge.jpg,,lunge,True,False,Legs,False,True,True,1,1,NO_PURPOSE;NO_FEMALE_CLIP
ea_dumbbell_front_raise,Dumbbell Front Raise,Подъём гантелей перед собой,dumbbell,Dumbbells,2,1,beginner,10,False,False,4,1,shoulder,exercises/men/Shoulders/Dumbbell Front Raise.mp4,,assets/posters/men/ea_dumbbell_front_raise.jpg,,,False,False,Shoulders,False,True,True,1,1,NO_PURPOSE;NO_FEMALE_CLIP
ea_dumbbell_front_raise_version_2,Dumbbell Front Raise (version 2),Подъём гантели перед собой (вариант 2),dumbbell,Dumbbells,2,1,beginner,10,False,False,4,1,shoulder,exercises/men/Shoulders/Dumbbell Front Raise (version 2).mp4,,assets/posters/men/ea_dumbbell_front_raise_version_2.jpg,,,False,False,Shoulders,False,True,True,1,1,NO_PURPOSE;NO_FEMALE_CLIP
ea_dumbbell_front_squat,Dumbbell Front Squat,Фронтальный присед с гантелями,dumbbell,Dumbbells,4,2,beginner,10,False,False,4,5,ankle|hip|knee|lower_back|upper_back,exercises/men/Legs/Dumbbell Front Squat.mp4,,assets/posters/men/ea_dumbbell_front_squat.jpg,,squat,True,False,Legs,False,True,True,1,1,NO_PURPOSE;NO_FEMALE_CLIP
ea_dumbbell_glute_bridge,Dumbbell Glute Bridge,Ягодичный мост с гантелью,dumbbell,Dumbbells,3,2,beginner,10,False,False,4,1,hip,exercises/men/Legs/Dumbbell Glute Bridge.mp4,,assets/posters/men/ea_dumbbell_glute_bridge.jpg,,hinge,True,False,Legs,False,True,True,1,1,NO_PURPOSE;NO_FEMALE_CLIP
ea_dumbbell_goblet_2_sec_hold_squat,Dumbbell Goblet 2 Sec Hold Squat,Гоблет-присед с гантелью с 2-секундной задержкой,dumbbell,Dumbbells,3,2,beginner,10,False,False,4,3,ankle|hip|knee,exercises/men/Legs/Dumbbell Goblet 2 sec Hold Squat.mp4,,assets/posters/men/ea_dumbbell_goblet_2_sec_hold_squat.jpg,,squat,True,False,Legs,False,True,True,4,1,NO_PURPOSE;NO_FEMALE_CLIP;SHARED_SUMMARY
ea_dumbbell_goblet_curtsy_lunge,Dumbbell Goblet Curtsy Lunge,Выпады-реверанс с гантелью у груди,dumbbell,Dumbbells,4,2,beginner,10,False,False,4,2,hip|knee,exercises/men/Legs/Dumbbell Goblet Curtsy Lunge.mp4,,assets/posters/men/ea_dumbbell_goblet_curtsy_lunge.jpg,,lunge,True,False,Legs,False,True,True,1,1,NO_PURPOSE;NO_FEMALE_CLIP
ea_dumbbell_goblet_forward_lunge,Dumbbell Goblet Forward Lunge,Выпады вперёд с гантелью у груди,dumbbell,Dumbbells,4,2,beginner,10,False,False,4,2,hip|knee,exercises/men/Legs/Dumbbell Goblet Forward Lunge.mp4,exercises/girl/Legs/Dumbbell Goblet Forward Lunge.mp4,assets/posters/men/ea_dumbbell_goblet_forward_lunge.jpg,assets/posters/girl/ea_dumbbell_goblet_forward_lunge.jpg,lunge,True,False,Legs,False,True,True,1,1,NO_PURPOSE
ea_dumbbell_goblet_good_morning,Dumbbell Goblet Good Morning,Наклоны «доброе утро» с гантелью у груди,dumbbell,Dumbbells,1,0,beginner,10,True,True,5,3,hip|lower_back|upper_back,exercises/men/Back/Dumbbell Goblet Good Morning.mp4,exercises/girl/Back/Dumbbell Goblet Good Morning.mp4,assets/posters/men/ea_dumbbell_goblet_good_morning.jpg,assets/posters/girl/ea_dumbbell_goblet_good_morning.jpg,hinge,True,False,Back,False,True,True,1,1,NO_PRIMARY_MUSCLES
ea_dumbbell_goblet_reverse_lunge,Dumbbell Goblet Reverse Lunge,Обратные выпады с гантелью у груди,dumbbell,Dumbbells,1,0,beginner,10,True,True,5,2,hip|knee,exercises/men/Legs/Dumbbell Goblet Reverse Lunge.mp4,exercises/girl/Legs/Dumbbell Goblet Reverse Lunge.mp4,assets/posters/men/ea_dumbbell_goblet_reverse_lunge.jpg,assets/posters/girl/ea_dumbbell_goblet_reverse_lunge.jpg,lunge,True,False,Legs,False,True,True,1,1,NO_PRIMARY_MUSCLES
ea_dumbbell_goblet_split_squat,Dumbbell Goblet Split Squat,Сплит-присед с гантелью у груди,dumbbell,Dumbbells,3,2,beginner,10,False,False,4,3,ankle|hip|knee,exercises/men/Legs/Dumbbell Goblet Split Squat.mp4,,assets/posters/men/ea_dumbbell_goblet_split_squat.jpg,,lunge,True,False,Legs,False,True,True,4,1,NO_PURPOSE;NO_FEMALE_CLIP;SHARED_SUMMARY
ea_dumbbell_goblet_split_squat_front_foot_elevanted,Dumbbell Goblet Split Squat Front Foot Elevanted,Сплит-присед с гантелью у груди с поднятой передней стопой,dumbbell,Dumbbells,3,2,beginner,10,False,False,4,3,ankle|hip|knee,exercises/men/Legs/Dumbbell Goblet Split Squat Front Foot Elevanted.mp4,,assets/posters/men/ea_dumbbell_goblet_split_squat_front_foot_elevanted.jpg,,lunge,True,False,Legs,False,True,True,4,1,NO_PURPOSE;NO_FEMALE_CLIP;SHARED_SUMMARY
ea_dumbbell_goblet_squat,Dumbbell Goblet Squat,Гоблет-присед с гантелью,dumbbell,Dumbbells,4,2,beginner,10,False,False,4,3,ankle|hip|knee,exercises/men/Legs/Dumbbell Goblet Squat.mp4,,assets/posters/men/ea_dumbbell_goblet_squat.jpg,,squat,True,False,Legs,False,True,True,4,1,NO_PURPOSE;NO_FEMALE_CLIP;SHARED_SUMMARY
ea_dumbbell_half_biceps_curl_for_21s,Dumbbell Half Biceps Curl For 21s,Частичное сгибание на бицепс гантелями для 21 повторения,dumbbell,Dumbbells,2,1,beginner,10,False,False,4,1,elbow,exercises/men/Biceps/Dumbbell Half Biceps Curl for 21s.mp4,,assets/posters/men/ea_dumbbell_half_biceps_curl_for_21s.jpg,,curl,True,False,Biceps,False,True,True,1,1,NO_PURPOSE;NO_FEMALE_CLIP
ea_dumbbell_half_kneeling_military_press,Dumbbell Half Kneeling Military Press,Жим гантелей с колена,dumbbell,Dumbbells,2,1,beginner,10,False,False,4,2,knee|shoulder,exercises/men/Shoulders/dumbbell half kneeling military press.mp4,,assets/posters/men/ea_dumbbell_half_kneeling_military_press.jpg,,overhead_press,True,False,Shoulders,False,True,True,1,1,NO_PURPOSE;NO_FEMALE_CLIP
ea_dumbbell_half_kneeling_wood_chopper,Dumbbell Half Kneeling Wood Chopper,Дровосек с гантелью с колена,dumbbell,Dumbbells,1,0,beginner,10,True,True,5,1,knee,exercises/men/Abdominals/Dumbbell Half Kneeling Wood Chopper.mp4,exercises/girl/Abdominals/Dumbbell Half Kneeling Wood Chopper.mp4,assets/posters/men/ea_dumbbell_half_kneeling_wood_chopper.jpg,assets/posters/girl/ea_dumbbell_half_kneeling_wood_chopper.jpg,,False,False,Abdominals,False,True,True,1,1,NO_PRIMARY_MUSCLES
ea_dumbbell_hammer_curl,Dumbbell Hammer Curl,Сгибание на бицепс гантелями молотковым хватом,dumbbell,Dumbbells,2,1,beginner,10,False,False,4,1,elbow,exercises/men/Biceps/Dumbbell Hammer Curl.mp4,,assets/posters/men/ea_dumbbell_hammer_curl.jpg,,curl,True,False,Biceps,False,True,True,2,1,NO_PURPOSE;NO_FEMALE_CLIP;SHARED_SUMMARY
ea_dumbbell_hammer_curl_simultaneous_arms,Dumbbell Hammer Curl Simultaneous Arms,Сгибание на бицепс гантелями молотковым хватом двумя руками одновременно,dumbbell,Dumbbells,2,1,beginner,10,False,False,4,1,elbow,exercises/men/Biceps/Dumbbell Hammer Curl Simultaneous Arms.mp4,,assets/posters/men/ea_dumbbell_hammer_curl_simultaneous_arms.jpg,,curl,True,False,Biceps,False,True,True,2,1,NO_PURPOSE;NO_FEMALE_CLIP;SHARED_SUMMARY
ea_dumbbell_hammer_grip_incline_bench_two_arm_row,Dumbbell Hammer Grip Incline Bench Two Arm Row,Тяга гантелей молотковым хватом на наклонной скамье двумя руками,bench_press,Dumbbells,4,2,beginner,10,False,False,4,1,upper_back,exercises/men/Back/Dumbbell Hammer Grip Incline Bench Two Arm Row.mp4,,assets/posters/men/ea_dumbbell_hammer_grip_incline_bench_two_arm_row.jpg,,,False,False,Back,False,True,True,1,1,NO_PURPOSE;NO_FEMALE_CLIP
ea_dumbbell_hammer_preacher_curl_simultaneous_arms,Dumbbell Hammer Preacher Curl Simultaneous Arms,Сгибание на бицепс гантелями молотковым хватом на скамье Скотта двумя руками одновременно,preacher_curl_bench,Dumbbells,2,1,beginner,10,False,False,4,1,elbow,exercises/men/Biceps/Dumbbell Hammer Preacher Curl Simultaneous Arms.mp4,,assets/posters/men/ea_dumbbell_hammer_preacher_curl_simultaneous_arms.jpg,,curl,True,False,Biceps,False,True,True,1,1,NO_PURPOSE;NO_FEMALE_CLIP
ea_dumbbell_hammer_strict_curl,Dumbbell Hammer Strict Curl,Строгое сгибание на бицепс гантелями молотковым хватом,dumbbell,Dumbbells,2,1,beginner,10,False,False,4,1,elbow,exercises/men/Biceps/Dumbbell Hammer Strict Curl.mp4,,assets/posters/men/ea_dumbbell_hammer_strict_curl.jpg,,curl,True,False,Biceps,False,True,True,1,1,NO_PURPOSE;NO_FEMALE_CLIP
ea_dumbbell_hand_side_plank,Dumbbell Hand Side Plank,Боковая планка с гантелью в руке,dumbbell,Dumbbells,1,0,beginner,10,True,True,5,2,elbow|wrist,exercises/men/Abdominals/Dumbbell Hand Side Plank.mp4,exercises/girl/Abdominals/Dumbbell Hand Side Plank.mp4,assets/posters/men/ea_dumbbell_hand_side_plank.jpg,assets/posters/girl/ea_dumbbell_hand_side_plank.jpg,pushup,True,False,Abdominals,False,True,True,1,1,NO_PRIMARY_MUSCLES
ea_dumbbell_hang_power_clean,Dumbbell Hang Power Clean,Взятие гантелей на грудь в стойку с виса,dumbbell,Dumbbells,6,3,beginner,10,False,False,4,2,lower_back|wrist,exercises/men/Powerlifting/Dumbbell Hang Power Clean.mp4,,assets/posters/men/ea_dumbbell_hang_power_clean.jpg,,,False,False,Powerlifting,False,True,True,1,1,NO_PURPOSE;NO_FEMALE_CLIP
ea_dumbbell_hex_press,Dumbbell Hex Press,Гекс-жим гантелей,bench_press,Dumbbells,1,0,beginner,10,True,True,5,1,shoulder,,exercises/girl/Chest/Dumbbell Hex Press.mp4,,assets/posters/girl/ea_dumbbell_hex_press.jpg,,False,False,Chest,False,True,True,1,1,NO_PRIMARY_MUSCLES;NO_MALE_CLIP
ea_dumbbell_high_curl,Dumbbell High Curl,Высокое сгибание на бицепс гантелями,dumbbell,Dumbbells,2,1,beginner,10,False,False,4,1,elbow,exercises/men/Biceps/Dumbbell High Curl.mp4,,assets/posters/men/ea_dumbbell_high_curl.jpg,,curl,True,False,Biceps,False,True,True,1,1,NO_PURPOSE;NO_FEMALE_CLIP
ea_dumbbell_hip_thrust,Dumbbell Hip Thrust,Ягодичный мост с гантелями,bench_press,Dumbbells,3,1,beginner,10,False,False,4,1,hip,exercises/men/Legs/Dumbbell Hip Thrust.mp4,,assets/posters/men/ea_dumbbell_hip_thrust.jpg,,hinge,True,False,Legs,False,True,True,1,1,NO_PURPOSE;NO_FEMALE_CLIP
ea_dumbbell_hip_thrust_version_2,Dumbbell Hip Thrust (version 2),Ягодичный мост с гантелью (вариант 2),bench_press,Dumbbells,3,1,beginner,10,False,False,4,1,hip,exercises/men/Legs/Dumbbell Hip Thrust (VERSION 2).mp4,,assets/posters/men/ea_dumbbell_hip_thrust_version_2.jpg,,hinge,True,False,Legs,False,True,True,1,1,NO_PURPOSE;NO_FEMALE_CLIP
ea_dumbbell_incline_alternate_bicep_curl,Dumbbell Incline Alternate Bicep Curl,Попеременное сгибание на бицепс гантелями на наклонной скамье,bench_press,Dumbbells,2,1,beginner,10,False,False,4,1,elbow,exercises/men/Biceps/Dumbbell Incline Alternate Bicep Curl.mp4,,assets/posters/men/ea_dumbbell_incline_alternate_bicep_curl.jpg,,curl,True,False,Biceps,False,True,True,2,1,NO_PURPOSE;NO_FEMALE_CLIP;SHARED_SUMMARY
ea_dumbbell_incline_alternate_curl,Dumbbell Incline Alternate Curl,Попеременное сгибание на бицепс гантелей на наклонной скамье с супинацией,bench_press,Dumbbells,2,1,beginner,10,False,False,4,1,elbow,exercises/men/Biceps/Dumbbell Incline Alternate Curl.mp4,,assets/posters/men/ea_dumbbell_incline_alternate_curl.jpg,,curl,True,False,Biceps,False,True,True,2,1,NO_PURPOSE;NO_FEMALE_CLIP;SHARED_SUMMARY
ea_dumbbell_incline_alternate_hammer_curl,Dumbbell Incline Alternate Hammer Curl,Попеременное сгибание на бицепс гантелями молотковым хватом на наклонной скамье,bench_press,Dumbbells,2,1,beginner,10,False,False,4,1,elbow,exercises/men/Biceps/Dumbbell Incline Alternate Hammer Curl.mp4,,assets/posters/men/ea_dumbbell_incline_alternate_hammer_curl.jpg,,curl,True,False,Biceps,False,True,True,2,1,NO_PURPOSE;NO_FEMALE_CLIP;SHARED_SUMMARY
ea_dumbbell_incline_alternate_press,Dumbbell Incline Alternate Press,Попеременный жим гантелей на наклонной скамье,bench_press,Dumbbells,2,1,beginner,10,False,False,4,1,shoulder,exercises/men/Chest/Dumbbell Incline Alternate Press.mp4,,assets/posters/men/ea_dumbbell_incline_alternate_press.jpg,,,False,False,Chest,False,True,True,1,1,NO_PURPOSE;NO_FEMALE_CLIP
ea_dumbbell_incline_bench_press,Dumbbell Incline Bench Press,Жим гантелей на наклонной скамье,bench_press,Dumbbells,2,1,beginner,10,False,False,4,1,shoulder,exercises/men/Chest/Dumbbell Incline Bench Press.mp4,,assets/posters/men/ea_dumbbell_incline_bench_press.jpg,,,False,False,Chest,False,True,True,1,1,NO_PURPOSE;NO_FEMALE_CLIP
ea_dumbbell_incline_biceps_simultaneous_curl,Dumbbell Incline Biceps Simultaneous Curl,Одновременное сгибание на бицепс гантелями на наклонной скамье,bench_press,Dumbbells,2,1,beginner,10,False,False,4,1,elbow,exercises/men/Biceps/Dumbbell Incline Biceps Simultaneous Curl.mp4,,assets/posters/men/ea_dumbbell_incline_biceps_simultaneous_curl.jpg,,curl,True,False,Biceps,False,True,True,2,1,NO_PURPOSE;NO_FEMALE_CLIP;SHARED_SUMMARY
ea_dumbbell_incline_breeding,Dumbbell Incline Breeding,Разведение гантелей на наклонной скамье,bench_press,Dumbbells,2,2,beginner,10,False,False,4,0,,exercises/men/Shoulders/Dumbbell Incline Breeding.mp4,,assets/posters/men/ea_dumbbell_incline_breeding.jpg,,,False,False,Shoulders,False,True,True,1,1,NO_CONTRAINDICATION_TAGS;NO_PURPOSE;NO_FEMALE_CLIP
ea_dumbbell_incline_fly,Dumbbell Incline Fly,Разведение гантелей на наклонной скамье,bench_press,Dumbbells,1,0,beginner,10,False,False,4,1,shoulder,exercises/men/Chest/Dumbbell Incline Fly.mp4,,assets/posters/men/ea_dumbbell_incline_fly.jpg,,,False,False,Chest,False,True,True,1,1,NO_PRIMARY_MUSCLES;NO_PURPOSE;NO_FEMALE_CLIP
ea_dumbbell_incline_fly_on_exercise_ball,Dumbbell Incline Fly on Exercise Ball,Разведение гантелей на наклонной скамье на фитболе,dumbbell,Dumbbells,1,0,beginner,10,False,False,4,1,shoulder,exercises/men/Chest/Dumbbell Incline Fly on Exercise Ball.mp4,,assets/posters/men/ea_dumbbell_incline_fly_on_exercise_ball.jpg,,,False,False,Chest,False,True,True,1,1,NO_PRIMARY_MUSCLES;NO_PURPOSE;NO_FEMALE_CLIP
ea_dumbbell_incline_front_raise,Dumbbell Incline Front Raise,Подъём гантелей вперёд на наклонной скамье,bench_press,Dumbbells,1,1,beginner,10,False,False,4,1,shoulder,exercises/men/Shoulders/Dumbbell Incline Front Raise.mp4,,assets/posters/men/ea_dumbbell_incline_front_raise.jpg,,,False,False,Shoulders,False,True,True,1,1,NO_PURPOSE;NO_FEMALE_CLIP
ea_dumbbell_incline_hammer_shoulder_press,Dumbbell Incline Hammer Shoulder Press,Жим гантелей на наклонной скамье молотковым хватом,bench_press,Dumbbells,2,1,beginner,10,False,False,3,1,shoulder,exercises/men/Shoulders/Dumbbell Incline Hammer Shoulder Press.mp4,,assets/posters/men/ea_dumbbell_incline_hammer_shoulder_press.jpg,,overhead_press,True,False,Shoulders,False,True,True,1,1,NO_PURPOSE;NO_FEMALE_CLIP
ea_dumbbell_incline_hammer_simultaneous_curl,Dumbbell Incline Hammer Simultaneous Curl,Сгибание рук с гантелями на наклонной скамье молотковым хватом,bench_press,Dumbbells,2,1,beginner,10,False,False,4,1,elbow,exercises/men/Biceps/Dumbbell Incline Hammer Simultaneous Curl.mp4,,assets/posters/men/ea_dumbbell_incline_hammer_simultaneous_curl.jpg,,curl,True,False,Biceps,False,True,True,1,1,NO_PURPOSE;NO_FEMALE_CLIP
ea_dumbbell_incline_lying_front_raise,Dumbbell Incline Lying Front Raise,Подъём гантелей вперёд лёжа на наклонной скамье,bench_press,Dumbbells,2,1,beginner,10,False,False,4,1,shoulder,exercises/men/Shoulders/Dumbbell Incline Lying Front Raise.mp4,,assets/posters/men/ea_dumbbell_incline_lying_front_raise.jpg,,,False,False,Shoulders,False,True,True,1,1,NO_PURPOSE;NO_FEMALE_CLIP
ea_dumbbell_incline_one_arm_lateral_raise,Dumbbell Incline One Arm Lateral Raise,Подъём гантели в сторону одной рукой на наклонной скамье,bench_press,Dumbbells,2,1,beginner,10,False,False,3,1,shoulder,exercises/men/Shoulders/Dumbbell Incline One Arm Lateral Raise.mp4,,assets/posters/men/ea_dumbbell_incline_one_arm_lateral_raise.jpg,,,False,False,Shoulders,False,True,True,1,1,NO_PURPOSE;NO_FEMALE_CLIP
ea_dumbbell_incline_one_arm_press,Dumbbell Incline One Arm Press,Жим гантели одной рукой на наклонной скамье,bench_press,Dumbbells,1,0,beginner,10,False,False,3,1,shoulder,exercises/men/Chest/Dumbbell Incline One Arm Press.mp4,,assets/posters/men/ea_dumbbell_incline_one_arm_press.jpg,,,False,False,Chest,False,True,True,1,1,NO_PRIMARY_MUSCLES;NO_PURPOSE;NO_FEMALE_CLIP
ea_dumbbell_incline_palms_back_press,Dumbbell Incline Palms Back Press,Жим гантелей на наклонной скамье обратным хватом,bench_press,Dumbbells,1,0,beginner,10,False,False,3,1,shoulder,exercises/men/Chest/Dumbbell Incline Palms back Press.mp4,,assets/posters/men/ea_dumbbell_incline_palms_back_press.jpg,,,False,False,Chest,False,True,True,1,1,NO_PRIMARY_MUSCLES;NO_PURPOSE;NO_FEMALE_CLIP
ea_dumbbell_incline_rear_lateral_raise,Dumbbell Incline Rear Lateral Raise,Разведение гантелей в стороны в наклоне на наклонной скамье,bench_press,Dumbbells,2,1,beginner,10,False,False,4,1,shoulder,exercises/men/Shoulders/Dumbbell Incline Rear Lateral Raise.mp4,,assets/posters/men/ea_dumbbell_incline_rear_lateral_raise.jpg,,,False,False,Shoulders,False,True,True,1,1,NO_PURPOSE;NO_FEMALE_CLIP
ea_dumbbell_incline_row,Dumbbell Incline Row,Тяга гантелей в наклоне на наклонной скамье,bench_press,Dumbbells,3,2,beginner,10,False,False,3,1,upper_back,exercises/men/Back/Dumbbell Incline Row.mp4,,assets/posters/men/ea_dumbbell_incline_row.jpg,,,False,False,Back,False,True,True,1,1,NO_PURPOSE;NO_FEMALE_CLIP
ea_dumbbell_incline_shrug,Dumbbell Incline Shrug,Шраги с гантелями на наклонной скамье,bench_press,Dumbbells,2,1,beginner,10,False,False,3,3,lower_back|neck|upper_back,exercises/men/Shoulders/Dumbbell Incline Shrug.mp4,,assets/posters/men/ea_dumbbell_incline_shrug.jpg,,,False,False,Shoulders,False,True,True,1,1,NO_PURPOSE;NO_FEMALE_CLIP
ea_dumbbell_incline_simultaneous_curl,Dumbbell Incline Simultaneous Curl,Сгибание рук с гантелями на наклонной скамье,bench_press,Dumbbells,2,1,beginner,10,False,False,4,1,elbow,exercises/men/Biceps/Dumbbell Incline Simultaneous Curl.mp4,,assets/posters/men/ea_dumbbell_incline_simultaneous_curl.jpg,,curl,True,False,Biceps,False,True,True,1,1,NO_PURPOSE;NO_FEMALE_CLIP
ea_dumbbell_incline_squeeze_press,Dumbbell Incline Squeeze Press,Жим гантелей с сведением на наклонной скамье,bench_press,Dumbbells,1,0,beginner,10,False,False,4,1,shoulder,exercises/men/Chest/Dumbbell Incline Squeeze Press.mp4,,assets/posters/men/ea_dumbbell_incline_squeeze_press.jpg,,,False,False,Chest,False,True,True,1,1,NO_PRIMARY_MUSCLES;NO_PURPOSE;NO_FEMALE_CLIP
ea_dumbbell_incline_svend_close_grip_press,Dumbbell Incline Svend Close Grip Press,Жим Свенда с гантелью на наклонной скамье,bench_press,Dumbbells,1,0,beginner,10,False,False,4,2,elbow|shoulder,exercises/men/Chest/Dumbbell Incline Svend Close grip Press.mp4,,assets/posters/men/ea_dumbbell_incline_svend_close_grip_press.jpg,,,False,False,Chest,False,True,True,1,1,NO_PRIMARY_MUSCLES;NO_PURPOSE;NO_FEMALE_CLIP
ea_dumbbell_incline_triceps_extension,Dumbbell Incline Triceps Extension,Французский жим с гантелями на наклонной скамье,bench_press,Dumbbells,2,1,beginner,10,False,False,4,1,elbow,exercises/men/Triceps/Dumbbell Incline Triceps Extension.mp4,,assets/posters/men/ea_dumbbell_incline_triceps_extension.jpg,,,False,False,Triceps,False,True,True,1,1,NO_PURPOSE;NO_FEMALE_CLIP
ea_dumbbell_incline_twisted_fly,Dumbbell Incline Twisted Fly,Разведение гантелей на наклонной скамье с поворотом,bench_press,Dumbbells,1,0,beginner,10,False,False,3,1,shoulder,exercises/men/Chest/Dumbbell Incline Twisted Fly.mp4,,assets/posters/men/ea_dumbbell_incline_twisted_fly.jpg,,,False,False,Chest,False,True,True,1,1,NO_PRIMARY_MUSCLES;NO_PURPOSE;NO_FEMALE_CLIP
ea_dumbbell_incline_two_arm_extension,Dumbbell Incline Two Arm Extension,Французский жим с одной гантелью двумя руками на наклонной скамье,bench_press,Dumbbells,2,1,beginner,10,False,False,4,0,,exercises/men/Triceps/Dumbbell Incline Two Arm Extension.mp4,,assets/posters/men/ea_dumbbell_incline_two_arm_extension.jpg,,,False,False,Triceps,False,True,True,1,1,NO_CONTRAINDICATION_TAGS;NO_PURPOSE;NO_FEMALE_CLIP
ea_dumbbell_iron_cross,Dumbbell Iron Cross,Разведение гантелей в стороны в приседе,dumbbell,Dumbbells,4,3,beginner,10,False,False,4,0,,exercises/men/Calisthenics-Cardio-Plyo-Functional/Dumbbell Iron Cross.mp4,,assets/posters/men/ea_dumbbell_iron_cross.jpg,,,False,False,Calisthenics-Cardio-Plyo-Functional,False,True,True,1,1,NO_CONTRAINDICATION_TAGS;NO_PURPOSE;NO_FEMALE_CLIP
ea_dumbbell_jumping_squat,Dumbbell Jumping Squat,Присед в прыжке с гантелями,dumbbell,Dumbbells,4,2,beginner,10,False,False,4,3,ankle|hip|knee,exercises/men/Legs/Dumbbell Jumping Squat.mp4,,assets/posters/men/ea_dumbbell_jumping_squat.jpg,,squat,True,False,Legs,False,True,True,1,1,NO_PURPOSE;NO_FEMALE_CLIP
ea_dumbbell_kickback,Dumbbell Kickback,Разгибание рук назад с гантелью,bench_press,Dumbbells,2,1,beginner,10,False,False,4,1,elbow,exercises/men/Triceps/Dumbbell Kickback.mp4,,assets/posters/men/ea_dumbbell_kickback.jpg,,,False,False,Triceps,False,True,True,1,1,NO_PURPOSE;NO_FEMALE_CLIP
ea_dumbbell_knee_lawnmower_row,Dumbbell Knee Lawnmower Row,Тяга гантели в наклоне одной рукой (поза косаря),dumbbell,Dumbbells,1,0,beginner,10,True,True,5,1,upper_back,exercises/men/Back/Dumbbell Knee Lawnmower Row.mp4,exercises/girl/Back/Dumbbell Knee Lawnmower Row.mp4,assets/posters/men/ea_dumbbell_knee_lawnmower_row.jpg,assets/posters/girl/ea_dumbbell_knee_lawnmower_row.jpg,,False,False,Back,False,True,True,1,1,NO_PRIMARY_MUSCLES
ea_dumbbell_kneeling_arnold_press,Dumbbell Kneeling Arnold Press,Жим Арнольда с гантелями с колен,dumbbell,Dumbbells,2,1,beginner,10,False,False,4,2,knee|shoulder,exercises/men/Shoulders/Dumbbell Kneeling Arnold Press.mp4,,assets/posters/men/ea_dumbbell_kneeling_arnold_press.jpg,,,False,False,Shoulders,False,True,True,1,1,NO_PURPOSE;NO_FEMALE_CLIP
ea_dumbbell_kneeling_hold_to_stand_clean_grip,Dumbbell Kneeling Hold to Stand Clean Grip,Подъем с колен в стойку с гантелями (нейтральный хват),dumbbell,Dumbbells,4,2,beginner,10,False,False,4,3,knee|lower_back|wrist,exercises/men/Legs/Dumbbell Kneeling Hold to Stand Clean grip.mp4,,assets/posters/men/ea_dumbbell_kneeling_hold_to_stand_clean_grip.jpg,,,False,False,Legs,False,True,True,1,1,NO_PURPOSE;NO_FEMALE_CLIP
ea_dumbbell_kneeling_squat,Dumbbell Kneeling Squat,Присед с колен с гантелями,dumbbell,Dumbbells,4,2,beginner,10,False,False,4,3,ankle|hip|knee,exercises/men/Legs/Dumbbell Kneeling Squat.mp4,,assets/posters/men/ea_dumbbell_kneeling_squat.jpg,,,False,False,Legs,False,True,True,1,1,NO_PURPOSE;NO_FEMALE_CLIP
ea_dumbbell_kneeling_wood_chopper,Dumbbell Kneeling Wood Chopper,Дровосек с гантелью с колен,dumbbell,Dumbbells,1,0,beginner,10,True,True,5,1,knee,exercises/men/Abdominals/Dumbbell Kneeling Wood Chopper.mp4,exercises/girl/Abdominals/Dumbbell Kneeling Wood Chopper.mp4,assets/posters/men/ea_dumbbell_kneeling_wood_chopper.jpg,assets/posters/girl/ea_dumbbell_kneeling_wood_chopper.jpg,,False,False,Abdominals,False,True,True,1,1,NO_PRIMARY_MUSCLES
ea_dumbbell_lateral_to_front_raise,Dumbbell Lateral to Front Raise,"Подъём гантелей в стороны, затем вперёд",dumbbell,Dumbbells,2,1,beginner,10,False,False,4,1,shoulder,exercises/men/Shoulders/Dumbbell Lateral to Front Raise.mp4,,assets/posters/men/ea_dumbbell_lateral_to_front_raise.jpg,,,False,False,Shoulders,False,True,True,1,1,NO_PURPOSE;NO_FEMALE_CLIP
ea_dumbbell_laying_30_degree_shrug,Dumbbell Laying 30 Degree Shrug,Шраги с гантелями лежа под углом 30 градусов,bench_press,Dumbbells,1,0,beginner,10,True,True,5,3,lower_back|neck|upper_back,exercises/men/Shoulders/Dumbbell Laying 30 Degree Shrug.mp4,exercises/girl/Shoulders/Dumbbell Laying 30 Degree Shrug.mp4,assets/posters/men/ea_dumbbell_laying_30_degree_shrug.jpg,assets/posters/girl/ea_dumbbell_laying_30_degree_shrug.jpg,,False,False,Shoulders,False,True,True,1,1,NO_PRIMARY_MUSCLES
ea_dumbbell_laying_silverback_shrug,Dumbbell Laying Silverback Shrug,Шраги с гантелями лежа (поза гориллы),bench_press,Dumbbells,1,0,beginner,10,True,True,5,3,lower_back|neck|upper_back,exercises/men/Shoulders/Dumbbell Laying Silverback Shrug.mp4,exercises/girl/Shoulders/Dumbbell Laying Silverback Shrug.mp4,assets/posters/men/ea_dumbbell_laying_silverback_shrug.jpg,assets/posters/girl/ea_dumbbell_laying_silverback_shrug.jpg,,False,False,Shoulders,False,True,True,1,1,NO_PRIMARY_MUSCLES
ea_dumbbell_leaning_fly,Dumbbell Leaning Fly,Разведение гантелей в наклоне,bench_press,Dumbbells,2,1,beginner,10,False,False,3,1,shoulder,exercises/men/Shoulders/Dumbbell Leaning Fly.mp4,,assets/posters/men/ea_dumbbell_leaning_fly.jpg,,,False,False,Shoulders,False,True,True,1,1,NO_PURPOSE;NO_FEMALE_CLIP
ea_dumbbell_low_windmill,Dumbbell Low Windmill,Низкая мельница с гантелью,dumbbell,Dumbbells,5,3,beginner,10,False,False,4,0,,exercises/men/Calisthenics-Cardio-Plyo-Functional/Dumbbell Low Windmill.mp4,,assets/posters/men/ea_dumbbell_low_windmill.jpg,,,False,False,Calisthenics-Cardio-Plyo-Functional,False,True,True,1,1,NO_CONTRAINDICATION_TAGS;NO_PURPOSE;NO_FEMALE_CLIP
ea_dumbbell_lunge_alternating_on_the_spot,Dumbbell Lunge Alternating on the Spot,Выпады с гантелями на месте с чередованием ног,dumbbell,Dumbbells,4,2,beginner,10,False,False,4,2,hip|knee,exercises/men/Legs/Dumbbell Lunge Alternating on the spot.mp4,,assets/posters/men/ea_dumbbell_lunge_alternating_on_the_spot.jpg,,lunge,True,False,Legs,False,True,True,2,1,NO_PURPOSE;NO_FEMALE_CLIP;SHARED_SUMMARY
ea_dumbbell_lunge_pulse,Dumbbell Lunge Pulse,Пульсирующие выпады с гантелями,dumbbell,Dumbbells,4,2,beginner,10,False,False,4,2,hip|knee,exercises/men/Legs/Dumbbell Lunge Pulse.mp4,,assets/posters/men/ea_dumbbell_lunge_pulse.jpg,,lunge,True,False,Legs,False,True,True,2,1,NO_PURPOSE;NO_FEMALE_CLIP;SHARED_SUMMARY
ea_dumbbell_lunge_to_overhead_press,Dumbbell Lunge to Overhead Press,Выпады с гантелями с жимом над головой,dumbbell,Dumbbells,6,3,beginner,10,False,False,4,3,hip|knee|shoulder,exercises/men/Legs/Dumbbell Lunge to Overhead Press.mp4,,assets/posters/men/ea_dumbbell_lunge_to_overhead_press.jpg,,,False,False,Legs,False,True,True,1,1,NO_PURPOSE;NO_FEMALE_CLIP
ea_dumbbell_lying_external_shoulder_rotation,Dumbbell Lying External Shoulder Rotation,Внешнее вращение плеча с гантелью лежа,dumbbell,Dumbbells,2,0,beginner,10,False,False,4,0,,exercises/men/Shoulders/dumbbell lying external shoulder rotation.mp4,,assets/posters/men/ea_dumbbell_lying_external_shoulder_rotation.jpg,,,False,False,Shoulders,False,True,True,1,1,NO_CONTRAINDICATION_TAGS;NO_PRIMARY_MUSCLES;NO_PURPOSE;NO_FEMALE_CLIP
ea_dumbbell_lying_on_floor_chest_press,Dumbbell Lying on Floor Chest Press,Жим гантелей лежа на полу,dumbbell,Dumbbells,1,0,beginner,10,True,True,5,1,shoulder,exercises/men/Chest/Dumbbell Lying on Floor Chest Press.mp4,,assets/posters/men/ea_dumbbell_lying_on_floor_chest_press.jpg,,,False,False,Chest,False,True,True,1,1,NO_PRIMARY_MUSCLES;NO_FEMALE_CLIP
ea_dumbbell_lying_one_arm_neutral_triceps_extension,Dumbbell Lying One Arm Neutral Triceps Extension,Разгибание руки с гантелью лежа нейтральным хватом,bench_press,Dumbbells,2,1,beginner,10,False,False,3,1,elbow,exercises/men/Triceps/Dumbbell Lying One Arm Neutral Triceps Extension.mp4,,assets/posters/men/ea_dumbbell_lying_one_arm_neutral_triceps_extension.jpg,,,False,False,Triceps,False,True,True,1,1,NO_PURPOSE;NO_FEMALE_CLIP
ea_dumbbell_lying_one_arm_rear_lateral_raise,Dumbbell Lying One Arm Rear Lateral Raise,Разведение гантели в наклоне одной рукой лежа,bench_press,Dumbbells,2,1,beginner,10,False,False,3,1,shoulder,exercises/men/Shoulders/Dumbbell Lying One Arm Rear Lateral Raise.mp4,,assets/posters/men/ea_dumbbell_lying_one_arm_rear_lateral_raise.jpg,,,False,False,Shoulders,False,True,True,1,1,NO_PURPOSE;NO_FEMALE_CLIP
ea_dumbbell_lying_pronation_rotation_on_floor,Dumbbell Lying Pronation Rotation on Floor,Пронация предплечья с гантелью лежа на полу,dumbbell,Dumbbells,2,1,beginner,10,False,False,3,1,wrist,exercises/men/Forearms/Dumbbell Lying Pronation Rotation on Floor.mp4,,assets/posters/men/ea_dumbbell_lying_pronation_rotation_on_floor.jpg,,,False,False,Forearms,False,True,True,1,1,NO_PURPOSE;NO_FEMALE_CLIP
ea_dumbbell_lying_rear_delt_row,Dumbbell Lying Rear Delt Row,Тяга гантелей лёжа на задние дельты,bench_press,Dumbbells,3,2,beginner,10,False,False,3,2,shoulder|upper_back,exercises/men/Shoulders/Dumbbell Lying Rear Delt Row.mp4,,assets/posters/men/ea_dumbbell_lying_rear_delt_row.jpg,,,False,False,Shoulders,False,True,True,1,1,NO_PURPOSE;NO_FEMALE_CLIP
ea_dumbbell_lying_rear_lateral_raise,Dumbbell Lying Rear Lateral Raise,Разведение гантелей лёжа на задние дельты,bench_press,Dumbbells,2,1,beginner,10,False,False,3,1,shoulder,exercises/men/Shoulders/Dumbbell Lying Rear Lateral Raise.mp4,,assets/posters/men/ea_dumbbell_lying_rear_lateral_raise.jpg,,,False,False,Shoulders,False,True,True,1,1,NO_PURPOSE;NO_FEMALE_CLIP
ea_dumbbell_lying_supine_curl,Dumbbell Lying Supine Curl,Сгибание на бицепс с гантелями лёжа супинированным хватом,bench_press,Dumbbells,2,1,beginner,10,False,False,3,1,elbow,exercises/men/Biceps/Dumbbell Lying Supine Curl.mp4,,assets/posters/men/ea_dumbbell_lying_supine_curl.jpg,,,False,False,Biceps,False,True,True,1,1,NO_PURPOSE;NO_FEMALE_CLIP
ea_dumbbell_lying_triceps_extension,Dumbbell Lying Triceps Extension,Разгибание рук с гантелями лёжа,bench_press,Dumbbells,2,1,beginner,10,False,False,4,1,elbow,exercises/men/Triceps/Dumbbell Lying Triceps Extension.mp4,,assets/posters/men/ea_dumbbell_lying_triceps_extension.jpg,,,False,False,Triceps,False,True,True,1,1,NO_PURPOSE;NO_FEMALE_CLIP
ea_dumbbell_lying_triceps_extension_on_floor,Dumbbell Lying Triceps Extension on Floor,Разгибание рук с гантелью лёжа на полу,dumbbell,Dumbbells,2,1,beginner,10,False,False,4,1,elbow,exercises/men/Triceps/Dumbbell Lying Triceps Extension on Floor.mp4,,assets/posters/men/ea_dumbbell_lying_triceps_extension_on_floor.jpg,,,False,False,Triceps,False,True,True,1,1,NO_PURPOSE;NO_FEMALE_CLIP
ea_dumbbell_narrow_stance_squats,Dumbbell Narrow Stance Squats,Приседания с гантелями узкой постановкой ног,dumbbell,Dumbbells,4,2,beginner,10,False,False,4,3,ankle|hip|knee,exercises/men/Legs/Dumbbell narrow stance squats.mp4,,assets/posters/men/ea_dumbbell_narrow_stance_squats.jpg,,,False,False,Legs,False,True,True,1,1,NO_PURPOSE;NO_FEMALE_CLIP
ea_dumbbell_offset_squat,Dumbbell Offset Squat,Приседания со смещённым весом,dumbbell,Dumbbells,1,0,beginner,10,True,True,5,3,ankle|hip|knee,exercises/men/Legs/Dumbbell Offset Squat.mp4,exercises/girl/Legs/Dumbbell Offset Squat.mp4,assets/posters/men/ea_dumbbell_offset_squat.jpg,assets/posters/girl/ea_dumbbell_offset_squat.jpg,squat,True,False,Legs,False,True,True,1,1,NO_PRIMARY_MUSCLES
ea_dumbbell_one_arm_floor_fly,Dumbbell One Arm Floor Fly,Разведение гантели одной рукой лёжа на полу,dumbbell,Dumbbells,2,1,beginner,10,False,False,4,1,shoulder,exercises/men/Chest/Dumbbell One Arm Floor Fly.mp4,,assets/posters/men/ea_dumbbell_one_arm_floor_fly.jpg,,,False,False,Chest,False,True,True,1,1,NO_PURPOSE;NO_FEMALE_CLIP
ea_dumbbell_one_arm_floor_press,Dumbbell One Arm Floor Press,Жим гантели одной рукой лёжа на полу,dumbbell,Dumbbells,2,1,beginner,10,False,False,4,1,shoulder,exercises/men/Chest/Dumbbell One Arm Floor Press.mp4,,assets/posters/men/ea_dumbbell_one_arm_floor_press.jpg,,,False,False,Chest,False,True,True,1,1,NO_PURPOSE;NO_FEMALE_CLIP
ea_dumbbell_one_arm_front_raise,Dumbbell One Arm Front Raise,Подъём гантели одной рукой перед собой,dumbbell,Dumbbells,2,1,beginner,10,False,False,4,1,shoulder,exercises/men/Shoulders/Dumbbell One Arm Front Raise.mp4,,assets/posters/men/ea_dumbbell_one_arm_front_raise.jpg,,,False,False,Shoulders,False,True,True,1,1,NO_PURPOSE;NO_FEMALE_CLIP
ea_dumbbell_one_arm_hammer_preacher_curl,Dumbbell One Arm Hammer Preacher Curl,Сгибание рук с гантелью одной рукой на скамье Скотта молотковым хватом,preacher_curl_bench,Dumbbells,2,1,beginner,10,False,False,4,1,elbow,exercises/men/Biceps/Dumbbell One Arm Hammer Preacher Curl.mp4,,assets/posters/men/ea_dumbbell_one_arm_hammer_preacher_curl.jpg,,curl,True,False,Biceps,False,True,True,1,1,NO_PURPOSE;NO_FEMALE_CLIP
ea_dumbbell_one_arm_kickback,Dumbbell One Arm Kickback,Разгибание руки с гантелью в наклоне одной рукой,dumbbell,Dumbbells,2,1,beginner,10,False,False,4,1,elbow,exercises/men/Triceps/Dumbbell One Arm Kickback.mp4,,assets/posters/men/ea_dumbbell_one_arm_kickback.jpg,,,False,False,Triceps,False,True,True,1,1,NO_PURPOSE;NO_FEMALE_CLIP
ea_dumbbell_one_arm_lateral_raise,Dumbbell One Arm Lateral Raise,Подъём гантели одной рукой в сторону,dumbbell,Dumbbells,2,1,beginner,10,False,False,4,1,shoulder,exercises/men/Shoulders/Dumbbell One Arm Lateral Raise.mp4,,assets/posters/men/ea_dumbbell_one_arm_lateral_raise.jpg,,,False,False,Shoulders,False,True,True,1,1,NO_PURPOSE;NO_FEMALE_CLIP
ea_dumbbell_one_arm_low_fly,Dumbbell One Arm Low Fly,Разведение гантели одной рукой снизу,dumbbell,Dumbbells,2,1,beginner,10,False,False,4,1,shoulder,exercises/men/Shoulders/Dumbbell One Arm Low Fly.mp4,,assets/posters/men/ea_dumbbell_one_arm_low_fly.jpg,,,False,False,Shoulders,False,True,True,1,1,NO_PURPOSE;NO_FEMALE_CLIP
ea_dumbbell_one_arm_reverse_preacher_curl,Dumbbell One Arm Reverse Preacher Curl,Сгибание рук с гантелью одной рукой на скамье Скотта обратным хватом,preacher_curl_bench,Dumbbells,2,1,beginner,10,False,False,4,1,elbow,exercises/men/Biceps/Dumbbell One Arm Reverse Preacher Curl.mp4,,assets/posters/men/ea_dumbbell_one_arm_reverse_preacher_curl.jpg,,curl,True,False,Biceps,False,True,True,1,1,NO_PURPOSE;NO_FEMALE_CLIP
ea_dumbbell_one_arm_reverse_wrist_curl,Dumbbell One Arm Reverse Wrist Curl,Сгибание запястья с гантелью одной рукой обратным хватом,bench_press,Dumbbells,2,1,beginner,10,False,False,4,2,elbow|wrist,exercises/men/Forearms/Dumbbell One arm Reverse Wrist Curl.mp4,,assets/posters/men/ea_dumbbell_one_arm_reverse_wrist_curl.jpg,,curl,True,False,Forearms,False,True,True,1,1,NO_PURPOSE;NO_FEMALE_CLIP
ea_dumbbell_one_arm_row_rack_support,Dumbbell One Arm Row (rack Support),Тяга гантели одной рукой с опорой на стойку,squat_rack,Dumbbells,4,1,beginner,10,False,False,4,1,upper_back,exercises/men/Back/Dumbbell One Arm Row (rack support).mp4,,assets/posters/men/ea_dumbbell_one_arm_row_rack_support.jpg,,,False,False,Back,False,True,True,1,1,NO_PURPOSE;NO_FEMALE_CLIP
ea_dumbbell_one_arm_seated_neutral_wrist_curl,Dumbbell One Arm Seated Neutral Wrist Curl,Сгибание запястья с гантелью одной рукой сидя нейтральным хватом,bench_press,Dumbbells,1,1,beginner,10,False,False,4,2,elbow|wrist,exercises/men/Forearms/Dumbbell One Arm Seated Neutral Wrist Curl.mp4,,assets/posters/men/ea_dumbbell_one_arm_seated_neutral_wrist_curl.jpg,,,False,False,Forearms,False,True,True,1,1,NO_PURPOSE;NO_FEMALE_CLIP
ea_dumbbell_one_arm_shoulder_press_version_2,Dumbbell One Arm Shoulder Press (version 2),Жим гантели одной рукой от плеча (вариант 2),dumbbell,Dumbbells,2,1,beginner,10,False,False,4,1,shoulder,exercises/men/Shoulders/Dumbbell One Arm Shoulder Press (VERSION 2).mp4,,assets/posters/men/ea_dumbbell_one_arm_shoulder_press_version_2.jpg,,overhead_press,True,False,Shoulders,False,True,True,1,1,NO_PURPOSE;NO_FEMALE_CLIP
ea_dumbbell_one_arm_snatch,Dumbbell One Arm Snatch,Рывок гантели одной рукой,dumbbell,Dumbbells,6,3,beginner,10,False,False,4,3,lower_back|shoulder|wrist,exercises/men/Powerlifting/Dumbbell One Arm Snatch.mp4,,assets/posters/men/ea_dumbbell_one_arm_snatch.jpg,,,False,False,Powerlifting,False,True,True,1,1,NO_PURPOSE;NO_FEMALE_CLIP
ea_dumbbell_one_arm_triceps_extension_on_bench,Dumbbell One Arm Triceps Extension (on Bench),Разгибание на трицепс одной рукой с гантелью (на скамье),bench_press,Dumbbells,2,1,beginner,10,False,False,4,1,elbow,exercises/men/Triceps/Dumbbell One Arm Triceps Extension (on bench).mp4,,assets/posters/men/ea_dumbbell_one_arm_triceps_extension_on_bench.jpg,,,False,False,Triceps,False,True,True,1,1,NO_PURPOSE;NO_FEMALE_CLIP
ea_dumbbell_one_arm_wide_grip_bench_press,Dumbbell One Arm Wide Grip Bench Press,Жим лёжа одной рукой с гантелью широким хватом,bench_press,Dumbbells,3,1,beginner,10,False,False,4,1,shoulder,exercises/men/Chest/Dumbbell One Arm Wide Grip Bench Press.mp4,,assets/posters/men/ea_dumbbell_one_arm_wide_grip_bench_press.jpg,,,False,False,Chest,False,True,True,1,1,NO_PURPOSE;NO_FEMALE_CLIP
ea_dumbbell_one_arm_wrist_curl,Dumbbell One Arm Wrist Curl,Сгибание запястий одной рукой с гантелью,bench_press,Dumbbells,1,1,beginner,10,False,False,4,2,elbow|wrist,exercises/men/Forearms/Dumbbell One arm Wrist Curl.mp4,,assets/posters/men/ea_dumbbell_one_arm_wrist_curl.jpg,,curl,True,False,Forearms,False,True,True,1,1,NO_PURPOSE;NO_FEMALE_CLIP
ea_dumbbell_one_arm_zottman_preacher_curl,Dumbbell One Arm Zottman Preacher Curl,Сгибание Зоттмана одной рукой с гантелью на скамье Скотта,bench_press,Dumbbells,2,1,beginner,10,False,False,4,1,elbow,exercises/men/Biceps/Dumbbell One Arm Zottman Preacher Curl.mp4,,assets/posters/men/ea_dumbbell_one_arm_zottman_preacher_curl.jpg,,curl,True,False,Biceps,False,True,True,1,1,NO_PURPOSE;NO_FEMALE_CLIP
ea_dumbbell_over_bench_reverse_wrist_curl,Dumbbell Over Bench Reverse Wrist Curl,Обратное сгибание запястий с гантелью через скамью,bench_press,Dumbbells,1,1,beginner,10,False,False,4,2,elbow|wrist,exercises/men/Forearms/Dumbbell Over Bench Reverse Wrist Curl.mp4,,assets/posters/men/ea_dumbbell_over_bench_reverse_wrist_curl.jpg,,,False,False,Forearms,False,True,True,1,1,NO_PURPOSE;NO_FEMALE_CLIP
ea_dumbbell_over_bench_wrist_curl,Dumbbell Over Bench Wrist Curl,Сгибание запястий с гантелью через скамью,bench_press,Dumbbells,1,1,beginner,10,False,False,4,2,elbow|wrist,exercises/men/Forearms/Dumbbell Over Bench Wrist Curl.mp4,,assets/posters/men/ea_dumbbell_over_bench_wrist_curl.jpg,,,False,False,Forearms,False,True,True,1,1,NO_PURPOSE;NO_FEMALE_CLIP
ea_dumbbell_overhead_extension_seated,Dumbbell Overhead Extension Seated,Разгибание рук с гантелью над головой сидя,bench_press,Dumbbells,2,1,beginner,10,False,False,4,2,elbow|shoulder,exercises/men/Triceps/dumbbell overhead extension seated.mp4,,assets/posters/men/ea_dumbbell_overhead_extension_seated.jpg,,,False,False,Triceps,False,True,True,1,1,NO_PURPOSE;NO_FEMALE_CLIP
ea_dumbbell_overhead_extension_standing,Dumbbell Overhead Extension Standing,Разгибание рук с гантелью над головой стоя,dumbbell,Dumbbells,2,1,beginner,10,False,False,4,2,elbow|shoulder,exercises/men/Triceps/Dumbbell overhead extension standing.mp4,,assets/posters/men/ea_dumbbell_overhead_extension_standing.jpg,,,False,False,Triceps,False,True,True,1,1,NO_PURPOSE;NO_FEMALE_CLIP
ea_dumbbell_overhead_lunge,Dumbbell Overhead Lunge,Выпад с гантелями над головой,dumbbell,Dumbbells,4,2,beginner,10,False,False,4,3,hip|knee|shoulder,exercises/men/Legs/Dumbbell Overhead Lunge.mp4,,assets/posters/men/ea_dumbbell_overhead_lunge.jpg,,lunge,True,False,Legs,False,True,True,1,1,NO_PURPOSE;NO_FEMALE_CLIP
ea_dumbbell_overhead_side_bend,Dumbbell Overhead Side Bend,Наклоны в сторону с гантелью над головой,dumbbell,Dumbbells,1,0,beginner,10,True,True,5,1,shoulder,exercises/men/Abdominals/Dumbbell Overhead Side Bend.mp4,exercises/girl/Abdominals/Dumbbell Overhead Side Bend.mp4,assets/posters/men/ea_dumbbell_overhead_side_bend.jpg,assets/posters/girl/ea_dumbbell_overhead_side_bend.jpg,,False,False,Abdominals,False,True,True,1,1,NO_PRIMARY_MUSCLES
ea_dumbbell_overhead_sit_up,Dumbbell Overhead Sit-up,Скручивания с гантелью над головой,dumbbell,Dumbbells,3,1,beginner,10,False,False,4,3,lower_back|neck|shoulder,exercises/men/Abdominals/Dumbbell Overhead Sit-up.mp4,,assets/posters/men/ea_dumbbell_overhead_sit_up.jpg,,situp,True,False,Abdominals,False,True,True,1,1,NO_PURPOSE;NO_FEMALE_CLIP
ea_dumbbell_pendlay_row,Dumbbell Pendlay Row,Тяга Пендлая с гантелями,dumbbell,Dumbbells,1,0,beginner,10,True,True,5,2,lower_back|upper_back,exercises/men/Back/Dumbbell Pendlay Row.mp4,exercises/girl/Back/Dumbbell Pendlay Row.mp4,assets/posters/men/ea_dumbbell_pendlay_row.jpg,assets/posters/girl/ea_dumbbell_pendlay_row.jpg,,False,False,Back,False,True,True,1,1,NO_PRIMARY_MUSCLES
ea_dumbbell_plank_pullthrough,Dumbbell Plank Pullthrough,Протяжка гантели в планке,dumbbell,Dumbbells,1,0,beginner,10,True,True,5,2,elbow|wrist,exercises/men/Shoulders/Dumbbell Plank Pullthrough.mp4,exercises/girl/Shoulders/Dumbbell Plank Pullthrough.mp4,assets/posters/men/ea_dumbbell_plank_pullthrough.jpg,assets/posters/girl/ea_dumbbell_plank_pullthrough.jpg,pushup,True,False,Shoulders,False,True,True,1,1,NO_PRIMARY_MUSCLES
ea_dumbbell_preacher_curl,Dumbbell Preacher Curl,Сгибание на бицепс с гантелью на скамье Скотта,preacher_curl_bench,Dumbbells,2,1,beginner,10,False,False,4,1,elbow,exercises/men/Biceps/Dumbbell Preacher Curl.mp4,,assets/posters/men/ea_dumbbell_preacher_curl.jpg,,curl,True,False,Biceps,False,True,True,1,1,NO_PURPOSE;NO_FEMALE_CLIP
ea_dumbbell_preacher_curl_turned_torso,Dumbbell Preacher Curl (turned Torso),Сгибание на бицепс с гантелью на скамье Скотта (с поворотом корпуса),preacher_curl_bench,Dumbbells,2,1,beginner,10,False,False,4,1,elbow,exercises/men/Biceps/Dumbbell Preacher Curl (Turned Torso).mp4,,assets/posters/men/ea_dumbbell_preacher_curl_turned_torso.jpg,,curl,True,False,Biceps,False,True,True,1,1,NO_PURPOSE;NO_FEMALE_CLIP
ea_dumbbell_preacher_curl_over_exercise_ball,Dumbbell Preacher Curl Over Exercise Ball,Сгибание на бицепс с гантелями на фитболе,dumbbell,Dumbbells,2,1,beginner,10,False,False,4,1,elbow,exercises/men/Biceps/Dumbbell Preacher Curl over Exercise Ball.mp4,,assets/posters/men/ea_dumbbell_preacher_curl_over_exercise_ball.jpg,,curl,True,False,Biceps,False,True,True,1,1,NO_PURPOSE;NO_FEMALE_CLIP
ea_dumbbell_press_squat,Dumbbell Press Squat,Присед с жимом гантели,dumbbell,Dumbbells,6,3,beginner,10,False,False,4,4,ankle|hip|knee|shoulder,exercises/men/Legs/Dumbbell Press Squat.mp4,,assets/posters/men/ea_dumbbell_press_squat.jpg,,,False,False,Legs,False,True,True,1,1,NO_PURPOSE;NO_FEMALE_CLIP
ea_dumbbell_pronate_grip_triceps_extension,Dumbbell Pronate-grip Triceps Extension,Разгибание на трицепс с гантелями пронированным хватом,bench_press,Dumbbells,2,1,beginner,10,False,False,4,1,elbow,exercises/men/Triceps/Dumbbell Pronate-grip Triceps Extension.mp4,,assets/posters/men/ea_dumbbell_pronate_grip_triceps_extension.jpg,,,False,False,Triceps,False,True,True,1,1,NO_PURPOSE;NO_FEMALE_CLIP
ea_dumbbell_prone_incline_curl,Dumbbell Prone Incline Curl,Сгибание на бицепс с гантелями лёжа на наклонной скамье,bench_press,Dumbbells,2,1,beginner,10,False,False,4,1,elbow,exercises/men/Biceps/Dumbbell Prone Incline Curl.mp4,,assets/posters/men/ea_dumbbell_prone_incline_curl.jpg,,curl,True,False,Biceps,False,True,True,1,1,NO_PURPOSE;NO_FEMALE_CLIP
ea_dumbbell_prone_incline_hammer_curl,Dumbbell Prone Incline Hammer Curl,Молотковое сгибание на бицепс с гантелями лёжа на наклонной скамье,bench_press,Dumbbells,2,1,beginner,10,False,False,4,1,elbow,exercises/men/Biceps/Dumbbell Prone Incline Hammer Curl.mp4,,assets/posters/men/ea_dumbbell_prone_incline_hammer_curl.jpg,,curl,True,False,Biceps,False,True,True,1,1,NO_PURPOSE;NO_FEMALE_CLIP
ea_dumbbell_pullover,Dumbbell Pullover,Пуловер с гантелью,bench_press,Dumbbells,4,2,beginner,10,False,False,4,1,shoulder,exercises/men/Back/Dumbbell Pullover.mp4,,assets/posters/men/ea_dumbbell_pullover.jpg,,,False,False,Back,False,True,True,1,1,NO_PURPOSE;NO_FEMALE_CLIP
ea_dumbbell_pullover_version_2,Dumbbell Pullover (version 2),Пуловер с гантелью (вариант 2),bench_press,Dumbbells,4,2,beginner,10,False,False,4,1,shoulder,exercises/men/Back/Dumbbell Pullover (VERSION 2).mp4,,assets/posters/men/ea_dumbbell_pullover_version_2.jpg,,,False,False,Back,False,True,True,1,1,NO_PURPOSE;NO_FEMALE_CLIP
ea_dumbbell_pullover_hip_extension_on_exercise_ball,Dumbbell Pullover Hip Extension on Exercise Ball,Пуловер с гантелью и разгибание бедра на фитболе,dumbbell,Dumbbells,6,4,beginner,10,False,False,4,2,hip|shoulder,exercises/men/Calisthenics-Cardio-Plyo-Functional/Dumbbell Pullover Hip Extension on Exercise Ball.mp4,,assets/posters/men/ea_dumbbell_pullover_hip_extension_on_exercise_ball.jpg,,,False,False,Calisthenics-Cardio-Plyo-Functional,False,True,True,1,1,NO_PURPOSE;NO_FEMALE_CLIP
ea_dumbbell_pullover_on_floor,Dumbbell Pullover on Floor,Пуловер с гантелью на полу,dumbbell,Dumbbells,4,2,beginner,10,False,False,4,1,shoulder,exercises/men/Back/Dumbbell Pullover on floor.mp4,,assets/posters/men/ea_dumbbell_pullover_on_floor.jpg,,,False,False,Back,False,True,True,1,1,NO_PURPOSE;NO_FEMALE_CLIP
ea_dumbbell_push_press,Dumbbell Push Press,Жим гантелей с толчком,dumbbell,Dumbbells,4,2,beginner,10,False,False,4,2,knee|shoulder,exercises/men/Shoulders/Dumbbell Push Press.mp4,,assets/posters/men/ea_dumbbell_push_press.jpg,,overhead_press,True,False,Shoulders,False,True,True,1,1,NO_PURPOSE;NO_FEMALE_CLIP
ea_dumbbell_rdl_stretch_isometric,Dumbbell Rdl Stretch Isometric,Изометрическая растяжка в румынской тяге с гантелью,dumbbell,Dumbbells,3,2,beginner,10,False,False,4,1,lower_back,exercises/men/Stretching - Mobility/dumbbell rdl stretch isometric.mp4,,assets/posters/men/ea_dumbbell_rdl_stretch_isometric.jpg,,,False,True,Stretching - Mobility,False,True,True,1,1,NO_PURPOSE;NO_FEMALE_CLIP
ea_dumbbell_rear_delt_row,Dumbbell Rear Delt Row,Тяга гантели на заднюю дельту,bench_press,Dumbbells,3,2,beginner,10,False,False,4,2,shoulder|upper_back,exercises/men/Shoulders/Dumbbell Rear Delt Row.mp4,,assets/posters/men/ea_dumbbell_rear_delt_row.jpg,,,False,False,Shoulders,False,True,True,1,1,NO_PURPOSE;NO_FEMALE_CLIP
ea_dumbbell_rear_full_shrugs,Dumbbell Rear Full Shrugs,Шраги с гантелями за спиной,dumbbell,Dumbbells,2,1,beginner,10,False,False,3,3,lower_back|neck|upper_back,exercises/men/Shoulders/Dumbbell Rear Full Shrugs.mp4,,assets/posters/men/ea_dumbbell_rear_full_shrugs.jpg,,,False,False,Shoulders,False,True,True,1,1,NO_PURPOSE;NO_FEMALE_CLIP
ea_dumbbell_rear_lateral_raise,Dumbbell Rear Lateral Raise,Разведение гантелей в наклоне на заднюю дельту,dumbbell,Dumbbells,2,1,beginner,10,False,False,4,1,shoulder,exercises/men/Shoulders/Dumbbell Rear Lateral Raise.mp4,,assets/posters/men/ea_dumbbell_rear_lateral_raise.jpg,,,False,False,Shoulders,False,True,True,1,1,NO_PURPOSE;NO_FEMALE_CLIP
ea_dumbbell_rear_lunge,Dumbbell Rear Lunge,Выпады назад с гантелями,dumbbell,Dumbbells,4,2,beginner,10,False,False,4,2,hip|knee,exercises/men/Legs/Dumbbell Rear Lunge.mp4,,assets/posters/men/ea_dumbbell_rear_lunge.jpg,,lunge,True,False,Legs,False,True,True,1,1,NO_PURPOSE;NO_FEMALE_CLIP
ea_dumbbell_rear_lunge_from_step,Dumbbell Rear Lunge From Step,Выпады назад с гантелями со степа,dumbbell,Dumbbells,4,2,beginner,10,False,False,4,2,hip|knee,exercises/men/Legs/Dumbbell Rear Lunge from Step.mp4,,assets/posters/men/ea_dumbbell_rear_lunge_from_step.jpg,,lunge,True,False,Legs,False,True,True,1,1,NO_PURPOSE;NO_FEMALE_CLIP
ea_dumbbell_renegade_row,Dumbbell Renegade Row,Тяга гантели в планке (Renegade Row),dumbbell,Dumbbells,4,2,beginner,10,False,False,4,1,upper_back,exercises/men/Back/Dumbbell Renegade Row.mp4,,assets/posters/men/ea_dumbbell_renegade_row.jpg,,,False,False,Back,False,True,True,1,1,NO_PURPOSE;NO_FEMALE_CLIP
ea_dumbbell_reverse_fly,Dumbbell Reverse Fly,Разведение гантелей в наклоне (обратные разведения),bench_press,Dumbbells,1,1,beginner,10,False,False,4,2,shoulder|upper_back,exercises/men/Shoulders/Dumbbell Reverse Fly.mp4,,assets/posters/men/ea_dumbbell_reverse_fly.jpg,,,False,False,Shoulders,False,True,True,1,1,NO_PURPOSE;NO_FEMALE_CLIP
ea_dumbbell_reverse_grip_biceps_curl,Dumbbell Reverse Grip Biceps Curl,Сгибание рук с гантелями обратным хватом,dumbbell,Dumbbells,2,1,beginner,10,False,False,4,1,elbow,exercises/men/Biceps/Dumbbell Reverse grip Biceps Curl.mp4,,assets/posters/men/ea_dumbbell_reverse_grip_biceps_curl.jpg,,curl,True,False,Biceps,False,True,True,1,1,NO_PURPOSE;NO_FEMALE_CLIP
ea_dumbbell_reverse_lunge_on_the_spot,Dumbbell Reverse Lunge on the Spot,Выпады назад с гантелями на месте,dumbbell,Dumbbells,4,2,beginner,10,False,False,4,2,hip|knee,exercises/men/Legs/Dumbbell Reverse Lunge on the spot.mp4,,assets/posters/men/ea_dumbbell_reverse_lunge_on_the_spot.jpg,,lunge,True,False,Legs,False,True,True,2,1,NO_PURPOSE;NO_FEMALE_CLIP;SHARED_SUMMARY
ea_dumbbell_reverse_lunges_pulses,Dumbbell Reverse Lunges Pulses,Пульсирующие выпады назад с гантелями,dumbbell,Dumbbells,4,2,beginner,10,False,False,4,2,hip|knee,exercises/men/Legs/Dumbbell reverse lunges pulses.mp4,,assets/posters/men/ea_dumbbell_reverse_lunges_pulses.jpg,,lunge,True,False,Legs,False,True,True,2,1,NO_PURPOSE;NO_FEMALE_CLIP;SHARED_SUMMARY
ea_dumbbell_reverse_spider_curl,Dumbbell Reverse Spider Curl,Сгибание рук с гантелями обратным хватом на наклонной скамье (Spider Curl),bench_press,Dumbbells,2,1,beginner,10,False,False,4,1,elbow,exercises/men/Biceps/Dumbbell Reverse Spider Curl.mp4,,assets/posters/men/ea_dumbbell_reverse_spider_curl.jpg,,curl,True,False,Biceps,False,True,True,1,1,NO_PURPOSE;NO_FEMALE_CLIP
ea_dumbbell_reverse_wrist_curl,Dumbbell Reverse Wrist Curl,Сгибание запястий с гантелями обратным хватом,bench_press,Dumbbells,1,0,beginner,10,False,False,4,2,elbow|wrist,exercises/men/Forearms/Dumbbell Reverse Wrist Curl.mp4,,assets/posters/men/ea_dumbbell_reverse_wrist_curl.jpg,,curl,True,False,Forearms,False,True,True,1,1,NO_PRIMARY_MUSCLES;NO_PURPOSE;NO_FEMALE_CLIP
ea_dumbbell_romanian_deadlift,Dumbbell Romanian Deadlift,Румынская тяга с гантелями,dumbbell,Dumbbells,4,2,beginner,10,False,False,4,2,hip|lower_back,exercises/men/Back/Dumbbell Romanian Deadlift.mp4,,assets/posters/men/ea_dumbbell_romanian_deadlift.jpg,,hinge,True,False,Back,False,True,True,1,1,NO_PURPOSE;NO_FEMALE_CLIP
ea_dumbbell_russian_twist_with_legs_floor_off,Dumbbell Russian Twist with Legs Floor Off,Русские скручивания с гантелью с поднятыми ногами,dumbbell,Dumbbells,2,1,beginner,10,False,False,4,0,,exercises/men/Abdominals/Dumbbell Russian Twist with Legs Floor Off.mp4,,assets/posters/men/ea_dumbbell_russian_twist_with_legs_floor_off.jpg,,,False,False,Abdominals,False,True,True,1,1,NO_CONTRAINDICATION_TAGS;NO_PURPOSE;NO_FEMALE_CLIP
ea_dumbbell_scott_press,Dumbbell Scott Press,Жим Скотта с гантелями,dumbbell,Dumbbells,2,1,beginner,10,False,False,4,1,shoulder,exercises/men/Shoulders/Dumbbell Scott Press.mp4,,assets/posters/men/ea_dumbbell_scott_press.jpg,,,False,False,Shoulders,False,True,True,2,2,NO_PURPOSE;NO_FEMALE_CLIP;SHARED_SUMMARY;SHARED_STEPS
ea_dumbbell_scott_press_360_degrees,Dumbbell Scott Press (360 Degrees),Жим Скотта с гантелями (360 градусов),dumbbell,Dumbbells,2,1,beginner,10,False,False,4,1,shoulder,exercises/men/Shoulders/Dumbbell Scott Press (360 degrees).mp4,,assets/posters/men/ea_dumbbell_scott_press_360_degrees.jpg,,,False,False,Shoulders,False,True,True,2,2,NO_PURPOSE;NO_FEMALE_CLIP;SHARED_SUMMARY;SHARED_STEPS
ea_dumbbell_seated_alternate_front_raise,Dumbbell Seated Alternate Front Raise,Попеременный подъём гантелей перед собой сидя,bench_press,Dumbbells,2,1,beginner,10,False,False,4,1,shoulder,exercises/men/Shoulders/Dumbbell Seated Alternate Front Raise.mp4,,assets/posters/men/ea_dumbbell_seated_alternate_front_raise.jpg,,,False,False,Shoulders,False,True,True,1,1,NO_PURPOSE;NO_FEMALE_CLIP
ea_dumbbell_seated_alternate_press,Dumbbell Seated Alternate Press,Попеременный жим гантелей сидя,bench_press,Dumbbells,2,1,beginner,10,False,False,4,1,shoulder,exercises/men/Shoulders/Dumbbell Seated Alternate Press.mp4,,assets/posters/men/ea_dumbbell_seated_alternate_press.jpg,,,False,False,Shoulders,False,True,True,1,1,NO_PURPOSE;NO_FEMALE_CLIP
ea_dumbbell_seated_alternate_shoulder_press,Dumbbell Seated Alternate Shoulder Press,Попеременный жим гантелей сидя на плечи,bench_press,Dumbbells,2,1,beginner,10,False,False,4,1,shoulder,exercises/men/Shoulders/Dumbbell Seated Alternate Shoulder Press.mp4,,assets/posters/men/ea_dumbbell_seated_alternate_shoulder_press.jpg,,,False,False,Shoulders,False,True,True,1,1,NO_PURPOSE;NO_FEMALE_CLIP
ea_dumbbell_seated_bench_extension,Dumbbell Seated Bench Extension,Разгибание рук с гантелью сидя на скамье,bench_press,Dumbbells,2,1,beginner,10,False,False,4,0,,exercises/men/Triceps/Dumbbell Seated Bench Extension.mp4,,assets/posters/men/ea_dumbbell_seated_bench_extension.jpg,,,False,False,Triceps,False,True,True,1,1,NO_CONTRAINDICATION_TAGS;NO_PURPOSE;NO_FEMALE_CLIP
ea_dumbbell_seated_calf_raise,Dumbbell Seated Calf Raise,Подъём на носки сидя с гантелями,bench_press,Dumbbells,1,1,beginner,10,False,False,4,1,ankle,exercises/men/Legs/Dumbbell Seated Calf Raise.mp4,,assets/posters/men/ea_dumbbell_seated_calf_raise.jpg,,,False,False,Legs,False,True,True,1,1,NO_PURPOSE;NO_FEMALE_CLIP
ea_dumbbell_seated_curl,Dumbbell Seated Curl,Сгибание рук с гантелями сидя,bench_press,Dumbbells,2,1,beginner,10,False,False,4,1,elbow,exercises/men/Biceps/Dumbbell Seated Curl.mp4,,assets/posters/men/ea_dumbbell_seated_curl.jpg,,,False,False,Biceps,False,True,True,1,1,NO_PURPOSE;NO_FEMALE_CLIP
ea_dumbbell_seated_front_raise,Dumbbell Seated Front Raise,Подъём гантелей перед собой сидя,bench_press,Dumbbells,2,1,beginner,10,False,False,4,1,shoulder,exercises/men/Shoulders/Dumbbell Seated Front Raise.mp4,,assets/posters/men/ea_dumbbell_seated_front_raise.jpg,,,False,False,Shoulders,False,True,True,1,1,NO_PURPOSE;NO_FEMALE_CLIP
ea_dumbbell_seated_hammer_curl,Dumbbell Seated Hammer Curl,Молотковые сгибания рук с гантелями сидя,bench_press,Dumbbells,2,1,beginner,10,False,False,4,1,elbow,exercises/men/Biceps/Dumbbell Seated Hammer Curl.mp4,,assets/posters/men/ea_dumbbell_seated_hammer_curl.jpg,,,False,False,Biceps,False,True,True,1,1,NO_PURPOSE;NO_FEMALE_CLIP
ea_dumbbell_seated_kickback,Dumbbell Seated Kickback,Разгибание рук назад с гантелями сидя,bench_press,Dumbbells,2,1,beginner,10,False,False,4,1,elbow,exercises/men/Triceps/Dumbbell Seated Kickback.mp4,,assets/posters/men/ea_dumbbell_seated_kickback.jpg,,,False,False,Triceps,False,True,True,1,1,NO_PURPOSE;NO_FEMALE_CLIP
ea_dumbbell_seated_lateral_raise,Dumbbell Seated Lateral Raise,Разведение гантелей в стороны сидя,bench_press,Dumbbells,2,1,beginner,10,False,False,3,1,shoulder,exercises/men/Shoulders/Dumbbell Seated Lateral Raise.mp4,,assets/posters/men/ea_dumbbell_seated_lateral_raise.jpg,,,False,False,Shoulders,False,True,True,1,1,NO_PURPOSE;NO_FEMALE_CLIP
ea_dumbbell_seated_neutral_wrist_curl,Dumbbell Seated Neutral Wrist Curl,Сгибание запястий с гантелями нейтральным хватом сидя,bench_press,Dumbbells,2,1,beginner,10,False,False,4,2,elbow|wrist,exercises/men/Forearms/Dumbbell Seated Neutral Wrist Curl.mp4,,assets/posters/men/ea_dumbbell_seated_neutral_wrist_curl.jpg,,,False,False,Forearms,False,True,True,1,1,NO_PURPOSE;NO_FEMALE_CLIP
ea_dumbbell_seated_on_exercise_ball_shoulder_press,Dumbbell Seated on Exercise Ball Shoulder Press,Жим гантелей на плечи сидя на фитболе,dumbbell,Dumbbells,2,1,beginner,10,False,False,4,1,shoulder,exercises/men/Shoulders/dumbbell seated on exercise ball shoulder press.mp4,,assets/posters/men/ea_dumbbell_seated_on_exercise_ball_shoulder_press.jpg,,,False,False,Shoulders,False,True,True,1,1,NO_PURPOSE;NO_FEMALE_CLIP
ea_dumbbell_seated_one_leg_calf_raise_hammer_grip,Dumbbell Seated One Leg Calf Raise Hammer Grip,Подъёмы на носок одной ногой сидя с гантелью молотковым хватом,bench_press,Dumbbells,1,1,beginner,10,False,False,3,1,ankle,exercises/men/Legs/Dumbbell Seated One Leg Calf Raise Hammer Grip.mp4,,assets/posters/men/ea_dumbbell_seated_one_leg_calf_raise_hammer_grip.jpg,,,False,False,Legs,False,True,True,1,1,NO_PURPOSE;NO_FEMALE_CLIP
ea_dumbbell_seated_preacher_curl,Dumbbell Seated Preacher Curl,Сгибание рук с гантелями на скамье Скотта сидя,preacher_curl_bench,Dumbbells,2,1,beginner,10,False,False,4,1,elbow,exercises/men/Biceps/Dumbbell Seated Preacher Curl.mp4,,assets/posters/men/ea_dumbbell_seated_preacher_curl.jpg,,,False,False,Biceps,False,True,True,1,1,NO_PURPOSE;NO_FEMALE_CLIP
ea_dumbbell_seated_reverse_close_grip_press,Dumbbell Seated Reverse Close Grip Press,Жим гантелей обратным узким хватом сидя,bench_press,Dumbbells,2,1,beginner,10,False,False,3,2,elbow|shoulder,exercises/men/Shoulders/Dumbbell Seated Reverse Close Grip Press.mp4,,assets/posters/men/ea_dumbbell_seated_reverse_close_grip_press.jpg,,,False,False,Shoulders,False,True,True,1,1,NO_PURPOSE;NO_FEMALE_CLIP
ea_dumbbell_seated_reverse_grip_concentration_curl,Dumbbell Seated Reverse Grip Concentration Curl,Концентрированное сгибание рук с гантелью обратным хватом сидя,bench_press,Dumbbells,2,1,beginner,10,False,False,4,1,elbow,exercises/men/Biceps/Dumbbell Seated Reverse grip Concentration Curl.mp4,,assets/posters/men/ea_dumbbell_seated_reverse_grip_concentration_curl.jpg,,,False,False,Biceps,False,True,True,1,1,NO_PURPOSE;NO_FEMALE_CLIP
ea_dumbbell_seated_shoulder_press,Dumbbell Seated Shoulder Press,Жим гантелей на плечи сидя,bench_press,Dumbbells,2,1,beginner,10,False,False,4,1,shoulder,exercises/men/Shoulders/Dumbbell Seated Shoulder Press.mp4,,assets/posters/men/ea_dumbbell_seated_shoulder_press.jpg,,,False,False,Shoulders,False,True,True,1,1,NO_PURPOSE;NO_FEMALE_CLIP
ea_dumbbell_seated_shoulder_press_parallel_grip,Dumbbell Seated Shoulder Press Parallel Grip,Жим гантелей на плечи сидя параллельным хватом,bench_press,Dumbbells,2,1,beginner,10,False,False,4,1,shoulder,exercises/men/Shoulders/dumbbell seated shoulder press parallel grip.mp4,,assets/posters/men/ea_dumbbell_seated_shoulder_press_parallel_grip.jpg,,,False,False,Shoulders,False,True,True,1,1,NO_PURPOSE;NO_FEMALE_CLIP
ea_dumbbell_seated_zottman_curl,Dumbbell Seated Zottman Curl,Сгибание Зоттмана сидя с гантелями,bench_press,Dumbbells,1,0,beginner,10,True,True,5,1,elbow,exercises/men/Biceps/Dumbbell Seated Zottman Curl.mp4,exercises/girl/Biceps/Dumbbell Seated Zottman Curl.mp4,assets/posters/men/ea_dumbbell_seated_zottman_curl.jpg,assets/posters/girl/ea_dumbbell_seated_zottman_curl.jpg,,False,False,Biceps,False,True,True,1,1,NO_PRIMARY_MUSCLES
ea_dumbbell_shoulder_extension,Dumbbell Shoulder Extension,Разгибание плеча с гантелью,dumbbell,Dumbbells,1,0,beginner,10,True,True,5,0,,exercises/men/Shoulders/Dumbbell Shoulder Extension.mp4,exercises/girl/Shoulders/Dumbbell Shoulder Extension.mp4,assets/posters/men/ea_dumbbell_shoulder_extension.jpg,assets/posters/girl/ea_dumbbell_shoulder_extension.jpg,,False,False,Shoulders,False,True,True,1,1,NO_CONTRAINDICATION_TAGS;NO_PRIMARY_MUSCLES
ea_dumbbell_shrugs,Dumbbell Shrugs,Шраги с гантелями,dumbbell,Dumbbells,2,1,beginner,10,False,False,4,3,lower_back|neck|upper_back,exercises/men/Shoulders/dumbbell shrugs.mp4,,assets/posters/men/ea_dumbbell_shrugs.jpg,,,False,False,Shoulders,False,True,True,1,1,NO_PURPOSE;NO_FEMALE_CLIP
ea_dumbbell_side_bend,Dumbbell Side Bend,Наклоны в сторону с гантелью,dumbbell,Dumbbells,2,1,beginner,10,False,False,4,0,,exercises/men/Abdominals/Dumbbell Side Bend.mp4,,assets/posters/men/ea_dumbbell_side_bend.jpg,,,False,False,Abdominals,False,True,True,1,1,NO_CONTRAINDICATION_TAGS;NO_PURPOSE;NO_FEMALE_CLIP
ea_dumbbell_side_lunge_alternating,Dumbbell Side Lunge Alternating,Выпады в сторону с гантелями попеременно,dumbbell,Dumbbells,4,2,beginner,10,False,False,4,2,hip|knee,exercises/men/Legs/Dumbbell Side Lunge Alternating.mp4,,assets/posters/men/ea_dumbbell_side_lunge_alternating.jpg,,lunge,True,False,Legs,False,True,True,2,1,NO_PURPOSE;NO_FEMALE_CLIP;SHARED_SUMMARY
ea_dumbbell_side_lunge_left_n_right,Dumbbell Side Lunge Left N Right,Выпады в сторону с гантелями (левая и правая),dumbbell,Dumbbells,4,2,beginner,10,False,False,4,2,hip|knee,exercises/men/Legs/dumbbell side lunge left n right.mp4,,assets/posters/men/ea_dumbbell_side_lunge_left_n_right.jpg,,lunge,True,False,Legs,False,True,True,2,1,NO_PURPOSE;NO_FEMALE_CLIP;SHARED_SUMMARY
ea_dumbbell_side_lunge_single_leg,Dumbbell Side Lunge Single Leg,Выпад в сторону на одной ноге с гантелью,dumbbell,Dumbbells,4,2,beginner,10,False,False,4,2,hip|knee,exercises/men/Legs/Dumbbell Side Lunge Single Leg.mp4,,assets/posters/men/ea_dumbbell_side_lunge_single_leg.jpg,,lunge,True,False,Legs,False,True,True,1,1,NO_PURPOSE;NO_FEMALE_CLIP
ea_dumbbell_side_lying_one_hand_raise,Dumbbell Side Lying One Hand Raise,Подъём гантели одной рукой лёжа на боку,bench_press,Dumbbells,2,1,beginner,10,False,False,4,2,hip|shoulder,exercises/men/Shoulders/Dumbbell Side Lying One Hand Raise.mp4,,assets/posters/men/ea_dumbbell_side_lying_one_hand_raise.jpg,,,False,False,Shoulders,False,True,True,1,1,NO_PURPOSE;NO_FEMALE_CLIP
ea_dumbbell_side_plank_up_down,Dumbbell Side Plank Up Down,Боковая планка с гантелью вверх-вниз,dumbbell,Dumbbells,1,0,beginner,10,True,True,5,2,elbow|wrist,exercises/men/Abdominals/Dumbbell Side Plank Up Down.mp4,exercises/girl/Abdominals/Dumbbell Side Plank Up Down.mp4,assets/posters/men/ea_dumbbell_side_plank_up_down.jpg,assets/posters/girl/ea_dumbbell_side_plank_up_down.jpg,pushup,True,False,Abdominals,False,True,True,1,1,NO_PRIMARY_MUSCLES
ea_dumbbell_side_plank_with_rear_fly,Dumbbell Side Plank with Rear Fly,Боковая планка с разведением гантели назад,dumbbell,Dumbbells,2,2,beginner,10,False,False,4,4,elbow|shoulder|upper_back|wrist,exercises/men/Abdominals/Dumbbell Side Plank with Rear Fly.mp4,,assets/posters/men/ea_dumbbell_side_plank_with_rear_fly.jpg,,pushup,True,False,Abdominals,False,True,True,1,1,NO_PURPOSE;NO_FEMALE_CLIP
ea_dumbbell_side_squat_side_to_side,Dumbbell Side Squat Side to Side,Приседания в сторону с гантелью (из стороны в сторону),dumbbell,Dumbbells,3,2,beginner,10,False,False,4,3,ankle|hip|knee,exercises/men/Legs/Dumbbell Side Squat Side to Side.mp4,,assets/posters/men/ea_dumbbell_side_squat_side_to_side.jpg,,,False,False,Legs,False,True,True,1,1,NO_PURPOSE;NO_FEMALE_CLIP
ea_dumbbell_silverback_shrug,Dumbbell Silverback Shrug,Шраги «Серебряная спина» с гантелями,dumbbell,Dumbbells,1,0,beginner,10,True,True,5,3,lower_back|neck|upper_back,exercises/men/Shoulders/Dumbbell Silverback Shrug.mp4,exercises/girl/Shoulders/Dumbbell Silverback Shrug.mp4,assets/posters/men/ea_dumbbell_silverback_shrug.jpg,assets/posters/girl/ea_dumbbell_silverback_shrug.jpg,,False,False,Shoulders,False,True,True,1,1,NO_PRIMARY_MUSCLES
ea_dumbbell_simultaneous_biceps_curl,Dumbbell Simultaneous Biceps Curl,Одновременное сгибание на бицепс с гантелями,dumbbell,Dumbbells,2,1,beginner,10,False,False,4,1,elbow,exercises/men/Biceps/Dumbbell Simultaneous Biceps Curl.mp4,,assets/posters/men/ea_dumbbell_simultaneous_biceps_curl.jpg,,curl,True,False,Biceps,False,True,True,1,1,NO_PURPOSE;NO_FEMALE_CLIP
ea_dumbbell_single_arm_floor_press,Dumbbell Single Arm Floor Press,Жим гантели одной рукой лёжа на полу,dumbbell,Dumbbells,3,1,beginner,10,False,False,4,1,shoulder,exercises/men/Chest/Dumbbell Single Arm Floor Press.mp4,,assets/posters/men/ea_dumbbell_single_arm_floor_press.jpg,,,False,False,Chest,False,True,True,1,1,NO_PURPOSE;NO_FEMALE_CLIP
ea_dumbbell_single_arm_floor_press_from_close_elbow,Dumbbell Single Arm Floor Press From Close Elbow,Жим гантели одной рукой лёжа на полу с прижатым локтем,dumbbell,Dumbbells,3,1,beginner,10,False,False,4,1,shoulder,exercises/men/Chest/Dumbbell Single Arm Floor Press From Close Elbow.mp4,,assets/posters/men/ea_dumbbell_single_arm_floor_press_from_close_elbow.jpg,,,False,False,Chest,False,True,True,1,1,NO_PURPOSE;NO_FEMALE_CLIP
ea_dumbbell_single_arm_overhead_carry,Dumbbell Single Arm Overhead Carry,Прогулка с гантелью над головой одной рукой,dumbbell,Dumbbells,2,1,beginner,10,False,False,3,1,shoulder,exercises/men/Calisthenics-Cardio-Plyo-Functional/Dumbbell Single Arm Overhead Carry.mp4,,assets/posters/men/ea_dumbbell_single_arm_overhead_carry.jpg,,,False,False,Calisthenics-Cardio-Plyo-Functional,False,True,True,1,1,NO_PURPOSE;NO_FEMALE_CLIP
ea_dumbbell_single_arm_overhead_lunge,Dumbbell Single Arm Overhead Lunge,Выпады с гантелью над головой одной рукой,dumbbell,Kettlebells,5,3,beginner,10,False,False,4,3,hip|knee|shoulder,exercises/men/Legs/Dumbbell Single Arm Overhead Lunge.mp4,,assets/posters/men/ea_dumbbell_single_arm_overhead_lunge.jpg,,lunge,True,False,Legs,False,True,True,1,1,NO_PURPOSE;NO_FEMALE_CLIP
ea_dumbbell_single_arm_starfish_crunch,Dumbbell Single Arm Starfish Crunch,Скручивания «Морская звезда» с гантелью одной рукой,dumbbell,Dumbbells,4,1,beginner,10,False,False,4,2,lower_back|neck,exercises/men/Abdominals/Dumbbell Single Arm Starfish Crunch.mp4,,assets/posters/men/ea_dumbbell_single_arm_starfish_crunch.jpg,,situp,True,False,Abdominals,False,True,True,1,1,NO_PURPOSE;NO_FEMALE_CLIP
ea_dumbbell_single_arm_underhand_front_raise,Dumbbell Single Arm Underhand Front Raise,Подъём гантели перед собой одной рукой обратным хватом,dumbbell,Dumbbells,3,1,beginner,10,False,False,4,1,shoulder,exercises/men/Shoulders/Dumbbell Single Arm Underhand Front Raise.mp4,,assets/posters/men/ea_dumbbell_single_arm_underhand_front_raise.jpg,,,False,False,Shoulders,False,True,True,1,1,NO_PURPOSE;NO_FEMALE_CLIP
ea_dumbbell_single_arm_upright_row,Dumbbell Single Arm Upright Row,Тяга гантели к подбородку одной рукой,dumbbell,Dumbbells,1,0,beginner,10,True,True,5,3,neck|shoulder|upper_back,exercises/men/Shoulders/Dumbbell Single Arm Upright Row.mp4,exercises/girl/Shoulders/Dumbbell Single Arm Upright Row.mp4,assets/posters/men/ea_dumbbell_single_arm_upright_row.jpg,assets/posters/girl/ea_dumbbell_single_arm_upright_row.jpg,,False,False,Shoulders,False,True,True,1,1,NO_PRIMARY_MUSCLES
ea_dumbbell_single_leg_calf_raise_wall_support,Dumbbell Single Leg Calf Raise Wall Support,Подъём на носки на одной ноге с гантелью и опорой у стены,dumbbell,Dumbbells,1,1,beginner,10,False,False,4,1,ankle,exercises/men/Legs/Dumbbell Single Leg Calf Raise Wall Support.mp4,,assets/posters/men/ea_dumbbell_single_leg_calf_raise_wall_support.jpg,,calf_raise,True,False,Legs,False,True,True,1,1,NO_PURPOSE;NO_FEMALE_CLIP
ea_dumbbell_single_leg_deadlift,Dumbbell Single Leg Deadlift,Становая тяга на одной ноге с гантелью,dumbbell,Dumbbells,3,2,beginner,10,False,False,4,2,hip|lower_back,exercises/men/Legs/Dumbbell Single Leg Deadlift.mp4,,assets/posters/men/ea_dumbbell_single_leg_deadlift.jpg,,hinge,True,False,Legs,False,True,True,1,1,NO_PURPOSE;NO_FEMALE_CLIP
ea_dumbbell_single_leg_glute_bridge,Dumbbell Single Leg Glute Bridge,Ягодичный мост на одной ноге с гантелью,dumbbell,Dumbbells,3,2,beginner,10,False,False,4,1,hip,exercises/men/Yoga/Dumbbell Single Leg Glute Bridge.mp4,,assets/posters/men/ea_dumbbell_single_leg_glute_bridge.jpg,,hinge,True,True,Yoga,False,True,True,1,1,NO_PURPOSE;NO_FEMALE_CLIP
ea_dumbbell_single_leg_hip_thrust,Dumbbell Single Leg Hip Thrust,Ягодичный мост на одной ноге с гантелью,bench_press,Dumbbells,1,0,beginner,10,True,True,5,1,hip,exercises/men/Legs/Dumbbell Single Leg Hip Thrust.mp4,exercises/girl/Legs/Dumbbell Single Leg Hip Thrust.mp4,assets/posters/men/ea_dumbbell_single_leg_hip_thrust.jpg,assets/posters/girl/ea_dumbbell_single_leg_hip_thrust.jpg,hinge,True,False,Legs,False,True,True,1,1,NO_PRIMARY_MUSCLES
ea_dumbbell_single_leg_single_arm_deadlift,Dumbbell Single Leg Single Arm Deadlift,Становая тяга на одной ноге с гантелью в одной руке,dumbbell,Dumbbells,1,0,beginner,10,True,True,5,2,hip|lower_back,exercises/men/Legs/Dumbbell Single Leg Single Arm Deadlift.mp4,exercises/girl/Legs/Dumbbell Single Leg Single Arm Deadlift.mp4,assets/posters/men/ea_dumbbell_single_leg_single_arm_deadlift.jpg,assets/posters/girl/ea_dumbbell_single_leg_single_arm_deadlift.jpg,hinge,True,False,Legs,False,True,True,1,1,NO_PRIMARY_MUSCLES
ea_dumbbell_single_leg_split_squat,Dumbbell Single Leg Split Squat,Болгарский сплит-присед на одной ноге с гантелями,bench_press,Dumbbells,4,2,beginner,10,False,False,4,3,ankle|hip|knee,exercises/men/Legs/Dumbbell Single Leg Split Squat.mp4,,assets/posters/men/ea_dumbbell_single_leg_split_squat.jpg,,lunge,True,False,Legs,False,True,True,1,1,NO_PURPOSE;NO_FEMALE_CLIP
ea_dumbbell_single_leg_squat,Dumbbell Single Leg Squat,Присед на одной ноге с гантелями,dumbbell,Dumbbells,3,1,beginner,10,False,False,4,3,ankle|hip|knee,exercises/men/Legs/Dumbbell Single Leg Squat.mp4,,assets/posters/men/ea_dumbbell_single_leg_squat.jpg,,,False,False,Legs,False,True,True,1,1,NO_PURPOSE;NO_FEMALE_CLIP
ea_dumbbell_single_leg_squat_with_support_pistol,Dumbbell Single Leg Squat with Support (pistol),Присед на одной ноге с гантелью с опорой (пистолет),squat_rack,Dumbbells,4,1,beginner,10,False,False,4,3,ankle|hip|knee,exercises/men/Legs/Dumbbell Single Leg Squat with Support (pistol).mp4,,assets/posters/men/ea_dumbbell_single_leg_squat_with_support_pistol.jpg,,,False,False,Legs,False,True,True,1,1,NO_PURPOSE;NO_FEMALE_CLIP
ea_dumbbell_single_leg_step_up,Dumbbell Single Leg Step-up,Зашагивание на платформу на одной ноге с гантелями,dumbbell,Dumbbells,4,2,beginner,10,False,False,4,2,hip|knee,exercises/men/Legs/Dumbbell Single Leg Step-Up.mp4,,assets/posters/men/ea_dumbbell_single_leg_step_up.jpg,,lunge,True,False,Legs,False,True,True,1,1,NO_PURPOSE;NO_FEMALE_CLIP
ea_dumbbell_skullcrusher,Dumbbell Skullcrusher,Разгибание рук с гантелями лёжа,bench_press,Dumbbells,1,0,beginner,10,True,True,5,0,,exercises/men/Triceps/Dumbbell Skullcrusher.mp4,exercises/girl/Triceps/Dumbbell Skullcrusher.mp4,assets/posters/men/ea_dumbbell_skullcrusher.jpg,assets/posters/girl/ea_dumbbell_skullcrusher.jpg,,False,False,Triceps,False,True,True,1,1,NO_CONTRAINDICATION_TAGS;NO_PRIMARY_MUSCLES
ea_dumbbell_split_squat,Dumbbell Split Squat,Сплит-присед с гантелями,dumbbell,Dumbbells,4,1,beginner,10,False,False,4,3,ankle|hip|knee,exercises/men/Legs/Dumbbell Split Squat.mp4,,assets/posters/men/ea_dumbbell_split_squat.jpg,,lunge,True,False,Legs,False,True,True,1,1,NO_PURPOSE;NO_FEMALE_CLIP
ea_dumbbell_squats,Dumbbell Squats,Приседания с гантелями,dumbbell,Dumbbells,4,2,beginner,10,False,False,4,3,ankle|hip|knee,exercises/men/Legs/Dumbbell Squats.mp4,,assets/posters/men/ea_dumbbell_squats.jpg,,,False,False,Legs,False,True,True,1,1,NO_PURPOSE;NO_FEMALE_CLIP
ea_dumbbell_squats_to_shoulder_press,Dumbbell Squats to Shoulder Press,Приседания с гантелями с жимом над головой,dumbbell,Dumbbells,5,2,beginner,10,False,False,4,4,ankle|hip|knee|shoulder,exercises/men/Legs/Dumbbell Squats to Shoulder Press.mp4,,assets/posters/men/ea_dumbbell_squats_to_shoulder_press.jpg,,overhead_press,True,False,Legs,False,True,True,1,1,NO_PURPOSE;NO_FEMALE_CLIP
ea_dumbbell_staggered_deadlift,Dumbbell Staggered Deadlift,Становая тяга с гантелями в разножке,dumbbell,Dumbbells,1,0,beginner,10,True,True,5,2,hip|lower_back,exercises/men/Legs/Dumbbell Staggered Deadlift.mp4,exercises/girl/Legs/Dumbbell Staggered Deadlift.mp4,assets/posters/men/ea_dumbbell_staggered_deadlift.jpg,assets/posters/girl/ea_dumbbell_staggered_deadlift.jpg,hinge,True,False,Legs,False,True,True,1,1,NO_PRIMARY_MUSCLES
ea_dumbbell_staggered_glute_bridge,Dumbbell Staggered Glute Bridge,Ягодичный мост с гантелью в разножке,dumbbell,Dumbbells,1,0,beginner,10,True,True,5,1,hip,exercises/men/Legs/Dumbbell Staggered Glute Bridge.mp4,exercises/girl/Legs/Dumbbell Staggered Glute Bridge.mp4,assets/posters/men/ea_dumbbell_staggered_glute_bridge.jpg,assets/posters/girl/ea_dumbbell_staggered_glute_bridge.jpg,hinge,True,False,Legs,False,True,True,1,1,NO_PRIMARY_MUSCLES
ea_dumbbell_staggered_hip_thrust,Dumbbell Staggered Hip Thrust,Ягодичный мост с гантелью в разножке,bench_press,Dumbbells,1,0,beginner,10,True,True,5,1,hip,exercises/men/Legs/Dumbbell Staggered Hip thrust.mp4,exercises/girl/Legs/Dumbbell Staggered Hip thrust.mp4,assets/posters/men/ea_dumbbell_staggered_hip_thrust.jpg,assets/posters/girl/ea_dumbbell_staggered_hip_thrust.jpg,hinge,True,False,Legs,False,True,True,1,1,NO_PRIMARY_MUSCLES
ea_dumbbell_standing_alternate_overhead_press,Dumbbell Standing Alternate Overhead Press,Жим гантелей над головой стоя попеременно,dumbbell,Dumbbells,2,1,beginner,10,False,False,4,1,shoulder,exercises/men/Shoulders/Dumbbell Standing Alternate Overhead Press.mp4,,assets/posters/men/ea_dumbbell_standing_alternate_overhead_press.jpg,,overhead_press,True,False,Shoulders,False,True,True,1,1,NO_PURPOSE;NO_FEMALE_CLIP
ea_dumbbell_standing_alternate_raise,Dumbbell Standing Alternate Raise,Подъёмы гантелей перед собой стоя попеременно,dumbbell,Dumbbells,2,1,beginner,10,False,False,4,1,shoulder,exercises/men/Shoulders/Dumbbell Standing Alternate Raise.mp4,,assets/posters/men/ea_dumbbell_standing_alternate_raise.jpg,,,False,False,Shoulders,False,True,True,1,1,NO_PURPOSE;NO_FEMALE_CLIP
ea_dumbbell_standing_alternate_vertical_front_raises,Dumbbell Standing Alternate Vertical Front Raises,Вертикальные подъёмы гантелей перед собой стоя попеременно,dumbbell,Dumbbells,2,1,beginner,10,False,False,4,1,shoulder,exercises/men/Shoulders/Dumbbell Standing Alternate Vertical Front Raises.mp4,,assets/posters/men/ea_dumbbell_standing_alternate_vertical_front_raises.jpg,,,False,False,Shoulders,False,True,True,1,1,NO_PURPOSE;NO_FEMALE_CLIP
ea_dumbbell_standing_behind_back_shoulders_press,Dumbbell Standing Behind Back Shoulders Press,Жим гантелей из-за головы стоя,dumbbell,Dumbbells,3,2,beginner,10,False,False,4,2,shoulder|upper_back,exercises/men/Shoulders/Dumbbell Standing Behind Back Shoulders Press.mp4,,assets/posters/men/ea_dumbbell_standing_behind_back_shoulders_press.jpg,,,False,False,Shoulders,False,True,True,1,1,NO_PURPOSE;NO_FEMALE_CLIP
ea_dumbbell_standing_both_arms_kickback,Dumbbell Standing Both Arms Kickback,Разгибание рук с гантелями стоя двумя руками,dumbbell,Dumbbells,2,1,beginner,10,False,False,4,1,elbow,exercises/men/Triceps/Dumbbell Standing Both Arms Kickback.mp4,,assets/posters/men/ea_dumbbell_standing_both_arms_kickback.jpg,,,False,False,Triceps,False,True,True,1,1,NO_PURPOSE;NO_FEMALE_CLIP
ea_dumbbell_standing_calf_raise,Dumbbell Standing Calf Raise,Подъём на носки с гантелями стоя,dumbbell,Dumbbells,1,1,beginner,10,False,False,4,1,ankle,exercises/men/Legs/dumbbell standing calf raise.mp4,,assets/posters/men/ea_dumbbell_standing_calf_raise.jpg,,calf_raise,True,False,Legs,False,True,True,1,1,NO_PURPOSE;NO_FEMALE_CLIP
ea_dumbbell_standing_calf_raise_on_step,Dumbbell Standing Calf Raise on Step,Подъём на носки с гантелями стоя на степе,dumbbell,Dumbbells,1,1,beginner,10,False,False,4,1,ankle,exercises/men/Legs/Dumbbell Standing Calf Raise on Step.mp4,,assets/posters/men/ea_dumbbell_standing_calf_raise_on_step.jpg,,calf_raise,True,False,Legs,False,True,True,1,1,NO_PURPOSE;NO_FEMALE_CLIP
ea_dumbbell_standing_concentration_curl,Dumbbell Standing Concentration Curl,Концентрированное сгибание на бицепс с гантелью стоя,dumbbell,Dumbbells,2,1,beginner,10,False,False,4,1,elbow,exercises/men/Biceps/Dumbbell Standing Concentration Curl.mp4,,assets/posters/men/ea_dumbbell_standing_concentration_curl.jpg,,curl,True,False,Biceps,False,True,True,1,1,NO_PURPOSE;NO_FEMALE_CLIP
ea_dumbbell_standing_curl_arnold_press,Dumbbell Standing Curl Arnold Press,Сгибание на бицепс и жим Арнольда с гантелями стоя,dumbbell,Dumbbells,3,1,beginner,10,False,False,4,1,shoulder,exercises/men/Shoulders/Dumbbell Standing Curl Arnold Press.mp4,,assets/posters/men/ea_dumbbell_standing_curl_arnold_press.jpg,,curl,True,False,Shoulders,False,True,True,1,1,NO_PURPOSE;NO_FEMALE_CLIP
ea_dumbbell_standing_front_raise_above_head,Dumbbell Standing Front Raise Above Head,Подъём гантелей перед собой стоя над головой,dumbbell,Dumbbells,1,1,beginner,10,False,False,4,1,shoulder,exercises/men/Shoulders/Dumbbell Standing Front Raise Above Head.mp4,,assets/posters/men/ea_dumbbell_standing_front_raise_above_head.jpg,,,False,False,Shoulders,False,True,True,1,1,NO_PURPOSE;NO_FEMALE_CLIP
ea_dumbbell_standing_hammer_drag_curl,Dumbbell Standing Hammer Drag Curl,Молотковое драг-сгибание на бицепс с гантелями стоя,dumbbell,Dumbbells,2,1,beginner,10,False,False,4,1,elbow,exercises/men/Biceps/Dumbbell Standing Hammer Drag Curl.mp4,,assets/posters/men/ea_dumbbell_standing_hammer_drag_curl.jpg,,curl,True,False,Biceps,False,True,True,1,1,NO_PURPOSE;NO_FEMALE_CLIP
ea_dumbbell_standing_hip_abduction,Dumbbell Standing Hip Abduction,Отведение бедра с гантелью стоя,dumbbell,Dumbbells,1,0,beginner,10,True,True,5,1,hip,exercises/men/Legs/Dumbbell Standing Hip Abduction.mp4,exercises/girl/Legs/Dumbbell Standing Hip Abduction.mp4,assets/posters/men/ea_dumbbell_standing_hip_abduction.jpg,assets/posters/girl/ea_dumbbell_standing_hip_abduction.jpg,,False,False,Legs,False,True,True,1,1,NO_PRIMARY_MUSCLES
ea_dumbbell_standing_one_arm_concentration_curl,Dumbbell Standing One Arm Concentration Curl,Концентрированное сгибание на бицепс с гантелью стоя одной рукой,dumbbell,Dumbbells,2,1,beginner,10,False,False,4,1,elbow,exercises/men/Biceps/Dumbbell Standing One Arm Concentration Curl.mp4,,assets/posters/men/ea_dumbbell_standing_one_arm_concentration_curl.jpg,,curl,True,False,Biceps,False,True,True,1,1,NO_PURPOSE;NO_FEMALE_CLIP
ea_dumbbell_standing_one_arm_curl_over_incline_bench,Dumbbell Standing One Arm Curl Over Incline Bench,Сгибание на бицепс с гантелью стоя одной рукой над наклонной скамьей,bench_press,Dumbbells,2,1,beginner,10,False,False,4,1,elbow,exercises/men/Biceps/Dumbbell Standing One Arm Curl Over Incline Bench.mp4,,assets/posters/men/ea_dumbbell_standing_one_arm_curl_over_incline_bench.jpg,,,False,False,Biceps,False,True,True,1,1,NO_PURPOSE;NO_FEMALE_CLIP
ea_dumbbell_standing_one_arm_extension,Dumbbell Standing One Arm Extension,Разгибание руки с гантелью стоя одной рукой,dumbbell,Dumbbells,2,1,beginner,10,False,False,4,0,,exercises/men/Triceps/Dumbbell Standing One Arm Extension.mp4,,assets/posters/men/ea_dumbbell_standing_one_arm_extension.jpg,,,False,False,Triceps,False,True,True,1,1,NO_CONTRAINDICATION_TAGS;NO_PURPOSE;NO_FEMALE_CLIP
ea_dumbbell_standing_overhead_press,Dumbbell Standing Overhead Press,Жим гантелей над головой стоя,dumbbell,Dumbbells,2,1,beginner,10,False,False,4,1,shoulder,exercises/men/Shoulders/Dumbbell Standing Overhead Press.mp4,,assets/posters/men/ea_dumbbell_standing_overhead_press.jpg,,overhead_press,True,False,Shoulders,False,True,True,1,1,NO_PURPOSE;NO_FEMALE_CLIP
ea_dumbbell_standing_palms_in_press,Dumbbell Standing Palms in Press,Жим гантелей стоя нейтральным хватом,dumbbell,Dumbbells,2,1,beginner,10,False,False,4,1,shoulder,exercises/men/Shoulders/Dumbbell Standing Palms In Press.mp4,,assets/posters/men/ea_dumbbell_standing_palms_in_press.jpg,,,False,False,Shoulders,False,True,True,1,1,NO_PURPOSE;NO_FEMALE_CLIP
ea_dumbbell_standing_preacher_curl,Dumbbell Standing Preacher Curl,Сгибание на бицепс с гантелью стоя на скамье Скотта,preacher_curl_bench,Dumbbells,2,1,beginner,10,False,False,4,1,elbow,exercises/men/Biceps/Dumbbell Standing Preacher Curl.mp4,,assets/posters/men/ea_dumbbell_standing_preacher_curl.jpg,,curl,True,False,Biceps,False,True,True,1,1,NO_PURPOSE;NO_FEMALE_CLIP
ea_dumbbell_standing_reverse_curl,Dumbbell Standing Reverse Curl,Обратное сгибание на бицепс с гантелями стоя,dumbbell,Dumbbells,2,1,beginner,10,False,False,4,2,elbow|wrist,exercises/men/Biceps/Dumbbell Standing Reverse Curl.mp4,,assets/posters/men/ea_dumbbell_standing_reverse_curl.jpg,,curl,True,False,Biceps,False,True,True,2,1,NO_PURPOSE;NO_FEMALE_CLIP;SHARED_SUMMARY
ea_dumbbell_standing_simultaneous_biceps_curl,Dumbbell Standing Simultaneous Biceps Curl,Одновременное сгибание на бицепс с гантелями стоя,dumbbell,Dumbbells,2,1,beginner,10,False,False,4,1,elbow,exercises/men/Biceps/Dumbbell Standing Simultaneous Biceps Curl.mp4,,assets/posters/men/ea_dumbbell_standing_simultaneous_biceps_curl.jpg,,curl,True,False,Biceps,False,True,True,2,1,NO_PURPOSE;NO_FEMALE_CLIP;SHARED_SUMMARY
ea_dumbbell_standing_single_arm_cross_raise,Dumbbell Standing Single Arm Cross Raise,Подъём гантели через сторону стоя одной рукой,dumbbell,Dumbbells,1,1,beginner,10,False,False,4,1,shoulder,exercises/men/Chest/Dumbbell Standing Single Arm Cross Raise.mp4,,assets/posters/men/ea_dumbbell_standing_single_arm_cross_raise.jpg,,,False,False,Chest,False,True,True,1,1,NO_PURPOSE;NO_FEMALE_CLIP
ea_dumbbell_standing_single_leg_calf_raise,Dumbbell Standing Single Leg Calf Raise,Подъём на носки с гантелью стоя на одной ноге,dumbbell,Dumbbells,1,1,beginner,10,False,False,4,1,ankle,exercises/men/Legs/Dumbbell Standing Single Leg Calf Raise.mp4,,assets/posters/men/ea_dumbbell_standing_single_leg_calf_raise.jpg,,calf_raise,True,False,Legs,False,True,True,1,1,NO_PURPOSE;NO_FEMALE_CLIP
ea_dumbbell_standing_triceps_extension,Dumbbell Standing Triceps Extension,Разгибание на трицепс с гантелью стоя,dumbbell,Dumbbells,2,1,beginner,10,False,False,4,1,elbow,exercises/men/Triceps/Dumbbell Standing Triceps Extension.mp4,,assets/posters/men/ea_dumbbell_standing_triceps_extension.jpg,,,False,False,Triceps,False,True,True,1,1,NO_PURPOSE;NO_FEMALE_CLIP
ea_dumbbell_standing_wide_simultaneous_biceps_curl,Dumbbell Standing Wide Simultaneous Biceps Curl,Одновременное широкое сгибание на бицепс с гантелями стоя,dumbbell,Dumbbells,2,1,beginner,10,False,False,4,1,elbow,exercises/men/Biceps/Dumbbell Standing Wide Simultaneous Biceps Curl.mp4,,assets/posters/men/ea_dumbbell_standing_wide_simultaneous_biceps_curl.jpg,,curl,True,False,Biceps,False,True,True,1,1,NO_PURPOSE;NO_FEMALE_CLIP
ea_dumbbell_standing_wrist_curl,Dumbbell Standing Wrist Curl,Сгибание запястий стоя с гантелью,dumbbell,Dumbbells,1,1,beginner,10,False,False,4,2,elbow|wrist,exercises/men/Forearms/Dumbbell Standing Wrist Curl.mp4,,assets/posters/men/ea_dumbbell_standing_wrist_curl.jpg,,curl,True,False,Forearms,False,True,True,1,1,NO_PURPOSE;NO_FEMALE_CLIP
ea_dumbbell_starfish_crunch_alternating,Dumbbell Starfish Crunch Alternating,Скручивания «Морская звезда» с гантелями поочередно,dumbbell,Dumbbells,2,2,beginner,10,False,False,4,2,lower_back|neck,exercises/men/Abdominals/Dumbbell Starfish Crunch Alternating.mp4,,assets/posters/men/ea_dumbbell_starfish_crunch_alternating.jpg,,situp,True,False,Abdominals,False,True,True,1,1,NO_PURPOSE;NO_FEMALE_CLIP
ea_dumbbell_static_lunge,Dumbbell Static Lunge,Статический выпад с гантелями,dumbbell,Dumbbells,4,2,beginner,10,False,False,4,2,hip|knee,exercises/men/Legs/Dumbbell Static Lunge.mp4,,assets/posters/men/ea_dumbbell_static_lunge.jpg,,lunge,True,False,Legs,False,True,True,1,1,NO_PURPOSE;NO_FEMALE_CLIP
ea_dumbbell_step_up_on_bench,Dumbbell Step Up on Bench,Зашагивания на скамью с гантелями,bench_press,Dumbbells,4,2,beginner,10,False,False,4,2,hip|knee,exercises/men/Legs/Dumbbell Step up on Bench.mp4,,assets/posters/men/ea_dumbbell_step_up_on_bench.jpg,,,False,False,Legs,False,True,True,2,1,NO_PURPOSE;NO_FEMALE_CLIP;SHARED_SUMMARY
ea_dumbbell_step_up_with_knee_raise,Dumbbell Step-up with Knee Raise,Зашагивания на скамью с подъемом колена и гантелями,bench_press,Dumbbells,4,2,beginner,10,False,False,4,2,hip|knee,exercises/men/Legs/Dumbbell Step-up with Knee Raise.mp4,,assets/posters/men/ea_dumbbell_step_up_with_knee_raise.jpg,,lunge,True,False,Legs,False,True,True,2,1,NO_PURPOSE;NO_FEMALE_CLIP;SHARED_SUMMARY
ea_dumbbell_stiff_leg_deadlift,Dumbbell Stiff Leg Deadlift,Становая тяга на прямых ногах с гантелями,dumbbell,Dumbbells,3,2,beginner,10,False,False,4,2,hip|lower_back,exercises/men/Legs/Dumbbell Stiff Leg Deadlift.mp4,,assets/posters/men/ea_dumbbell_stiff_leg_deadlift.jpg,,hinge,True,False,Legs,False,True,True,1,1,NO_PURPOSE;NO_FEMALE_CLIP
ea_dumbbell_straight_arm_crunch,Dumbbell Straight Arm Crunch,Скручивания с гантелью прямыми руками,dumbbell,Dumbbells,2,1,beginner,10,False,False,3,2,lower_back|neck,exercises/men/Abdominals/Dumbbell Straight Arm Crunch.mp4,,assets/posters/men/ea_dumbbell_straight_arm_crunch.jpg,,situp,True,False,Abdominals,False,True,True,2,1,NO_PURPOSE;NO_FEMALE_CLIP;SHARED_SUMMARY
ea_dumbbell_straight_arm_twisting_sit_up,Dumbbell Straight Arm Twisting Sit-up,Скручивания с поворотом корпуса и гантелью прямыми руками,dumbbell,Dumbbells,2,1,beginner,10,False,False,3,2,lower_back|neck,exercises/men/Abdominals/Dumbbell Straight Arm Twisting Sit-up.mp4,,assets/posters/men/ea_dumbbell_straight_arm_twisting_sit_up.jpg,,situp,True,False,Abdominals,False,True,True,2,1,NO_PURPOSE;NO_FEMALE_CLIP;SHARED_SUMMARY
ea_dumbbell_straight_leg_deadlift,Dumbbell Straight Leg Deadlift,Становая тяга на прямых ногах с гантелями,dumbbell,Dumbbells,3,2,beginner,10,False,False,4,2,hip|lower_back,exercises/men/Legs/Dumbbell Straight Leg Deadlift.mp4,,assets/posters/men/ea_dumbbell_straight_leg_deadlift.jpg,,hinge,True,False,Legs,False,True,True,1,1,NO_PURPOSE;NO_FEMALE_CLIP
ea_dumbbell_straight_leg_russian_twist,Dumbbell Straight Leg Russian Twist,Русские скручивания с гантелью и прямыми ногами,dumbbell,Dumbbells,2,0,beginner,10,False,False,4,0,,exercises/men/Abdominals/Dumbbell Straight Leg Russian Twist.mp4,,assets/posters/men/ea_dumbbell_straight_leg_russian_twist.jpg,,,False,False,Abdominals,False,True,True,1,1,NO_CONTRAINDICATION_TAGS;NO_PRIMARY_MUSCLES;NO_PURPOSE;NO_FEMALE_CLIP
ea_dumbbell_suitcase_carry,Dumbbell Suitcase Carry,Прогулка фермера с гантелью в одной руке,dumbbell,Dumbbells,4,1,beginner,10,False,False,4,0,,exercises/men/Legs/Dumbbell Suitcase Carry.mp4,,assets/posters/men/ea_dumbbell_suitcase_carry.jpg,,,False,False,Legs,False,True,True,1,1,NO_CONTRAINDICATION_TAGS;NO_PURPOSE;NO_FEMALE_CLIP
ea_dumbbell_suitcase_crunch,Dumbbell Suitcase Crunch,Скручивания «Чемодан» с гантелью,dumbbell,Dumbbells,1,0,beginner,10,True,True,5,2,lower_back|neck,exercises/men/Abdominals/Dumbbell Suitcase Crunch.mp4,exercises/girl/Abdominals/Dumbbell Suitcase Crunch.mp4,assets/posters/men/ea_dumbbell_suitcase_crunch.jpg,assets/posters/girl/ea_dumbbell_suitcase_crunch.jpg,situp,True,False,Abdominals,False,True,True,1,1,NO_PRIMARY_MUSCLES
ea_dumbbell_sumo_squat_off_benches,Dumbbell Sumo Squat Off Benches,Приседания сумо с гантелью между скамьями,dumbbell,Dumbbells,3,2,beginner,10,False,False,4,3,ankle|hip|knee,exercises/men/Legs/Dumbbell Sumo Squat Off Benches.mp4,,assets/posters/men/ea_dumbbell_sumo_squat_off_benches.jpg,,squat,True,False,Legs,False,True,True,1,1,NO_PURPOSE;NO_FEMALE_CLIP
ea_dumbbell_supported_sissy_squat,Dumbbell Supported Sissy Squat,Приседания «Сисси» с гантелью с опорой,sissy_squat_machine,Dumbbells,3,1,beginner,10,False,False,4,3,ankle|hip|knee,exercises/men/Legs/Dumbbell Supported Sissy Squat.mp4,,assets/posters/men/ea_dumbbell_supported_sissy_squat.jpg,,,False,False,Legs,False,True,True,1,1,NO_PURPOSE;NO_FEMALE_CLIP
ea_dumbbell_svend_press,Dumbbell Svend Press,Жим Свенда с гантелью,dumbbell,Dumbbells,3,1,beginner,10,False,False,4,1,shoulder,exercises/men/Chest/Dumbbell Svend Press.mp4,,assets/posters/men/ea_dumbbell_svend_press.jpg,,,False,False,Chest,False,True,True,1,1,NO_PURPOSE;NO_FEMALE_CLIP
ea_dumbbell_swing,Dumbbell Swing,Махи гантелью,dumbbell,Dumbbells,0,0,beginner,10,True,True,5,2,hip|lower_back,exercises/men/Calisthenics-Cardio-Plyo-Functional/Dumbbell Swing.mp4,exercises/girl/Calisthenics-Cardio-Plyo-Functional/Dumbbell Swing.mp4,assets/posters/men/ea_dumbbell_swing.jpg,assets/posters/girl/ea_dumbbell_swing.jpg,hinge,True,False,Calisthenics-Cardio-Plyo-Functional,False,True,True,1,1,NO_MUSCLES;NO_PRIMARY_MUSCLES
ea_dumbbell_tate_press,Dumbbell Tate Press,Жим Тейта с гантелями,bench_press,Dumbbells,3,1,beginner,10,False,False,4,1,shoulder,exercises/men/Triceps/Dumbbell Tate Press.mp4,,assets/posters/men/ea_dumbbell_tate_press.jpg,,,False,False,Triceps,False,True,True,1,1,NO_PURPOSE;NO_FEMALE_CLIP
ea_dumbbell_triceps_kick_back_single_arm,Dumbbell Triceps Kick Back Single Arm,Разгибание рук на трицепс в наклоне с гантелью одной рукой,dumbbell,Dumbbells,2,1,beginner,10,False,False,4,1,elbow,exercises/men/Triceps/Dumbbell triceps kick back single arm.mp4,,assets/posters/men/ea_dumbbell_triceps_kick_back_single_arm.jpg,,,False,False,Triceps,False,True,True,1,1,NO_PURPOSE;NO_FEMALE_CLIP
ea_dumbbell_upright_shoulder_external_rotatio,Dumbbell Upright Shoulder External Rotation,Внешнее вращение плеча с гантелью стоя,dumbbell,Dumbbells,1,1,beginner,10,False,False,3,0,,exercises/men/Shoulders/dumbbell upright shoulder external rotatio.mp4,,assets/posters/men/ea_dumbbell_upright_shoulder_external_rotatio.jpg,,,False,False,Shoulders,False,True,True,2,2,NO_CONTRAINDICATION_TAGS;NO_PURPOSE;NO_FEMALE_CLIP;SHARED_SUMMARY;SHARED_STEPS
ea_dumbbell_upright_shoulder_external_rotation,Dumbbell Upright Shoulder External Rotation,Внешнее вращение плеча с гантелью стоя,dumbbell,Dumbbells,1,1,beginner,10,False,False,3,0,,exercises/men/Shoulders/Dumbbell Upright Shoulder External Rotation.mp4,,assets/posters/men/ea_dumbbell_upright_shoulder_external_rotation.jpg,,,False,False,Shoulders,False,True,True,2,2,NO_CONTRAINDICATION_TAGS;NO_PURPOSE;NO_FEMALE_CLIP;SHARED_SUMMARY;SHARED_STEPS
ea_dumbbell_v_up,Dumbbell V-up,V-подъёмы с гантелью,dumbbell,Dumbbells,2,1,beginner,10,False,False,4,2,lower_back|neck,exercises/men/Abdominals/Dumbbell V-up.mp4,,assets/posters/men/ea_dumbbell_v_up.jpg,,situp,True,False,Abdominals,False,True,True,1,1,NO_PURPOSE;NO_FEMALE_CLIP
ea_dumbbell_w_press,Dumbbell W Press,Жим гантелей в форме W,dumbbell,Dumbbells,3,1,beginner,10,False,False,4,1,shoulder,exercises/men/Shoulders/dumbbell w press.mp4,,assets/posters/men/ea_dumbbell_w_press.jpg,,,False,False,Shoulders,False,True,True,1,1,NO_PURPOSE;NO_FEMALE_CLIP
ea_dumbbell_waiter_biceps_curl,Dumbbell Waiter Biceps Curl,Сгибание на бицепс с гантелью хватом официанта,dumbbell,Dumbbells,2,1,beginner,10,False,False,4,1,elbow,exercises/men/Biceps/Dumbbell Waiter Biceps Curl.mp4,,assets/posters/men/ea_dumbbell_waiter_biceps_curl.jpg,,curl,True,False,Biceps,False,True,True,1,1,NO_PURPOSE;NO_FEMALE_CLIP
ea_dumbbell_zottman_curl,Dumbbell Zottman Curl,Сгибание на бицепс Зоттмана с гантелями,dumbbell,Dumbbells,2,1,beginner,10,False,False,4,1,elbow,exercises/men/Biceps/Dumbbell Zottman Curl.mp4,,assets/posters/men/ea_dumbbell_zottman_curl.jpg,,curl,True,False,Biceps,False,True,True,1,1,NO_PURPOSE;NO_FEMALE_CLIP
ea_dumbbell_zottman_preacher_curl,Dumbbell Zottman Preacher Curl,Сгибание на бицепс Зоттмана на скамье Скотта с гантелями,preacher_curl_bench,Dumbbells,2,1,beginner,10,False,False,4,1,elbow,exercises/men/Biceps/Dumbbell Zottman Preacher Curl.mp4,,assets/posters/men/ea_dumbbell_zottman_preacher_curl.jpg,,curl,True,False,Biceps,False,True,True,1,1,NO_PURPOSE;NO_FEMALE_CLIP
ea_dumbbells_bent_over_row,Dumbbells Bent Over Row,Тяга гантелей в наклоне,dumbbell,Dumbbells,4,2,beginner,10,False,False,4,2,lower_back|upper_back,exercises/men/Back/dumbbells bent over row.mp4,,assets/posters/men/ea_dumbbells_bent_over_row.jpg,,,False,False,Back,False,True,True,1,1,NO_PURPOSE;NO_FEMALE_CLIP
ea_dumbbells_bent_over_row_pronated_grip,Dumbbells Bent Over Row Pronated Grip,Тяга гантелей в наклоне пронированным хватом,dumbbell,Dumbbells,3,1,beginner,10,False,False,4,2,lower_back|upper_back,exercises/men/Back/dumbbells bent over row pronated grip.mp4,,assets/posters/men/ea_dumbbells_bent_over_row_pronated_grip.jpg,,,False,False,Back,False,True,True,1,1,NO_PURPOSE;NO_FEMALE_CLIP
ea_dumbbells_plank_to_alternating_row,Dumbbells Plank to Alternating Row,Планка с попеременной тягой гантелей,dumbbell,Dumbbells,5,2,beginner,10,False,False,4,3,elbow|upper_back|wrist,exercises/men/Back/dumbbells plank to alternating row.mp4,,assets/posters/men/ea_dumbbells_plank_to_alternating_row.jpg,,pushup,True,False,Back,False,True,True,1,1,NO_PURPOSE;NO_FEMALE_CLIP
ea_dumbbells_single_arm_row,Dumbbells Single Arm Row,Тяга гантели одной рукой,bench_press,Dumbbells,3,1,beginner,10,False,False,4,1,upper_back,exercises/men/Back/dumbbells single arm row.mp4,,assets/posters/men/ea_dumbbells_single_arm_row.jpg,,,False,False,Back,False,True,True,1,1,NO_PURPOSE;NO_FEMALE_CLIP
ea_dumbbells_triceps_kick_back_both_arms,Dumbbells Triceps Kick Back Both Arms,Разгибание рук с гантелями назад в наклоне,dumbbell,Dumbbells,2,1,beginner,10,False,False,4,1,elbow,exercises/men/Triceps/dumbbells triceps kick back both arms.mp4,,assets/posters/men/ea_dumbbells_triceps_kick_back_both_arms.jpg,,,False,False,Triceps,False,True,True,1,1,NO_PURPOSE;NO_FEMALE_CLIP
ea_dumbell_burpee,Dumbell Burpee,Бёрпи с гантелями,dumbbell,Dumbbells,4,2,beginner,10,False,False,4,3,ankle|knee|wrist,exercises/men/Calisthenics-Cardio-Plyo-Functional/Dumbell Burpee.mp4,,assets/posters/men/ea_dumbell_burpee.jpg,,,False,False,Calisthenics-Cardio-Plyo-Functional,False,True,True,1,1,NO_PURPOSE;NO_FEMALE_CLIP
ea_dynamic_leg_swing,Dynamic Leg Swing,Динамические махи ногами,squat_rack,Wall,4,2,beginner,10,False,False,4,1,lower_back,exercises/men/Calisthenics-Cardio-Plyo-Functional/Dynamic Leg Swing.mp4,,assets/posters/men/ea_dynamic_leg_swing.jpg,,hinge,True,False,Calisthenics-Cardio-Plyo-Functional,False,True,True,1,1,NO_PURPOSE;NO_FEMALE_CLIP
ea_eagle_arms_chin_into_chest,Eagle Arms Chin Into Chest,Руки орла: подбородок к груди,,None (Bodyweight),0,0,beginner,10,True,True,5,0,,exercises/men/Yoga/Eagle Arms Chin Into Chest.mp4,exercises/girl/Yoga/Eagle Arms Chin Into Chest.mp4,assets/posters/men/ea_eagle_arms_chin_into_chest.jpg,assets/posters/girl/ea_eagle_arms_chin_into_chest.jpg,,False,True,Yoga,False,True,True,1,1,NO_EQUIPMENT_ID;NO_CONTRAINDICATION_TAGS;NO_MUSCLES;NO_PRIMARY_MUSCLES
ea_easy_pose_neck_stretch,Easy Pose Neck Stretch,Растяжка шеи в простой позе,,None (Bodyweight),0,0,beginner,10,True,True,5,1,neck,exercises/men/Yoga/Easy Pose Neck Stretch.mp4,exercises/girl/Yoga/Easy Pose Neck Stretch.mp4,assets/posters/men/ea_easy_pose_neck_stretch.jpg,assets/posters/girl/ea_easy_pose_neck_stretch.jpg,,False,True,Yoga,False,True,True,1,1,NO_EQUIPMENT_ID;NO_MUSCLES;NO_PRIMARY_MUSCLES
ea_easy_seated_twist_pose,Easy Seated Twist Pose,Простая скрутка сидя,,None (Bodyweight),0,0,beginner,10,True,True,5,1,wrist,exercises/men/Yoga/Easy Seated Twist Pose.mp4,exercises/girl/Yoga/Easy Seated Twist Pose.mp4,assets/posters/men/ea_easy_seated_twist_pose.jpg,assets/posters/girl/ea_easy_seated_twist_pose.jpg,,False,True,Yoga,False,True,True,1,1,NO_EQUIPMENT_ID;NO_MUSCLES;NO_PRIMARY_MUSCLES
ea_elbow_back_stretch,Elbow Back Stretch,Растяжка спины с локтями,,None,3,2,beginner,10,False,False,4,0,,exercises/men/Stretching - Mobility/elbow back stretch.mp4,,assets/posters/men/ea_elbow_back_stretch.jpg,,,False,True,Stretching - Mobility,False,True,True,2,2,NO_EQUIPMENT_ID;NO_CONTRAINDICATION_TAGS;NO_PURPOSE;NO_FEMALE_CLIP;SHARED_SUMMARY;SHARED_STEPS
ea_elbow_extension_and_supination_pronation_forearm_stretch,Elbow Extension and Supination Pronation Forearm Stretch,"Растяжка предплечий: разгибание локтя, супинация и пронация",,None (Bodyweight),2,1,beginner,10,False,False,4,1,wrist,exercises/men/Stretching - Mobility/Elbow Extension And Supination Pronation Forearm Stretch.mp4,,assets/posters/men/ea_elbow_extension_and_supination_pronation_forearm_stretch.jpg,,,False,True,Stretching - Mobility,False,True,True,1,1,NO_EQUIPMENT_ID;NO_PURPOSE;NO_FEMALE_CLIP
ea_elbow_flexor_stretch,Elbow Flexor Stretch,Растяжка сгибателей локтя,,Wall,3,2,beginner,10,False,False,4,0,,exercises/men/Stretching - Mobility/Elbow Flexor Stretch.mp4,,assets/posters/men/ea_elbow_flexor_stretch.jpg,,,False,True,Stretching - Mobility,False,True,True,1,1,NO_EQUIPMENT_ID;NO_CONTRAINDICATION_TAGS;NO_PURPOSE;NO_FEMALE_CLIP
ea_elbow_lift_reverse_push_up,Elbow Lift Reverse Push Up,Обратные отжимания с подъёмом локтей,bench_press,Bench,4,1,beginner,10,False,False,4,3,elbow|upper_back|wrist,exercises/men/Back/Elbow Lift Reverse Push Up.mp4,,assets/posters/men/ea_elbow_lift_reverse_push_up.jpg,,,False,False,Back,False,True,True,1,1,NO_PURPOSE;NO_FEMALE_CLIP
ea_elbow_push_plank_up,Elbow Push Plank Up,Планка с подъёмом на локтях,,None (Bodyweight),2,0,beginner,10,False,False,4,2,elbow|wrist,exercises/men/Abdominals/Elbow Push Plank Up.mp4,,assets/posters/men/ea_elbow_push_plank_up.jpg,,pushup,True,False,Abdominals,False,True,True,1,1,NO_EQUIPMENT_ID;NO_PRIMARY_MUSCLES;NO_PURPOSE;NO_FEMALE_CLIP
ea_elbow_extension,Elbow-extension,Разгибание локтя,,None (Bodyweight),0,0,beginner,10,True,True,5,2,knee|wrist,exercises/men/Calisthenics-Cardio-Plyo-Functional/Elbow-Extension.mp4,,assets/posters/men/ea_elbow_extension.jpg,,,False,False,Calisthenics-Cardio-Plyo-Functional,False,True,True,1,1,NO_EQUIPMENT_ID;NO_MUSCLES;NO_PRIMARY_MUSCLES;NO_FEMALE_CLIP
ea_elbow_up_and_down_dynamic_plank,Elbow-up and Down Dynamic Plank,Динамическая планка с подъёмом локтей,,None (Bodyweight),2,0,beginner,10,False,False,4,2,elbow|wrist,exercises/men/Abdominals/Elbow-Up and Down Dynamic Plank.mp4,,assets/posters/men/ea_elbow_up_and_down_dynamic_plank.jpg,,pushup,True,False,Abdominals,False,True,True,1,1,NO_EQUIPMENT_ID;NO_PRIMARY_MUSCLES;NO_PURPOSE;NO_FEMALE_CLIP
ea_elbows_back_stretch,Elbows Back Stretch,Растяжка с локтями назад,,None,3,2,beginner,10,False,False,4,0,,exercises/men/Stretching - Mobility/Elbows Back Stretch.mp4,,assets/posters/men/ea_elbows_back_stretch.jpg,,,False,True,Stretching - Mobility,False,True,True,2,2,NO_EQUIPMENT_ID;NO_CONTRAINDICATION_TAGS;NO_PURPOSE;NO_FEMALE_CLIP;SHARED_SUMMARY;SHARED_STEPS
ea_elevated_pike_shoulder_shrug,Elevated Pike Shoulder Shrug,Шраги в позе щуки с опорой,plyo_box,Plyo Box,1,0,beginner,10,True,True,5,4,lower_back|neck|shoulder|upper_back,exercises/men/Shoulders/Elevated Pike Shoulder Shrug.mp4,exercises/girl/Shoulders/Elevated Pike Shoulder Shrug.mp4,assets/posters/men/ea_elevated_pike_shoulder_shrug.jpg,assets/posters/girl/ea_elevated_pike_shoulder_shrug.jpg,,False,False,Shoulders,False,True,True,1,1,NO_PRIMARY_MUSCLES
ea_elevated_push_up,Elevated Push Up,Отжимания с опорой,parallettes,Yoga Block,3,1,beginner,10,False,False,4,3,elbow|shoulder|wrist,exercises/men/Chest/Elevated Push Up.mp4,,assets/posters/men/ea_elevated_push_up.jpg,,pushup,True,False,Chest,False,True,True,1,1,NO_PURPOSE;NO_FEMALE_CLIP
ea_elevated_standing_calf_raise,Elevated Standing Calf Raise,Подъёмы на носки стоя с опорой,squat_rack,Plyo Box,1,1,beginner,10,False,False,4,1,ankle,exercises/men/Legs/Elevated Standing Calf Raise.mp4,,assets/posters/men/ea_elevated_standing_calf_raise.jpg,,calf_raise,True,False,Legs,False,True,True,1,1,NO_PURPOSE;NO_FEMALE_CLIP
ea_exercise_ball_back_extension_with_hands_behind_head,Exercise Ball Back Extension with Hands Behind Head,Разгибание спины на фитболе с руками за головой,stability_ball,Exercise Ball,3,1,beginner,10,False,False,4,1,lower_back,exercises/men/Back/Exercise Ball Back Extension With Hands Behind Head.mp4,,assets/posters/men/ea_exercise_ball_back_extension_with_hands_behind_head.jpg,,,False,False,Back,False,True,True,1,1,NO_PURPOSE;NO_FEMALE_CLIP
ea_exercise_ball_back_stretch,Exercise Ball Back Stretch,Растяжка спины на фитболе,stability_ball,Exercise Ball,3,2,beginner,10,False,False,4,2,lower_back|upper_back,exercises/men/Stretching - Mobility/exercise ball back stretch.mp4,,assets/posters/men/ea_exercise_ball_back_stretch.jpg,,,False,True,Stretching - Mobility,False,True,True,1,1,NO_PURPOSE;NO_FEMALE_CLIP
ea_exercise_ball_body_saw,Exercise Ball Body Saw,Пила на фитболе,stability_ball,Exercise Ball,2,0,beginner,10,False,False,4,0,,exercises/men/Abdominals/Exercise Ball Body Saw.mp4,,assets/posters/men/ea_exercise_ball_body_saw.jpg,,,False,False,Abdominals,False,True,True,1,1,NO_CONTRAINDICATION_TAGS;NO_PRIMARY_MUSCLES;NO_PURPOSE;NO_FEMALE_CLIP
ea_exercise_ball_hip_flexor_stretch,Exercise Ball Hip Flexor Stretch,Растяжка сгибателей бедра на фитболе,stability_ball,Yoga Mat,2,1,beginner,10,False,False,4,1,lower_back,exercises/men/Stretching - Mobility/exercise ball hip flexor stretch.mp4,,assets/posters/men/ea_exercise_ball_hip_flexor_stretch.jpg,,,False,True,Stretching - Mobility,False,True,True,1,1,NO_PURPOSE;NO_FEMALE_CLIP
ea_exercise_ball_lat_stretch,Exercise Ball Lat Stretch,Растяжка широчайших на фитболе,stability_ball,Exercise Ball,3,1,beginner,10,False,False,4,0,,exercises/men/Stretching - Mobility/exercise ball lat stretch.mp4,,assets/posters/men/ea_exercise_ball_lat_stretch.jpg,,,False,True,Stretching - Mobility,False,True,True,1,1,NO_CONTRAINDICATION_TAGS;NO_PURPOSE;NO_FEMALE_CLIP
ea_exercise_ball_leg_curl,Exercise Ball Leg Curl,Сгибание ног на фитболе,stability_ball,Exercise Ball,3,2,beginner,10,False,False,4,1,knee,exercises/men/Legs/Exercise Ball Leg Curl.mp4,,assets/posters/men/ea_exercise_ball_leg_curl.jpg,,,False,False,Legs,False,True,True,1,1,NO_PURPOSE;NO_FEMALE_CLIP
ea_exercise_ball_lower_back_dynamic_stretch,Exercise Ball Lower Back Dynamic Stretch,Динамическая растяжка поясницы на фитболе,stability_ball,Exercise Ball,3,1,beginner,10,False,False,4,1,lower_back,exercises/men/Stretching - Mobility/exercise ball lower back dynamic stretch.mp4,,assets/posters/men/ea_exercise_ball_lower_back_dynamic_stretch.jpg,,,False,True,Stretching - Mobility,False,True,True,2,1,NO_PURPOSE;NO_FEMALE_CLIP;SHARED_SUMMARY
ea_exercise_ball_lower_back_prone_stretch,Exercise Ball Lower Back Prone Stretch,Растяжка поясницы лёжа на фитболе,stability_ball,Exercise Ball,3,1,beginner,10,False,False,4,1,lower_back,exercises/men/Stretching - Mobility/exercise ball lower back prone stretch.mp4,,assets/posters/men/ea_exercise_ball_lower_back_prone_stretch.jpg,,,False,True,Stretching - Mobility,False,True,True,2,1,NO_PURPOSE;NO_FEMALE_CLIP;SHARED_SUMMARY
ea_exercise_ball_lying_side_lat_stretch,Exercise Ball Lying Side Lat Stretch,Растяжка широчайших лёжа на боку на фитболе,stability_ball,Exercise Ball,3,1,beginner,10,False,False,4,0,,exercises/men/Stretching - Mobility/exercise ball lying side lat stretch.mp4,,assets/posters/men/ea_exercise_ball_lying_side_lat_stretch.jpg,,,False,True,Stretching - Mobility,False,True,True,2,1,NO_CONTRAINDICATION_TAGS;NO_PURPOSE;NO_FEMALE_CLIP;SHARED_SUMMARY
ea_exercise_ball_lying_side_lat_stretch_v_2,Exercise Ball Lying Side Lat Stretch V.2,"Растяжка широчайших лёжа на боку на фитболе, вариант 2",stability_ball,Exercise Ball,3,1,beginner,10,False,False,4,0,,exercises/men/Stretching - Mobility/Exercise Ball Lying Side Lat Stretch V.2.mp4,,assets/posters/men/ea_exercise_ball_lying_side_lat_stretch_v_2.jpg,,,False,True,Stretching - Mobility,False,True,True,2,1,NO_CONTRAINDICATION_TAGS;NO_PURPOSE;NO_FEMALE_CLIP;SHARED_SUMMARY
ea_exercise_ball_one_legged_diagonal_kick_hamstring_curl,Exercise Ball One Legged Diagonal Kick Hamstring Curl,Сгибание ног на фитболе одной ногой с диагональным подъёмом,stability_ball,Exercise Ball,4,2,beginner,10,False,False,5,1,hip,exercises/men/Legs/Exercise Ball One Legged Diagonal Kick Hamstring Curl.mp4,,assets/posters/men/ea_exercise_ball_one_legged_diagonal_kick_hamstring_curl.jpg,,,False,False,Legs,False,True,True,1,1,NO_PURPOSE;NO_FEMALE_CLIP
ea_exercise_ball_seated_hamstring_stretch,Exercise Ball Seated Hamstring Stretch,Растяжка бицепса бедра сидя на фитболе,stability_ball,Yoga Mat,2,1,beginner,10,False,False,4,0,,exercises/men/Stretching - Mobility/exercise ball seated hamstring stretch.mp4,,assets/posters/men/ea_exercise_ball_seated_hamstring_stretch.jpg,,,False,True,Stretching - Mobility,False,True,True,1,1,NO_CONTRAINDICATION_TAGS;NO_PURPOSE;NO_FEMALE_CLIP
ea_exercise_ball_seated_quad_stretch,Exercise Ball Seated Quad Stretch,Растяжка квадрицепса сидя на фитболе,stability_ball,Yoga Mat,2,1,beginner,10,False,False,4,0,,exercises/men/Stretching - Mobility/exercise ball seated quad stretch.mp4,,assets/posters/men/ea_exercise_ball_seated_quad_stretch.jpg,,,False,True,Stretching - Mobility,False,True,True,1,1,NO_CONTRAINDICATION_TAGS;NO_PURPOSE;NO_FEMALE_CLIP
ea_exercise_ball_sit_ups,Exercise Ball Sit Ups,Скручивания на фитболе,stability_ball,Stability ball,1,0,beginner,10,False,False,4,2,lower_back|neck,exercises/men/Abdominals/exercise ball sit ups.mp4,,assets/posters/men/ea_exercise_ball_sit_ups.jpg,,situp,True,False,Abdominals,False,True,True,1,1,NO_PRIMARY_MUSCLES;NO_PURPOSE;NO_FEMALE_CLIP
ea_exercise_ball_wall_squat,Exercise Ball Wall Squat,Присед у стены с фитболом,stability_ball,Exercise Ball,3,1,beginner,10,False,False,4,3,ankle|hip|knee,exercises/men/Legs/Exercise Ball Wall Squat.mp4,,assets/posters/men/ea_exercise_ball_wall_squat.jpg,,,False,False,Legs,False,True,True,1,1,NO_PURPOSE;NO_FEMALE_CLIP
ea_explosive_push_ups,Explosive Push Ups,Взрывные отжимания,,None,3,2,beginner,10,False,False,4,3,elbow|shoulder|wrist,exercises/men/Chest/Explosive push ups.mp4,,assets/posters/men/ea_explosive_push_ups.jpg,,pushup,True,False,Chest,False,True,True,2,1,NO_EQUIPMENT_ID;NO_PURPOSE;NO_FEMALE_CLIP;SHARED_SUMMARY
ea_extended_side_angle,Extended Side Angle,Поза вытянутого бокового угла,,None (Bodyweight),6,4,beginner,10,False,False,4,1,lower_back,exercises/men/Yoga/Extended Side Angle.mp4,,assets/posters/men/ea_extended_side_angle.jpg,,,False,True,Yoga,False,True,True,1,1,NO_EQUIPMENT_ID;NO_PURPOSE;NO_FEMALE_CLIP
ea_extended_side_angle_pose,Extended Side Angle Pose,Поза вытянутого бокового угла,,None (Bodyweight),0,0,beginner,10,True,True,5,0,,exercises/men/Yoga/Extended Side Angle Pose.mp4,exercises/girl/Yoga/Extended Side Angle Pose.mp4,assets/posters/men/ea_extended_side_angle_pose.jpg,assets/posters/girl/ea_extended_side_angle_pose.jpg,,False,True,Yoga,False,True,True,1,1,NO_EQUIPMENT_ID;NO_CONTRAINDICATION_TAGS;NO_MUSCLES;NO_PRIMARY_MUSCLES
ea_extended_side_angle_pose_with_block,Extended Side Angle Pose with Block,Поза вытянутого бокового угла с блоком,yoga_blocks,Yoga Block,0,0,beginner,10,True,True,5,0,,exercises/men/Yoga/Extended side Angle Pose With Block.mp4,exercises/girl/Yoga/Extended side Angle Pose With Block.mp4,assets/posters/men/ea_extended_side_angle_pose_with_block.jpg,assets/posters/girl/ea_extended_side_angle_pose_with_block.jpg,,False,True,Yoga,False,True,True,1,1,NO_CONTRAINDICATION_TAGS;NO_MUSCLES;NO_PRIMARY_MUSCLES
ea_extension_and_inclination_neck_stretch,Extension and Inclination Neck Stretch,Растяжка шеи с разгибанием и наклоном,,None (Bodyweight),0,0,beginner,10,False,False,4,3,knee|neck|wrist,exercises/men/Stretching - Mobility/Extension And Inclination Neck Stretch.mp4,,assets/posters/men/ea_extension_and_inclination_neck_stretch.jpg,,,False,True,Stretching - Mobility,False,True,True,1,1,NO_EQUIPMENT_ID;NO_MUSCLES;NO_PRIMARY_MUSCLES;NO_PURPOSE;NO_FEMALE_CLIP
ea_extension_of_arms_in_vertical_stretch,Extension of Arms in Vertical Stretch,Вертикальная растяжка с вытягиванием рук,,None (Bodyweight),3,2,beginner,10,False,False,4,1,upper_back,exercises/men/Stretching - Mobility/Extension Of Arms In Vertical Stretch.mp4,,assets/posters/men/ea_extension_of_arms_in_vertical_stretch.jpg,,,False,True,Stretching - Mobility,False,True,True,1,1,NO_EQUIPMENT_ID;NO_PURPOSE;NO_FEMALE_CLIP
ea_ez_bar_biceps_curl_close_grip,Ez Bar Biceps Curl Close Grip,Сгибание на бицепс с EZ-грифом узким хватом,ez_curl_bar,Ez Bar,2,1,beginner,10,False,False,4,1,elbow,exercises/men/Biceps/Ez bar biceps curl close grip.mp4,,assets/posters/men/ea_ez_bar_biceps_curl_close_grip.jpg,,curl,True,False,Biceps,False,True,True,1,1,NO_PURPOSE;NO_FEMALE_CLIP
ea_ez_bar_biceps_curl_normal_grip,Ez Bar Biceps Curl Normal Grip,Сгибание на бицепс с EZ-грифом обычным хватом,ez_curl_bar,Ez Bar,2,1,beginner,10,False,False,4,1,elbow,exercises/men/Biceps/Ez bar biceps curl normal grip.mp4,,assets/posters/men/ea_ez_bar_biceps_curl_normal_grip.jpg,,curl,True,False,Biceps,False,True,True,1,1,NO_PURPOSE;NO_FEMALE_CLIP
ea_ez_bar_biceps_curl_wide_grip,Ez Bar Biceps Curl Wide Grip,Сгибание на бицепс с EZ-грифом широким хватом,ez_curl_bar,Ez Bar,2,1,beginner,10,False,False,4,1,elbow,exercises/men/Biceps/Ez bar biceps curl wide grip.mp4,,assets/posters/men/ea_ez_bar_biceps_curl_wide_grip.jpg,,curl,True,False,Biceps,False,True,True,1,1,NO_PURPOSE;NO_FEMALE_CLIP
ea_ez_bar_cable_curl_wide_grip,Ez Bar Cable Curl Wide Grip,Сгибание на бицепс с EZ-грифом на блоке широким хватом,cable_machine,Ez Bar,2,1,beginner,10,False,False,4,1,elbow,exercises/men/Biceps/Ez bar cable curl wide grip.mp4,,assets/posters/men/ea_ez_bar_cable_curl_wide_grip.jpg,,,False,False,Biceps,False,True,True,1,1,NO_PURPOSE;NO_FEMALE_CLIP
ea_ez_bar_cable_curl_wide_grip_crossover_machine,Ez Bar Cable Curl Wide Grip Crossover Machine,Сгибание на бицепс с EZ-грифом на кроссовере широким хватом,cable_machine,Ez Bar,2,1,beginner,10,False,False,4,1,elbow,exercises/men/Biceps/ez bar cable curl wide grip crossover machine.mp4,,assets/posters/men/ea_ez_bar_cable_curl_wide_grip_crossover_machine.jpg,,,False,False,Biceps,False,True,True,1,1,NO_PURPOSE;NO_FEMALE_CLIP
ea_ez_bar_overhead_extensions_standing,Ez Bar Overhead Extensions Standing,Разгибания рук с EZ-грифом над головой стоя,ez_curl_bar,Ez Bar,2,1,beginner,10,False,False,4,2,elbow|shoulder,exercises/men/Triceps/ez bar overhead extensions standing.mp4,,assets/posters/men/ea_ez_bar_overhead_extensions_standing.jpg,,,False,False,Triceps,False,True,True,1,1,NO_PURPOSE;NO_FEMALE_CLIP
ea_ez_bar_seated_close_grip_shoulder_press,Ez Bar Seated Close Grip Shoulder Press,Жим EZ-грифа сидя узким хватом,ez_curl_bar,Ez Bar,2,1,beginner,10,False,False,4,2,elbow|shoulder,exercises/men/Shoulders/ez bar seated close grip shoulder press.mp4,,assets/posters/men/ea_ez_bar_seated_close_grip_shoulder_press.jpg,,,False,False,Shoulders,False,True,True,1,1,NO_PURPOSE;NO_FEMALE_CLIP
ea_ez_bar_seated_wrist_curl,EZ Bar Seated Wrist Curl,Сгибание запястий с EZ-грифом сидя,bench_press,Ez Bar,2,1,beginner,10,False,False,4,2,elbow|wrist,exercises/men/Forearms/EZ Bar Seated Wrist Curl.mp4,,assets/posters/men/ea_ez_bar_seated_wrist_curl.jpg,,,False,False,Forearms,False,True,True,1,1,NO_PURPOSE;NO_FEMALE_CLIP
ea_ez_bar_standing_front_raise,EZ Bar Standing Front Raise,Подъём EZ-грифа перед собой стоя,ez_curl_bar,Ez Bar,2,1,beginner,10,False,False,4,1,shoulder,exercises/men/Shoulders/EZ Bar Standing Front Raise.mp4,,assets/posters/men/ea_ez_bar_standing_front_raise.jpg,,,False,False,Shoulders,False,True,True,1,1,NO_PURPOSE;NO_FEMALE_CLIP
ea_ez_barbell_anti_gravity_press,EZ Barbell Anti Gravity Press,Жим EZ-штанги против гравитации,bench_press,Ez Bar,2,1,beginner,10,False,False,4,1,shoulder,exercises/men/Shoulders/EZ Barbell Anti Gravity Press.mp4,,assets/posters/men/ea_ez_barbell_anti_gravity_press.jpg,,,False,False,Shoulders,False,True,True,1,1,NO_PURPOSE;NO_FEMALE_CLIP
ea_ez_barbell_close_grip_curl,EZ Barbell Close Grip Curl,Сгибание на бицепс с EZ-штангой узким хватом,ez_curl_bar,Ez Bar,2,1,beginner,10,False,False,4,1,elbow,exercises/men/Biceps/EZ Barbell Close grip Curl.mp4,,assets/posters/men/ea_ez_barbell_close_grip_curl.jpg,,curl,True,False,Biceps,False,True,True,1,1,NO_PURPOSE;NO_FEMALE_CLIP
ea_ez_barbell_curl,EZ Barbell Curl,Сгибание на бицепс с EZ-штангой,ez_curl_bar,Ez Bar,2,1,beginner,10,False,False,4,1,elbow,exercises/men/Biceps/EZ Barbell Curl.mp4,,assets/posters/men/ea_ez_barbell_curl.jpg,,curl,True,False,Biceps,False,True,True,1,1,NO_PURPOSE;NO_FEMALE_CLIP
ea_fast_feet,Fast Feet,Быстрые ноги,,None,4,2,beginner,10,False,False,4,0,,exercises/men/Calisthenics-Cardio-Plyo-Functional/Fast feet.mp4,,assets/posters/men/ea_fast_feet.jpg,,,False,False,Calisthenics-Cardio-Plyo-Functional,False,True,True,1,1,NO_EQUIPMENT_ID;NO_CONTRAINDICATION_TAGS;NO_PURPOSE;NO_FEMALE_CLIP
ea_feet_together_barbell_squats,Feet Together Barbell Squats,"Присед со штангой, ноги вместе",squat_rack,Barbell,5,2,beginner,10,False,False,4,5,ankle|hip|knee|lower_back|upper_back,exercises/men/Legs/Feet Together barbell Squats.mp4,,assets/posters/men/ea_feet_together_barbell_squats.jpg,,,False,False,Legs,False,True,True,1,1,NO_PURPOSE;NO_FEMALE_CLIP
ea_fire_hydrant_bodyweight,Fire Hydrant Bodyweight,Отведение бедра в сторону на четвереньках,,None,1,1,beginner,10,False,False,4,1,hip,exercises/men/Legs/fire hydrant bodyweight.mp4,,assets/posters/men/ea_fire_hydrant_bodyweight.jpg,,,False,False,Legs,False,True,True,2,1,NO_EQUIPMENT_ID;NO_PURPOSE;NO_FEMALE_CLIP;SHARED_SUMMARY
ea_fire_hydrant_circle_bodyweight,Fire Hydrant Circle Bodyweight,Круговые движения ногой на четвереньках,,None,1,1,beginner,10,False,False,4,1,hip,exercises/men/Legs/fire hydrant circle bodyweight.mp4,,assets/posters/men/ea_fire_hydrant_circle_bodyweight.jpg,,,False,False,Legs,False,True,True,2,1,NO_EQUIPMENT_ID;NO_PURPOSE;NO_FEMALE_CLIP;SHARED_SUMMARY
ea_fixed_bar_stretch,Fixed Bar Stretch,Растяжка на фиксированной перекладине,vertical_pole,Fixed Pole Bar,3,3,beginner,10,False,False,4,1,upper_back,exercises/men/Stretching - Mobility/fixed bar stretch.mp4,,assets/posters/men/ea_fixed_bar_stretch.jpg,,,False,True,Stretching - Mobility,False,True,True,1,1,NO_PURPOSE;NO_FEMALE_CLIP
ea_flat_bench_cable_fly,Flat Bench Cable Fly,Разведение рук на блоках лежа на горизонтальной скамье,cable_machine,Dual Cable Pulley Machine,3,1,beginner,10,False,False,4,1,shoulder,exercises/men/Chest/flat bench cable fly.mp4,,assets/posters/men/ea_flat_bench_cable_fly.jpg,,,False,False,Chest,False,True,True,1,1,NO_PURPOSE;NO_FEMALE_CLIP
ea_flat_knee_raise,Flat Knee Raise,Подъем коленей лежа,,None (Bodyweight),1,0,beginner,10,True,True,5,0,,exercises/men/Abdominals/Flat Knee Raise.mp4,exercises/girl/Abdominals/Flat Knee Raise.mp4,assets/posters/men/ea_flat_knee_raise.jpg,assets/posters/girl/ea_flat_knee_raise.jpg,,False,False,Abdominals,False,True,True,1,1,NO_EQUIPMENT_ID;NO_CONTRAINDICATION_TAGS;NO_PRIMARY_MUSCLES
ea_floor_cable_resistance_band_press,Floor Cable Resistance Band Press,Жим на полу с резиновой лентой,resistance_bands,Resistance Cable,2,1,beginner,10,False,False,4,1,shoulder,exercises/men/Chest/floor cable resistance band press.mp4,,assets/posters/men/ea_floor_cable_resistance_band_press.jpg,,,False,False,Chest,False,True,True,1,1,NO_PURPOSE;NO_FEMALE_CLIP
ea_floor_tricep_dip,Floor Tricep Dip,Отжимания на трицепс от пола,,None (Bodyweight),1,0,beginner,10,True,True,5,3,elbow|shoulder|wrist,exercises/men/Triceps/Floor Tricep Dip.mp4,exercises/girl/Triceps/Floor Tricep Dip.mp4,assets/posters/men/ea_floor_tricep_dip.jpg,assets/posters/girl/ea_floor_tricep_dip.jpg,,False,False,Triceps,False,True,True,1,1,NO_EQUIPMENT_ID;NO_PRIMARY_MUSCLES
ea_flutter_kicks,Flutter Kicks,Ножницы лежа,,None,2,1,beginner,10,False,False,4,0,,exercises/men/Abdominals/flutter kicks.mp4,,assets/posters/men/ea_flutter_kicks.jpg,,,False,False,Abdominals,False,True,True,1,1,NO_EQUIPMENT_ID;NO_CONTRAINDICATION_TAGS;NO_PURPOSE;NO_FEMALE_CLIP
ea_foam_roller_back,Foam Roller Back,Массаж спины на пенном ролике,foam_roller,Foam Roller,0,0,beginner,10,True,True,5,1,upper_back,exercises/men/Stretching - Mobility/Foam Roller Back.mp4,exercises/girl/Stretching - Mobility/Foam Roller Back.mp4,assets/posters/men/ea_foam_roller_back.jpg,assets/posters/girl/ea_foam_roller_back.jpg,,False,True,Stretching - Mobility,False,True,True,1,1,NO_MUSCLES;NO_PRIMARY_MUSCLES
ea_foam_roller_calves,Foam Roller Calves,Массаж икр на пенном ролике,foam_roller,Foam Roller,0,0,beginner,10,True,True,5,0,,exercises/men/Stretching - Mobility/Foam Roller Calves.mp4,exercises/girl/Stretching - Mobility/Foam Roller Calves.mp4,assets/posters/men/ea_foam_roller_calves.jpg,assets/posters/girl/ea_foam_roller_calves.jpg,,False,True,Stretching - Mobility,False,True,True,1,1,NO_CONTRAINDICATION_TAGS;NO_MUSCLES;NO_PRIMARY_MUSCLES
ea_foam_roller_lateral_quads,Foam Roller Lateral Quads,Массаж боковой поверхности бедра на пенном ролике,foam_roller,Foam Roller,0,0,beginner,10,True,True,5,0,,exercises/men/Stretching - Mobility/Foam Roller Lateral Quads.mp4,exercises/girl/Stretching - Mobility/Foam Roller Lateral Quads.mp4,assets/posters/men/ea_foam_roller_lateral_quads.jpg,assets/posters/girl/ea_foam_roller_lateral_quads.jpg,,False,True,Stretching - Mobility,False,True,True,1,1,NO_CONTRAINDICATION_TAGS;NO_MUSCLES;NO_PRIMARY_MUSCLES
ea_foam_roller_quads,Foam Roller Quads-,Массаж квадрицепсов на пенном ролике,foam_roller,Foam Roller,0,0,beginner,10,True,True,5,0,,exercises/men/Stretching - Mobility/Foam Roller Quads-.mp4,exercises/girl/Stretching - Mobility/Foam Roller Quads.mp4,assets/posters/men/ea_foam_roller_quads.jpg,assets/posters/girl/ea_foam_roller_quads.jpg,,False,True,Stretching - Mobility,False,True,True,1,1,NO_CONTRAINDICATION_TAGS;NO_MUSCLES;NO_PRIMARY_MUSCLES
ea_forearms_pull_with_opposite_hand_stretch,Forearms Pull with Opposite Hand Stretch,Растяжка предплечий с помощью другой руки,,None (Bodyweight),0,0,beginner,10,True,True,5,0,,exercises/men/Stretching - Mobility/Forearms Pull With Opposite Hand Stretch.mp4,exercises/girl/Stretching - Mobility/Forearms Pull With Opposite Hand Stretch.mp4,assets/posters/men/ea_forearms_pull_with_opposite_hand_stretch.jpg,assets/posters/girl/ea_forearms_pull_with_opposite_hand_stretch.jpg,,False,True,Stretching - Mobility,False,True,True,1,1,NO_EQUIPMENT_ID;NO_CONTRAINDICATION_TAGS;NO_MUSCLES;NO_PRIMARY_MUSCLES
ea_forearms_stretch_on_wall,Forearms Stretch on Wall,Растяжка предплечий у стены,,Wall,0,0,beginner,10,True,True,5,0,,exercises/men/Stretching - Mobility/Forearms Stretch On Wall.mp4,exercises/girl/Stretching - Mobility/Forearms Stretch On Wall.mp4,assets/posters/men/ea_forearms_stretch_on_wall.jpg,assets/posters/girl/ea_forearms_stretch_on_wall.jpg,,False,True,Stretching - Mobility,False,True,True,1,1,NO_EQUIPMENT_ID;NO_CONTRAINDICATION_TAGS;NO_MUSCLES;NO_PRIMARY_MUSCLES
ea_forearms_stretch_on_wall_fingers_facing_down,Forearms Stretch on Wall Fingers Facing Down,Растяжка предплечий у стены пальцами вниз,,Wall,0,0,beginner,10,True,True,5,0,,exercises/men/Stretching - Mobility/Forearms Stretch On Wall Fingers Facing Down.mp4,exercises/girl/Stretching - Mobility/Forearms Stretch On Wall Fingers Facing Down.mp4,assets/posters/men/ea_forearms_stretch_on_wall_fingers_facing_down.jpg,assets/posters/girl/ea_forearms_stretch_on_wall_fingers_facing_down.jpg,,False,True,Stretching - Mobility,False,True,True,1,1,NO_EQUIPMENT_ID;NO_CONTRAINDICATION_TAGS;NO_MUSCLES;NO_PRIMARY_MUSCLES
ea_frog_jumps,Frog Jumps,Прыжки лягушкой,,None (Bodyweight),1,0,beginner,10,True,True,5,3,ankle|hip|knee,exercises/men/Legs/Frog Jumps.mp4,exercises/girl/Legs/Frog Jumps.mp4,assets/posters/men/ea_frog_jumps.jpg,assets/posters/girl/ea_frog_jumps.jpg,,False,False,Legs,False,True,True,1,1,NO_EQUIPMENT_ID;NO_PRIMARY_MUSCLES
ea_front_lever_raise,Front Lever Raise,Подъем в передний вис,squat_rack,Pull Up Bar,0,0,beginner,10,True,True,5,2,hip|shoulder,exercises/men/Calisthenics-Cardio-Plyo-Functional/Front Lever Raise.mp4,exercises/girl/Calisthenics-Cardio-Plyo-Functional/Front Lever Raise.mp4,assets/posters/men/ea_front_lever_raise.jpg,assets/posters/girl/ea_front_lever_raise.jpg,,False,False,Calisthenics-Cardio-Plyo-Functional,False,True,True,1,1,NO_MUSCLES;NO_PRIMARY_MUSCLES
ea_front_lever_raise_to_hold,Front Lever Raise to Hold,Подъем в передний вис с удержанием,squat_rack,Pull Up Bar,0,0,beginner,10,True,True,5,2,hip|shoulder,exercises/men/Calisthenics-Cardio-Plyo-Functional/Front Lever Raise To Hold.mp4,exercises/girl/Calisthenics-Cardio-Plyo-Functional/Front Lever Raise To Hold.mp4,assets/posters/men/ea_front_lever_raise_to_hold.jpg,assets/posters/girl/ea_front_lever_raise_to_hold.jpg,,False,False,Calisthenics-Cardio-Plyo-Functional,False,True,True,1,1,NO_MUSCLES;NO_PRIMARY_MUSCLES
ea_front_raise_resistance_bands,Front Raise Resistance Bands,Подъем рук вперед с резиновой лентой,resistance_bands,Resistance Band,2,1,beginner,10,False,False,4,1,shoulder,exercises/men/Shoulders/front raise resistance bands.mp4,,assets/posters/men/ea_front_raise_resistance_bands.jpg,,,False,False,Shoulders,False,True,True,1,1,NO_PURPOSE;NO_FEMALE_CLIP
ea_front_raises_barbell,Front Raises Barbell,Подъёмы штанги перед собой,barbell,Barbell,2,1,beginner,10,False,False,3,1,shoulder,exercises/men/Shoulders/front raises barbell.mp4,,assets/posters/men/ea_front_raises_barbell.jpg,,,False,False,Shoulders,False,True,True,1,1,NO_PURPOSE;NO_FEMALE_CLIP
ea_front_shoulder_stretch_with_bar,Front Shoulder Stretch with Bar,Растяжка передней дельты со штангой,barbell,Yoga Mat,2,1,beginner,10,False,False,4,0,,exercises/men/Stretching - Mobility/front shoulder stretch with bar.mp4,,assets/posters/men/ea_front_shoulder_stretch_with_bar.jpg,,,False,True,Stretching - Mobility,False,True,True,1,1,NO_CONTRAINDICATION_TAGS;NO_PURPOSE;NO_FEMALE_CLIP
ea_front_squats_dumbbell_low,Front Squats Dumbbell Low,Приседания с гантелями на низких руках,dumbbell,Dumbbells,3,1,beginner,10,False,False,4,5,ankle|hip|knee|lower_back|upper_back,exercises/men/Legs/front squats dumbbell low.mp4,,assets/posters/men/ea_front_squats_dumbbell_low.jpg,,,False,False,Legs,False,True,True,1,1,NO_PURPOSE;NO_FEMALE_CLIP
ea_front_squats_dumbbell_over_shoulders,Front Squats Dumbbell Over Shoulders,Приседания с гантелями на плечах,dumbbell,Dumbbells,3,1,beginner,10,False,False,4,5,ankle|hip|knee|lower_back|upper_back,exercises/men/Legs/front squats dumbbell over shoulders.mp4,,assets/posters/men/ea_front_squats_dumbbell_over_shoulders.jpg,,,False,False,Legs,False,True,True,1,1,NO_PURPOSE;NO_FEMALE_CLIP
ea_full_planche_push_up,Full Planche Push Up,Отжимания в полном планше,,None,4,2,beginner,10,False,False,4,3,elbow|shoulder|wrist,exercises/men/Chest/Full planche push up.mp4,,assets/posters/men/ea_full_planche_push_up.jpg,,pushup,True,False,Chest,False,True,True,1,1,NO_EQUIPMENT_ID;NO_PURPOSE;NO_FEMALE_CLIP
ea_gate_pose_rounding_spine_looking_up,Gate Pose Rounding Spine Looking Up,Поза Ворот с округлением спины и взглядом вверх,,None (Bodyweight),0,0,beginner,10,True,True,5,0,,exercises/men/Yoga/Gate Pose Rounding Spine Looking Up.mp4,exercises/girl/Yoga/Gate Pose Rounding Spine Looking Up.mp4,assets/posters/men/ea_gate_pose_rounding_spine_looking_up.jpg,assets/posters/girl/ea_gate_pose_rounding_spine_looking_up.jpg,,False,True,Yoga,False,True,True,1,1,NO_EQUIPMENT_ID;NO_CONTRAINDICATION_TAGS;NO_MUSCLES;NO_PRIMARY_MUSCLES
ea_gate_pose_variation_arm_extended_on_side,Gate Pose Variation Arm Extended on Side,Вариация Позы Ворот с вытянутой в сторону рукой,,None (Bodyweight),0,0,beginner,10,True,True,5,0,,exercises/men/Yoga/Gate Pose Variation Arm Extended on Side.mp4,exercises/girl/Yoga/Gate Pose Variation Arm Extended on Side.mp4,assets/posters/men/ea_gate_pose_variation_arm_extended_on_side.jpg,assets/posters/girl/ea_gate_pose_variation_arm_extended_on_side.jpg,,False,True,Yoga,False,True,True,1,1,NO_EQUIPMENT_ID;NO_CONTRAINDICATION_TAGS;NO_MUSCLES;NO_PRIMARY_MUSCLES
ea_glute_bridge_bodyweight,Glute Bridge Bodyweight,Ягодичный мост без веса,,None (Bodyweight),1,0,beginner,10,True,True,5,1,hip,exercises/men/Legs/Glute Bridge Bodyweight.mp4,exercises/girl/Legs/Glute Bridge Bodyweight.mp4,assets/posters/men/ea_glute_bridge_bodyweight.jpg,assets/posters/girl/ea_glute_bridge_bodyweight.jpg,hinge,True,False,Legs,False,True,True,1,1,NO_EQUIPMENT_ID;NO_PRIMARY_MUSCLES
ea_glute_bridge_with_abduction_bodyweight,Glute Bridge with Abduction Bodyweight,Ягодичный мост с разведением бёдер без веса,,None,2,1,beginner,10,False,False,4,1,hip,exercises/men/Legs/Glute Bridge with Abduction bodyweight.mp4,exercises/girl/Legs/Glute Bridge With Abduction Bodyweight.mp4,assets/posters/men/ea_glute_bridge_with_abduction_bodyweight.jpg,assets/posters/girl/ea_glute_bridge_with_abduction_bodyweight.jpg,hinge,True,False,Legs,False,True,True,1,1,NO_EQUIPMENT_ID;NO_PURPOSE
ea_goblet_kettlebell_squats,Goblet Kettlebell Squats,Приседания с гирей (гоблет-присед),kettlebell,Kettlebells,3,1,beginner,10,False,False,4,3,ankle|hip|knee,exercises/men/Legs/goblet kettlebell squats.mp4,,assets/posters/men/ea_goblet_kettlebell_squats.jpg,,,False,False,Legs,False,True,True,1,1,NO_PURPOSE;NO_FEMALE_CLIP
ea_good_morning_resistance_band,Good Morning Resistance Band,Наклоны «Доброе утро» с резиновой лентой,resistance_bands,Resistance Band,4,2,beginner,10,False,False,4,3,hip|lower_back|upper_back,exercises/men/Back/good morning resistance band.mp4,,assets/posters/men/ea_good_morning_resistance_band.jpg,,hinge,True,False,Back,False,True,True,1,1,NO_PURPOSE;NO_FEMALE_CLIP
ea_good_mornings,Good Mornings,Наклоны «Доброе утро»,,None (Bodyweight),1,0,beginner,10,True,True,5,3,hip|lower_back|upper_back,exercises/men/Legs/Good Mornings.mp4,exercises/girl/Legs/Good Mornings.mp4,assets/posters/men/ea_good_mornings.jpg,assets/posters/girl/ea_good_mornings.jpg,hinge,True,False,Legs,False,True,True,1,1,NO_EQUIPMENT_ID;NO_PRIMARY_MUSCLES
ea_good_mornings_barbell,Good Mornings Barbell,Наклоны «Доброе утро» со штангой,barbell,Barbell,3,2,beginner,10,False,False,4,3,hip|lower_back|upper_back,exercises/men/Back/good mornings barbell.mp4,,assets/posters/men/ea_good_mornings_barbell.jpg,,hinge,True,False,Back,False,True,True,2,1,NO_PURPOSE;NO_FEMALE_CLIP;SHARED_SUMMARY
ea_good_mornings_dumbbells,Good Mornings Dumbbells,Наклоны «Доброе утро» с гантелями,dumbbell,Dumbbells,3,2,beginner,10,False,False,4,3,hip|lower_back|upper_back,exercises/men/Back/good mornings dumbbells.mp4,,assets/posters/men/ea_good_mornings_dumbbells.jpg,,hinge,True,False,Back,False,True,True,1,1,NO_PURPOSE;NO_FEMALE_CLIP
ea_good_mornings_kettlebell,Good Mornings Kettlebell,Наклоны «Доброе утро» с гирей,kettlebell,Kettlebells,3,2,beginner,10,False,False,4,3,hip|lower_back|upper_back,exercises/men/Back/good mornings kettlebell.mp4,,assets/posters/men/ea_good_mornings_kettlebell.jpg,,hinge,True,False,Back,False,True,True,1,1,NO_PURPOSE;NO_FEMALE_CLIP
ea_gorilla_walk,Gorilla Walk,Походка гориллы,,None (Bodyweight),0,0,beginner,10,True,True,5,0,,exercises/men/Calisthenics-Cardio-Plyo-Functional/Gorilla Walk.mp4,exercises/girl/Calisthenics-Cardio-Plyo-Functional/Gorilla Walk.mp4,assets/posters/men/ea_gorilla_walk.jpg,assets/posters/girl/ea_gorilla_walk.jpg,,False,False,Calisthenics-Cardio-Plyo-Functional,False,True,True,1,1,NO_EQUIPMENT_ID;NO_CONTRAINDICATION_TAGS;NO_MUSCLES;NO_PRIMARY_MUSCLES
ea_gym_elliptical_machine_fast_speed,Gym Elliptical Machine Fast Speed,Эллиптический тренажёр: высокая скорость,elliptical,Elliptical Machine,7,3,beginner,10,False,False,4,0,,exercises/men/Calisthenics-Cardio-Plyo-Functional/Gym Elliptical Machine Fast Speed.mp4,exercises/girl/Calisthenics-Cardio-Plyo-Functional/Gym Elliptical Machine Fast Speed.mp4,assets/posters/men/ea_gym_elliptical_machine_fast_speed.jpg,assets/posters/girl/ea_gym_elliptical_machine_fast_speed.jpg,,False,False,Calisthenics-Cardio-Plyo-Functional,False,True,True,3,1,NO_CONTRAINDICATION_TAGS;NO_PURPOSE;SHARED_SUMMARY
ea_gym_elliptical_machine_normal_speed,Gym Elliptical Machine Normal Speed,Эллиптический тренажёр: обычная скорость,elliptical,Elliptical Machine,7,3,beginner,10,False,False,4,0,,exercises/men/Calisthenics-Cardio-Plyo-Functional/Gym Elliptical Machine Normal Speed.mp4,exercises/girl/Calisthenics-Cardio-Plyo-Functional/Gym Elliptical Machine Normal Speed.mp4,assets/posters/men/ea_gym_elliptical_machine_normal_speed.jpg,assets/posters/girl/ea_gym_elliptical_machine_normal_speed.jpg,,False,False,Calisthenics-Cardio-Plyo-Functional,False,True,True,3,1,NO_CONTRAINDICATION_TAGS;NO_PURPOSE;SHARED_SUMMARY
ea_gym_elliptical_machine_sprint_speed,Gym Elliptical Machine Sprint Speed,Эллиптический тренажёр: спринтерская скорость,elliptical,Elliptical Machine,7,3,beginner,10,False,False,4,2,ankle|knee,exercises/men/Calisthenics-Cardio-Plyo-Functional/Gym Elliptical Machine Sprint Speed.mp4,exercises/girl/Calisthenics-Cardio-Plyo-Functional/Gym Elliptical Machine Sprint Speed.mp4,assets/posters/men/ea_gym_elliptical_machine_sprint_speed.jpg,assets/posters/girl/ea_gym_elliptical_machine_sprint_speed.jpg,,False,False,Calisthenics-Cardio-Plyo-Functional,False,True,True,3,1,NO_PURPOSE;SHARED_SUMMARY
ea_gym_rowing_machine_fast_speed,Gym Rowing Machine Fast Speed,Гребной тренажёр: высокая скорость,rowing_machine,Rowing Machine,7,4,beginner,10,False,False,4,1,upper_back,exercises/men/Calisthenics-Cardio-Plyo-Functional/Gym Rowing Machine Fast Speed.mp4,exercises/girl/Calisthenics-Cardio-Plyo-Functional/Gym Rowing Machine Fast Speed.mp4,assets/posters/men/ea_gym_rowing_machine_fast_speed.jpg,assets/posters/girl/ea_gym_rowing_machine_fast_speed.jpg,,False,False,Calisthenics-Cardio-Plyo-Functional,False,True,True,3,1,NO_PURPOSE;SHARED_SUMMARY
ea_gym_rowing_machine_normal_speed,Gym Rowing Machine Normal Speed,Гребной тренажер: умеренный темп,rowing_machine,Rowing Machine,7,4,beginner,10,False,False,4,1,upper_back,exercises/men/Calisthenics-Cardio-Plyo-Functional/Gym Rowing Machine Normal Speed.mp4,exercises/girl/Calisthenics-Cardio-Plyo-Functional/Gym Rowing Machine Normal Speed.mp4,assets/posters/men/ea_gym_rowing_machine_normal_speed.jpg,assets/posters/girl/ea_gym_rowing_machine_normal_speed.jpg,,False,False,Calisthenics-Cardio-Plyo-Functional,False,True,True,3,1,NO_PURPOSE;SHARED_SUMMARY
ea_gym_rowing_machine_sprint_speed,Gym Rowing Machine Sprint Speed,Гребной тренажер: спринтерский темп,rowing_machine,Rowing Machine,7,4,beginner,10,False,False,4,3,ankle|knee|upper_back,exercises/men/Calisthenics-Cardio-Plyo-Functional/Gym Rowing Machine Sprint Speed.mp4,exercises/girl/Calisthenics-Cardio-Plyo-Functional/Gym Rowing Machine Sprint Speed.mp4,assets/posters/men/ea_gym_rowing_machine_sprint_speed.jpg,assets/posters/girl/ea_gym_rowing_machine_sprint_speed.jpg,,False,False,Calisthenics-Cardio-Plyo-Functional,False,True,True,3,1,NO_PURPOSE;SHARED_SUMMARY
ea_hack_squat_machine_squat,Hack Squat Machine Squat,Гакк-присед,hack_squat_machine,Hack Squat Machine,3,1,beginner,10,False,False,4,3,ankle|hip|knee,exercises/men/Legs/Hack Squat Machine Squat.mp4,exercises/girl/Legs/Hack Squat Machine.mp4,assets/posters/men/ea_hack_squat_machine_squat.jpg,assets/posters/girl/ea_hack_squat_machine_squat.jpg,,False,False,Legs,False,True,True,1,1,NO_PURPOSE
ea_half_burpees,Half Burpees,Полу-бёрпи,,None (Bodyweight),4,2,beginner,10,False,False,4,3,ankle|knee|wrist,exercises/men/Calisthenics-Cardio-Plyo-Functional/Half burpees.mp4,,assets/posters/men/ea_half_burpees.jpg,,,False,False,Calisthenics-Cardio-Plyo-Functional,False,True,True,1,1,NO_EQUIPMENT_ID;NO_PURPOSE;NO_FEMALE_CLIP
ea_half_lotus,Half Lotus,Полулотос,,None (Bodyweight),0,0,beginner,10,True,True,5,0,,exercises/men/Yoga/Half Lotus.mp4,exercises/girl/Yoga/Half Lotus.mp4,assets/posters/men/ea_half_lotus.jpg,assets/posters/girl/ea_half_lotus.jpg,,False,True,Yoga,False,True,True,2,1,NO_EQUIPMENT_ID;NO_CONTRAINDICATION_TAGS;NO_MUSCLES;NO_PRIMARY_MUSCLES;SHARED_SUMMARY
ea_half_monkey_pose,Half Monkey Pose,Поза полуобезьяны,,None (Bodyweight),0,0,intermediate,10,True,True,5,0,,exercises/men/Yoga/Half Monkey Pose.mp4,exercises/girl/Yoga/Half Monkey Pose.mp4,assets/posters/men/ea_half_monkey_pose.jpg,assets/posters/girl/ea_half_monkey_pose.jpg,,False,True,Yoga,False,True,True,1,1,NO_EQUIPMENT_ID;NO_CONTRAINDICATION_TAGS;NO_MUSCLES;NO_PRIMARY_MUSCLES
ea_half_neck_rolls,Half Neck Rolls,Полукруговые вращения шеей,,None (Bodyweight),0,0,beginner,10,True,True,5,1,neck,exercises/men/Stretching - Mobility/Half Neck Rolls.mp4,exercises/girl/Stretching - Mobility/Half Neck Rolls.mp4,assets/posters/men/ea_half_neck_rolls.jpg,assets/posters/girl/ea_half_neck_rolls.jpg,,False,True,Stretching - Mobility,False,True,True,1,1,NO_EQUIPMENT_ID;NO_MUSCLES;NO_PRIMARY_MUSCLES
ea_hammer_curl_resistance_band_simultaneous,Hammer Curl Resistance Band Simultaneous,Молотковые сгибания на бицепс с резиновой лентой одновременно,resistance_bands,Resistance Band,3,2,beginner,10,False,False,3,2,elbow|wrist,exercises/men/Biceps/hammer curl resistance band simultaneous.mp4,,assets/posters/men/ea_hammer_curl_resistance_band_simultaneous.jpg,,curl,True,False,Biceps,False,True,True,1,1,NO_PURPOSE;NO_FEMALE_CLIP
ea_hammer_strength_iso_lateral_leg_curl_alternating_legs,Hammer Strength Iso-lateral LEG CURL Alternating Legs,Hammer Strength Iso-Lateral сгибания ног лежа поочередно,leg_curl,Hammer Strength Iso-Lateral Leg Curl Machine,2,1,beginner,10,False,False,4,1,knee,,exercises/girl/Legs/HAMMER STRENGTH ISO-LATERAL LEG CURL Alternating Legs.mp4,,assets/posters/girl/ea_hammer_strength_iso_lateral_leg_curl_alternating_legs.jpg,,False,False,Legs,False,True,True,4,2,NO_PURPOSE;NO_MALE_CLIP;SHARED_SUMMARY;SHARED_STEPS
ea_hammer_strength_iso_lateral_leg_curl_alternate_legs,Hammer Strength Iso-lateral LEG Curl_alternate Legs,Hammer Strength Iso-Lateral сгибания ног лежа поочередно,leg_curl,Hammer Strength Iso-Lateral Leg Curl Machine,2,1,beginner,10,False,False,4,1,knee,exercises/men/Legs/HAMMER STRENGTH ISO-LATERAL LEG CURL_Alternate Legs.mp4,,assets/posters/men/ea_hammer_strength_iso_lateral_leg_curl_alternate_legs.jpg,,,False,False,Legs,False,True,True,4,2,NO_PURPOSE;NO_FEMALE_CLIP;SHARED_SUMMARY;SHARED_STEPS
ea_hammer_strength_iso_lateral_leg_curl_both_leg,Hammer Strength Iso-lateral LEG Curl_both Leg,Hammer Strength Iso-Lateral сгибания ног лежа обеими ногами,leg_curl,Hammer Strength Iso-Lateral Leg Curl Machine,2,1,beginner,10,False,False,4,1,knee,exercises/men/Legs/HAMMER STRENGTH ISO-LATERAL LEG CURL_Both Leg.mp4,exercises/girl/Legs/HAMMER STRENGTH ISO-LATERAL LEG CURL_Both Leg.mp4,assets/posters/men/ea_hammer_strength_iso_lateral_leg_curl_both_leg.jpg,assets/posters/girl/ea_hammer_strength_iso_lateral_leg_curl_both_leg.jpg,,False,False,Legs,False,True,True,4,1,NO_PURPOSE;SHARED_SUMMARY
ea_hammer_strength_iso_lateral_leg_curl_single_leg,Hammer Strength Iso-lateral LEG Curl_single Leg,Hammer Strength Iso-Lateral сгибания ног лежа одной ногой,leg_curl,Hammer Strength Iso-Lateral Leg Curl Machine,2,1,beginner,10,False,False,4,1,knee,exercises/men/Legs/HAMMER STRENGTH ISO-LATERAL LEG CURL_Single Leg.mp4,exercises/girl/Legs/HAMMER STRENGTH ISO-LATERAL LEG CURL Single Leg.mp4,assets/posters/men/ea_hammer_strength_iso_lateral_leg_curl_single_leg.jpg,assets/posters/girl/ea_hammer_strength_iso_lateral_leg_curl_single_leg.jpg,,False,False,Legs,False,True,True,4,1,NO_PURPOSE;SHARED_SUMMARY
ea_hammer_strength_mts_iso_lateral_biceps_curl_alternate_arm,Hammer Strength MTS Iso-lateral Biceps Curl Alternate Arm,Hammer Strength MTS Iso-Lateral сгибания на бицепс поочередно,bicep_curl_machine,Hammer Strength MTS Iso-Lateral Biceps Curl Machine,2,1,beginner,10,False,False,4,1,elbow,,exercises/girl/Biceps/Hammer Strength MTS Iso-Lateral Biceps Curl Alternate Arm.mp4,,assets/posters/girl/ea_hammer_strength_mts_iso_lateral_biceps_curl_alternate_arm.jpg,,False,False,Biceps,False,True,True,4,2,NO_PURPOSE;NO_MALE_CLIP;SHARED_SUMMARY;SHARED_STEPS
ea_hammer_strength_mts_iso_lateral_biceps_curl_arm_alternating,Hammer Strength MTS Iso-lateral Biceps Curl Arm Alternating,Hammer Strength MTS Iso-Lateral сгибания на бицепс поочередно,bicep_curl_machine,Hammer Strength MTS Iso-Lateral Biceps Curl Machine,2,1,beginner,10,False,False,4,1,elbow,exercises/men/Biceps/Hammer Strength MTS Iso-Lateral Biceps Curl Arm Alternating.mp4,,assets/posters/men/ea_hammer_strength_mts_iso_lateral_biceps_curl_arm_alternating.jpg,,,False,False,Biceps,False,True,True,4,2,NO_PURPOSE;NO_FEMALE_CLIP;SHARED_SUMMARY;SHARED_STEPS
ea_hammer_strength_mts_iso_lateral_biceps_curl_both_arm,Hammer Strength MTS Iso-lateral Biceps Curl Both Arm,Hammer Strength MTS Iso-Lateral сгибания на бицепс обеими руками,bicep_curl_machine,Hammer Strength MTS Iso-Lateral Biceps Curl Machine,2,1,beginner,10,False,False,4,1,elbow,exercises/men/Biceps/Hammer Strength MTS Iso-Lateral Biceps Curl Both Arm.mp4,exercises/girl/Biceps/Hammer Strength MTS Iso-Lateral Biceps Curl Both Arm.mp4,assets/posters/men/ea_hammer_strength_mts_iso_lateral_biceps_curl_both_arm.jpg,assets/posters/girl/ea_hammer_strength_mts_iso_lateral_biceps_curl_both_arm.jpg,,False,False,Biceps,False,True,True,4,1,NO_PURPOSE;SHARED_SUMMARY
ea_hammer_strength_mts_iso_lateral_biceps_curl_single_arm,Hammer Strength MTS Iso-lateral Biceps Curl Single Arm,Hammer Strength MTS Iso-Lateral сгибания на бицепс одной рукой,bicep_curl_machine,Hammer Strength MTS Iso-Lateral Biceps Curl Machine,2,1,beginner,10,False,False,4,1,elbow,exercises/men/Biceps/Hammer Strength MTS Iso-Lateral Biceps Curl Single Arm.mp4,exercises/girl/Biceps/Hammer Strength MTS Iso-Lateral Biceps Curl Single Arm.mp4,assets/posters/men/ea_hammer_strength_mts_iso_lateral_biceps_curl_single_arm.jpg,assets/posters/girl/ea_hammer_strength_mts_iso_lateral_biceps_curl_single_arm.jpg,,False,False,Biceps,False,True,True,4,1,NO_PURPOSE;SHARED_SUMMARY
ea_hammer_strength_mts_iso_lateral_decline_press_alternate_arms,Hammer Strength MTS Iso-lateral Decline Press Alternate Arms,Hammer Strength MTS Iso-Lateral жим вниз поочередно,chest_press_machine,Hammer Strength MTS Iso-Lateral Decline Press Machine,3,1,beginner,10,False,False,4,1,shoulder,exercises/men/Chest/HAMMER STRENGTH MTS ISO-LATERAL DECLINE PRESS Alternate Arms.mp4,,assets/posters/men/ea_hammer_strength_mts_iso_lateral_decline_press_alternate_arms.jpg,,,False,False,Chest,False,True,True,4,2,NO_PURPOSE;NO_FEMALE_CLIP;SHARED_SUMMARY;SHARED_STEPS
ea_hammer_strength_mts_iso_lateral_decline_press_alternating_arms,Hammer Strength MTS Iso-lateral Decline Press Alternating Arms,Hammer Strength MTS Iso-Lateral жим вниз поочередно,chest_press_machine,Hammer Strength MTS Iso-Lateral Decline Press Machine,3,1,beginner,10,False,False,4,1,shoulder,,exercises/girl/Chest/HAMMER STRENGTH MTS ISO-LATERAL DECLINE PRESS Alternating Arms.mp4,,assets/posters/girl/ea_hammer_strength_mts_iso_lateral_decline_press_alternating_arms.jpg,,False,False,Chest,False,True,True,4,2,NO_PURPOSE;NO_MALE_CLIP;SHARED_SUMMARY;SHARED_STEPS
ea_hammer_strength_mts_iso_lateral_decline_press_both_arms,Hammer Strength MTS Iso-lateral Decline Press Both Arms,Hammer Strength MTS Iso-Lateral жим вниз обеими руками,chest_press_machine,Hammer Strength MTS Iso-Lateral Decline Press Machine,3,1,beginner,10,False,False,4,1,shoulder,exercises/men/Chest/HAMMER STRENGTH MTS ISO-LATERAL DECLINE PRESS Both Arms.mp4,exercises/girl/Chest/HAMMER STRENGTH MTS ISO-LATERAL DECLINE PRESS Both Arm.mp4,assets/posters/men/ea_hammer_strength_mts_iso_lateral_decline_press_both_arms.jpg,assets/posters/girl/ea_hammer_strength_mts_iso_lateral_decline_press_both_arms.jpg,,False,False,Chest,False,True,True,4,1,NO_PURPOSE;SHARED_SUMMARY
ea_hammer_strength_mts_iso_lateral_decline_press_single_arm,Hammer Strength MTS Iso-lateral Decline Press Single Arm,Hammer Strength MTS Iso-Lateral жим вниз одной рукой,chest_press_machine,Hammer Strength MTS Iso-Lateral Decline Press Machine,3,1,beginner,10,False,False,4,1,shoulder,exercises/men/Chest/HAMMER STRENGTH MTS ISO-LATERAL DECLINE PRESS Single Arm.mp4,exercises/girl/Chest/HAMMER STRENGTH MTS ISO-LATERAL DECLINE PRESS Single Arm.mp4,assets/posters/men/ea_hammer_strength_mts_iso_lateral_decline_press_single_arm.jpg,assets/posters/girl/ea_hammer_strength_mts_iso_lateral_decline_press_single_arm.jpg,,False,False,Chest,False,True,True,4,1,NO_PURPOSE;SHARED_SUMMARY
ea_hammer_strength_plate_loaded_high_row_alternate_arms,Hammer Strength Plate Loaded High Row Alternate Arms,Hammer Strength Верхняя тяга с дисками поочередно руками,seated_row_machine,Hammer Strength Plate Loaded High Row Machine,3,1,beginner,10,False,False,4,1,upper_back,exercises/men/Back/Hammer Strength Plate Loaded High Row Alternate Arms.mp4,exercises/girl/Back/Hammer Strength Plate Loaded High Row Alternate Arms.mp4,assets/posters/men/ea_hammer_strength_plate_loaded_high_row_alternate_arms.jpg,assets/posters/girl/ea_hammer_strength_plate_loaded_high_row_alternate_arms.jpg,,False,False,Back,False,True,True,3,1,NO_PURPOSE;SHARED_SUMMARY
ea_hammer_strength_plate_loaded_high_row_both_arms,Hammer Strength Plate Loaded High Row Both Arms,Hammer Strength Верхняя тяга с дисками обеими руками,seated_row_machine,Hammer Strength Plate Loaded High Row Machine,3,1,beginner,10,False,False,4,1,upper_back,exercises/men/Back/Hammer Strength Plate Loaded High Row Both Arms.mp4,exercises/girl/Back/Hammer Strength Plate Loaded High Row Both Arms.mp4,assets/posters/men/ea_hammer_strength_plate_loaded_high_row_both_arms.jpg,assets/posters/girl/ea_hammer_strength_plate_loaded_high_row_both_arms.jpg,,False,False,Back,False,True,True,3,1,NO_PURPOSE;SHARED_SUMMARY
ea_hammer_strength_plate_loaded_high_row_single_arm,Hammer Strength Plate Loaded High Row Single Arm,Hammer Strength Верхняя тяга с дисками одной рукой,seated_row_machine,Hammer Strength Plate Loaded High Row Machine,3,1,beginner,10,False,False,4,1,upper_back,exercises/men/Back/Hammer Strength Plate Loaded High Row Single Arm.mp4,exercises/girl/Back/Hammer Strength Plate Loaded High Row Single Arms.mp4,assets/posters/men/ea_hammer_strength_plate_loaded_high_row_single_arm.jpg,assets/posters/girl/ea_hammer_strength_plate_loaded_high_row_single_arm.jpg,,False,False,Back,False,True,True,3,1,NO_PURPOSE;SHARED_SUMMARY
ea_hammer_strength_plate_loaded_combination_iso_lateral_chest_chest_press,Hammer Strength Plate-loaded Combination Iso-lateral Chest - Chest Press,Hammer Strength Жим груди Iso-Lateral с дисками,chest_press_machine,Hammer Strength Plate-Loaded Iso-Lateral Chest Press machine,2,1,beginner,10,False,False,4,1,shoulder,exercises/men/Chest/HAMMER STRENGTH Plate-Loaded Combination Iso-Lateral Chest - Chest Press.mp4,exercises/girl/Chest/HAMMER STRENGTH Plate-Loaded Combination Iso-Lateral Chest - Chest Press.mp4,assets/posters/men/ea_hammer_strength_plate_loaded_combination_iso_lateral_chest_chest_press.jpg,assets/posters/girl/ea_hammer_strength_plate_loaded_combination_iso_lateral_chest_chest_press.jpg,,False,False,Chest,False,True,True,4,1,NO_PURPOSE;SHARED_SUMMARY
ea_hammer_strength_plate_loaded_combination_iso_lateral_chest_chest_press_alternate_arm,Hammer Strength Plate-loaded Combination Iso-lateral Chest - Chest Press Alternate Arm,Hammer Strength Жим груди Iso-Lateral с дисками поочередно руками,chest_press_machine,Hammer Strength Plate-Loaded Iso-Lateral Chest Press machine,2,1,beginner,10,False,False,4,1,shoulder,,exercises/girl/Chest/HAMMER STRENGTH Plate-Loaded Combination Iso-Lateral Chest - Chest Press Alternate Arm.mp4,,assets/posters/girl/ea_hammer_strength_plate_loaded_combination_iso_lateral_chest_chest_press_alternate_arm.jpg,,False,False,Chest,False,True,True,4,2,NO_PURPOSE;NO_MALE_CLIP;SHARED_SUMMARY;SHARED_STEPS
ea_hammer_strength_plate_loaded_combination_iso_lateral_chest_chest_press_alternating_arms,Hammer Strength Plate-loaded Combination Iso-lateral Chest - Chest Press_alternating Arms,Hammer Strength Жим груди Iso-Lateral с дисками поочередно руками,chest_press_machine,Hammer Strength Plate-Loaded Iso-Lateral Chest Press machine,2,1,beginner,10,False,False,4,1,shoulder,exercises/men/Chest/HAMMER STRENGTH Plate-Loaded Combination Iso-Lateral Chest - Chest Press_Alternating arms.mp4,,assets/posters/men/ea_hammer_strength_plate_loaded_combination_iso_lateral_chest_chest_press_alternating_arms.jpg,,,False,False,Chest,False,True,True,4,2,NO_PURPOSE;NO_FEMALE_CLIP;SHARED_SUMMARY;SHARED_STEPS
ea_hammer_strength_plate_loaded_combination_iso_lateral_chest_chest_press_single_arm,Hammer Strength Plate-loaded Combination Iso-lateral Chest - Chest Press_single Arm,Hammer Strength Жим груди Iso-Lateral с дисками одной рукой,chest_press_machine,Hammer Strength Plate-Loaded Iso-Lateral Chest Press machine,2,1,beginner,10,False,False,4,1,shoulder,exercises/men/Chest/HAMMER STRENGTH Plate-Loaded Combination Iso-Lateral Chest - Chest Press_Single arm.mp4,exercises/girl/Chest/HAMMER STRENGTH Plate-Loaded Combination Iso-Lateral Chest - Chest Press Single Arm.mp4,assets/posters/men/ea_hammer_strength_plate_loaded_combination_iso_lateral_chest_chest_press_single_arm.jpg,assets/posters/girl/ea_hammer_strength_plate_loaded_combination_iso_lateral_chest_chest_press_single_arm.jpg,,False,False,Chest,False,True,True,4,1,NO_PURPOSE;SHARED_SUMMARY
ea_hamstring_lying_curl_up_stretch,Hamstring Lying Curl Up Stretch,"Растяжка бицепса бедра лежа, сгибая ногу",,Yoga Mat,2,1,beginner,10,False,False,4,0,,exercises/men/Stretching - Mobility/hamstring lying curl up stretch.mp4,,assets/posters/men/ea_hamstring_lying_curl_up_stretch.jpg,,,False,True,Stretching - Mobility,False,True,True,2,1,NO_EQUIPMENT_ID;NO_CONTRAINDICATION_TAGS;NO_PURPOSE;NO_FEMALE_CLIP;SHARED_SUMMARY
ea_hamstring_lying_straight_leg_stretch,Hamstring Lying Straight Leg Stretch,Растяжка бицепса бедра лежа с прямой ногой,,Yoga Mat,2,1,beginner,10,False,False,4,0,,exercises/men/Stretching - Mobility/hamstring lying straight leg stretch.mp4,,assets/posters/men/ea_hamstring_lying_straight_leg_stretch.jpg,,,False,True,Stretching - Mobility,False,True,True,2,1,NO_EQUIPMENT_ID;NO_CONTRAINDICATION_TAGS;NO_PURPOSE;NO_FEMALE_CLIP;SHARED_SUMMARY
ea_hand_stand_hold,Hand Stand Hold,Стойка на руках,,None (Bodyweight),0,0,advanced,10,True,True,5,0,,exercises/men/Calisthenics-Cardio-Plyo-Functional/Hand Stand Hold.mp4,exercises/girl/Calisthenics-Cardio-Plyo-Functional/Hand Stand Hold.mp4,assets/posters/men/ea_hand_stand_hold.jpg,assets/posters/girl/ea_hand_stand_hold.jpg,,False,False,Calisthenics-Cardio-Plyo-Functional,False,True,True,1,1,NO_EQUIPMENT_ID;NO_CONTRAINDICATION_TAGS;NO_MUSCLES;NO_PRIMARY_MUSCLES
ea_hands_clapped_forearms_stretch,Hands Clapped Forearms Stretch,Растяжка предплечий со сцепленными руками,,None (Bodyweight),0,0,beginner,10,True,True,5,0,,exercises/men/Stretching - Mobility/Hands Clapped Forearms Stretch.mp4,exercises/girl/Stretching - Mobility/Hands Clapped Forearms Stretch.mp4,assets/posters/men/ea_hands_clapped_forearms_stretch.jpg,assets/posters/girl/ea_hands_clapped_forearms_stretch.jpg,,False,True,Stretching - Mobility,False,True,True,1,1,NO_EQUIPMENT_ID;NO_CONTRAINDICATION_TAGS;NO_MUSCLES;NO_PRIMARY_MUSCLES
ea_handstand_push_on_chair,Handstand Push on Chair,Отжимания в стойке на руках с ногами на стуле,,None,3,2,beginner,10,False,False,4,4,elbow|neck|shoulder|wrist,exercises/men/Shoulders/handstand push on chair.mp4,,assets/posters/men/ea_handstand_push_on_chair.jpg,,,False,False,Shoulders,False,True,True,1,1,NO_EQUIPMENT_ID;NO_PURPOSE;NO_FEMALE_CLIP
ea_hanging_knee_raises,Hanging Knee Raises,Подъемы коленей в висе,pullup_bar,Pull-up bar,2,1,beginner,10,False,False,4,0,,exercises/men/Abdominals/hanging knee raises.mp4,,assets/posters/men/ea_hanging_knee_raises.jpg,,,False,False,Abdominals,False,True,True,2,1,NO_CONTRAINDICATION_TAGS;NO_PURPOSE;NO_FEMALE_CLIP;SHARED_SUMMARY
ea_hanging_leg_raises,Hanging Leg Raises,Подъемы ног в висе,squat_rack,Pull Up Bar,1,0,beginner,10,True,True,5,0,,,exercises/girl/Abdominals/Hanging Leg Raises.mp4,,assets/posters/girl/ea_hanging_leg_raises.jpg,,False,False,Abdominals,False,True,True,1,1,NO_CONTRAINDICATION_TAGS;NO_PRIMARY_MUSCLES;NO_MALE_CLIP
ea_hanging_oblique_crunches,Hanging Oblique Crunches,Скручивания на косые мышцы в висе,pullup_bar,Pull-up bar,2,1,beginner,10,False,False,4,2,lower_back|neck,exercises/men/Abdominals/hanging oblique crunches.mp4,,assets/posters/men/ea_hanging_oblique_crunches.jpg,,situp,True,False,Abdominals,False,True,True,2,1,NO_PURPOSE;NO_FEMALE_CLIP;SHARED_SUMMARY
ea_happy_baby,Happy Baby,Поза счастливого ребенка,,None (Bodyweight),0,0,beginner,10,True,True,5,1,hip,exercises/men/Yoga/Happy Baby.mp4,exercises/girl/Yoga/Happy Baby.mp4,assets/posters/men/ea_happy_baby.jpg,assets/posters/girl/ea_happy_baby.jpg,,False,True,Yoga,False,True,True,1,1,NO_EQUIPMENT_ID;NO_MUSCLES;NO_PRIMARY_MUSCLES
ea_headstand,Headstand,Стойка на голове,,None (Bodyweight),0,0,advanced,10,True,True,5,1,neck,exercises/men/Calisthenics-Cardio-Plyo-Functional/Headstand.mp4,exercises/girl/Calisthenics-Cardio-Plyo-Functional/Headstand.mp4,assets/posters/men/ea_headstand.jpg,assets/posters/girl/ea_headstand.jpg,,False,False,Calisthenics-Cardio-Plyo-Functional,False,True,True,1,1,NO_EQUIPMENT_ID;NO_MUSCLES;NO_PRIMARY_MUSCLES
ea_heavy_bag_sled_drag,Heavy Bag Sled Drag,Перетаскивание саней с тяжелым мешком,punching_bag,Sled,0,0,beginner,10,True,True,5,0,,exercises/men/Calisthenics-Cardio-Plyo-Functional/Heavy Bag Sled Drag.mp4,exercises/girl/Calisthenics-Cardio-Plyo-Functional/Heavy Bag Sled Drag.mp4,assets/posters/men/ea_heavy_bag_sled_drag.jpg,assets/posters/girl/ea_heavy_bag_sled_drag.jpg,,False,False,Calisthenics-Cardio-Plyo-Functional,False,True,True,1,1,NO_CONTRAINDICATION_TAGS;NO_MUSCLES;NO_PRIMARY_MUSCLES
ea_heel_touches,Heel Touches,Касания пяток,,None,2,1,beginner,10,False,False,4,0,,exercises/men/Abdominals/heel touches.mp4,,assets/posters/men/ea_heel_touches.jpg,,,False,False,Abdominals,False,True,True,1,1,NO_EQUIPMENT_ID;NO_CONTRAINDICATION_TAGS;NO_PURPOSE;NO_FEMALE_CLIP
ea_high_cable_kneeling_crunch,High Cable Kneeling Crunch,Скручивания на коленях с верхнего блока,cable_machine,Cable Machine,2,1,beginner,10,False,False,4,3,knee|lower_back|neck,exercises/men/Abdominals/high cable kneeling crunch.mp4,,assets/posters/men/ea_high_cable_kneeling_crunch.jpg,,,False,False,Abdominals,False,True,True,1,1,NO_PURPOSE;NO_FEMALE_CLIP
ea_high_knee_twist,High Knee Twist,Скручивания с высоким подъемом коленей,,None,3,1,beginner,10,False,False,4,0,,exercises/men/Abdominals/high knee twist.mp4,,assets/posters/men/ea_high_knee_twist.jpg,,,False,False,Abdominals,False,True,True,1,1,NO_EQUIPMENT_ID;NO_CONTRAINDICATION_TAGS;NO_PURPOSE;NO_FEMALE_CLIP
ea_high_knees,High Knees,Высокий подъем коленей,,None,4,2,beginner,10,False,False,4,1,lower_back,exercises/men/Calisthenics-Cardio-Plyo-Functional/high knees.mp4,,assets/posters/men/ea_high_knees.jpg,,,False,False,Calisthenics-Cardio-Plyo-Functional,False,True,True,1,1,NO_EQUIPMENT_ID;NO_PURPOSE;NO_FEMALE_CLIP
ea_high_plank,High Plank,Высокая планка,,None (Bodyweight),3,1,beginner,10,False,False,4,2,elbow|wrist,exercises/men/Yoga/High plank.mp4,,assets/posters/men/ea_high_plank.jpg,,pushup,True,True,Yoga,False,True,True,1,1,NO_EQUIPMENT_ID;NO_PURPOSE;NO_FEMALE_CLIP
ea_high_resistance_band_kneeling_crunch,High Resistance Band Kneeling Crunch,Скручивания на коленях с резиновой лентой от верхнего блока,resistance_bands,Resistance Band,2,1,beginner,10,False,False,4,3,knee|lower_back|neck,exercises/men/Abdominals/high resistance band kneeling crunch.mp4,,assets/posters/men/ea_high_resistance_band_kneeling_crunch.jpg,,situp,True,False,Abdominals,False,True,True,1,1,NO_PURPOSE;NO_FEMALE_CLIP
ea_hip_thrust_in_smith_machine,Hip-thrust in Smith Machine,Ягодичный мост со штангой в машине Смита,smith_machine,Smith Machine,1,0,beginner,10,True,True,5,1,hip,exercises/men/Legs/Hip-Thrust in Smith Machine.mp4,exercises/girl/Legs/Hip-Thrust in Smith Machine.mp4,assets/posters/men/ea_hip_thrust_in_smith_machine.jpg,assets/posters/girl/ea_hip_thrust_in_smith_machine.jpg,,False,False,Legs,False,True,True,1,1,NO_PRIMARY_MUSCLES
ea_hold_the_world_med_ball,Hold the World Med Ball,Удержание медицинского мяча 'Вокруг света',medicine_ball,Exercise Ball,1,0,beginner,10,True,True,5,0,,exercises/men/Abdominals/Hold the world med ball.mp4,exercises/girl/Abdominals/Hold the world med ball.mp4,assets/posters/men/ea_hold_the_world_med_ball.jpg,assets/posters/girl/ea_hold_the_world_med_ball.jpg,,False,False,Abdominals,False,True,True,1,1,NO_CONTRAINDICATION_TAGS;NO_PRIMARY_MUSCLES
ea_hold_the_world_med_ball_chest_press,Hold the World Med Ball Chest Press,Жим медицинского мяча от груди 'Вокруг света',bench_press,Exercise Ball,1,0,beginner,10,True,True,5,1,shoulder,exercises/men/Chest/Hold the world med ball chest press.mp4,exercises/girl/Chest/Hold the world med ball chest press.mp4,assets/posters/men/ea_hold_the_world_med_ball_chest_press.jpg,assets/posters/girl/ea_hold_the_world_med_ball_chest_press.jpg,,False,False,Chest,False,True,True,1,1,NO_PRIMARY_MUSCLES
ea_hollow_hold,Hollow Hold,Удержание лодочки,,None,3,1,beginner,10,False,False,4,0,,exercises/men/Abdominals/hollow hold.mp4,,assets/posters/men/ea_hollow_hold.jpg,,situp,True,False,Abdominals,False,True,True,1,1,NO_EQUIPMENT_ID;NO_CONTRAINDICATION_TAGS;NO_PURPOSE;NO_FEMALE_CLIP
ea_horizontal_leg_press,Horizontal Leg Press,Жим ногами горизонтальный,leg_press,Machine,1,0,beginner,10,True,True,5,2,hip|knee,exercises/men/Legs/Horizontal Leg Press.mp4,exercises/girl/Legs/Horizontal Leg Press.mp4,assets/posters/men/ea_horizontal_leg_press.jpg,assets/posters/girl/ea_horizontal_leg_press.jpg,,False,False,Legs,False,True,True,1,1,NO_PRIMARY_MUSCLES
ea_horizontal_leg_press_calf_raise,Horizontal Leg Press Calf Raise,Подъем на носки в горизонтальном жиме ногами,leg_press,Machine,1,0,beginner,10,True,True,5,3,ankle|hip|knee,exercises/men/Legs/Horizontal Leg Press Calf Raise.mp4,exercises/girl/Legs/Horizontal Leg Press Calf Raise.mp4,assets/posters/men/ea_horizontal_leg_press_calf_raise.jpg,assets/posters/girl/ea_horizontal_leg_press_calf_raise.jpg,,False,False,Legs,False,True,True,1,1,NO_PRIMARY_MUSCLES
ea_horizontal_leg_press_calf_raise_single_leg,Horizontal Leg Press Calf Raise Single Leg,Подъем на носки одной ногой в горизонтальном жиме ногами,leg_press,Machine,1,0,beginner,10,True,True,5,3,ankle|hip|knee,exercises/men/Legs/Horizontal Leg Press Calf Raise Single Leg.mp4,exercises/girl/Legs/Horizontal Leg Press Calf Raise Single Leg.mp4,assets/posters/men/ea_horizontal_leg_press_calf_raise_single_leg.jpg,assets/posters/girl/ea_horizontal_leg_press_calf_raise_single_leg.jpg,,False,False,Legs,False,True,True,1,1,NO_PRIMARY_MUSCLES
ea_horizontal_leg_press_single_leg,Horizontal Leg Press Single Leg,Жим ногами одной ногой горизонтальный,leg_press,Machine,1,0,beginner,10,True,True,5,2,hip|knee,exercises/men/Legs/Horizontal Leg Press Single Leg.mp4,exercises/girl/Legs/Horizontal Leg Press Single Leg.mp4,assets/posters/men/ea_horizontal_leg_press_single_leg.jpg,assets/posters/girl/ea_horizontal_leg_press_single_leg.jpg,,False,False,Legs,False,True,True,1,1,NO_PRIMARY_MUSCLES
ea_in_and_out_squats,In and Out Squats,Приседания с прыжками внутрь и наружу,,None (Bodyweight),4,2,beginner,10,False,False,4,3,ankle|hip|knee,exercises/men/Legs/In and out squats.mp4,exercises/girl/Legs/In and out squats.mp4,assets/posters/men/ea_in_and_out_squats.jpg,assets/posters/girl/ea_in_and_out_squats.jpg,,False,False,Legs,False,True,True,3,3,NO_EQUIPMENT_ID;NO_PURPOSE;SHARED_SUMMARY;SHARED_STEPS
ea_in_and_out_squats_jump_bodyweight,In and Out Squats Jump Bodyweight,Приседания с прыжками внутрь и наружу (собственный вес),,None (Bodyweight),4,2,beginner,10,False,False,4,3,ankle|hip|knee,exercises/men/Legs/in and out squats jump bodyweight.mp4,,assets/posters/men/ea_in_and_out_squats_jump_bodyweight.jpg,,,False,False,Legs,False,True,True,3,3,NO_EQUIPMENT_ID;NO_PURPOSE;NO_FEMALE_CLIP;SHARED_SUMMARY;SHARED_STEPS
ea_in_and_out_squats_jump_bodyweight_2,In and Out Squats Jump Bodyweight (2),Приседания с прыжками внутрь и наружу (собственный вес) (2),,None (Bodyweight),4,2,beginner,10,False,False,4,3,ankle|hip|knee,exercises/men/Legs/in and out squats jump bodyweight (2).mp4,,assets/posters/men/ea_in_and_out_squats_jump_bodyweight_2.jpg,,,False,False,Legs,False,True,True,3,3,NO_EQUIPMENT_ID;NO_PURPOSE;NO_FEMALE_CLIP;SHARED_SUMMARY;SHARED_STEPS
ea_incline_bench_cable_fly,Incline Bench Cable Fly,Разведение рук на наклонной скамье в блочном тренажере,cable_machine,Dual Cable Pulley Machine,3,1,beginner,10,False,False,4,1,shoulder,exercises/men/Chest/incline bench cable fly.mp4,,assets/posters/men/ea_incline_bench_cable_fly.jpg,,,False,False,Chest,False,True,True,1,1,NO_PURPOSE;NO_FEMALE_CLIP
ea_incline_diamond_push_up_on_bench,Incline Diamond Push Up on Bench,Отжимания узким хватом от скамьи (наклонные),bench_press,None (Bodyweight),3,2,beginner,10,False,False,4,3,elbow|shoulder|wrist,exercises/men/Triceps/incline diamond push up On Bench.mp4,,assets/posters/men/ea_incline_diamond_push_up_on_bench.jpg,,,False,False,Triceps,False,True,True,1,1,NO_PURPOSE;NO_FEMALE_CLIP
ea_incline_dumbbell_curl,Incline Dumbbell Curl,Сгибание на бицепс с гантелями на наклонной скамье,bench_press,Dumbbells,2,1,beginner,10,False,False,4,1,elbow,exercises/men/Biceps/incline dumbbell curl.mp4,,assets/posters/men/ea_incline_dumbbell_curl.jpg,,curl,True,False,Biceps,False,True,True,1,1,NO_PURPOSE;NO_FEMALE_CLIP
ea_incline_lateral_raises_dumbbell,Incline Lateral Raises Dumbbell,Подъемы гантелей в стороны на наклонной скамье,bench_press,Dumbbells,2,1,beginner,10,False,False,4,1,shoulder,exercises/men/Shoulders/incline lateral raises dumbbell.mp4,,assets/posters/men/ea_incline_lateral_raises_dumbbell.jpg,,,False,False,Shoulders,False,True,True,1,1,NO_PURPOSE;NO_FEMALE_CLIP
ea_incline_push_ups_on_chair,Incline Push Ups on Chair,Отжимания от стула (наклонные),,Chair,4,1,beginner,10,False,False,4,3,elbow|shoulder|wrist,exercises/men/Triceps/incline push ups on chair.mp4,,assets/posters/men/ea_incline_push_ups_on_chair.jpg,,pushup,True,False,Triceps,False,True,True,1,1,NO_EQUIPMENT_ID;NO_PURPOSE;NO_FEMALE_CLIP
ea_incline_push_up_on_box,Incline Push-up (on Box),Отжимания от возвышенности (от ящика),plyo_box,Box,4,1,beginner,10,False,False,4,3,elbow|shoulder|wrist,exercises/men/Chest/Incline Push-Up (on box).mp4,,assets/posters/men/ea_incline_push_up_on_box.jpg,,pushup,True,False,Chest,False,True,True,1,1,NO_PURPOSE;NO_FEMALE_CLIP
ea_intermediate_hip_flexor_and_quad_stretch,Intermediate Hip Flexor and Quad Stretch,Растяжка сгибателей бедра и квадрицепсов (средний уровень),resistance_bands,Yoga Mat,3,2,beginner,10,False,False,4,1,lower_back,exercises/men/Stretching - Mobility/intermediate hip flexor and quad stretch.mp4,,assets/posters/men/ea_intermediate_hip_flexor_and_quad_stretch.jpg,,,False,True,Stretching - Mobility,False,True,True,1,1,NO_PURPOSE;NO_FEMALE_CLIP
ea_inverted_rows_on_smith_machine,Inverted Rows on Smith Machine,Обратные тяги в машине Смита,smith_machine,Smith Machine,4,2,beginner,10,False,False,4,1,upper_back,exercises/men/Back/inverted rows on smith machine.mp4,,assets/posters/men/ea_inverted_rows_on_smith_machine.jpg,,,False,False,Back,False,True,True,1,1,NO_PURPOSE;NO_FEMALE_CLIP
ea_iron_cross_stretch,Iron Cross Stretch,Растяжка «Железный крест»,,None,2,2,beginner,10,False,False,4,1,lower_back,exercises/men/Stretching - Mobility/iron cross stretch.mp4,,assets/posters/men/ea_iron_cross_stretch.jpg,,,False,True,Stretching - Mobility,False,True,True,1,1,NO_EQUIPMENT_ID;NO_PURPOSE;NO_FEMALE_CLIP
ea_iso_lateral_shoulder_press_alternate_arms,Iso Lateral Shoulder Press Alternate Arms,Жим для плеч Iso-Lateral попеременно руками,shoulder_press_machine,Iso-Lateral Shoulder Press Machine,2,1,beginner,10,False,False,4,1,shoulder,exercises/men/Shoulders/Iso Lateral Shoulder Press Alternate Arms.mp4,exercises/girl/Shoulders/Iso Lateral Shoulder Press Alternate Arms.mp4,assets/posters/men/ea_iso_lateral_shoulder_press_alternate_arms.jpg,assets/posters/girl/ea_iso_lateral_shoulder_press_alternate_arms.jpg,,False,False,Shoulders,False,True,True,3,1,NO_PURPOSE;SHARED_SUMMARY
ea_iso_lateral_shoulder_press_both_arms,Iso Lateral Shoulder Press Both Arms,Жим для плеч Iso-Lateral обеими руками,shoulder_press_machine,Iso-Lateral Shoulder Press Machine,2,1,beginner,10,False,False,4,1,shoulder,exercises/men/Shoulders/Iso Lateral Shoulder Press Both Arms.mp4,exercises/girl/Shoulders/Iso Lateral Shoulder Press Both Arm.mp4,assets/posters/men/ea_iso_lateral_shoulder_press_both_arms.jpg,assets/posters/girl/ea_iso_lateral_shoulder_press_both_arms.jpg,,False,False,Shoulders,False,True,True,3,1,NO_PURPOSE;SHARED_SUMMARY
ea_iso_lateral_shoulder_press_single_arm,Iso Lateral Shoulder Press Single Arm,Жим для плеч Iso-Lateral одной рукой,shoulder_press_machine,Iso-Lateral Shoulder Press Machine,2,1,beginner,10,False,False,4,1,shoulder,exercises/men/Shoulders/Iso Lateral Shoulder Press Single Arm.mp4,exercises/girl/Shoulders/Iso Lateral Shoulder Press Single Arm.mp4,assets/posters/men/ea_iso_lateral_shoulder_press_single_arm.jpg,assets/posters/girl/ea_iso_lateral_shoulder_press_single_arm.jpg,,False,False,Shoulders,False,True,True,3,1,NO_PURPOSE;SHARED_SUMMARY
ea_jack_knives,Jack Knives,Складка,,None,2,1,beginner,10,False,False,4,2,ankle|knee,exercises/men/Abdominals/jack knives.mp4,,assets/posters/men/ea_jack_knives.jpg,,,False,False,Abdominals,False,True,True,1,1,NO_EQUIPMENT_ID;NO_PURPOSE;NO_FEMALE_CLIP
ea_jogging,Jogging,Бег трусцой,,none,6,3,beginner,10,False,False,4,2,ankle|knee,exercises/men/Calisthenics-Cardio-Plyo-Functional/Jogging.mp4,exercises/girl/Calisthenics-Cardio-Plyo-Functional/Jogging.mp4,assets/posters/men/ea_jogging.jpg,assets/posters/girl/ea_jogging.jpg,,False,False,Calisthenics-Cardio-Plyo-Functional,False,True,True,1,1,NO_EQUIPMENT_ID;NO_PURPOSE
ea_jump_rope_alternating_foot,Jump Rope Alternating Foot,Прыжки со скакалкой с чередованием ног,skipping_rope,Jump rope,3,2,beginner,10,False,False,4,2,ankle|knee,exercises/men/Calisthenics-Cardio-Plyo-Functional/Jump Rope alternating foot.mp4,exercises/girl/Calisthenics-Cardio-Plyo-Functional/Jump Rope alternating foot.mp4,assets/posters/men/ea_jump_rope_alternating_foot.jpg,assets/posters/girl/ea_jump_rope_alternating_foot.jpg,,False,False,Calisthenics-Cardio-Plyo-Functional,False,True,True,3,1,NO_PURPOSE;SHARED_SUMMARY
ea_jump_rope_basic_jump,Jump Rope Basic Jump,Базовые прыжки со скакалкой,skipping_rope,Jump rope,3,2,beginner,10,False,False,4,2,ankle|knee,exercises/men/Calisthenics-Cardio-Plyo-Functional/Jump Rope basic jump.mp4,exercises/girl/Calisthenics-Cardio-Plyo-Functional/Jump Rope basic jump.mp4,assets/posters/men/ea_jump_rope_basic_jump.jpg,assets/posters/girl/ea_jump_rope_basic_jump.jpg,,False,False,Calisthenics-Cardio-Plyo-Functional,False,True,True,3,1,NO_PURPOSE;SHARED_SUMMARY
ea_jump_rope_double_bounce,Jump Rope Double Bounce,Прыжки со скакалкой с двойным отскоком,skipping_rope,Jump rope,3,2,beginner,10,False,False,4,2,ankle|knee,exercises/men/Calisthenics-Cardio-Plyo-Functional/Jump Rope double bounce.mp4,exercises/girl/Calisthenics-Cardio-Plyo-Functional/Jump Rope double bounce.mp4,assets/posters/men/ea_jump_rope_double_bounce.jpg,assets/posters/girl/ea_jump_rope_double_bounce.jpg,,False,False,Calisthenics-Cardio-Plyo-Functional,False,True,True,3,1,NO_PURPOSE;SHARED_SUMMARY
ea_jump_rope_face_pull,Jump Rope Face Pull,Тяга к лицу со скакалкой,resistance_bands,Jump rope,3,2,beginner,10,False,False,4,4,ankle|knee|shoulder|upper_back,exercises/men/Shoulders/Jump Rope face pull.mp4,exercises/girl/Shoulders/Jump Rope face pull.mp4,assets/posters/men/ea_jump_rope_face_pull.jpg,assets/posters/girl/ea_jump_rope_face_pull.jpg,,False,False,Shoulders,False,True,True,2,1,NO_PURPOSE;SHARED_SUMMARY
ea_jump_rope_row,Jump Rope Row,Тяга со скакалкой,skipping_rope,Jump rope,3,2,beginner,10,False,False,4,3,ankle|knee|upper_back,exercises/men/Back/Jump Rope row.mp4,exercises/girl/Back/Jump Rope row.mp4,assets/posters/men/ea_jump_rope_row.jpg,assets/posters/girl/ea_jump_rope_row.jpg,,False,False,Back,False,True,True,2,1,NO_PURPOSE;SHARED_SUMMARY
ea_jumping_jack,Jumping Jack,Прыжки с разведением рук и ног,,None,4,2,beginner,10,False,False,4,2,ankle|knee,exercises/men/Calisthenics-Cardio-Plyo-Functional/jumping jack.mp4,,assets/posters/men/ea_jumping_jack.jpg,,,False,False,Calisthenics-Cardio-Plyo-Functional,False,True,True,1,1,NO_EQUIPMENT_ID;NO_PURPOSE;NO_FEMALE_CLIP
ea_jumping_lunge,Jumping Lunge,Выпад в прыжке,,None (Bodyweight),1,0,beginner,10,True,True,5,3,ankle|hip|knee,exercises/men/Legs/Jumping Lunge.mp4,exercises/girl/Legs/Jumping Lunge.mp4,assets/posters/men/ea_jumping_lunge.jpg,assets/posters/girl/ea_jumping_lunge.jpg,lunge,True,False,Legs,False,True,True,1,1,NO_EQUIPMENT_ID;NO_PRIMARY_MUSCLES
ea_jumping_pistol_squat,Jumping Pistol Squat,Присед «пистолет» в прыжке,,None (Bodyweight),1,0,beginner,10,True,True,5,3,ankle|hip|knee,exercises/men/Legs/Jumping Pistol Squat.mp4,exercises/girl/Legs/Jumping Pistol Squat.mp4,assets/posters/men/ea_jumping_pistol_squat.jpg,assets/posters/girl/ea_jumping_pistol_squat.jpg,,False,False,Legs,False,True,True,1,1,NO_EQUIPMENT_ID;NO_PRIMARY_MUSCLES
ea_kettlebell_bulgarian_split_squat_right,Kettlebell Bulgarian Split Squat Right,Болгарский сплит-присед с гирями (правая нога),kettlebell,Kettlebells,4,2,beginner,10,False,False,4,3,ankle|hip|knee,exercises/men/Legs/kettlebell bulgarian split squat right.mp4,,assets/posters/men/ea_kettlebell_bulgarian_split_squat_right.jpg,,lunge,True,False,Legs,False,True,True,1,1,NO_PURPOSE;NO_FEMALE_CLIP
ea_kettlebell_bulgarian_split_squat_right_side_view,Kettlebell Bulgarian Split Squat Right Side View,"Болгарский сплит-присед с гирями (правая нога, вид сбоку)",kettlebell,Kettlebells,4,2,beginner,10,False,False,4,3,ankle|hip|knee,exercises/men/Legs/kettlebell bulgarian split squat right side view.mp4,,assets/posters/men/ea_kettlebell_bulgarian_split_squat_right_side_view.jpg,,lunge,True,False,Legs,False,True,True,1,1,NO_PURPOSE;NO_FEMALE_CLIP
ea_kettlebell_calf_raise,Kettlebell Calf Raise,Подъём на носки с гирей,kettlebell,Kettlebells,1,0,beginner,10,True,True,5,1,ankle,exercises/men/Legs/Kettlebell Calf Raise.mp4,exercises/girl/Legs/Kettlebell Calf Raise.mp4,assets/posters/men/ea_kettlebell_calf_raise.jpg,assets/posters/girl/ea_kettlebell_calf_raise.jpg,calf_raise,True,False,Legs,False,True,True,1,1,NO_PRIMARY_MUSCLES
ea_kettlebell_concentration_curl,Kettlebell Concentration Curl,Концентрированное сгибание на бицепс с гирей,bench_press,Kettlebells,1,0,beginner,10,True,True,5,1,elbow,exercises/men/Biceps/Kettlebell Concentration Curl.mp4,exercises/girl/Biceps/Kettlebell Concentration Curl.mp4,assets/posters/men/ea_kettlebell_concentration_curl.jpg,assets/posters/girl/ea_kettlebell_concentration_curl.jpg,curl,True,False,Biceps,False,True,True,1,1,NO_PRIMARY_MUSCLES
ea_kettlebell_curl,Kettlebell Curl,Сгибание на бицепс с гирей,kettlebell,Kettlebells,1,0,beginner,10,True,True,5,1,elbow,exercises/men/Biceps/Kettlebell Curl.mp4,exercises/girl/Biceps/Kettlebell Curl.mp4,assets/posters/men/ea_kettlebell_curl.jpg,assets/posters/girl/ea_kettlebell_curl.jpg,curl,True,False,Biceps,False,True,True,1,1,NO_PRIMARY_MUSCLES
ea_kettlebell_decline_skull_crusher,Kettlebell Decline Skull Crusher,Разгибание рук с гирями на наклонной скамье,kettlebell,Kettlebells,1,0,beginner,10,True,True,5,1,elbow,exercises/men/Triceps/Kettlebell Decline Skull Crusher.mp4,exercises/girl/Triceps/Kettlebell Decline Skull Crusher.mp4,assets/posters/men/ea_kettlebell_decline_skull_crusher.jpg,assets/posters/girl/ea_kettlebell_decline_skull_crusher.jpg,,False,False,Triceps,False,True,True,1,1,NO_PRIMARY_MUSCLES
ea_kettlebell_front_raise,Kettlebell Front Raise,Подъём гири перед собой,kettlebell,Kettlebells,1,0,beginner,10,True,True,5,1,shoulder,exercises/men/Shoulders/Kettlebell Front Raise.mp4,exercises/girl/Shoulders/Kettlebell Front Raise.mp4,assets/posters/men/ea_kettlebell_front_raise.jpg,assets/posters/girl/ea_kettlebell_front_raise.jpg,,False,False,Shoulders,False,True,True,1,1,NO_PRIMARY_MUSCLES
ea_kettlebell_glute_bridge,Kettlebell Glute Bridge,Ягодичный мост с гирей,kettlebell,Kettlebells,1,0,beginner,10,True,True,5,1,hip,exercises/men/Legs/Kettlebell Glute Bridge.mp4,exercises/girl/Legs/Kettlebell Glute Bridge.mp4,assets/posters/men/ea_kettlebell_glute_bridge.jpg,assets/posters/girl/ea_kettlebell_glute_bridge.jpg,hinge,True,False,Legs,False,True,True,1,1,NO_PRIMARY_MUSCLES
ea_kettlebell_goblet_curl,Kettlebell Goblet Curl,Сгибание на бицепс с гирей (кубковый хват),kettlebell,Kettlebells,1,0,beginner,10,True,True,5,1,elbow,exercises/men/Biceps/Kettlebell Goblet Curl.mp4,exercises/girl/Biceps/Kettlebell Goblet Curl.mp4,assets/posters/men/ea_kettlebell_goblet_curl.jpg,assets/posters/girl/ea_kettlebell_goblet_curl.jpg,curl,True,False,Biceps,False,True,True,1,1,NO_PRIMARY_MUSCLES
ea_kettlebell_gorilla_row,Kettlebell Gorilla Row,Тяга «горилла» с гирями,kettlebell,Kettlebells,1,0,beginner,10,True,True,5,1,upper_back,exercises/men/Back/Kettlebell Gorilla Row.mp4,exercises/girl/Back/Kettlebell Gorilla Row.mp4,assets/posters/men/ea_kettlebell_gorilla_row.jpg,assets/posters/girl/ea_kettlebell_gorilla_row.jpg,,False,False,Back,False,True,True,1,1,NO_PRIMARY_MUSCLES
ea_kettlebell_half_kneeling_shoulder_press,Kettlebell Half Kneeling Shoulder Press,Жим гири над головой с полуколена,kettlebell,Kettlebells,2,1,beginner,10,False,False,4,2,knee|shoulder,exercises/men/Shoulders/kettlebell half kneeling shoulder press.mp4,,assets/posters/men/ea_kettlebell_half_kneeling_shoulder_press.jpg,,overhead_press,True,False,Shoulders,False,True,True,1,1,NO_PURPOSE;NO_FEMALE_CLIP
ea_kettlebell_hip_thrusts,Kettlebell Hip Thrusts,Ягодичный мост с гирей,kettlebell,Kettlebells,1,0,beginner,10,True,True,5,1,hip,exercises/men/Legs/Kettlebell Hip Thrusts.mp4,exercises/girl/Legs/Kettlebell Hip Thrusts.mp4,assets/posters/men/ea_kettlebell_hip_thrusts.jpg,assets/posters/girl/ea_kettlebell_hip_thrusts.jpg,hinge,True,False,Legs,False,True,True,1,1,NO_PRIMARY_MUSCLES
ea_kettlebell_hip_thrusts_with_bench,Kettlebell Hip Thrusts with Bench,Ягодичный мост с гирей со скамьи,bench_press,Kettlebells,1,0,beginner,10,True,True,5,1,hip,exercises/men/Legs/Kettlebell Hip Thrusts With Bench.mp4,exercises/girl/Legs/Kettlebell Hip Thrusts With Bench.mp4,assets/posters/men/ea_kettlebell_hip_thrusts_with_bench.jpg,assets/posters/girl/ea_kettlebell_hip_thrusts_with_bench.jpg,,False,False,Legs,False,True,True,1,1,NO_PRIMARY_MUSCLES
ea_kettlebell_incline_shrug,Kettlebell Incline Shrug,Шраги с гирями на наклонной скамье,bench_press,Kettlebells,1,0,beginner,10,True,True,5,3,lower_back|neck|upper_back,exercises/men/Shoulders/Kettlebell Incline Shrug.mp4,exercises/girl/Shoulders/Kettlebell Incline Shrug.mp4,assets/posters/men/ea_kettlebell_incline_shrug.jpg,assets/posters/girl/ea_kettlebell_incline_shrug.jpg,,False,False,Shoulders,False,True,True,1,1,NO_PRIMARY_MUSCLES
ea_kettlebell_kneeling_one_arm_shoulder_press,Kettlebell Kneeling One Arm Shoulder Press,Жим гири одной рукой с колен,kettlebell,Kettlebells,2,1,beginner,10,False,False,4,2,knee|shoulder,exercises/men/Shoulders/kettlebell kneeling one arm shoulder press.mp4,,assets/posters/men/ea_kettlebell_kneeling_one_arm_shoulder_press.jpg,,overhead_press,True,False,Shoulders,False,True,True,1,1,NO_PURPOSE;NO_FEMALE_CLIP
ea_kettlebell_lateral_lunge,Kettlebell Lateral Lunge,Боковой выпад с гирей,kettlebell,Kettlebells,1,0,beginner,10,True,True,5,2,hip|knee,exercises/men/Legs/Kettlebell Lateral Lunge.mp4,exercises/girl/Legs/Kettlebell Lateral Lunge.mp4,assets/posters/men/ea_kettlebell_lateral_lunge.jpg,assets/posters/girl/ea_kettlebell_lateral_lunge.jpg,lunge,True,False,Legs,False,True,True,1,1,NO_PRIMARY_MUSCLES
ea_kettlebell_long_lever_lateral_raise,Kettlebell Long Lever Lateral Raise,Подъём гири в сторону с длинным рычагом,kettlebell,Kettlebells,1,0,beginner,10,True,True,5,1,shoulder,exercises/men/Shoulders/Kettlebell Long Lever Lateral Raise.mp4,,assets/posters/men/ea_kettlebell_long_lever_lateral_raise.jpg,,,False,False,Shoulders,False,True,True,1,1,NO_PRIMARY_MUSCLES;NO_FEMALE_CLIP
ea_kettlebell_preacher_curl,Kettlebell Preacher Curl,Сгибание на бицепс с гирей на скамье Скотта,bench_press,Kettlebells,1,0,beginner,10,True,True,5,1,elbow,exercises/men/Biceps/Kettlebell Preacher Curl.mp4,exercises/girl/Biceps/Kettlebell Preacher Curl.mp4,assets/posters/men/ea_kettlebell_preacher_curl.jpg,assets/posters/girl/ea_kettlebell_preacher_curl.jpg,curl,True,False,Biceps,False,True,True,1,1,NO_PRIMARY_MUSCLES
ea_kettlebell_pullover,Kettlebell Pullover,Пуловер с гирей,bench_press,Kettlebells,1,0,beginner,10,True,True,5,1,shoulder,exercises/men/Back/Kettlebell Pullover.mp4,exercises/girl/Back/Kettlebell Pullover.mp4,assets/posters/men/ea_kettlebell_pullover.jpg,assets/posters/girl/ea_kettlebell_pullover.jpg,,False,False,Back,False,True,True,1,1,NO_PRIMARY_MUSCLES
ea_kettlebell_rear_delt_row,Kettlebell Rear Delt Row,Тяга гири на заднюю дельту,kettlebell,Kettlebells,1,0,beginner,10,True,True,5,2,shoulder|upper_back,exercises/men/Shoulders/Kettlebell Rear Delt Row.mp4,exercises/girl/Shoulders/Kettlebell Rear Delt Row.mp4,assets/posters/men/ea_kettlebell_rear_delt_row.jpg,assets/posters/girl/ea_kettlebell_rear_delt_row.jpg,,False,False,Shoulders,False,True,True,1,1,NO_PRIMARY_MUSCLES
ea_kettlebell_reverse_lunge,Kettlebell Reverse Lunge,Обратный выпад с гирей,kettlebell,Kettlebells,1,0,beginner,10,True,True,5,2,hip|knee,exercises/men/Legs/Kettlebell Reverse Lunge.mp4,exercises/girl/Legs/Kettlebell Reverse Lunge.mp4,assets/posters/men/ea_kettlebell_reverse_lunge.jpg,assets/posters/girl/ea_kettlebell_reverse_lunge.jpg,lunge,True,False,Legs,False,True,True,1,1,NO_PRIMARY_MUSCLES
ea_kettlebell_row,Kettlebell Row,Тяга гири,kettlebell,Kettlebells,1,0,beginner,10,True,True,5,1,upper_back,exercises/men/Back/Kettlebell Row.mp4,exercises/girl/Back/Kettlebell Row.mp4,assets/posters/men/ea_kettlebell_row.jpg,assets/posters/girl/ea_kettlebell_row.jpg,,False,False,Back,False,True,True,1,1,NO_PRIMARY_MUSCLES
ea_kettlebell_seated_calf_raise,Kettlebell Seated Calf Raise,Подъёмы на носки сидя с гирей,bench_press,Kettlebells,1,0,beginner,10,True,True,5,1,ankle,exercises/men/Legs/Kettlebell Seated Calf Raise.mp4,exercises/girl/Legs/Kettlebell Seated Calf Raise.mp4,assets/posters/men/ea_kettlebell_seated_calf_raise.jpg,assets/posters/girl/ea_kettlebell_seated_calf_raise.jpg,,False,False,Legs,False,True,True,1,1,NO_PRIMARY_MUSCLES
ea_kettlebell_seesaw_press,Kettlebell Seesaw Press,Жим гирь «качели»,kettlebell,Kettlebells,2,1,beginner,10,False,False,4,1,shoulder,exercises/men/Shoulders/Kettlebell Seesaw Press.mp4,,assets/posters/men/ea_kettlebell_seesaw_press.jpg,,,False,False,Shoulders,False,True,True,1,1,NO_PURPOSE;NO_FEMALE_CLIP
ea_kettlebell_shoulder_extension,Kettlebell Shoulder Extension,Разгибание плеча с гирей,kettlebell,Kettlebells,1,0,beginner,10,True,True,5,0,,exercises/men/Shoulders/Kettlebell Shoulder Extension.mp4,exercises/girl/Shoulders/Kettlebell Shoulder Extension.mp4,assets/posters/men/ea_kettlebell_shoulder_extension.jpg,assets/posters/girl/ea_kettlebell_shoulder_extension.jpg,,False,False,Shoulders,False,True,True,1,1,NO_CONTRAINDICATION_TAGS;NO_PRIMARY_MUSCLES
ea_kettlebell_shrug,Kettlebell Shrug,Шраги с гирей,kettlebell,Kettlebells,1,0,beginner,10,True,True,5,3,lower_back|neck|upper_back,exercises/men/Shoulders/Kettlebell Shrug.mp4,exercises/girl/Shoulders/Kettlebell Shrug.mp4,assets/posters/men/ea_kettlebell_shrug.jpg,assets/posters/girl/ea_kettlebell_shrug.jpg,,False,False,Shoulders,False,True,True,1,1,NO_PRIMARY_MUSCLES
ea_kettlebell_silverback_shrug,Kettlebell Silverback Shrug,Шраги «Silverback» с гирей,kettlebell,Kettlebells,1,0,beginner,10,True,True,5,3,lower_back|neck|upper_back,exercises/men/Shoulders/Kettlebell Silverback Shrug.mp4,exercises/girl/Shoulders/Kettlebell Silverback Shrug.mp4,assets/posters/men/ea_kettlebell_silverback_shrug.jpg,assets/posters/girl/ea_kettlebell_silverback_shrug.jpg,,False,False,Shoulders,False,True,True,1,1,NO_PRIMARY_MUSCLES
ea_kettlebell_single_arm_chest_fly,Kettlebell Single Arm Chest Fly,Разведение рук с гирей одной рукой на грудь,bench_press,Kettlebells,1,0,beginner,10,True,True,5,1,shoulder,exercises/men/Chest/Kettlebell Single Arm Chest Fly.mp4,exercises/girl/Chest/Kettlebell Single Arm Chest Fly.mp4,assets/posters/men/ea_kettlebell_single_arm_chest_fly.jpg,assets/posters/girl/ea_kettlebell_single_arm_chest_fly.jpg,,False,False,Chest,False,True,True,1,1,NO_PRIMARY_MUSCLES
ea_kettlebell_single_arm_clean_and_press,Kettlebell Single Arm Clean and Press,Взятие гири на грудь и жим одной рукой,kettlebell,Kettlebells,4,3,beginner,10,False,False,4,4,knee|lower_back|shoulder|wrist,exercises/men/Calisthenics-Cardio-Plyo-Functional/Kettlebell Single Arm Clean and Press.mp4,,assets/posters/men/ea_kettlebell_single_arm_clean_and_press.jpg,,,False,False,Calisthenics-Cardio-Plyo-Functional,False,True,True,1,1,NO_PURPOSE;NO_FEMALE_CLIP
ea_kettlebell_single_arm_curl,Kettlebell Single Arm Curl,Сгибание на бицепс с гирей одной рукой,kettlebell,Kettlebells,1,0,beginner,10,True,True,5,1,elbow,exercises/men/Biceps/Kettlebell Single Arm Curl.mp4,exercises/girl/Biceps/Kettlebell Single Arm Curl.mp4,assets/posters/men/ea_kettlebell_single_arm_curl.jpg,assets/posters/girl/ea_kettlebell_single_arm_curl.jpg,curl,True,False,Biceps,False,True,True,1,1,NO_PRIMARY_MUSCLES
ea_kettlebell_single_arm_lateral_raise,Kettlebell Single Arm Lateral Raise,Подъём гири в сторону одной рукой,kettlebell,Kettlebells,1,0,beginner,10,True,True,5,1,shoulder,exercises/men/Shoulders/Kettlebell Single Arm Lateral Raise.mp4,exercises/girl/Shoulders/Kettlebell Single Arm Lateral Raise.mp4,assets/posters/men/ea_kettlebell_single_arm_lateral_raise.jpg,assets/posters/girl/ea_kettlebell_single_arm_lateral_raise.jpg,,False,False,Shoulders,False,True,True,1,1,NO_PRIMARY_MUSCLES
ea_kettlebell_single_arm_rear_delt_fly,Kettlebell Single Arm Rear Delt Fly,Разведение рук с гирей одной рукой на заднюю дельту,kettlebell,Kettlebells,1,0,beginner,10,True,True,5,2,shoulder|upper_back,exercises/men/Shoulders/Kettlebell Single Arm Rear Delt Fly.mp4,exercises/girl/Shoulders/Kettlebell Single Arm Rear Delt Fly.mp4,assets/posters/men/ea_kettlebell_single_arm_rear_delt_fly.jpg,assets/posters/girl/ea_kettlebell_single_arm_rear_delt_fly.jpg,,False,False,Shoulders,False,True,True,1,1,NO_PRIMARY_MUSCLES
ea_kettlebell_single_arm_row,Kettlebell Single Arm Row,Тяга гири одной рукой,kettlebell,Kettlebells,1,0,beginner,10,True,True,5,1,upper_back,exercises/men/Back/Kettlebell Single Arm Row.mp4,exercises/girl/Back/Kettlebell Single Arm Row.mp4,assets/posters/men/ea_kettlebell_single_arm_row.jpg,assets/posters/girl/ea_kettlebell_single_arm_row.jpg,,False,False,Back,False,True,True,1,1,NO_PRIMARY_MUSCLES
ea_kettlebell_single_leg_calf_raise,Kettlebell Single Leg Calf Raise,Подъёмы на носок на одной ноге с гирей,kettlebell,Kettlebells,1,0,beginner,10,True,True,5,1,ankle,exercises/men/Legs/Kettlebell Single Leg Calf Raise.mp4,exercises/girl/Legs/Kettlebell Single Leg Calf Raise.mp4,assets/posters/men/ea_kettlebell_single_leg_calf_raise.jpg,assets/posters/girl/ea_kettlebell_single_leg_calf_raise.jpg,calf_raise,True,False,Legs,False,True,True,1,1,NO_PRIMARY_MUSCLES
ea_kettlebell_single_leg_deadlift,Kettlebell Single Leg Deadlift,Становая тяга на одной ноге с гирей,kettlebell,Kettlebells,1,0,beginner,10,True,True,5,2,hip|lower_back,,exercises/girl/Legs/Kettlebell Single Leg Deadlift.mp4,,assets/posters/girl/ea_kettlebell_single_leg_deadlift.jpg,hinge,True,False,Legs,False,True,True,1,1,NO_PRIMARY_MUSCLES;NO_MALE_CLIP
ea_kettlebell_single_leg_glute_bridge,Kettlebell Single Leg Glute Bridge,Ягодичный мост на одной ноге с гирей,kettlebell,Kettlebells,1,0,beginner,10,True,True,5,1,hip,exercises/men/Legs/Kettlebell Single Leg Glute Bridge.mp4,exercises/girl/Legs/Kettlebell Single Leg Glute Bridge.mp4,assets/posters/men/ea_kettlebell_single_leg_glute_bridge.jpg,assets/posters/girl/ea_kettlebell_single_leg_glute_bridge.jpg,hinge,True,False,Legs,False,True,True,1,1,NO_PRIMARY_MUSCLES
ea_kettlebell_single_leg_glute_bridge_pullover,Kettlebell Single Leg Glute Bridge Pullover,Ягодичный мост на одной ноге с пуловером с гирей,kettlebell,Kettlebells,5,2,beginner,10,False,False,4,2,hip|shoulder,exercises/men/Calisthenics-Cardio-Plyo-Functional/Kettlebell Single Leg Glute Bridge Pullover.mp4,,assets/posters/men/ea_kettlebell_single_leg_glute_bridge_pullover.jpg,,hinge,True,False,Calisthenics-Cardio-Plyo-Functional,False,True,True,1,1,NO_PURPOSE;NO_FEMALE_CLIP
ea_kettlebell_single_leg_hip_thrust,Kettlebell Single Leg Hip Thrust,Ягодичный мост на одной ноге с гирей,bench_press,Kettlebells,1,0,beginner,10,True,True,5,1,hip,exercises/men/Legs/Kettlebell Single Leg Hip Thrust.mp4,exercises/girl/Legs/Kettlebell Single Leg Hip Thrust.mp4,assets/posters/men/ea_kettlebell_single_leg_hip_thrust.jpg,assets/posters/girl/ea_kettlebell_single_leg_hip_thrust.jpg,hinge,True,False,Legs,False,True,True,1,1,NO_PRIMARY_MUSCLES
ea_kettlebell_single_leg_romanian_deadlifts,Kettlebell Single Leg Romanian Deadlifts,Становая тяга на одной ноге с гирей,kettlebell,Kettlebells,1,0,beginner,10,True,True,5,2,hip|lower_back,exercises/men/Legs/Kettlebell single leg romanian deadlifts.mp4,exercises/girl/Legs/Kettlebell single leg romanian deadlifts.mp4,assets/posters/men/ea_kettlebell_single_leg_romanian_deadlifts.jpg,assets/posters/girl/ea_kettlebell_single_leg_romanian_deadlifts.jpg,hinge,True,False,Legs,False,True,True,1,1,NO_PRIMARY_MUSCLES
ea_kettlebell_situp_press,Kettlebell Situp Press,Жим гири из положения сидя,kettlebell,Kettlebells,4,2,beginner,10,False,False,4,1,shoulder,exercises/men/Abdominals/Kettlebell situp press.mp4,,assets/posters/men/ea_kettlebell_situp_press.jpg,,situp,True,False,Abdominals,False,True,True,1,1,NO_PURPOSE;NO_FEMALE_CLIP
ea_kettlebell_skull_crusher,Kettlebell Skull Crusher,Разгибание рук с гирей лёжа,bench_press,Kettlebells,1,0,beginner,10,True,True,5,1,elbow,exercises/men/Triceps/Kettlebell Skull Crusher.mp4,exercises/girl/Triceps/Kettlebell Skull Crusher.mp4,assets/posters/men/ea_kettlebell_skull_crusher.jpg,assets/posters/girl/ea_kettlebell_skull_crusher.jpg,,False,False,Triceps,False,True,True,1,1,NO_PRIMARY_MUSCLES
ea_kettlebell_sled_drag,Kettlebell Sled Drag,Тяга саней с гирей,kettlebell,Kettlebells,0,0,beginner,10,True,True,5,0,,exercises/men/Calisthenics-Cardio-Plyo-Functional/Kettlebell Sled Drag.mp4,exercises/girl/Calisthenics-Cardio-Plyo-Functional/Kettlebell Sled Drag.mp4,assets/posters/men/ea_kettlebell_sled_drag.jpg,assets/posters/girl/ea_kettlebell_sled_drag.jpg,,False,False,Calisthenics-Cardio-Plyo-Functional,False,True,True,1,1,NO_CONTRAINDICATION_TAGS;NO_MUSCLES;NO_PRIMARY_MUSCLES
ea_kettlebell_snatch,Kettlebell Snatch,Рывок гири,kettlebell,Kettlebells,0,0,beginner,10,True,True,5,3,lower_back|shoulder|wrist,exercises/men/Calisthenics-Cardio-Plyo-Functional/Kettlebell Snatch.mp4,exercises/girl/Calisthenics-Cardio-Plyo-Functional/Kettlebell Snatch.mp4,assets/posters/men/ea_kettlebell_snatch.jpg,assets/posters/girl/ea_kettlebell_snatch.jpg,,False,False,Calisthenics-Cardio-Plyo-Functional,False,True,True,1,1,NO_MUSCLES;NO_PRIMARY_MUSCLES
ea_kettlebell_split_squat,Kettlebell Split Squat,Раздельный присед с гирями,kettlebell,Kettlebells,4,2,beginner,10,False,False,4,3,ankle|hip|knee,exercises/men/Legs/Kettlebell Split squat.mp4,,assets/posters/men/ea_kettlebell_split_squat.jpg,,lunge,True,False,Legs,False,True,True,1,1,NO_PURPOSE;NO_FEMALE_CLIP
ea_kettlebell_squats,Kettlebell Squats,Приседания с гирями,kettlebell,Kettlebells,4,2,beginner,10,False,False,4,3,ankle|hip|knee,exercises/men/Legs/kettlebell squats.mp4,,assets/posters/men/ea_kettlebell_squats.jpg,,,False,False,Legs,False,True,True,1,1,NO_PURPOSE;NO_FEMALE_CLIP
ea_kettlebell_staggered_deadlift,Kettlebell Staggered Deadlift,Становая тяга с гирей в разножке,kettlebell,Kettlebells,1,0,beginner,10,True,True,5,2,hip|lower_back,exercises/men/Legs/Kettlebell Staggered Deadlift.mp4,exercises/girl/Legs/Kettlebell Staggered Deadlift.mp4,assets/posters/men/ea_kettlebell_staggered_deadlift.jpg,assets/posters/girl/ea_kettlebell_staggered_deadlift.jpg,hinge,True,False,Legs,False,True,True,1,1,NO_PRIMARY_MUSCLES
ea_kettlebell_standing_bottoms_up_one_arm_shoulder_press,Kettlebell Standing Bottoms-up One Arm Shoulder Press,Жим гири одной рукой стоя дном вверх,kettlebell,Kettlebells,2,1,beginner,10,False,False,4,1,shoulder,exercises/men/Shoulders/Kettlebell Standing Bottoms-up One Arm Shoulder Press.mp4,,assets/posters/men/ea_kettlebell_standing_bottoms_up_one_arm_shoulder_press.jpg,,overhead_press,True,False,Shoulders,False,True,True,1,1,NO_PURPOSE;NO_FEMALE_CLIP
ea_kettlebell_standing_tricep_extension,Kettlebell Standing Tricep Extension,Разгибание рук с гирей стоя,kettlebell,Kettlebells,1,0,beginner,10,True,True,5,1,elbow,exercises/men/Triceps/Kettlebell Standing Tricep Extension.mp4,exercises/girl/Triceps/Kettlebell Standing Tricep Extension.mp4,assets/posters/men/ea_kettlebell_standing_tricep_extension.jpg,assets/posters/girl/ea_kettlebell_standing_tricep_extension.jpg,,False,False,Triceps,False,True,True,1,1,NO_PRIMARY_MUSCLES
ea_kettlebell_step_up,Kettlebell Step-up,Зашагивания на платформу с гирями,kettlebell,Kettlebells,4,2,beginner,10,False,False,4,2,hip|knee,exercises/men/Legs/Kettlebell Step-up.mp4,exercises/girl/Legs/Kettlebell Step Up.mp4,assets/posters/men/ea_kettlebell_step_up.jpg,assets/posters/girl/ea_kettlebell_step_up.jpg,lunge,True,False,Legs,False,True,True,1,1,NO_PURPOSE
ea_kettlebell_strict_press,Kettlebell Strict Press,Строгий жим гири,kettlebell,Kettlebells,2,1,beginner,10,False,False,4,1,shoulder,exercises/men/Calisthenics-Cardio-Plyo-Functional/Kettlebell strict press.mp4,,assets/posters/men/ea_kettlebell_strict_press.jpg,,,False,False,Calisthenics-Cardio-Plyo-Functional,False,True,True,1,1,NO_PURPOSE;NO_FEMALE_CLIP
ea_kettlebell_suitcase_squat,Kettlebell Suitcase Squat,Приседания с гирей в одной руке,kettlebell,Kettlebells,4,2,beginner,10,False,False,4,3,ankle|hip|knee,exercises/men/Legs/Kettlebell Suitcase Squat.mp4,,assets/posters/men/ea_kettlebell_suitcase_squat.jpg,,squat,True,False,Legs,False,True,True,1,1,NO_PURPOSE;NO_FEMALE_CLIP
ea_kettlebell_sumo_deadlift,Kettlebell Sumo Deadlift,Сумо становая тяга с гирей,kettlebell,Kettlebells,5,3,beginner,10,False,False,4,2,hip|lower_back,exercises/men/Back/Kettlebell Sumo Deadlift.mp4,,assets/posters/men/ea_kettlebell_sumo_deadlift.jpg,,hinge,True,False,Back,False,True,True,2,1,NO_PURPOSE;NO_FEMALE_CLIP;SHARED_SUMMARY
ea_kettlebell_sumo_deadlift_with_high_pull,Kettlebell Sumo Deadlift with High Pull,Сумо становая тяга с гирей и протяжкой,kettlebell,Kettlebells,7,4,beginner,10,False,False,4,2,hip|lower_back,exercises/men/Calisthenics-Cardio-Plyo-Functional/Kettlebell Sumo Deadlift with High Pull.mp4,,assets/posters/men/ea_kettlebell_sumo_deadlift_with_high_pull.jpg,,hinge,True,False,Back,False,True,True,2,1,NO_PURPOSE;NO_FEMALE_CLIP;SHARED_SUMMARY
ea_kettlebell_sumo_squat,Kettlebell Sumo Squat,Сумо приседания с гирей,kettlebell,Kettlebells,5,3,beginner,10,False,False,4,3,ankle|hip|knee,exercises/men/Legs/Kettlebell Sumo Squat.mp4,,assets/posters/men/ea_kettlebell_sumo_squat.jpg,,squat,True,False,Legs,False,True,True,1,1,NO_PURPOSE;NO_FEMALE_CLIP
ea_kettlebell_sumo_squat_version_2,Kettlebell Sumo Squat (version 2),Сумо приседания с гирей (вариант 2),kettlebell,Kettlebells,5,3,beginner,10,False,False,4,3,ankle|hip|knee,exercises/men/Legs/Kettlebell Sumo Squat (VERSION 2).mp4,,assets/posters/men/ea_kettlebell_sumo_squat_version_2.jpg,,squat,True,False,Legs,False,True,True,1,1,NO_PURPOSE;NO_FEMALE_CLIP
ea_kettlebell_sumo_squat_off_stepbox,Kettlebell Sumo Squat Off Stepbox,Сумо приседания с гирей на степ-платформах,kettlebell,Kettlebells,5,3,beginner,10,False,False,4,3,ankle|hip|knee,exercises/men/Legs/Kettlebell Sumo Squat off Stepbox.mp4,,assets/posters/men/ea_kettlebell_sumo_squat_off_stepbox.jpg,,squat,True,False,Legs,False,True,True,1,1,NO_PURPOSE;NO_FEMALE_CLIP
ea_kettlebell_swing,Kettlebell Swing,Махи гирей,kettlebell,Kettlebells,4,2,beginner,10,False,False,4,2,hip|lower_back,exercises/men/Calisthenics-Cardio-Plyo-Functional/Kettlebell Swing.mp4,,assets/posters/men/ea_kettlebell_swing.jpg,,hinge,True,False,Calisthenics-Cardio-Plyo-Functional,False,True,True,1,1,NO_PURPOSE;NO_FEMALE_CLIP
ea_kettlebell_swing_version_2,Kettlebell Swing (version 2),Махи гирей (вариант 2),kettlebell,Kettlebells,4,2,beginner,10,False,False,4,2,hip|lower_back,exercises/men/Calisthenics-Cardio-Plyo-Functional/Kettlebell Swing (Version 2).mp4,,assets/posters/men/ea_kettlebell_swing_version_2.jpg,,hinge,True,False,Calisthenics-Cardio-Plyo-Functional,False,True,True,1,1,NO_PURPOSE;NO_FEMALE_CLIP
ea_kettlebell_thruster,Kettlebell Thruster,Жим гирь из приседа,kettlebell,Kettlebells,4,3,beginner,10,False,False,4,0,,exercises/men/Calisthenics-Cardio-Plyo-Functional/Kettlebell Thruster.mp4,,assets/posters/men/ea_kettlebell_thruster.jpg,,,False,False,Calisthenics-Cardio-Plyo-Functional,False,True,True,1,1,NO_CONTRAINDICATION_TAGS;NO_PURPOSE;NO_FEMALE_CLIP
ea_kettlebell_turkish_get_up,Kettlebell Turkish Get Up,Турецкий подъём с гирей,kettlebell,Kettlebells,0,0,beginner,10,True,True,5,0,,exercises/men/Calisthenics-Cardio-Plyo-Functional/Kettlebell Turkish Get Up.mp4,exercises/girl/Calisthenics-Cardio-Plyo-Functional/Kettlebell Turkish Get Up.mp4,assets/posters/men/ea_kettlebell_turkish_get_up.jpg,assets/posters/girl/ea_kettlebell_turkish_get_up.jpg,,False,False,Calisthenics-Cardio-Plyo-Functional,False,True,True,1,1,NO_CONTRAINDICATION_TAGS;NO_MUSCLES;NO_PRIMARY_MUSCLES
ea_kettlebell_upright_row,Kettlebell Upright Row,Тяга гири к подбородку,kettlebell,Kettlebells,1,0,beginner,10,True,True,5,3,neck|shoulder|upper_back,exercises/men/Shoulders/Kettlebell Upright Row.mp4,exercises/girl/Shoulders/Kettlebell Upright Row.mp4,assets/posters/men/ea_kettlebell_upright_row.jpg,assets/posters/girl/ea_kettlebell_upright_row.jpg,,False,False,Shoulders,False,True,True,1,1,NO_PRIMARY_MUSCLES
ea_kettlebell_walkover_pushup,Kettlebell Walkover Pushup,Отжимания с перешагиванием через гирю,kettlebell,Kettlebells,0,0,beginner,10,True,True,5,0,,exercises/men/Calisthenics-Cardio-Plyo-Functional/Kettlebell Walkover Pushup.mp4,exercises/girl/Calisthenics-Cardio-Plyo-Functional/Kettlebell Walkover Pushup.mp4,assets/posters/men/ea_kettlebell_walkover_pushup.jpg,assets/posters/girl/ea_kettlebell_walkover_pushup.jpg,pushup,True,False,Calisthenics-Cardio-Plyo-Functional,False,True,True,1,1,NO_CONTRAINDICATION_TAGS;NO_MUSCLES;NO_PRIMARY_MUSCLES
ea_kettlebell_windmill,Kettlebell Windmill,Мельница с гирей,kettlebell,Kettlebells,0,0,beginner,10,True,True,5,0,,exercises/men/Calisthenics-Cardio-Plyo-Functional/Kettlebell Windmill.mp4,exercises/girl/Calisthenics-Cardio-Plyo-Functional/Kettlebell Windmill.mp4,assets/posters/men/ea_kettlebell_windmill.jpg,assets/posters/girl/ea_kettlebell_windmill.jpg,,False,False,Calisthenics-Cardio-Plyo-Functional,False,True,True,1,1,NO_CONTRAINDICATION_TAGS;NO_MUSCLES;NO_PRIMARY_MUSCLES
ea_kettlebell_wrist_curl,Kettlebell Wrist Curl,Сгибание запястий с гирей,kettlebell,Kettlebells,1,0,beginner,10,True,True,5,2,elbow|wrist,exercises/men/Forearms/Kettlebell Wrist Curl.mp4,exercises/girl/Forearms/Kettlebell Wrist Curl.mp4,assets/posters/men/ea_kettlebell_wrist_curl.jpg,assets/posters/girl/ea_kettlebell_wrist_curl.jpg,curl,True,False,Forearms,False,True,True,1,1,NO_PRIMARY_MUSCLES
ea_kettlebell_wrist_extension,Kettlebell Wrist Extension,Разгибание запястий с гирей,kettlebell,Kettlebells,1,0,beginner,10,True,True,5,1,wrist,exercises/men/Forearms/Kettlebell Wrist Extension.mp4,exercises/girl/Forearms/Kettlebell Wrist Extension.mp4,assets/posters/men/ea_kettlebell_wrist_extension.jpg,assets/posters/girl/ea_kettlebell_wrist_extension.jpg,,False,False,Forearms,False,True,True,1,1,NO_PRIMARY_MUSCLES
ea_kipping_handstand_push_up,Kipping Handstand Push-up,Киппинговые отжимания в стойке на руках,,Wall,0,0,beginner,10,True,True,5,4,elbow|neck|shoulder|wrist,exercises/men/Calisthenics-Cardio-Plyo-Functional/Kipping Handstand Push-up.mp4,,assets/posters/men/ea_kipping_handstand_push_up.jpg,,pushup,True,False,Calisthenics-Cardio-Plyo-Functional,False,True,True,1,1,NO_EQUIPMENT_ID;NO_MUSCLES;NO_PRIMARY_MUSCLES;NO_FEMALE_CLIP
ea_kipping_pull_up,Kipping Pull Up,Киппинговые подтягивания,squat_rack,Pull Up Bar,1,0,beginner,10,True,True,5,2,elbow|shoulder,exercises/men/Back/Kipping Pull Up.mp4,exercises/girl/Back/Kipping Pull Up.mp4,assets/posters/men/ea_kipping_pull_up.jpg,assets/posters/girl/ea_kipping_pull_up.jpg,,False,False,Back,False,True,True,1,1,NO_PRIMARY_MUSCLES
ea_knee_to_chest_stretch,Knee to Chest Stretch,Растяжка колено к груди,,Yoga Mat,2,2,beginner,10,False,False,4,1,lower_back,exercises/men/Stretching - Mobility/knee to chest stretch.mp4,,assets/posters/men/ea_knee_to_chest_stretch.jpg,,,False,True,Stretching - Mobility,False,True,True,7,1,NO_EQUIPMENT_ID;NO_PURPOSE;NO_FEMALE_CLIP;SHARED_SUMMARY
ea_kneeling_hip_flexor_stretch,Kneeling Hip Flexor Stretch,Растяжка сгибателей бедра на коленях,,Yoga Mat,2,1,beginner,10,False,False,4,2,knee|lower_back,exercises/men/Stretching - Mobility/kneeling hip flexor stretch.mp4,,assets/posters/men/ea_kneeling_hip_flexor_stretch.jpg,,,False,True,Stretching - Mobility,False,True,True,1,1,NO_EQUIPMENT_ID;NO_PURPOSE;NO_FEMALE_CLIP
ea_kneeling_lat_floor_stretch,Kneeling Lat Floor Stretch,Растяжка широчайших на полу на коленях,,None,2,1,beginner,10,False,False,4,1,knee,exercises/men/Stretching - Mobility/kneeling lat floor stretch.mp4,,assets/posters/men/ea_kneeling_lat_floor_stretch.jpg,,,False,True,Stretching - Mobility,False,True,True,2,1,NO_EQUIPMENT_ID;NO_PURPOSE;NO_FEMALE_CLIP;SHARED_SUMMARY
ea_kneeling_leg_curl_machine,Kneeling Leg Curl Machine,Сгибание ног на тренажёре на коленях,leg_curl,Kneeling leg curl machine,2,1,beginner,10,False,False,4,1,knee,exercises/men/Legs/kneeling leg curl machine.mp4,,assets/posters/men/ea_kneeling_leg_curl_machine.jpg,,,False,False,Legs,False,True,True,1,1,NO_PURPOSE;NO_FEMALE_CLIP
ea_kneeling_push_up,Kneeling Push-up,Отжимания с колен,,None (Bodyweight),1,0,beginner,10,True,True,5,4,elbow|knee|shoulder|wrist,exercises/men/Chest/Kneeling Push-up.mp4,exercises/girl/Chest/Kneeling Push-up.mp4,assets/posters/men/ea_kneeling_push_up.jpg,assets/posters/girl/ea_kneeling_push_up.jpg,pushup,True,False,Chest,False,True,True,1,1,NO_EQUIPMENT_ID;NO_PRIMARY_MUSCLES
ea_kneeling_squat_jumps_bodyweight,Kneeling Squat Jumps Bodyweight,Прыжки из приседа с колен (с собственным весом),,None (Bodyweight),4,2,beginner,10,False,False,4,3,ankle|hip|knee,exercises/men/Legs/Kneeling Squat Jumps bodyweight.mp4,,assets/posters/men/ea_kneeling_squat_jumps_bodyweight.jpg,,,False,False,Legs,False,True,True,1,1,NO_EQUIPMENT_ID;NO_PURPOSE;NO_FEMALE_CLIP
ea_kneeling_wrist_flexor_stretch,Kneeling Wrist Flexor Stretch,Растяжка сгибателей запястья на коленях,,Yoga Mat,1,0,beginner,10,False,False,4,1,knee,exercises/men/Stretching - Mobility/kneeling wrist flexor stretch.mp4,,assets/posters/men/ea_kneeling_wrist_flexor_stretch.jpg,,,False,True,Stretching - Mobility,False,True,True,2,1,NO_EQUIPMENT_ID;NO_PRIMARY_MUSCLES;NO_PURPOSE;NO_FEMALE_CLIP;SHARED_SUMMARY
ea_l_sit_hold,L Sit Hold,Удержание в L-позе,parallettes,Parallettes,1,0,beginner,10,True,True,5,0,,exercises/men/Abdominals/L Sit Hold.mp4,exercises/girl/Abdominals/L Sit Hold.mp4,assets/posters/men/ea_l_sit_hold.jpg,assets/posters/girl/ea_l_sit_hold.jpg,,False,False,Abdominals,False,True,True,1,1,NO_CONTRAINDICATION_TAGS;NO_PRIMARY_MUSCLES
ea_landmine_alternating_lunge_and_twist,Landmine Alternating Lunge and Twist,Выпады с поворотом с Landmine,barbell,Landmine,0,0,beginner,10,True,True,5,3,hip|knee|wrist,exercises/men/Calisthenics-Cardio-Plyo-Functional/Landmine Alternating Lunge And Twist.mp4,exercises/girl/Calisthenics-Cardio-Plyo-Functional/Landmine Alternating Lunge And Twist.mp4,assets/posters/men/ea_landmine_alternating_lunge_and_twist.jpg,assets/posters/girl/ea_landmine_alternating_lunge_and_twist.jpg,lunge,True,False,Calisthenics-Cardio-Plyo-Functional,False,True,True,1,1,NO_MUSCLES;NO_PRIMARY_MUSCLES
ea_landmine_alternating_lunge_to_chest_press,Landmine Alternating Lunge to Chest Press,Выпады с жимом от груди с Landmine,barbell,Landmine,0,0,beginner,10,True,True,5,3,hip|knee|shoulder,exercises/men/Calisthenics-Cardio-Plyo-Functional/Landmine Alternating Lunge To Chest Press.mp4,exercises/girl/Calisthenics-Cardio-Plyo-Functional/Landmine Alternating Lunge To Chest Press.mp4,assets/posters/men/ea_landmine_alternating_lunge_to_chest_press.jpg,assets/posters/girl/ea_landmine_alternating_lunge_to_chest_press.jpg,lunge,True,False,Calisthenics-Cardio-Plyo-Functional,False,True,True,2,1,NO_MUSCLES;NO_PRIMARY_MUSCLES;SHARED_SUMMARY
ea_landmine_alternating_single_arm_press,Landmine Alternating Single Arm Press,Жим одной рукой с Landmine попеременно,barbell,Landmine,1,0,beginner,10,True,True,5,1,shoulder,exercises/men/Shoulders/Landmine Alternating Single Arm Press.mp4,exercises/girl/Shoulders/Landmine Alternating Single Arm Press.mp4,assets/posters/men/ea_landmine_alternating_single_arm_press.jpg,assets/posters/girl/ea_landmine_alternating_single_arm_press.jpg,,False,False,Shoulders,False,True,True,2,1,NO_PRIMARY_MUSCLES;SHARED_SUMMARY
ea_landmine_bicep_curl,Landmine Bicep Curl,Сгибание на бицепс в Landmine,barbell,Landmine,1,0,beginner,10,True,True,5,1,elbow,exercises/men/Biceps/Landmine Bicep Curl.mp4,exercises/girl/Biceps/Landmine Bicep Curl.mp4,assets/posters/men/ea_landmine_bicep_curl.jpg,assets/posters/girl/ea_landmine_bicep_curl.jpg,curl,True,False,Biceps,False,True,True,1,1,NO_PRIMARY_MUSCLES
ea_landmine_calf_raise,Landmine Calf Raise,Подъём на носки в Landmine,barbell,Landmine,1,0,beginner,10,True,True,5,1,ankle,exercises/men/Legs/Landmine Calf Raise.mp4,exercises/girl/Legs/Landmine Calf Raise.mp4,assets/posters/men/ea_landmine_calf_raise.jpg,assets/posters/girl/ea_landmine_calf_raise.jpg,calf_raise,True,False,Legs,False,True,True,1,1,NO_PRIMARY_MUSCLES
ea_landmine_chest_press,Landmine Chest Press,Жим от груди в Landmine,barbell,Barbell,3,2,beginner,10,False,False,4,1,shoulder,exercises/men/Chest/landmine chest press.mp4,,assets/posters/men/ea_landmine_chest_press.jpg,,,False,False,Chest,False,True,True,1,1,NO_PURPOSE;NO_FEMALE_CLIP
ea_landmine_concentration_curl,Landmine Concentration Curl,Концентрированное сгибание на бицепс в Landmine,barbell,Landmine,1,0,beginner,10,True,True,5,1,elbow,exercises/men/Biceps/Landmine Concentration Curl.mp4,exercises/girl/Biceps/Landmine Concentration Curl.mp4,assets/posters/men/ea_landmine_concentration_curl.jpg,assets/posters/girl/ea_landmine_concentration_curl.jpg,curl,True,False,Biceps,False,True,True,1,1,NO_PRIMARY_MUSCLES
ea_landmine_curtsy_lunge,Landmine Curtsy Lunge,Выпад-реверанс в Landmine,barbell,Landmine,1,0,beginner,10,True,True,5,2,hip|knee,exercises/men/Legs/Landmine Curtsy Lunge.mp4,exercises/girl/Legs/Landmine Curtsy Lunge.mp4,assets/posters/men/ea_landmine_curtsy_lunge.jpg,assets/posters/girl/ea_landmine_curtsy_lunge.jpg,lunge,True,False,Legs,False,True,True,2,1,NO_PRIMARY_MUSCLES;SHARED_SUMMARY
ea_landmine_glute_kick_back,Landmine Glute Kick Back,Отведение ноги назад в Landmine,barbell,Landmine,1,0,beginner,10,True,True,5,0,,exercises/men/Legs/Landmine Glute Kick Back.mp4,exercises/girl/Legs/Landmine Glute Kick Back.mp4,assets/posters/men/ea_landmine_glute_kick_back.jpg,assets/posters/girl/ea_landmine_glute_kick_back.jpg,,False,False,Legs,False,True,True,1,1,NO_CONTRAINDICATION_TAGS;NO_PRIMARY_MUSCLES
ea_landmine_goblet_curtsy_lunge,Landmine Goblet Curtsy Lunge,Гоблет-выпад-реверанс в Landmine,barbell,Landmine,1,0,beginner,10,True,True,5,2,hip|knee,exercises/men/Legs/Landmine Goblet Curtsy Lunge.mp4,exercises/girl/Legs/Landmine Goblet Curtsy Lunge.mp4,assets/posters/men/ea_landmine_goblet_curtsy_lunge.jpg,assets/posters/girl/ea_landmine_goblet_curtsy_lunge.jpg,lunge,True,False,Legs,False,True,True,1,1,NO_PRIMARY_MUSCLES
ea_landmine_goblet_lateral_lunge,Landmine Goblet Lateral Lunge,Гоблет-боковой выпад в Landmine,barbell,Landmine,1,0,beginner,10,True,True,5,2,hip|knee,exercises/men/Legs/Landmine Goblet Lateral Lunge.mp4,exercises/girl/Legs/Landmine Goblet Lateral Lunge.mp4,assets/posters/men/ea_landmine_goblet_lateral_lunge.jpg,assets/posters/girl/ea_landmine_goblet_lateral_lunge.jpg,lunge,True,False,Legs,False,True,True,1,1,NO_PRIMARY_MUSCLES
ea_landmine_hack_squat,Landmine Hack Squat,Хакк-присед в Landmine,barbell,Landmine,1,0,beginner,10,True,True,5,3,ankle|hip|knee,exercises/men/Legs/Landmine Hack Squat.mp4,exercises/girl/Legs/Landmine Hack Squat.mp4,assets/posters/men/ea_landmine_hack_squat.jpg,assets/posters/girl/ea_landmine_hack_squat.jpg,,False,False,Legs,False,True,True,1,1,NO_PRIMARY_MUSCLES
ea_landmine_half_kneeling_single_arm_overhead_press,Landmine Half Kneeling Single Arm Overhead Press,Жим над головой одной рукой с колена в Landmine,barbell,Landmine,1,0,beginner,10,True,True,5,2,knee|shoulder,exercises/men/Shoulders/Landmine Half Kneeling Single Arm Overhead Press.mp4,exercises/girl/Shoulders/Landmine Half Kneeling Single Arm Overhead Press.mp4,assets/posters/men/ea_landmine_half_kneeling_single_arm_overhead_press.jpg,assets/posters/girl/ea_landmine_half_kneeling_single_arm_overhead_press.jpg,overhead_press,True,False,Shoulders,False,True,True,1,1,NO_PRIMARY_MUSCLES
ea_landmine_hollow_hold,Landmine Hollow Hold,Удержание в позе лодки в Landmine,barbell,Landmine,1,0,beginner,10,True,True,5,0,,exercises/men/Abdominals/Landmine Hollow Hold.mp4,exercises/girl/Abdominals/Landmine Hollow Hold.mp4,assets/posters/men/ea_landmine_hollow_hold.jpg,assets/posters/girl/ea_landmine_hollow_hold.jpg,situp,True,False,Abdominals,False,True,True,1,1,NO_CONTRAINDICATION_TAGS;NO_PRIMARY_MUSCLES
ea_landmine_kneeling_alternating_overhead_press,Landmine Kneeling Alternating Overhead Press,Попеременный жим над головой с колен в Landmine,barbell,Landmine,1,0,beginner,10,True,True,5,2,knee|shoulder,exercises/men/Shoulders/Landmine Kneeling Alternating Overhead Press.mp4,exercises/girl/Shoulders/Landmine Kneeling Alternating Overhead Press.mp4,assets/posters/men/ea_landmine_kneeling_alternating_overhead_press.jpg,assets/posters/girl/ea_landmine_kneeling_alternating_overhead_press.jpg,overhead_press,True,False,Shoulders,False,True,True,1,1,NO_PRIMARY_MUSCLES
ea_landmine_kneeling_overhead_press,Landmine Kneeling Overhead Press,Жим над головой с колен в Landmine,barbell,Landmine,1,0,beginner,10,True,True,5,2,knee|shoulder,exercises/men/Shoulders/Landmine Kneeling Overhead Press.mp4,exercises/girl/Shoulders/Landmine Kneeling Overhead Press.mp4,assets/posters/men/ea_landmine_kneeling_overhead_press.jpg,assets/posters/girl/ea_landmine_kneeling_overhead_press.jpg,overhead_press,True,False,Shoulders,False,True,True,1,1,NO_PRIMARY_MUSCLES
ea_landmine_kneeling_twist,Landmine Kneeling Twist,Повороты корпуса с колен в Landmine,barbell,Landmine,1,0,beginner,10,True,True,5,1,knee,exercises/men/Abdominals/Landmine Kneeling Twist.mp4,exercises/girl/Abdominals/Landmine Kneeling Twist.mp4,assets/posters/men/ea_landmine_kneeling_twist.jpg,assets/posters/girl/ea_landmine_kneeling_twist.jpg,,False,False,Abdominals,False,True,True,1,1,NO_PRIMARY_MUSCLES
ea_landmine_lateral_lunge,Landmine Lateral Lunge,Боковой выпад в Landmine,barbell,Landmine,1,0,beginner,10,True,True,5,2,hip|knee,exercises/men/Legs/Landmine Lateral Lunge.mp4,exercises/girl/Legs/Landmine Lateral Lunge.mp4,assets/posters/men/ea_landmine_lateral_lunge.jpg,assets/posters/girl/ea_landmine_lateral_lunge.jpg,lunge,True,False,Legs,False,True,True,1,1,NO_PRIMARY_MUSCLES
ea_landmine_lateral_raise,Landmine Lateral Raise,Подъём рук в стороны в Landmine,barbell,Landmine,1,0,beginner,10,True,True,5,1,shoulder,exercises/men/Shoulders/Landmine Lateral Raise.mp4,exercises/girl/Shoulders/Landmine Lateral Raise.mp4,assets/posters/men/ea_landmine_lateral_raise.jpg,assets/posters/girl/ea_landmine_lateral_raise.jpg,,False,False,Shoulders,False,True,True,1,1,NO_PRIMARY_MUSCLES
ea_landmine_lunge_to_overhead_press,Landmine Lunge to Overhead Press,Выпад с жимом над головой в Landmine,barbell,Landmine,1,0,beginner,10,True,True,5,3,hip|knee|shoulder,exercises/men/Legs/Landmine Lunge To Overhead Press.mp4,exercises/girl/Legs/Landmine Lunge To Overhead Press.mp4,assets/posters/men/ea_landmine_lunge_to_overhead_press.jpg,assets/posters/girl/ea_landmine_lunge_to_overhead_press.jpg,,False,False,Legs,False,True,True,2,1,NO_PRIMARY_MUSCLES;SHARED_SUMMARY
ea_landmine_lying_tricep_extension,Landmine Lying Tricep Extension,Разгибание на трицепс лёжа в Landmine,barbell,Landmine,1,0,beginner,10,True,True,5,1,elbow,exercises/men/Triceps/Landmine Lying Tricep Extension.mp4,exercises/girl/Triceps/Landmine Lying Tricep Extension.mp4,assets/posters/men/ea_landmine_lying_tricep_extension.jpg,assets/posters/girl/ea_landmine_lying_tricep_extension.jpg,,False,False,Triceps,False,True,True,1,1,NO_PRIMARY_MUSCLES
ea_landmine_oblique_twist,Landmine Oblique Twist,Скручивания на косые мышцы в Landmine,barbell,Landmine,1,0,beginner,10,True,True,5,0,,exercises/men/Abdominals/Landmine Oblique Twist.mp4,exercises/girl/Abdominals/Landmine Oblique Twist.mp4,assets/posters/men/ea_landmine_oblique_twist.jpg,assets/posters/girl/ea_landmine_oblique_twist.jpg,,False,False,Abdominals,False,True,True,1,1,NO_CONTRAINDICATION_TAGS;NO_PRIMARY_MUSCLES
ea_landmine_overhead_press,Landmine Overhead Press,Жим над головой в Landmine,barbell,Landmine,1,0,beginner,10,True,True,5,1,shoulder,exercises/men/Shoulders/Landmine Overhead Press.mp4,exercises/girl/Shoulders/Landmine Overhead Press.mp4,assets/posters/men/ea_landmine_overhead_press.jpg,assets/posters/girl/ea_landmine_overhead_press.jpg,overhead_press,True,False,Shoulders,False,True,True,1,1,NO_PRIMARY_MUSCLES
ea_landmine_romanian_deadlift,Landmine Romanian Deadlift,Румынская становая тяга с Landmine,barbell,Landmine,1,0,beginner,10,True,True,5,2,hip|lower_back,exercises/men/Back/Landmine Romanian Deadlift.mp4,exercises/girl/Back/Landmine Romanian Deadlift.mp4,assets/posters/men/ea_landmine_romanian_deadlift.jpg,assets/posters/girl/ea_landmine_romanian_deadlift.jpg,hinge,True,False,Back,False,True,True,1,1,NO_PRIMARY_MUSCLES
ea_landmine_rotational_lift_to_press,Landmine Rotational Lift to Press,Ротационный подъём с Landmine с переходом в жим,barbell,Landmine,0,0,beginner,10,True,True,5,2,knee|shoulder,exercises/men/Calisthenics-Cardio-Plyo-Functional/Landmine Rotational Lift To Press.mp4,exercises/girl/Calisthenics-Cardio-Plyo-Functional/Landmine Rotational Lift To Press.mp4,assets/posters/men/ea_landmine_rotational_lift_to_press.jpg,assets/posters/girl/ea_landmine_rotational_lift_to_press.jpg,,False,False,Calisthenics-Cardio-Plyo-Functional,False,True,True,1,1,NO_MUSCLES;NO_PRIMARY_MUSCLES
ea_landmine_row,Landmine Row,Тяга с Landmine,barbell,Barbell,4,2,beginner,10,False,False,4,1,upper_back,exercises/men/Back/Landmine row.mp4,,assets/posters/men/ea_landmine_row.jpg,,,False,False,Back,False,True,True,1,1,NO_PURPOSE;NO_FEMALE_CLIP
ea_landmine_russian_twist,Landmine Russian Twist,Русские скручивания с Landmine,barbell,Landmine,1,0,beginner,10,True,True,5,0,,exercises/men/Abdominals/Landmine Russian Twist.mp4,exercises/girl/Abdominals/Landmine Russian Twist.mp4,assets/posters/men/ea_landmine_russian_twist.jpg,assets/posters/girl/ea_landmine_russian_twist.jpg,,False,False,Abdominals,False,True,True,1,1,NO_CONTRAINDICATION_TAGS;NO_PRIMARY_MUSCLES
ea_landmine_seated_alternating_overhead_press,Landmine Seated Alternating Overhead Press,Жим над головой сидя с Landmine поочередно,barbell,Landmine,1,0,beginner,10,True,True,5,1,shoulder,exercises/men/Shoulders/Landmine Seated Alternating Overhead Press.mp4,exercises/girl/Shoulders/Landmine Seated Alternating Overhead Press.mp4,assets/posters/men/ea_landmine_seated_alternating_overhead_press.jpg,assets/posters/girl/ea_landmine_seated_alternating_overhead_press.jpg,,False,False,Shoulders,False,True,True,1,1,NO_PRIMARY_MUSCLES
ea_landmine_seated_overhead_press,Landmine Seated Overhead Press,Жим над головой сидя с Landmine,barbell,Landmine,1,0,beginner,10,True,True,5,1,shoulder,exercises/men/Shoulders/Landmine Seated Overhead Press.mp4,exercises/girl/Shoulders/Landmine Seated Overhead Press.mp4,assets/posters/men/ea_landmine_seated_overhead_press.jpg,assets/posters/girl/ea_landmine_seated_overhead_press.jpg,,False,False,Shoulders,False,True,True,1,1,NO_PRIMARY_MUSCLES
ea_landmine_seated_single_arm_overhead_press,Landmine Seated Single Arm Overhead Press,Жим над головой сидя одной рукой с Landmine,barbell,Landmine,1,0,beginner,10,True,True,5,1,shoulder,exercises/men/Shoulders/Landmine Seated Single Arm Overhead Press.mp4,exercises/girl/Shoulders/Landmine Seated Single Arm Overhead Press.mp4,assets/posters/men/ea_landmine_seated_single_arm_overhead_press.jpg,assets/posters/girl/ea_landmine_seated_single_arm_overhead_press.jpg,,False,False,Shoulders,False,True,True,1,1,NO_PRIMARY_MUSCLES
ea_landmine_single_arm_push_press,Landmine Single Arm Push Press,Жим одной рукой с Landmine с толчком,barbell,Landmine,1,0,beginner,10,True,True,5,1,shoulder,exercises/men/Shoulders/Landmine Single Arm Push Press.mp4,exercises/girl/Shoulders/Landmine Single Arm Push Press.mp4,assets/posters/men/ea_landmine_single_arm_push_press.jpg,assets/posters/girl/ea_landmine_single_arm_push_press.jpg,overhead_press,True,False,Shoulders,False,True,True,1,1,NO_PRIMARY_MUSCLES
ea_landmine_single_arm_staggered_overhead_press,Landmine Single Arm Staggered Overhead Press,Жим над головой одной рукой с Landmine в разножке,barbell,Landmine,1,0,beginner,10,True,True,5,1,shoulder,exercises/men/Shoulders/Landmine Single Arm Staggered Overhead Press.mp4,exercises/girl/Shoulders/Landmine Single Arm Staggered Overhead Press.mp4,assets/posters/men/ea_landmine_single_arm_staggered_overhead_press.jpg,assets/posters/girl/ea_landmine_single_arm_staggered_overhead_press.jpg,overhead_press,True,False,Shoulders,False,True,True,1,1,NO_PRIMARY_MUSCLES
ea_landmine_squat_and_press,Landmine Squat and Press,Присед и жим с Landmine,barbell,Landmine,1,0,beginner,10,True,True,5,3,ankle|hip|knee,exercises/men/Legs/Landmine Squat and Press.mp4,exercises/girl/Legs/Landmine Squat and Press.mp4,assets/posters/men/ea_landmine_squat_and_press.jpg,assets/posters/girl/ea_landmine_squat_and_press.jpg,,False,False,Legs,False,True,True,1,1,NO_PRIMARY_MUSCLES
ea_lat_pull_down_close_grip,Lat Pull Down Close Grip,Тяга верхнего блока узким хватом,lat_pulldown,Lat Pull Down Machine (Cable),4,1,beginner,10,False,False,4,1,elbow,exercises/men/Back/lat pull down close grip.mp4,,assets/posters/men/ea_lat_pull_down_close_grip.jpg,,,False,False,Back,False,True,True,1,1,NO_PURPOSE;NO_FEMALE_CLIP
ea_lat_pull_down_normal_grip,Lat Pull Down Normal Grip,Тяга верхнего блока обычным хватом,lat_pulldown,Lat Pull Down Machine (Cable),4,1,beginner,10,False,False,4,0,,exercises/men/Back/lat pull down normal grip.mp4,,assets/posters/men/ea_lat_pull_down_normal_grip.jpg,,,False,False,Back,False,True,True,1,1,NO_CONTRAINDICATION_TAGS;NO_PURPOSE;NO_FEMALE_CLIP
ea_lat_pull_down_wide_grip,Lat Pull Down Wide Grip,Тяга верхнего блока широким хватом,lat_pulldown,Lat Pull Down Machine (Cable),4,1,beginner,10,False,False,4,0,,exercises/men/Back/lat pull down wide grip.mp4,,assets/posters/men/ea_lat_pull_down_wide_grip.jpg,,,False,False,Back,False,True,True,1,1,NO_CONTRAINDICATION_TAGS;NO_PURPOSE;NO_FEMALE_CLIP
ea_lateral_band_walks,Lateral Band Walks,Боковые шаги с резиновой лентой,resistance_bands,Resistance Band,1,0,beginner,10,True,True,5,0,,exercises/men/Legs/Lateral Band Walks.mp4,exercises/girl/Legs/Lateral Band Walks.mp4,assets/posters/men/ea_lateral_band_walks.jpg,assets/posters/girl/ea_lateral_band_walks.jpg,,False,False,Legs,False,True,True,1,1,NO_CONTRAINDICATION_TAGS;NO_PRIMARY_MUSCLES
ea_lateral_box_jump,Lateral Box Jump,Прыжки на коробку в сторону,plyo_box,Plyo Box,1,0,beginner,10,True,True,5,2,ankle|knee,exercises/men/Legs/Lateral Box Jump.mp4,exercises/girl/Legs/Lateral Box Jump.mp4,assets/posters/men/ea_lateral_box_jump.jpg,assets/posters/girl/ea_lateral_box_jump.jpg,,False,False,Legs,False,True,True,1,1,NO_PRIMARY_MUSCLES
ea_lateral_raise_bodyweight,Lateral Raise Bodyweight,Подъёмы рук в стороны без веса,,None,2,1,beginner,10,False,False,4,1,shoulder,exercises/men/Shoulders/lateral raise bodyweight.mp4,,assets/posters/men/ea_lateral_raise_bodyweight.jpg,,,False,False,Shoulders,False,True,True,2,1,NO_EQUIPMENT_ID;NO_PURPOSE;NO_FEMALE_CLIP;SHARED_SUMMARY
ea_lateral_raise_to_shoulder_press_resistance_band_cable,Lateral Raise to Shoulder Press Resistance Band Cable,Подъём рук в стороны с переходом в жим над головой с резиновой лентой/блоком,resistance_bands,Resistance Band,2,1,beginner,10,False,False,4,1,shoulder,exercises/men/Shoulders/lateral raise to shoulder press resistance band cable.mp4,,assets/posters/men/ea_lateral_raise_to_shoulder_press_resistance_band_cable.jpg,,,False,False,Shoulders,False,True,True,1,1,NO_PURPOSE;NO_FEMALE_CLIP
ea_lateral_raises_dumbbell,Lateral Raises Dumbbell,Подъёмы гантелей в стороны,dumbbell,Dumbbells,2,1,beginner,10,False,False,4,1,shoulder,exercises/men/Shoulders/lateral raises dumbbell.mp4,,assets/posters/men/ea_lateral_raises_dumbbell.jpg,,,False,False,Shoulders,False,True,True,1,1,NO_PURPOSE;NO_FEMALE_CLIP
ea_lateral_raises_dumbbell_seated_with_swing,Lateral Raises Dumbbell Seated with Swing,Подъёмы гантелей в стороны сидя с махом,bench_press,Dumbbells,3,1,beginner,10,False,False,4,2,lower_back|shoulder,exercises/men/Shoulders/Lateral raises dumbbell seated with swing.mp4,,assets/posters/men/ea_lateral_raises_dumbbell_seated_with_swing.jpg,,,False,False,Shoulders,False,True,True,1,1,NO_PURPOSE;NO_FEMALE_CLIP
ea_lateral_raises_on_cable_machine,Lateral Raises on Cable Machine,Подъёмы рук в стороны на блочном тренажере,cable_machine,Cable machine,2,1,beginner,10,False,False,4,1,shoulder,exercises/men/Shoulders/lateral raises on cable machine.mp4,,assets/posters/men/ea_lateral_raises_on_cable_machine.jpg,,,False,False,Shoulders,False,True,True,1,1,NO_PURPOSE;NO_FEMALE_CLIP
ea_lateral_sled_drag,Lateral Sled Drag,Тяга саней в сторону,weighted_sled,Sled,0,0,beginner,10,True,True,5,0,,exercises/men/Calisthenics-Cardio-Plyo-Functional/Lateral Sled Drag.mp4,exercises/girl/Calisthenics-Cardio-Plyo-Functional/Lateral Sled Drag.mp4,assets/posters/men/ea_lateral_sled_drag.jpg,assets/posters/girl/ea_lateral_sled_drag.jpg,,False,False,Calisthenics-Cardio-Plyo-Functional,False,True,True,1,1,NO_CONTRAINDICATION_TAGS;NO_MUSCLES;NO_PRIMARY_MUSCLES
ea_lats_stretch_elbow_on_wall,Lats Stretch Elbow on Wall,Растяжка широчайших мышц локтем у стены,,Wall,0,0,beginner,10,True,True,5,0,,exercises/men/Stretching - Mobility/Lats Stretch Elbow On Wall.mp4,exercises/girl/Stretching - Mobility/Lats Stretch Elbow On Wall.mp4,assets/posters/men/ea_lats_stretch_elbow_on_wall.jpg,assets/posters/girl/ea_lats_stretch_elbow_on_wall.jpg,,False,True,Stretching - Mobility,False,True,True,1,1,NO_EQUIPMENT_ID;NO_CONTRAINDICATION_TAGS;NO_MUSCLES;NO_PRIMARY_MUSCLES
ea_lats_stretch_on_wall,Lats Stretch on Wall,Растяжка широчайших мышц у стены,,Wall,0,0,beginner,10,True,True,5,0,,exercises/men/Stretching - Mobility/Lats Stretch On Wall.mp4,exercises/girl/Stretching - Mobility/Lats Stretch On Wall.mp4,assets/posters/men/ea_lats_stretch_on_wall.jpg,assets/posters/girl/ea_lats_stretch_on_wall.jpg,,False,True,Stretching - Mobility,False,True,True,1,1,NO_EQUIPMENT_ID;NO_CONTRAINDICATION_TAGS;NO_MUSCLES;NO_PRIMARY_MUSCLES
ea_lawnmower_row,Lawnmower Row,Тяга гантели в наклоне «газонокосильщик»,dumbbell,Dumbbells,1,0,beginner,10,True,True,5,1,upper_back,exercises/men/Back/Lawnmower Row.mp4,exercises/girl/Back/Lawnmower Row.mp4,assets/posters/men/ea_lawnmower_row.jpg,assets/posters/girl/ea_lawnmower_row.jpg,,False,False,Back,False,True,True,1,1,NO_PRIMARY_MUSCLES
ea_laying_lateral_raise,Laying Lateral Raise,Подъём гантелей в стороны лёжа,bench_press,Dumbbells,1,0,beginner,10,True,True,5,1,shoulder,exercises/men/Shoulders/Laying Lateral Raise.mp4,exercises/girl/Shoulders/Laying Lateral Raise.mp4,assets/posters/men/ea_laying_lateral_raise.jpg,assets/posters/girl/ea_laying_lateral_raise.jpg,,False,False,Shoulders,False,True,True,1,1,NO_PRIMARY_MUSCLES
ea_leaning_dumbbell_lateral_raise,Leaning Dumbbell Lateral Raise,Подъём гантели в сторону в наклоне с опорой,squat_rack,Dumbbells,2,1,beginner,10,False,False,3,1,shoulder,exercises/men/Shoulders/Leaning Dumbbell lateral raise.mp4,,assets/posters/men/ea_leaning_dumbbell_lateral_raise.jpg,,,False,False,Shoulders,False,True,True,1,1,NO_PURPOSE;NO_FEMALE_CLIP
ea_leg_extended_stretch_on_bench,Leg Extended Stretch on Bench,Растяжка ноги на скамье,adjustable_bench,Yoga Mat,3,1,beginner,10,False,False,4,0,,exercises/men/Stretching - Mobility/Leg extended stretch on bench.mp4,,assets/posters/men/ea_leg_extended_stretch_on_bench.jpg,,,False,True,Stretching - Mobility,False,True,True,1,1,NO_CONTRAINDICATION_TAGS;NO_PURPOSE;NO_FEMALE_CLIP
ea_leg_lift_circles,Leg Lift Circles,Круговые движения ногами,,None,3,3,beginner,10,False,False,4,1,lower_back,exercises/men/Abdominals/leg lift circles.mp4,,assets/posters/men/ea_leg_lift_circles.jpg,,,False,False,Abdominals,False,True,True,1,1,NO_EQUIPMENT_ID;NO_PURPOSE;NO_FEMALE_CLIP
ea_leg_press_machine_close_stance,Leg Press Machine Close Stance,Жим ногами в тренажёре с узкой постановкой стоп,leg_press,Leg Press Machine,4,1,beginner,10,False,False,4,2,hip|knee,exercises/men/Legs/leg press machine close stance.mp4,,assets/posters/men/ea_leg_press_machine_close_stance.jpg,,,False,False,Legs,False,True,True,1,1,NO_PURPOSE;NO_FEMALE_CLIP
ea_leg_press_machine_normal_stance,Leg Press Machine Normal Stance,Жим ногами в тренажёре с обычной постановкой стоп,leg_press,Leg Press Machine,4,1,beginner,10,False,False,4,2,hip|knee,exercises/men/Legs/leg press machine normal stance.mp4,exercises/girl/Legs/Leg press machine normal stance.mp4,assets/posters/men/ea_leg_press_machine_normal_stance.jpg,assets/posters/girl/ea_leg_press_machine_normal_stance.jpg,,False,False,Legs,False,True,True,1,1,NO_PURPOSE
ea_leg_press_wide_high_stance,Leg Press Wide High Stance,Жим ногами в тренажёре с широкой и высокой постановкой стоп,leg_press,Leg Press Machine,4,1,beginner,10,False,False,4,2,hip|knee,exercises/men/Legs/leg press wide high stance.mp4,,assets/posters/men/ea_leg_press_wide_high_stance.jpg,,,False,False,Legs,False,True,True,2,2,NO_PURPOSE;NO_FEMALE_CLIP;SHARED_SUMMARY;SHARED_STEPS
ea_leg_press_wide_high_stance_behind_view,Leg Press Wide High Stance Behind View,Жим ногами в тренажёре с широкой и высокой постановкой стоп (вид сзади),leg_press,Leg Press Machine,4,1,beginner,10,False,False,4,2,hip|knee,exercises/men/Legs/leg press wide high stance behind view.mp4,,assets/posters/men/ea_leg_press_wide_high_stance_behind_view.jpg,,,False,False,Legs,False,True,True,2,2,NO_PURPOSE;NO_FEMALE_CLIP;SHARED_SUMMARY;SHARED_STEPS
ea_leg_raises_straight_legs,Leg Raises (straight Legs),Подъём прямых ног,captains_chair,Captain's chair,3,1,beginner,10,False,False,4,0,,exercises/men/Abdominals/Leg raises (straight legs).mp4,,assets/posters/men/ea_leg_raises_straight_legs.jpg,,,False,False,Abdominals,False,True,True,1,1,NO_CONTRAINDICATION_TAGS;NO_PURPOSE;NO_FEMALE_CLIP
ea_legs_hand_reach_spine_stretch,Legs Hand Reach Spine Stretch,Растяжка позвоночника с касанием стоп,,None,4,2,beginner,10,False,False,4,1,lower_back,exercises/men/Stretching - Mobility/Legs hand reach spine stretch.mp4,,assets/posters/men/ea_legs_hand_reach_spine_stretch.jpg,,,False,True,Stretching - Mobility,False,True,True,1,1,NO_EQUIPMENT_ID;NO_PURPOSE;NO_FEMALE_CLIP
ea_lever_leg_extension,Lever Leg Extension,Разгибание ног в тренажёре,leg_extension,Lever Leg Extension Machine,2,1,beginner,10,False,False,4,1,knee,exercises/men/Legs/Lever Leg Extension.mp4,exercises/girl/Legs/Lever Leg Extension.mp4,assets/posters/men/ea_lever_leg_extension.jpg,assets/posters/girl/ea_lever_leg_extension.jpg,,False,False,Legs,False,True,True,1,1,NO_PURPOSE
ea_long_arm_crunches,Long Arm Crunches,Скручивания с вытянутыми руками,,None,1,1,beginner,10,False,False,4,2,lower_back|neck,exercises/men/Abdominals/long arm crunches.mp4,,assets/posters/men/ea_long_arm_crunches.jpg,,situp,True,False,Abdominals,False,True,True,1,1,NO_EQUIPMENT_ID;NO_PURPOSE;NO_FEMALE_CLIP
ea_long_lever_plank,Long Lever Plank,Планка с длинным рычагом,,None (Bodyweight),1,0,beginner,10,True,True,5,2,elbow|wrist,exercises/men/Abdominals/Long Lever Plank.mp4,exercises/girl/Abdominals/Long Lever Plank.mp4,assets/posters/men/ea_long_lever_plank.jpg,assets/posters/girl/ea_long_lever_plank.jpg,pushup,True,False,Abdominals,False,True,True,2,1,NO_EQUIPMENT_ID;NO_PRIMARY_MUSCLES;SHARED_SUMMARY
ea_lord_of_the_dance,Lord of the Dance,Поза танцора,,None (Bodyweight),0,0,beginner,10,True,True,5,0,,exercises/men/Yoga/Lord Of The Dance.mp4,exercises/girl/Yoga/Lord Of The Dance.mp4,assets/posters/men/ea_lord_of_the_dance.jpg,assets/posters/girl/ea_lord_of_the_dance.jpg,,False,True,Yoga,False,True,True,1,1,NO_EQUIPMENT_ID;NO_CONTRAINDICATION_TAGS;NO_MUSCLES;NO_PRIMARY_MUSCLES
ea_low_box_lateral_runner,Low Box Lateral Runner,Боковой бег на низкой платформе,plyo_box,Plyo Box,0,0,beginner,10,True,True,5,0,,exercises/men/Calisthenics-Cardio-Plyo-Functional/Low box lateral Runner.mp4,exercises/girl/Calisthenics-Cardio-Plyo-Functional/Low box lateral Runner.mp4,assets/posters/men/ea_low_box_lateral_runner.jpg,assets/posters/girl/ea_low_box_lateral_runner.jpg,,False,False,Calisthenics-Cardio-Plyo-Functional,False,True,True,1,1,NO_CONTRAINDICATION_TAGS;NO_MUSCLES;NO_PRIMARY_MUSCLES
ea_low_box_quick_feet,Low Box Quick Feet,Быстрые шаги на низкой платформе,plyo_box,Plyo Box,0,0,beginner,10,True,True,5,0,,exercises/men/Calisthenics-Cardio-Plyo-Functional/Low box quick feet.mp4,exercises/girl/Calisthenics-Cardio-Plyo-Functional/Low box quick feet.mp4,assets/posters/men/ea_low_box_quick_feet.jpg,assets/posters/girl/ea_low_box_quick_feet.jpg,,False,False,Calisthenics-Cardio-Plyo-Functional,False,True,True,1,1,NO_CONTRAINDICATION_TAGS;NO_MUSCLES;NO_PRIMARY_MUSCLES
ea_low_cable_overhead_flyes,Low Cable Overhead Flyes,Разведение рук на блоках над головой,cable_machine,Dual Cable Pulley Machine,3,1,beginner,10,False,False,4,1,shoulder,exercises/men/Shoulders/Low Cable Overhead Flyes.mp4,,assets/posters/men/ea_low_cable_overhead_flyes.jpg,,,False,False,Shoulders,False,True,True,1,1,NO_PURPOSE;NO_FEMALE_CLIP
ea_low_resistance_band_lying_bicep_curl,Low Resistance Band Lying Bicep Curl,Сгибание на бицепс лежа с резиновой лентой от нижнего крепления,cable_machine,Resistance Band,3,1,beginner,10,False,False,4,1,elbow,exercises/men/Biceps/low resistance band lying bicep curl.mp4,,assets/posters/men/ea_low_resistance_band_lying_bicep_curl.jpg,,,False,False,Biceps,False,True,True,2,1,NO_PURPOSE;NO_FEMALE_CLIP;SHARED_SUMMARY
ea_low_resistance_band_lying_bicep_curl_half_repetition,Low Resistance Band Lying Bicep Curl Half Repetition,Сгибание на бицепс лежа с резиновой лентой от нижнего крепления (половина повторения),cable_machine,Resistance Band,3,1,beginner,10,False,False,4,1,elbow,exercises/men/Biceps/low resistance band lying bicep curl half repetition.mp4,,assets/posters/men/ea_low_resistance_band_lying_bicep_curl_half_repetition.jpg,,,False,False,Biceps,False,True,True,2,1,NO_PURPOSE;NO_FEMALE_CLIP;SHARED_SUMMARY
ea_low_rotational_med_ball_chops_quarter_squat_rotating_med_ball_left_and_ride_across_core,"Low Rotational Med Ball Chops (quarter Squat, Rotating Med Ball Left and Ride Across Core)","Низкие вращательные удары медицинским мячом (присед на четверть, вращение медицинского мяча влево и вправо через корпус)",medicine_ball,Exercise Ball,0,0,beginner,10,True,True,5,3,ankle|hip|knee,"exercises/men/Calisthenics-Cardio-Plyo-Functional/Low rotational med ball chops (quarter squat, rotating med ball left and ride across core).mp4","exercises/girl/Calisthenics-Cardio-Plyo-Functional/Low rotational med ball chops (quarter squat, rotating med ball left and ride across core).mp4",assets/posters/men/ea_low_rotational_med_ball_chops_quarter_squat_rotating_med_ball_left_and_ride_across_core.jpg,assets/posters/girl/ea_low_rotational_med_ball_chops_quarter_squat_rotating_med_ball_left_and_ride_across_core.jpg,,False,False,Calisthenics-Cardio-Plyo-Functional,False,True,True,1,1,NO_MUSCLES;NO_PRIMARY_MUSCLES
ea_low_sled_push,Low Sled Push,Толкание саней в низком положении,weight_plates,Sled,0,0,beginner,10,True,True,5,0,,exercises/men/Calisthenics-Cardio-Plyo-Functional/Low Sled Push.mp4,exercises/girl/Calisthenics-Cardio-Plyo-Functional/Low Sled Push.mp4,assets/posters/men/ea_low_sled_push.jpg,assets/posters/girl/ea_low_sled_push.jpg,,False,False,Calisthenics-Cardio-Plyo-Functional,False,True,True,1,1,NO_CONTRAINDICATION_TAGS;NO_MUSCLES;NO_PRIMARY_MUSCLES
ea_lunge_front_kick,Lunge Front Kick,Выпад с ударом ногой вперед,,None (Bodyweight),4,2,beginner,10,False,False,4,2,hip|knee,exercises/men/Legs/lunge front kick.mp4,,assets/posters/men/ea_lunge_front_kick.jpg,,lunge,True,False,Legs,False,True,True,7,1,NO_EQUIPMENT_ID;NO_PURPOSE;NO_FEMALE_CLIP;SHARED_SUMMARY
ea_lunge_pulses_bodyweight,Lunge Pulses Bodyweight,Пульсирующие выпады (собственный вес),,None (Bodyweight),3,2,beginner,10,False,False,4,2,hip|knee,exercises/men/Legs/lunge pulses bodyweight.mp4,,assets/posters/men/ea_lunge_pulses_bodyweight.jpg,,lunge,True,False,Legs,False,True,True,1,1,NO_EQUIPMENT_ID;NO_PURPOSE;NO_FEMALE_CLIP
ea_lunge_reverse_with_resistance_band,Lunge Reverse with Resistance Band,Обратный выпад с резиновой лентой,resistance_bands,Resistance Band,5,2,beginner,10,False,False,4,2,hip|knee,exercises/men/Legs/lunge reverse with resistance band.mp4,,assets/posters/men/ea_lunge_reverse_with_resistance_band.jpg,,lunge,True,False,Legs,False,True,True,1,1,NO_PURPOSE;NO_FEMALE_CLIP
ea_lunge_rotation_left_and_right_bodyweight,Lunge Rotation Left and Right Bodyweight,Выпады с поворотами корпуса влево и вправо (собственный вес),,None (Bodyweight),5,3,beginner,10,False,False,4,2,hip|knee,exercises/men/Legs/lunge rotation left and right bodyweight.mp4,,assets/posters/men/ea_lunge_rotation_left_and_right_bodyweight.jpg,,lunge,True,False,Legs,False,True,True,1,1,NO_EQUIPMENT_ID;NO_PURPOSE;NO_FEMALE_CLIP
ea_lunge_to_knee_drive_left_bodyweight,Lunge to Knee Drive Left Bodyweight,Выпад с подъемом левого колена (собственный вес),,None (Bodyweight),4,3,beginner,10,False,False,4,3,hip|knee|lower_back,exercises/men/Legs/Lunge to Knee Drive left bodyweight.mp4,,assets/posters/men/ea_lunge_to_knee_drive_left_bodyweight.jpg,,lunge,True,False,Legs,False,True,True,7,1,NO_EQUIPMENT_ID;NO_PURPOSE;NO_FEMALE_CLIP;SHARED_SUMMARY
ea_lunge_to_knee_drive_right_bodyweight,Lunge to Knee Drive Right Bodyweight,Выпад с подъемом правого колена (собственный вес),,None (Bodyweight),4,3,beginner,10,False,False,4,3,hip|knee|lower_back,exercises/men/Legs/Lunge to Knee Drive right bodyweight.mp4,,assets/posters/men/ea_lunge_to_knee_drive_right_bodyweight.jpg,,lunge,True,False,Legs,False,True,True,7,1,NO_EQUIPMENT_ID;NO_PURPOSE;NO_FEMALE_CLIP;SHARED_SUMMARY
ea_lunges_alternate_leg_with_pause_bodyweight,Lunges Alternate Leg with Pause Bodyweight,Выпады с чередованием ног и паузой (собственный вес),,None (Bodyweight),4,2,beginner,10,False,False,4,2,hip|knee,exercises/men/Legs/lunges alternate leg with pause bodyweight.mp4,,assets/posters/men/ea_lunges_alternate_leg_with_pause_bodyweight.jpg,,lunge,True,False,Legs,False,True,True,7,1,NO_EQUIPMENT_ID;NO_PURPOSE;NO_FEMALE_CLIP;SHARED_SUMMARY
ea_lunges_same_leg_side_view_bodyweight,Lunges Same Leg Side View Bodyweight,"Выпады на одну ногу (вид сбоку, собственный вес)",,None (Bodyweight),4,2,beginner,10,False,False,4,2,hip|knee,exercises/men/Legs/lunges same leg side view bodyweight.mp4,,assets/posters/men/ea_lunges_same_leg_side_view_bodyweight.jpg,,lunge,True,False,Legs,False,True,True,7,1,NO_EQUIPMENT_ID;NO_PURPOSE;NO_FEMALE_CLIP;SHARED_SUMMARY
ea_lunging_straight_leg_calf_stretch,Lunging Straight Leg Calf Stretch,Растяжка икроножной мышцы в выпаде с прямой ногой,,Yoga Mat,2,1,beginner,10,False,False,4,1,ankle,exercises/men/Stretching - Mobility/lunging straight leg calf stretch.mp4,,assets/posters/men/ea_lunging_straight_leg_calf_stretch.jpg,,,False,True,Stretching - Mobility,False,True,True,7,1,NO_EQUIPMENT_ID;NO_PURPOSE;NO_FEMALE_CLIP;SHARED_SUMMARY
ea_lying_prone_abdominal_stretch,Lying (prone) Abdominal Stretch,Растяжка мышц живота лежа на животе,,Yoga Mat,2,1,beginner,10,False,False,4,0,,exercises/men/Stretching - Mobility/lying (prone) abdominal stretch.mp4,,assets/posters/men/ea_lying_prone_abdominal_stretch.jpg,,,False,True,Stretching - Mobility,False,True,True,1,1,NO_EQUIPMENT_ID;NO_CONTRAINDICATION_TAGS;NO_PURPOSE;NO_FEMALE_CLIP
ea_lying_abs_resistance_band,Lying Abs Resistance Band,Скручивания лежа с резиновой лентой,resistance_bands,Resistance Band,1,1,beginner,10,False,False,4,0,,exercises/men/Abdominals/lying abs resistance band.mp4,,assets/posters/men/ea_lying_abs_resistance_band.jpg,,,False,False,Abdominals,False,True,True,1,1,NO_CONTRAINDICATION_TAGS;NO_PURPOSE;NO_FEMALE_CLIP
ea_lying_back_extension,Lying Back Extension,Разгибание спины лежа,,None,3,1,beginner,10,False,False,4,1,lower_back,exercises/men/Back/lying back extension.mp4,,assets/posters/men/ea_lying_back_extension.jpg,,,False,False,Back,False,True,True,1,1,NO_EQUIPMENT_ID;NO_PURPOSE;NO_FEMALE_CLIP
ea_lying_bench_external_shoulder_rotation,Lying Bench External Shoulder Rotation,Внешнее вращение плеча лежа на скамье,bench_press,Weight bench,1,1,beginner,10,False,False,3,0,,exercises/men/Shoulders/lying bench external shoulder rotation.mp4,,assets/posters/men/ea_lying_bench_external_shoulder_rotation.jpg,,,False,False,Shoulders,False,True,True,1,1,NO_CONTRAINDICATION_TAGS;NO_PURPOSE;NO_FEMALE_CLIP
ea_lying_bench_internal_rotation_stretch,Lying Bench Internal Rotation Stretch,Растяжка внутреннего вращения плеча лежа на скамье,bench_press,Weight bench,1,1,beginner,10,False,False,3,0,,exercises/men/Shoulders/lying bench internal rotation stretch.mp4,,assets/posters/men/ea_lying_bench_internal_rotation_stretch.jpg,,,False,False,Shoulders,False,True,True,1,1,NO_CONTRAINDICATION_TAGS;NO_PURPOSE;NO_FEMALE_CLIP
ea_lying_bent_knee_cross_glutes_stretch,Lying Bent Knee Cross Glutes Stretch,Растяжка ягодичных мышц лежа с согнутыми коленями и скрещиванием,,None (Bodyweight),0,0,beginner,10,True,True,5,0,,exercises/men/Stretching - Mobility/Lying Bent Knee Cross Glutes Stretch.mp4,exercises/girl/Stretching - Mobility/Lying Bent Knee Cross Glutes Stretch.mp4,assets/posters/men/ea_lying_bent_knee_cross_glutes_stretch.jpg,assets/posters/girl/ea_lying_bent_knee_cross_glutes_stretch.jpg,,False,True,Stretching - Mobility,False,True,True,1,1,NO_EQUIPMENT_ID;NO_CONTRAINDICATION_TAGS;NO_MUSCLES;NO_PRIMARY_MUSCLES
ea_lying_crossover_stretch,Lying Crossover Stretch,Растяжка с перекрещиванием ног лёжа,,None,3,2,beginner,10,False,False,4,1,lower_back,exercises/men/Stretching - Mobility/lying crossover stretch.mp4,,assets/posters/men/ea_lying_crossover_stretch.jpg,,,False,True,Stretching - Mobility,False,True,True,1,1,NO_EQUIPMENT_ID;NO_PURPOSE;NO_FEMALE_CLIP
ea_lying_face_down_quadriceps_stretch,Lying Face Down Quadriceps Stretch,Растяжка квадрицепсов лёжа на животе,,None (Bodyweight),0,0,beginner,10,True,True,5,0,,exercises/men/Stretching - Mobility/Lying Face Down Quadriceps Stretch.mp4,exercises/girl/Stretching - Mobility/Lying Face Down Quadriceps Stretch.mp4,assets/posters/men/ea_lying_face_down_quadriceps_stretch.jpg,assets/posters/girl/ea_lying_face_down_quadriceps_stretch.jpg,,False,True,Stretching - Mobility,False,True,True,1,1,NO_EQUIPMENT_ID;NO_CONTRAINDICATION_TAGS;NO_MUSCLES;NO_PRIMARY_MUSCLES
ea_lying_glute_stretch,Lying Glute Stretch,Растяжка ягодичных мышц лёжа,,Yoga Mat,2,1,beginner,10,False,False,4,0,,exercises/men/Stretching - Mobility/lying glute stretch.mp4,,assets/posters/men/ea_lying_glute_stretch.jpg,,,False,True,Stretching - Mobility,False,True,True,1,1,NO_EQUIPMENT_ID;NO_CONTRAINDICATION_TAGS;NO_PURPOSE;NO_FEMALE_CLIP
ea_lying_hip_flexor_stretch,Lying Hip Flexor Stretch,Растяжка сгибателей бедра лёжа,,Yoga Mat,2,1,beginner,10,False,False,3,1,lower_back,exercises/men/Stretching - Mobility/lying hip flexor stretch.mp4,,assets/posters/men/ea_lying_hip_flexor_stretch.jpg,,,False,True,Stretching - Mobility,False,True,True,1,1,NO_EQUIPMENT_ID;NO_PURPOSE;NO_FEMALE_CLIP
ea_lying_knee_hugs_lower_back_stretch,Lying Knee Hugs Lower Back Stretch,Растяжка поясницы с обхватом коленей лёжа,,None (Bodyweight),0,0,beginner,10,True,True,5,0,,exercises/men/Stretching - Mobility/Lying Knee Hugs Lower back Stretch.mp4,exercises/girl/Stretching - Mobility/Lying Knee Hugs Lower back Stretch.mp4,assets/posters/men/ea_lying_knee_hugs_lower_back_stretch.jpg,assets/posters/girl/ea_lying_knee_hugs_lower_back_stretch.jpg,,False,True,Stretching - Mobility,False,True,True,1,1,NO_EQUIPMENT_ID;NO_CONTRAINDICATION_TAGS;NO_MUSCLES;NO_PRIMARY_MUSCLES
ea_lying_knee_pull_glutes_stretch,Lying Knee Pull Glutes Stretch,Растяжка ягодичных мышц с подтягиванием колена лёжа,,None (Bodyweight),0,0,beginner,10,True,True,5,0,,exercises/men/Stretching - Mobility/Lying Knee Pull Glutes Stretch.mp4,exercises/girl/Stretching - Mobility/Lying Knee Pull Glutes Stretch.mp4,assets/posters/men/ea_lying_knee_pull_glutes_stretch.jpg,assets/posters/girl/ea_lying_knee_pull_glutes_stretch.jpg,,False,True,Stretching - Mobility,False,True,True,1,1,NO_EQUIPMENT_ID;NO_CONTRAINDICATION_TAGS;NO_MUSCLES;NO_PRIMARY_MUSCLES
ea_lying_knees_to_floor_lower_back_stretch,Lying Knees to Floor Lower Back Stretch,Растяжка поясницы с опусканием коленей к полу лёжа,,None (Bodyweight),0,0,beginner,10,True,True,5,0,,exercises/men/Stretching - Mobility/Lying Knees To Floor Lower back Stretch.mp4,exercises/girl/Stretching - Mobility/Lying Knees To Floor Lower back Stretch.mp4,assets/posters/men/ea_lying_knees_to_floor_lower_back_stretch.jpg,assets/posters/girl/ea_lying_knees_to_floor_lower_back_stretch.jpg,,False,True,Stretching - Mobility,False,True,True,1,1,NO_EQUIPMENT_ID;NO_CONTRAINDICATION_TAGS;NO_MUSCLES;NO_PRIMARY_MUSCLES
ea_lying_lateral_raises_bodyweight,Lying Lateral Raises Bodyweight,Подъёмы рук в стороны лёжа (с собственным весом),,None,2,1,beginner,10,False,False,4,1,shoulder,exercises/men/Shoulders/lying lateral raises bodyweight.mp4,,assets/posters/men/ea_lying_lateral_raises_bodyweight.jpg,,,False,False,Shoulders,False,True,True,1,1,NO_EQUIPMENT_ID;NO_PURPOSE;NO_FEMALE_CLIP
ea_lying_leg_curl_machine,Lying Leg Curl Machine,Сгибание ног лёжа в тренажёре,leg_curl,Leg curl machine,2,1,beginner,10,False,False,4,1,knee,exercises/men/Legs/lying leg curl machine.mp4,,assets/posters/men/ea_lying_leg_curl_machine.jpg,,,False,False,Legs,False,True,True,1,1,NO_PURPOSE;NO_FEMALE_CLIP
ea_lying_leg_raise,Lying Leg Raise,Подъём ног лёжа,,None,2,1,beginner,10,False,False,4,0,,exercises/men/Abdominals/lying leg raise.mp4,,assets/posters/men/ea_lying_leg_raise.jpg,,,False,False,Abdominals,False,True,True,1,1,NO_EQUIPMENT_ID;NO_CONTRAINDICATION_TAGS;NO_PURPOSE;NO_FEMALE_CLIP
ea_lying_neck_curls,Lying Neck Curls,Сгибания шеи лёжа,bench_press,Bench,0,0,advanced,10,True,True,5,3,elbow|neck|wrist,exercises/men/Calisthenics-Cardio-Plyo-Functional/Lying Neck Curls.mp4,exercises/girl/Calisthenics-Cardio-Plyo-Functional/Lying Neck Curls.mp4,assets/posters/men/ea_lying_neck_curls.jpg,assets/posters/girl/ea_lying_neck_curls.jpg,,False,False,Calisthenics-Cardio-Plyo-Functional,False,True,True,1,1,NO_MUSCLES;NO_PRIMARY_MUSCLES
ea_lying_neck_extension,Lying Neck Extension,Разгибания шеи лёжа,,None (Bodyweight),0,0,advanced,10,True,True,5,3,knee|neck|wrist,exercises/men/Calisthenics-Cardio-Plyo-Functional/Lying Neck Extension.mp4,exercises/girl/Calisthenics-Cardio-Plyo-Functional/Lying Neck Extension.mp4,assets/posters/men/ea_lying_neck_extension.jpg,assets/posters/girl/ea_lying_neck_extension.jpg,,False,False,Calisthenics-Cardio-Plyo-Functional,False,True,True,1,1,NO_EQUIPMENT_ID;NO_MUSCLES;NO_PRIMARY_MUSCLES
ea_lying_on_side_arm_circle_warm_up,Lying on Side Arm Circle Warm Up,Разминка: круговые движения руками лёжа на боку,,None (Bodyweight),0,0,beginner,10,True,True,5,0,,exercises/men/Calisthenics-Cardio-Plyo-Functional/Lying On Side Arm Circle Warm Up.mp4,exercises/girl/Calisthenics-Cardio-Plyo-Functional/Lying On Side Arm Circle Warm Up.mp4,assets/posters/men/ea_lying_on_side_arm_circle_warm_up.jpg,assets/posters/girl/ea_lying_on_side_arm_circle_warm_up.jpg,,False,False,Calisthenics-Cardio-Plyo-Functional,False,True,True,1,1,NO_EQUIPMENT_ID;NO_CONTRAINDICATION_TAGS;NO_MUSCLES;NO_PRIMARY_MUSCLES
ea_lying_pull_over_with_resistance_band_cable,Lying Pull Over with Resistance Band Cable,Пуловер лёжа с резиновой лентой,resistance_bands,Resistance Band,4,2,beginner,10,False,False,4,0,,exercises/men/Chest/lying pull over with resistance band cable.mp4,,assets/posters/men/ea_lying_pull_over_with_resistance_band_cable.jpg,,,False,False,Chest,False,True,True,1,1,NO_CONTRAINDICATION_TAGS;NO_PURPOSE;NO_FEMALE_CLIP
ea_lying_quadriceps_stretch,Lying Quadriceps Stretch,Растяжка квадрицепсов лёжа,,Yoga Mat,2,1,beginner,10,False,False,4,0,,exercises/men/Stretching - Mobility/lying quadriceps stretch.mp4,,assets/posters/men/ea_lying_quadriceps_stretch.jpg,,,False,True,Stretching - Mobility,False,True,True,1,1,NO_EQUIPMENT_ID;NO_CONTRAINDICATION_TAGS;NO_PURPOSE;NO_FEMALE_CLIP
ea_lying_side_quadriceps_stretch,Lying Side Quadriceps Stretch,Растяжка квадрицепсов лёжа на боку,,Yoga Mat,2,1,beginner,10,False,False,4,0,,exercises/men/Stretching - Mobility/lying side quadriceps stretch.mp4,,assets/posters/men/ea_lying_side_quadriceps_stretch.jpg,,,False,True,Stretching - Mobility,False,True,True,1,1,NO_EQUIPMENT_ID;NO_CONTRAINDICATION_TAGS;NO_PURPOSE;NO_FEMALE_CLIP
ea_lying_single_leg_extended_on_wall_hamstrings_stretch,Lying Single Leg Extended on Wall Hamstrings Stretch,Растяжка бицепса бедра одной ногой на стене лёжа,,Wall,0,0,beginner,10,True,True,5,0,,exercises/men/Stretching - Mobility/Lying Single Leg Extended On Wall Hamstrings Stretch.mp4,exercises/girl/Stretching - Mobility/Lying Single Leg Extended On Wall Hamstrings Stretch.mp4,assets/posters/men/ea_lying_single_leg_extended_on_wall_hamstrings_stretch.jpg,assets/posters/girl/ea_lying_single_leg_extended_on_wall_hamstrings_stretch.jpg,,False,True,Stretching - Mobility,False,True,True,1,1,NO_EQUIPMENT_ID;NO_CONTRAINDICATION_TAGS;NO_MUSCLES;NO_PRIMARY_MUSCLES
ea_machine_chest_press_decline,Machine Chest Press Decline,Жим от груди в тренажёре под отрицательным углом,chest_press_machine,Chest Press Machine,3,1,beginner,10,False,False,4,1,shoulder,exercises/men/Chest/machine chest press decline.mp4,,assets/posters/men/ea_machine_chest_press_decline.jpg,,,False,False,Chest,False,True,True,1,1,NO_PURPOSE;NO_FEMALE_CLIP
ea_machine_chest_press_incline,Machine Chest Press Incline,Жим от груди в тренажёре под положительным углом,chest_press_machine,Chest Press Machine,3,1,beginner,10,False,False,4,1,shoulder,exercises/men/Chest/machine chest press incline.mp4,,assets/posters/men/ea_machine_chest_press_incline.jpg,,,False,False,Chest,False,True,True,1,1,NO_PURPOSE;NO_FEMALE_CLIP
ea_machine_fly,Machine Fly,Разведение рук в тренажёре (бабочка),pec_deck,Dual Pec Fly Machine,2,1,beginner,10,False,False,4,1,shoulder,exercises/men/Chest/Machine Fly.mp4,exercises/girl/Chest/Machine Fly.mp4,assets/posters/men/ea_machine_fly.jpg,assets/posters/girl/ea_machine_fly.jpg,,False,False,Chest,False,True,True,1,1,NO_PURPOSE
ea_machine_lateral_raise,Machine Lateral Raise,Подъём рук в стороны в тренажере,lateral_raise_machine,Lateral raise machine,2,1,beginner,10,False,False,4,1,shoulder,exercises/men/Shoulders/machine lateral raise.mp4,exercises/girl/Shoulders/Machine Lateral Raise.mp4,assets/posters/men/ea_machine_lateral_raise.jpg,assets/posters/girl/ea_machine_lateral_raise.jpg,,False,False,Shoulders,False,True,True,1,1,NO_PURPOSE
ea_major_groups_muscle_body,Major Groups Muscle Body,Основные группы мышц тела,,None,0,0,beginner,10,False,False,1,0,,exercises/men/Calisthenics-Cardio-Plyo-Functional/MAJOR GROUPS Muscle body.mp4,,assets/posters/men/ea_major_groups_muscle_body.jpg,,,False,False,Calisthenics-Cardio-Plyo-Functional,True,True,True,2,1,NO_EQUIPMENT_ID;NO_CONTRAINDICATION_TAGS;NO_MUSCLES;NO_PRIMARY_MUSCLES;NO_PURPOSE;NO_FEMALE_CLIP;SHARED_SUMMARY;QUARANTINED
ea_med_ball_front_squat_raise,Med Ball Front Squat Raise,Фронтальный присед с медболом и подъём,medicine_ball,Exercise Ball,1,0,beginner,10,True,True,5,5,ankle|hip|knee|lower_back|upper_back,exercises/men/Legs/Med ball front squat raise.mp4,exercises/girl/Legs/Med ball front squat raise.mp4,assets/posters/men/ea_med_ball_front_squat_raise.jpg,assets/posters/girl/ea_med_ball_front_squat_raise.jpg,,False,False,Legs,False,True,True,1,1,NO_PRIMARY_MUSCLES
ea_med_ball_half_kneeling_wood_choppers,Med Ball Half Kneeling Wood Choppers,Рубка дров с медболом из положения на одном колене,medicine_ball,Exercise Ball,1,0,beginner,10,True,True,5,1,knee,exercises/men/Abdominals/Med ball half kneeling wood choppers.mp4,exercises/girl/Abdominals/Med ball half kneeling wood choppers.mp4,assets/posters/men/ea_med_ball_half_kneeling_wood_choppers.jpg,assets/posters/girl/ea_med_ball_half_kneeling_wood_choppers.jpg,,False,False,Abdominals,False,True,True,1,1,NO_PRIMARY_MUSCLES
ea_med_ball_jumping_jacks,Med Ball Jumping Jacks,Прыжки с разведением рук и ног с медболом,medicine_ball,Exercise Ball,0,0,beginner,10,True,True,5,2,ankle|knee,exercises/men/Calisthenics-Cardio-Plyo-Functional/Med ball jumping jacks.mp4,exercises/girl/Calisthenics-Cardio-Plyo-Functional/Med ball jumping jacks.mp4,assets/posters/men/ea_med_ball_jumping_jacks.jpg,assets/posters/girl/ea_med_ball_jumping_jacks.jpg,,False,False,Calisthenics-Cardio-Plyo-Functional,False,True,True,1,1,NO_MUSCLES;NO_PRIMARY_MUSCLES
ea_med_ball_side_wall_slams,Med Ball Side Wall Slams,Броски медбола в стену в сторону,medicine_ball,Wall,0,0,beginner,10,True,True,5,0,,exercises/men/Calisthenics-Cardio-Plyo-Functional/Med ball side wall slams.mp4,exercises/girl/Calisthenics-Cardio-Plyo-Functional/Med ball side wall slams.mp4,assets/posters/men/ea_med_ball_side_wall_slams.jpg,assets/posters/girl/ea_med_ball_side_wall_slams.jpg,,False,False,Calisthenics-Cardio-Plyo-Functional,False,True,True,1,1,NO_CONTRAINDICATION_TAGS;NO_MUSCLES;NO_PRIMARY_MUSCLES
ea_med_ball_slam_burpees,Med Ball Slam Burpees,Бёрпи с броском медбола,medicine_ball,Exercise Ball,0,0,beginner,10,True,True,5,3,ankle|knee|wrist,exercises/men/Calisthenics-Cardio-Plyo-Functional/Med ball slam burpees.mp4,exercises/girl/Calisthenics-Cardio-Plyo-Functional/Med ball slam burpees.mp4,assets/posters/men/ea_med_ball_slam_burpees.jpg,assets/posters/girl/ea_med_ball_slam_burpees.jpg,,False,False,Calisthenics-Cardio-Plyo-Functional,False,True,True,1,1,NO_MUSCLES;NO_PRIMARY_MUSCLES
ea_med_ball_toe_touches,Med Ball Toe Touches,Касания носков ног медболом,medicine_ball,Exercise Ball,1,0,beginner,10,True,True,5,1,lower_back,exercises/men/Abdominals/Med ball toe touches.mp4,exercises/girl/Abdominals/Med ball toe touches.mp4,assets/posters/men/ea_med_ball_toe_touches.jpg,assets/posters/girl/ea_med_ball_toe_touches.jpg,,False,False,Abdominals,False,True,True,1,1,NO_PRIMARY_MUSCLES
ea_medicine_ball_chest_throw_with_abs,Medicine Ball Chest Throw with Abs,Бросок медбола от груди с акцентом на пресс,medicine_ball,Medicine Ball,1,0,beginner,10,True,True,5,0,,exercises/men/Abdominals/Medicine Ball Chest Throw With Abs.mp4,exercises/girl/Abdominals/Medicine Ball Chest Throw With Abs.mp4,assets/posters/men/ea_medicine_ball_chest_throw_with_abs.jpg,assets/posters/girl/ea_medicine_ball_chest_throw_with_abs.jpg,,False,False,Abdominals,False,True,True,1,1,NO_CONTRAINDICATION_TAGS;NO_PRIMARY_MUSCLES
ea_medicine_ball_jumps,Medicine Ball Jumps,Прыжки с медболом,medicine_ball,Medicine Ball,1,0,beginner,10,True,True,5,2,ankle|knee,exercises/men/Legs/Medicine Ball Jumps.mp4,exercises/girl/Legs/Medicine Ball Jumps.mp4,assets/posters/men/ea_medicine_ball_jumps.jpg,assets/posters/girl/ea_medicine_ball_jumps.jpg,,False,False,Legs,False,True,True,1,1,NO_PRIMARY_MUSCLES
ea_medicine_ball_rotational_throw,Medicine Ball Rotational Throw,Ротационный бросок медбола,medicine_ball,Medicine Ball,1,0,beginner,10,True,True,5,0,,exercises/men/Abdominals/Medicine Ball Rotational Throw.mp4,exercises/girl/Abdominals/Medicine Ball Rotational Throw.mp4,assets/posters/men/ea_medicine_ball_rotational_throw.jpg,assets/posters/girl/ea_medicine_ball_rotational_throw.jpg,,False,False,Abdominals,False,True,True,1,1,NO_CONTRAINDICATION_TAGS;NO_PRIMARY_MUSCLES
ea_middle_back_rotation_stretch,Middle Back Rotation Stretch,Растяжка на вращение среднего отдела спины,,None,3,2,beginner,10,False,False,4,0,,exercises/men/Stretching - Mobility/middle back rotation stretch.mp4,,assets/posters/men/ea_middle_back_rotation_stretch.jpg,,,False,True,Stretching - Mobility,False,True,True,1,1,NO_EQUIPMENT_ID;NO_CONTRAINDICATION_TAGS;NO_PURPOSE;NO_FEMALE_CLIP
ea_middle_crunches,Middle Crunches,Скручивания на пресс,,None,2,1,beginner,10,False,False,4,2,lower_back|neck,exercises/men/Abdominals/middle crunches.mp4,,assets/posters/men/ea_middle_crunches.jpg,,situp,True,False,Abdominals,False,True,True,1,1,NO_EQUIPMENT_ID;NO_PURPOSE;NO_FEMALE_CLIP
ea_military_press_bodyweight,Military Press Bodyweight,Жим над головой собственным весом,,None,2,1,beginner,10,False,False,4,1,shoulder,exercises/men/Shoulders/military press bodyweight.mp4,,assets/posters/men/ea_military_press_bodyweight.jpg,,overhead_press,True,False,Shoulders,False,True,True,1,1,NO_EQUIPMENT_ID;NO_PURPOSE;NO_FEMALE_CLIP
ea_modified_hindu_push_up,Modified Hindu Push Up,Модифицированные индусские отжимания,,None,6,3,beginner,10,False,False,4,3,elbow|shoulder|wrist,exercises/men/Yoga/Modified Hindu Push up.mp4,,assets/posters/men/ea_modified_hindu_push_up.jpg,,pushup,True,True,Yoga,False,True,True,2,1,NO_EQUIPMENT_ID;NO_PURPOSE;NO_FEMALE_CLIP;SHARED_SUMMARY
ea_monkey_bar_swings,Monkey Bar Swings,Раскачивания на рукоходе,pullup_bar,Barbell,0,0,beginner,10,True,True,5,2,hip|lower_back,exercises/men/Calisthenics-Cardio-Plyo-Functional/Monkey Bar Swings.mp4,exercises/girl/Calisthenics-Cardio-Plyo-Functional/Monkey Bar Swings.mp4,assets/posters/men/ea_monkey_bar_swings.jpg,assets/posters/girl/ea_monkey_bar_swings.jpg,,False,False,Calisthenics-Cardio-Plyo-Functional,False,True,True,1,1,NO_MUSCLES;NO_PRIMARY_MUSCLES
ea_monkey_pose,Monkey Pose,Поза обезьяны,,None (Bodyweight),0,0,advanced,10,True,True,5,0,,exercises/men/Yoga/Monkey Pose.mp4,exercises/girl/Yoga/Monkey Pose.mp4,assets/posters/men/ea_monkey_pose.jpg,assets/posters/girl/ea_monkey_pose.jpg,,False,True,Yoga,False,True,True,1,1,NO_EQUIPMENT_ID;NO_CONTRAINDICATION_TAGS;NO_MUSCLES;NO_PRIMARY_MUSCLES
ea_mountain_climber_jumps,Mountain Climber Jumps,Прыжки в планке с подтягиванием коленей,,None (Bodyweight),0,0,beginner,10,True,True,5,3,ankle|knee|wrist,exercises/men/Calisthenics-Cardio-Plyo-Functional/Mountain Climber Jumps.mp4,exercises/girl/Calisthenics-Cardio-Plyo-Functional/Mountain Climber Jumps.mp4,assets/posters/men/ea_mountain_climber_jumps.jpg,assets/posters/girl/ea_mountain_climber_jumps.jpg,,False,False,Calisthenics-Cardio-Plyo-Functional,False,True,True,1,1,NO_EQUIPMENT_ID;NO_MUSCLES;NO_PRIMARY_MUSCLES
ea_mountain_climbers,Mountain Climbers,Альпинист,,None,2,1,beginner,10,False,False,4,1,wrist,exercises/men/Abdominals/mountain climbers.mp4,,assets/posters/men/ea_mountain_climbers.jpg,,,False,False,Abdominals,False,True,True,2,1,NO_EQUIPMENT_ID;NO_PURPOSE;NO_FEMALE_CLIP;SHARED_SUMMARY
ea_mts_iso_lateral_kneeling_leg_curl,MTS Iso-lateral Kneeling LEG CURL,Сгибание ног в тренажере MTS Iso-Lateral Kneeling Leg Curl,leg_curl,MTS Iso-Lateral Kneeling Leg Curl Machine,3,1,beginner,10,False,False,4,1,knee,exercises/men/Legs/MTS ISO-LATERAL KNEELING LEG CURL.mp4,exercises/girl/Legs/MTS ISO-LATERAL KNEELING LEG CURL.mp4,assets/posters/men/ea_mts_iso_lateral_kneeling_leg_curl.jpg,assets/posters/girl/ea_mts_iso_lateral_kneeling_leg_curl.jpg,,False,False,Legs,False,True,True,1,1,NO_PURPOSE
ea_multi_hip_abduction,Multi Hip Abduction,Отведение бедра в тренажере Multi Hip,hip_abductor_adductor,Multi Hip Machine,3,1,beginner,10,False,False,4,1,hip,exercises/men/Legs/Multi Hip Abduction.mp4,exercises/girl/Legs/Multi Hip Abduction.mp4,assets/posters/men/ea_multi_hip_abduction.jpg,assets/posters/girl/ea_multi_hip_abduction.jpg,,False,False,Legs,False,True,True,1,1,NO_PURPOSE
ea_multi_hip_adduction,Multi Hip Adduction,Приведение бедра в тренажере Multi Hip,hip_abductor_adductor,Machine,1,0,beginner,10,True,True,5,1,hip,exercises/men/Legs/Multi Hip Adduction.mp4,exercises/girl/Legs/Multi Hip Adduction.mp4,assets/posters/men/ea_multi_hip_adduction.jpg,assets/posters/girl/ea_multi_hip_adduction.jpg,,False,False,Legs,False,True,True,1,1,NO_PRIMARY_MUSCLES
ea_multi_hip_glute_extension,Multi Hip Glute Extension,Разгибание бедра назад в тренажере Multi Hip,multi_hip_machine,Multi Hip Machine,4,1,beginner,10,False,False,4,0,,exercises/men/Legs/Multi Hip Glute Extension.mp4,exercises/girl/Legs/Multi Hip Glute Extension.mp4,assets/posters/men/ea_multi_hip_glute_extension.jpg,assets/posters/girl/ea_multi_hip_glute_extension.jpg,,False,False,Legs,False,True,True,1,1,NO_CONTRAINDICATION_TAGS;NO_PURPOSE
ea_narrow_stance_heels_elevated_dumbbell_goblet_squats,Narrow Stance Heels Elevated Dumbbell Goblet Squats,Приседания с гантелью в стиле «гоблет» с узкой постановкой ног и поднятыми пятками,dumbbell,Dumbbells,1,0,beginner,10,True,True,5,3,ankle|hip|knee,exercises/men/Legs/Narrow Stance Heels Elevated Dumbbell Goblet Squats.mp4,exercises/girl/Legs/Narrow Stance Heels Elevated Dumbbell Goblet Squats.mp4,assets/posters/men/ea_narrow_stance_heels_elevated_dumbbell_goblet_squats.jpg,assets/posters/girl/ea_narrow_stance_heels_elevated_dumbbell_goblet_squats.jpg,,False,False,Legs,False,True,True,1,1,NO_PRIMARY_MUSCLES
ea_nordic_hamstring_curl_with_partner,Nordic Hamstring Curl with Partner,Скандинавские сгибания ног с партнером,,A Partner,1,0,beginner,10,True,True,5,0,,exercises/men/Legs/Nordic Hamstring Curl With Partner.mp4,exercises/girl/Legs/Nordic Hamstring Curl With Partner.mp4,assets/posters/men/ea_nordic_hamstring_curl_with_partner.jpg,assets/posters/girl/ea_nordic_hamstring_curl_with_partner.jpg,curl,True,False,Legs,False,True,True,1,1,NO_EQUIPMENT_ID;NO_CONTRAINDICATION_TAGS;NO_PRIMARY_MUSCLES
ea_normal_push_up,Normal Push-up,Классические отжимания,,None (Bodyweight),3,1,beginner,10,False,False,4,3,elbow|shoulder|wrist,exercises/men/Chest/Normal Push-up.mp4,,assets/posters/men/ea_normal_push_up.jpg,,pushup,True,False,Chest,False,True,True,2,1,NO_EQUIPMENT_ID;NO_PURPOSE;NO_FEMALE_CLIP;SHARED_SUMMARY
ea_normal_squat_smith_machine,Normal Squat Smith Machine,Классические приседания в машине Смита,smith_machine,Smith Machine,1,0,beginner,10,True,True,5,4,ankle|hip|knee|upper_back,exercises/men/Legs/Normal Squat Smith Machine.mp4,exercises/girl/Legs/Normal Squat Smith Machine.mp4,assets/posters/men/ea_normal_squat_smith_machine.jpg,assets/posters/girl/ea_normal_squat_smith_machine.jpg,,False,False,Legs,False,True,True,1,1,NO_PRIMARY_MUSCLES
ea_oblique_crunch,Oblique Crunch,Косые скручивания,,None,2,1,beginner,10,False,False,4,2,lower_back|neck,exercises/men/Abdominals/oblique crunch.mp4,,assets/posters/men/ea_oblique_crunch.jpg,,situp,True,False,Abdominals,False,True,True,1,1,NO_EQUIPMENT_ID;NO_PURPOSE;NO_FEMALE_CLIP
ea_one_arm_cow_face_pose_easy,One Arm Cow Face Pose - Easy,Поза Гомукхасаны одной рукой (легкий вариант),,None (Bodyweight),0,0,beginner,10,True,True,5,0,,exercises/men/Yoga/One Arm Cow Face Pose - Easy.mp4,exercises/girl/Yoga/One Arm Cow Face Pose - Easy.mp4,assets/posters/men/ea_one_arm_cow_face_pose_easy.jpg,assets/posters/girl/ea_one_arm_cow_face_pose_easy.jpg,,False,True,Yoga,False,True,True,1,1,NO_EQUIPMENT_ID;NO_CONTRAINDICATION_TAGS;NO_MUSCLES;NO_PRIMARY_MUSCLES
ea_one_arm_push_up,One Arm Push Up,Отжимания на одной руке,,None (Bodyweight),1,0,beginner,10,True,True,5,3,elbow|shoulder|wrist,exercises/men/Chest/One Arm Push Up.mp4,exercises/girl/Chest/One Arm Push Up.mp4,assets/posters/men/ea_one_arm_push_up.jpg,assets/posters/girl/ea_one_arm_push_up.jpg,pushup,True,False,Chest,False,True,True,1,1,NO_EQUIPMENT_ID;NO_PRIMARY_MUSCLES
ea_one_arm_reverse_dumbbell_fly,One Arm Reverse Dumbbell Fly,Разведение гантели одной рукой в наклоне,bench_press,Dumbbells,2,1,beginner,10,False,False,4,1,shoulder,exercises/men/Shoulders/one arm reverse dumbbell fly.mp4,,assets/posters/men/ea_one_arm_reverse_dumbbell_fly.jpg,,,False,False,Shoulders,False,True,True,1,1,NO_PURPOSE;NO_FEMALE_CLIP
ea_over_head_weight_sit_up,Over Head Weight Sit Up,Подъемы корпуса с весом над головой,weight_plates,weight plate,4,2,beginner,10,False,False,4,2,lower_back|neck,exercises/men/Abdominals/over head weight sit up.mp4,,assets/posters/men/ea_over_head_weight_sit_up.jpg,,situp,True,False,Abdominals,False,True,True,1,1,NO_PURPOSE;NO_FEMALE_CLIP
ea_over_weight_ab_crunch,Over Weight Ab Crunch,Скручивания с отягощением,dumbbell,Dumbbells,4,2,beginner,10,False,False,3,2,lower_back|neck,exercises/men/Abdominals/over weight ab crunch.mp4,,assets/posters/men/ea_over_weight_ab_crunch.jpg,,situp,True,False,Abdominals,False,True,True,1,1,NO_PURPOSE;NO_FEMALE_CLIP
ea_overhand_clap,Overhand Clap,Хлопки над головой,,None,2,1,beginner,10,False,False,4,0,,exercises/men/Shoulders/overhand clap.mp4,,assets/posters/men/ea_overhand_clap.jpg,,,False,False,Shoulders,False,True,True,1,1,NO_EQUIPMENT_ID;NO_CONTRAINDICATION_TAGS;NO_PURPOSE;NO_FEMALE_CLIP
ea_overhand_tricep_stretching_single_arm,Overhand Tricep Stretching Single Arm,Растяжка трицепса одной рукой над головой,,None,2,1,beginner,10,False,False,4,1,elbow,exercises/men/Triceps/Overhand tricep stretching single arm.mp4,,assets/posters/men/ea_overhand_tricep_stretching_single_arm.jpg,,,False,False,Triceps,False,True,True,5,2,NO_EQUIPMENT_ID;NO_PURPOSE;NO_FEMALE_CLIP;SHARED_SUMMARY;SHARED_STEPS
ea_overhead_extension_resistance_band_both_arms,Overhead Extension Resistance Band Both Arms,Разгибание рук над головой с резиновой лентой обеими руками,resistance_bands,Resistance Band,3,1,beginner,10,False,False,4,2,elbow|shoulder,exercises/men/Triceps/overhead extension resistance band both arms.mp4,,assets/posters/men/ea_overhead_extension_resistance_band_both_arms.jpg,,,False,False,Triceps,False,True,True,1,1,NO_PURPOSE;NO_FEMALE_CLIP
ea_overhead_med_ball_throw,Overhead Med Ball Throw,Бросок медицинского мяча над головой,medicine_ball,Exercise Ball,0,0,beginner,10,True,True,5,1,shoulder,exercises/men/Calisthenics-Cardio-Plyo-Functional/Overhead Med Ball Throw.mp4,exercises/girl/Calisthenics-Cardio-Plyo-Functional/Overhead Med Ball Throw.mp4,assets/posters/men/ea_overhead_med_ball_throw.jpg,assets/posters/girl/ea_overhead_med_ball_throw.jpg,,False,False,Calisthenics-Cardio-Plyo-Functional,False,True,True,1,1,NO_MUSCLES;NO_PRIMARY_MUSCLES
ea_overhead_triceps_stretch_side_angle,Overhead Triceps Stretch Side Angle,Растяжка трицепса над головой в боковом наклоне,,None,2,1,beginner,10,False,False,4,2,elbow|shoulder,exercises/men/Stretching - Mobility/overhead triceps stretch side angle.mp4,,assets/posters/men/ea_overhead_triceps_stretch_side_angle.jpg,,,False,True,Stretching - Mobility,False,True,True,5,2,NO_EQUIPMENT_ID;NO_PURPOSE;NO_FEMALE_CLIP;SHARED_SUMMARY;SHARED_STEPS
ea_palm_up_palm_down_rotation,Palm Up Palm Down Rotation,Вращение предплечий ладонями вверх-вниз,,None,2,1,beginner,10,False,False,4,0,,exercises/men/Shoulders/palm up palm down rotation.mp4,,assets/posters/men/ea_palm_up_palm_down_rotation.jpg,,,False,False,Shoulders,False,True,True,1,1,NO_EQUIPMENT_ID;NO_CONTRAINDICATION_TAGS;NO_PURPOSE;NO_FEMALE_CLIP
ea_pec_deck_fly_machine,Pec Deck Fly Machine,Разведение рук в тренажере Pec Deck,pec_deck,Dual Pec Deck Machine,2,1,beginner,10,False,False,4,1,shoulder,exercises/men/Chest/pec deck fly machine.mp4,,assets/posters/men/ea_pec_deck_fly_machine.jpg,,,False,False,Chest,False,True,True,1,1,NO_PURPOSE;NO_FEMALE_CLIP
ea_pec_deck_fly_machine_flies,Pec Deck Fly Machine Flies,Разведение рук в тренажере Pec Deck,pec_deck,Machine,1,0,beginner,10,True,True,5,1,shoulder,exercises/men/Chest/Pec Deck Fly Machine Flies.mp4,exercises/girl/Chest/Pec Deck Fly Machine Flies.mp4,assets/posters/men/ea_pec_deck_fly_machine_flies.jpg,assets/posters/girl/ea_pec_deck_fly_machine_flies.jpg,,False,False,Chest,False,True,True,1,1,NO_PRIMARY_MUSCLES
ea_pigeon_glutes_stretch,Pigeon Glutes Stretch,Растяжка ягодиц в позе голубя,,None (Bodyweight),0,0,beginner,10,True,True,5,1,hip,exercises/men/Yoga/Pigeon Glutes Stretch.mp4,exercises/girl/Yoga/Pigeon Glutes Stretch.mp4,assets/posters/men/ea_pigeon_glutes_stretch.jpg,assets/posters/girl/ea_pigeon_glutes_stretch.jpg,,False,True,Yoga,False,True,True,1,1,NO_EQUIPMENT_ID;NO_MUSCLES;NO_PRIMARY_MUSCLES
ea_pigeon_pose,Pigeon Pose,Поза голубя,,None (Bodyweight),0,0,beginner,10,True,True,5,1,hip,exercises/men/Yoga/Pigeon Pose.mp4,exercises/girl/Yoga/Pigeon Pose.mp4,assets/posters/men/ea_pigeon_pose.jpg,assets/posters/girl/ea_pigeon_pose.jpg,,False,True,Yoga,False,True,True,1,1,NO_EQUIPMENT_ID;NO_MUSCLES;NO_PRIMARY_MUSCLES
ea_pike_alternating_opposite_hip_taps,Pike Alternating Opposite Hip Taps,Касания противоположных бёдер в позе щуки,,None (Bodyweight),0,0,beginner,10,True,True,5,1,shoulder,exercises/men/Calisthenics-Cardio-Plyo-Functional/Pike alternating opposite hip taps.mp4,exercises/girl/Calisthenics-Cardio-Plyo-Functional/Pike alternating opposite hip taps.mp4,assets/posters/men/ea_pike_alternating_opposite_hip_taps.jpg,assets/posters/girl/ea_pike_alternating_opposite_hip_taps.jpg,,False,False,Calisthenics-Cardio-Plyo-Functional,False,True,True,1,1,NO_EQUIPMENT_ID;NO_MUSCLES;NO_PRIMARY_MUSCLES
ea_pike_individual_alternating_arm_reaches,Pike Individual Alternating Arm Reaches,Поочередные вытягивания рук в позе щуки,,None (Bodyweight),0,0,beginner,10,True,True,5,1,shoulder,exercises/men/Calisthenics-Cardio-Plyo-Functional/Pike individual alternating arm reaches.mp4,exercises/girl/Calisthenics-Cardio-Plyo-Functional/Pike individual alternating arm reaches.mp4,assets/posters/men/ea_pike_individual_alternating_arm_reaches.jpg,assets/posters/girl/ea_pike_individual_alternating_arm_reaches.jpg,,False,False,Calisthenics-Cardio-Plyo-Functional,False,True,True,1,1,NO_EQUIPMENT_ID;NO_MUSCLES;NO_PRIMARY_MUSCLES
ea_pike_jacks_feet_kicking_in_and_out,Pike Jacks Feet Kicking in and Out,Пайк-джеки с разведением ног,,None (Bodyweight),0,0,beginner,10,True,True,5,3,ankle|knee|shoulder,exercises/men/Calisthenics-Cardio-Plyo-Functional/Pike jacks feet kicking in and out.mp4,exercises/girl/Calisthenics-Cardio-Plyo-Functional/Pike jacks feet kicking in and out.mp4,assets/posters/men/ea_pike_jacks_feet_kicking_in_and_out.jpg,assets/posters/girl/ea_pike_jacks_feet_kicking_in_and_out.jpg,,False,False,Calisthenics-Cardio-Plyo-Functional,False,True,True,1,1,NO_EQUIPMENT_ID;NO_MUSCLES;NO_PRIMARY_MUSCLES
ea_pike_push_up,Pike Push Up,Отжимания в позе щуки,,None,3,1,beginner,10,False,False,4,3,elbow|shoulder|wrist,exercises/men/Triceps/Pike push up.mp4,,assets/posters/men/ea_pike_push_up.jpg,,pushup,True,False,Triceps,False,True,True,2,1,NO_EQUIPMENT_ID;NO_PURPOSE;NO_FEMALE_CLIP;SHARED_SUMMARY
ea_pike_shoulder_taps,Pike Shoulder Taps,Касания плеч в позе щуки,,None (Bodyweight),0,0,beginner,10,True,True,5,1,shoulder,exercises/men/Calisthenics-Cardio-Plyo-Functional/Pike Shoulder Taps.mp4,exercises/girl/Calisthenics-Cardio-Plyo-Functional/Pike Shoulder Taps.mp4,assets/posters/men/ea_pike_shoulder_taps.jpg,assets/posters/girl/ea_pike_shoulder_taps.jpg,,False,False,Calisthenics-Cardio-Plyo-Functional,False,True,True,1,1,NO_EQUIPMENT_ID;NO_MUSCLES;NO_PRIMARY_MUSCLES
ea_pistol_squat_to_box,Pistol Squat to Box,Пистолетный присед на коробку,plyo_box,Plyo Box,1,0,beginner,10,True,True,5,3,ankle|hip|knee,exercises/men/Legs/Pistol Squat to Box.mp4,exercises/girl/Legs/Pistol Squat to Box.mp4,assets/posters/men/ea_pistol_squat_to_box.jpg,assets/posters/girl/ea_pistol_squat_to_box.jpg,,False,False,Legs,False,True,True,1,1,NO_PRIMARY_MUSCLES
ea_plank_cross_knee_drive,Plank Cross Knee Drive,Планка с перекрёстным подтягиванием колена,,None (Bodyweight),3,1,beginner,10,False,False,4,2,elbow|wrist,exercises/men/Abdominals/plank cross knee drive.mp4,,assets/posters/men/ea_plank_cross_knee_drive.jpg,,pushup,True,False,Abdominals,False,True,True,1,1,NO_EQUIPMENT_ID;NO_PURPOSE;NO_FEMALE_CLIP
ea_plank_individual_arm_reach,Plank Individual Arm Reach,Планка с поочередным вытягиванием рук,,None (Bodyweight),0,0,beginner,10,True,True,5,2,elbow|wrist,exercises/men/Calisthenics-Cardio-Plyo-Functional/Plank individual arm reach.mp4,exercises/girl/Calisthenics-Cardio-Plyo-Functional/Plank individual arm reach.mp4,assets/posters/men/ea_plank_individual_arm_reach.jpg,assets/posters/girl/ea_plank_individual_arm_reach.jpg,pushup,True,False,Calisthenics-Cardio-Plyo-Functional,False,True,True,1,1,NO_EQUIPMENT_ID;NO_MUSCLES;NO_PRIMARY_MUSCLES
ea_plank_iytw,Plank IYTW,Планка IYTW,dumbbell,Dumbbells,0,0,beginner,10,True,True,5,2,elbow|wrist,exercises/men/Calisthenics-Cardio-Plyo-Functional/Plank IYTW.mp4,exercises/girl/Calisthenics-Cardio-Plyo-Functional/Plank IYTW.mp4,assets/posters/men/ea_plank_iytw.jpg,assets/posters/girl/ea_plank_iytw.jpg,pushup,True,False,Calisthenics-Cardio-Plyo-Functional,False,True,True,1,1,NO_MUSCLES;NO_PRIMARY_MUSCLES
ea_plank_jack,Plank Jack,Планка-джек,,None (Bodyweight),4,1,beginner,10,False,False,4,4,ankle|elbow|knee|wrist,exercises/men/Abdominals/plank jack.mp4,,assets/posters/men/ea_plank_jack.jpg,,pushup,True,False,Abdominals,False,True,True,1,1,NO_EQUIPMENT_ID;NO_PURPOSE;NO_FEMALE_CLIP
ea_plank_knee_tucks,Plank Knee Tucks,Планка с подтягиванием коленей к груди,,None (Bodyweight),4,1,beginner,10,False,False,4,2,elbow|wrist,exercises/men/Abdominals/Plank Knee Tucks.mp4,,assets/posters/men/ea_plank_knee_tucks.jpg,,pushup,True,False,Abdominals,False,True,True,3,1,NO_EQUIPMENT_ID;NO_PURPOSE;NO_FEMALE_CLIP;SHARED_SUMMARY
ea_plank_lunges,Plank Lunges,Выпады в планке,,None,5,3,beginner,10,False,False,4,5,elbow|hip|knee|lower_back|wrist,exercises/men/Calisthenics-Cardio-Plyo-Functional/plank lunges.mp4,,assets/posters/men/ea_plank_lunges.jpg,,,False,False,Calisthenics-Cardio-Plyo-Functional,False,True,True,3,1,NO_EQUIPMENT_ID;NO_PURPOSE;NO_FEMALE_CLIP;SHARED_SUMMARY
ea_plank_on_elbows,Plank on Elbows,Планка на локтях,,None (Bodyweight),3,1,beginner,10,False,False,4,2,elbow|wrist,exercises/men/Abdominals/plank on elbows.mp4,,assets/posters/men/ea_plank_on_elbows.jpg,,pushup,True,False,Abdominals,False,True,True,1,1,NO_EQUIPMENT_ID;NO_PURPOSE;NO_FEMALE_CLIP
ea_plank_pushup,Plank Pushup,Отжимания из планки,,None (Bodyweight),0,0,beginner,10,True,True,5,2,elbow|wrist,exercises/men/Calisthenics-Cardio-Plyo-Functional/Plank Pushup.mp4,exercises/girl/Calisthenics-Cardio-Plyo-Functional/Plank Pushup.mp4,assets/posters/men/ea_plank_pushup.jpg,assets/posters/girl/ea_plank_pushup.jpg,pushup,True,False,Calisthenics-Cardio-Plyo-Functional,False,True,True,2,1,NO_EQUIPMENT_ID;NO_MUSCLES;NO_PRIMARY_MUSCLES;SHARED_SUMMARY
ea_plank_reach_through,Plank Reach Through,Планка с проносом руки,,None (Bodyweight),3,1,beginner,10,False,False,4,2,elbow|wrist,exercises/men/Abdominals/plank reach through.mp4,,assets/posters/men/ea_plank_reach_through.jpg,,pushup,True,False,Abdominals,False,True,True,1,1,NO_EQUIPMENT_ID;NO_PURPOSE;NO_FEMALE_CLIP
ea_plank_reverse_fly_with_bottle,Plank Reverse Fly with Bottle,Обратные разведения в планке с бутылкой,,None (Bodyweight),3,1,beginner,10,False,False,4,4,elbow|shoulder|upper_back|wrist,exercises/men/Shoulders/plank reverse fly with bottle.mp4,,assets/posters/men/ea_plank_reverse_fly_with_bottle.jpg,,pushup,True,False,Shoulders,False,True,True,1,1,NO_EQUIPMENT_ID;NO_PURPOSE;NO_FEMALE_CLIP
ea_plank_shoulder_taps,Plank Shoulder Taps,Касания плеч в планке,,None (Bodyweight),3,1,beginner,10,False,False,4,2,elbow|wrist,exercises/men/Calisthenics-Cardio-Plyo-Functional/plank shoulder taps.mp4,,assets/posters/men/ea_plank_shoulder_taps.jpg,,pushup,True,False,Calisthenics-Cardio-Plyo-Functional,False,True,True,3,1,NO_EQUIPMENT_ID;NO_PURPOSE;NO_FEMALE_CLIP;SHARED_SUMMARY
ea_plate_alternating_deadstop_row,Plate Alternating Deadstop Row,Попеременная тяга диска с полной остановкой,weight_plates,Weight Plate,1,0,beginner,10,True,True,5,1,upper_back,exercises/men/Back/Plate Alternating Deadstop Row.mp4,exercises/girl/Back/Plate Alternating Deadstop Row.mp4,assets/posters/men/ea_plate_alternating_deadstop_row.jpg,assets/posters/girl/ea_plate_alternating_deadstop_row.jpg,,False,False,Back,False,True,True,1,1,NO_PRIMARY_MUSCLES
ea_plate_car_driver,Plate Car Driver,Вращение диска как руля,weight_plates,Weight Plate,1,0,beginner,10,True,True,5,0,,exercises/men/Shoulders/Plate Car Driver.mp4,exercises/girl/Shoulders/Plate Car Driver.mp4,assets/posters/men/ea_plate_car_driver.jpg,assets/posters/girl/ea_plate_car_driver.jpg,,False,False,Shoulders,False,True,True,1,1,NO_CONTRAINDICATION_TAGS;NO_PRIMARY_MUSCLES
ea_plate_clean,Plate Clean,Взятие диска на грудь,weight_plates,Weight Plate,0,0,beginner,10,True,True,5,2,lower_back|wrist,exercises/men/Powerlifting/Plate Clean.mp4,exercises/girl/Powerlifting/Plate Clean.mp4,assets/posters/men/ea_plate_clean.jpg,assets/posters/girl/ea_plate_clean.jpg,,False,False,Powerlifting,False,True,True,1,1,NO_MUSCLES;NO_PRIMARY_MUSCLES
ea_plate_clean_and_press,Plate Clean and Press,Взятие диска на грудь и жим,weight_plates,Weight Plate,0,0,beginner,10,True,True,5,4,knee|lower_back|shoulder|wrist,exercises/men/Powerlifting/Plate Clean And Press.mp4,exercises/girl/Powerlifting/Plate Clean And Press.mp4,assets/posters/men/ea_plate_clean_and_press.jpg,assets/posters/girl/ea_plate_clean_and_press.jpg,,False,False,Powerlifting,False,True,True,1,1,NO_MUSCLES;NO_PRIMARY_MUSCLES
ea_plate_curl_to_overhead_press,Plate Curl to Overhead Press,Сгибание на бицепс с диском и жим над головой,weight_plates,Weight Plate,1,0,beginner,10,True,True,5,2,elbow|shoulder,exercises/men/Biceps/Plate Curl To Overhead Press.mp4,exercises/girl/Biceps/Plate Curl To Overhead Press.mp4,assets/posters/men/ea_plate_curl_to_overhead_press.jpg,assets/posters/girl/ea_plate_curl_to_overhead_press.jpg,,False,False,Biceps,False,True,True,1,1,NO_PRIMARY_MUSCLES
ea_plate_curl_to_overhead_press_to_tricep_extension,Plate Curl to Overhead Press to Tricep Extension,"Сгибание на бицепс с диском, жим над головой и разгибание на трицепс",weight_plates,Weight Plate,1,0,beginner,10,True,True,5,2,elbow|shoulder,exercises/men/Triceps/Plate Curl To Overhead Press To Tricep Extension.mp4,exercises/girl/Triceps/Plate Curl To Overhead Press To Tricep Extension.mp4,assets/posters/men/ea_plate_curl_to_overhead_press_to_tricep_extension.jpg,assets/posters/girl/ea_plate_curl_to_overhead_press_to_tricep_extension.jpg,,False,False,Triceps,False,True,True,1,1,NO_PRIMARY_MUSCLES
ea_plate_curtsy_lunge,Plate Curtsy Lunge,Реверанс-выпад с диском,weight_plates,Weight Plate,1,0,beginner,10,True,True,5,2,hip|knee,exercises/men/Legs/Plate Curtsy Lunge.mp4,exercises/girl/Legs/Plate Curtsy Lunge.mp4,assets/posters/men/ea_plate_curtsy_lunge.jpg,assets/posters/girl/ea_plate_curtsy_lunge.jpg,lunge,True,False,Legs,False,True,True,1,1,NO_PRIMARY_MUSCLES
ea_plate_deadlift,Plate Deadlift,Становая тяга с диском,weight_plates,Weight Plate,1,0,beginner,10,True,True,5,2,hip|lower_back,exercises/men/Legs/Plate Deadlift.mp4,exercises/girl/Legs/Plate Deadlift.mp4,assets/posters/men/ea_plate_deadlift.jpg,assets/posters/girl/ea_plate_deadlift.jpg,hinge,True,False,Legs,False,True,True,1,1,NO_PRIMARY_MUSCLES
ea_plate_deficit_lunge,Plate Deficit Lunge,Выпад с диском с увеличенной амплитудой,weight_plates,Weight Plate,1,0,beginner,10,True,True,5,2,hip|knee,exercises/men/Legs/Plate Deficit Lunge.mp4,exercises/girl/Legs/Plate Deficit Lunge.mp4,assets/posters/men/ea_plate_deficit_lunge.jpg,assets/posters/girl/ea_plate_deficit_lunge.jpg,lunge,True,False,Legs,False,True,True,1,1,NO_PRIMARY_MUSCLES
ea_plate_deficit_pushup,Plate Deficit Pushup,Отжимания с диском с увеличенной амплитудой,weight_plates,Weight Plate,1,0,beginner,10,True,True,5,0,,exercises/men/Chest/Plate Deficit Pushup.mp4,exercises/girl/Chest/Plate Deficit Pushup.mp4,assets/posters/men/ea_plate_deficit_pushup.jpg,assets/posters/girl/ea_plate_deficit_pushup.jpg,pushup,True,False,Chest,False,True,True,1,1,NO_CONTRAINDICATION_TAGS;NO_PRIMARY_MUSCLES
ea_plate_forward_lunge,Plate Forward Lunge,Выпад вперёд с диском,weight_plates,Weight Plate,1,0,beginner,10,True,True,5,2,hip|knee,exercises/men/Legs/Plate Forward Lunge.mp4,exercises/girl/Legs/Plate Forward Lunge.mp4,assets/posters/men/ea_plate_forward_lunge.jpg,assets/posters/girl/ea_plate_forward_lunge.jpg,lunge,True,False,Legs,False,True,True,1,1,NO_PRIMARY_MUSCLES
ea_plate_front_raise,Plate Front Raise,Подъём диска перед собой,weight_plates,Weight plates,2,1,beginner,10,False,False,4,1,shoulder,exercises/men/Shoulders/plate front raise.mp4,,assets/posters/men/ea_plate_front_raise.jpg,,,False,False,Shoulders,False,True,True,1,1,NO_PURPOSE;NO_FEMALE_CLIP
ea_plate_full_front_raise,Plate Full Front Raise,Полный подъём диска перед собой,weight_plates,Weight Plate,1,0,beginner,10,True,True,5,1,shoulder,exercises/men/Shoulders/Plate Full Front Raise.mp4,exercises/girl/Shoulders/Plate Full Front Raise.mp4,assets/posters/men/ea_plate_full_front_raise.jpg,assets/posters/girl/ea_plate_full_front_raise.jpg,,False,False,Shoulders,False,True,True,1,1,NO_PRIMARY_MUSCLES
ea_plate_glute_bridge_to_chest_press,Plate Glute Bridge to Chest Press,Ягодичный мост с диском и жим от груди,weight_plates,Weight Plate,1,0,beginner,10,True,True,5,2,hip|shoulder,exercises/men/Chest/Plate Glute Bridge to Chest Press.mp4,exercises/girl/Chest/Plate Glute Bridge to Chest Press.mp4,assets/posters/men/ea_plate_glute_bridge_to_chest_press.jpg,assets/posters/girl/ea_plate_glute_bridge_to_chest_press.jpg,hinge,True,False,Chest,False,True,True,1,1,NO_PRIMARY_MUSCLES
ea_plate_glute_bridge_to_pullover,Plate Glute Bridge to Pullover,Ягодичный мост с диском и пуловер,weight_plates,Weight Plate,1,0,beginner,10,True,True,5,2,hip|shoulder,exercises/men/Back/Plate Glute Bridge to Pullover.mp4,exercises/girl/Back/Plate Glute Bridge to Pullover.mp4,assets/posters/men/ea_plate_glute_bridge_to_pullover.jpg,assets/posters/girl/ea_plate_glute_bridge_to_pullover.jpg,hinge,True,False,Back,False,True,True,1,1,NO_PRIMARY_MUSCLES
ea_plate_good_morning,Plate Good Morning,Наклоны «Доброе утро» с диском,weight_plates,Weight Plate,1,0,beginner,10,True,True,5,3,hip|lower_back|upper_back,exercises/men/Back/Plate Good Morning.mp4,exercises/girl/Back/Plate Good Morning.mp4,assets/posters/men/ea_plate_good_morning.jpg,assets/posters/girl/ea_plate_good_morning.jpg,hinge,True,False,Back,False,True,True,1,1,NO_PRIMARY_MUSCLES
ea_plate_good_morning_anterior,Plate Good Morning Anterior,Наклоны «Доброе утро» с диском (передний вариант),weight_plates,Weight Plate,1,0,beginner,10,True,True,5,3,hip|lower_back|upper_back,exercises/men/Legs/Plate Good Morning Anterior.mp4,exercises/girl/Legs/Plate Good Morning Anterior.mp4,assets/posters/men/ea_plate_good_morning_anterior.jpg,assets/posters/girl/ea_plate_good_morning_anterior.jpg,hinge,True,False,Legs,False,True,True,1,1,NO_PRIMARY_MUSCLES
ea_plate_halo,Plate Halo,Окружность с диском над головой,weight_plates,Weight Plate,1,0,beginner,10,True,True,5,0,,exercises/men/Shoulders/Plate Halo.mp4,exercises/girl/Shoulders/Plate Halo.mp4,assets/posters/men/ea_plate_halo.jpg,assets/posters/girl/ea_plate_halo.jpg,,False,False,Shoulders,False,True,True,1,1,NO_CONTRAINDICATION_TAGS;NO_PRIMARY_MUSCLES
ea_plate_hollow_hold,Plate Hollow Hold,Удержание в положении «лодочка» с диском,weight_plates,Weight Plate,1,0,beginner,10,True,True,5,0,,exercises/men/Abdominals/Plate Hollow Hold.mp4,exercises/girl/Abdominals/Plate Hollow Hold.mp4,assets/posters/men/ea_plate_hollow_hold.jpg,assets/posters/girl/ea_plate_hollow_hold.jpg,situp,True,False,Abdominals,False,True,True,1,1,NO_CONTRAINDICATION_TAGS;NO_PRIMARY_MUSCLES
ea_plate_internally_rotated_rear_delt_fly,Plate Internally Rotated Rear Delt Fly,Разведение рук с диском для задних дельт с внутренней ротацией,weight_plates,Weight Plate,1,0,beginner,10,True,True,5,2,shoulder|upper_back,exercises/men/Shoulders/Plate Internally Rotated Rear Delt Fly.mp4,exercises/girl/Shoulders/Plate Internally Rotated Rear Delt Fly.mp4,assets/posters/men/ea_plate_internally_rotated_rear_delt_fly.jpg,assets/posters/girl/ea_plate_internally_rotated_rear_delt_fly.jpg,,False,False,Shoulders,False,True,True,1,1,NO_PRIMARY_MUSCLES
ea_plate_lateral_lunge,Plate Lateral Lunge,Боковой выпад с блином,weight_plates,Weight Plate,1,0,beginner,10,True,True,5,2,hip|knee,exercises/men/Legs/Plate Lateral Lunge.mp4,exercises/girl/Legs/Plate Lateral Lunge.mp4,assets/posters/men/ea_plate_lateral_lunge.jpg,assets/posters/girl/ea_plate_lateral_lunge.jpg,lunge,True,False,Legs,False,True,True,1,1,NO_PRIMARY_MUSCLES
ea_plate_lateral_raise,Plate Lateral Raise,Подъём блина в стороны,weight_plates,Weight Plate,1,0,beginner,10,True,True,5,1,shoulder,exercises/men/Shoulders/Plate Lateral Raise.mp4,exercises/girl/Shoulders/Plate Lateral Raise.mp4,assets/posters/men/ea_plate_lateral_raise.jpg,assets/posters/girl/ea_plate_lateral_raise.jpg,,False,False,Shoulders,False,True,True,1,1,NO_PRIMARY_MUSCLES
ea_plate_overhead_carry,Plate Overhead Carry,Прогулка с блином над головой,weight_plates,Weight Plate,0,0,beginner,10,True,True,5,1,shoulder,exercises/men/Calisthenics-Cardio-Plyo-Functional/Plate Overhead Carry.mp4,exercises/girl/Calisthenics-Cardio-Plyo-Functional/Plate Overhead Carry.mp4,assets/posters/men/ea_plate_overhead_carry.jpg,assets/posters/girl/ea_plate_overhead_carry.jpg,,False,False,Calisthenics-Cardio-Plyo-Functional,False,True,True,1,1,NO_MUSCLES;NO_PRIMARY_MUSCLES
ea_plate_overhead_press_to_tricep_extension,Plate Overhead Press to Tricep Extension,Жим блина над головой с разгибанием на трицепс,weight_plates,Weight Plate,1,0,beginner,10,True,True,5,2,elbow|shoulder,exercises/men/Shoulders/Plate Overhead Press To Tricep Extension.mp4,exercises/girl/Shoulders/Plate Overhead Press To Tricep Extension.mp4,assets/posters/men/ea_plate_overhead_press_to_tricep_extension.jpg,assets/posters/girl/ea_plate_overhead_press_to_tricep_extension.jpg,overhead_press,True,False,Shoulders,False,True,True,1,1,NO_PRIMARY_MUSCLES
ea_plate_overhead_shrug,Plate Overhead Shrug,Шраги с блином над головой,weight_plates,Weight Plate,1,0,beginner,10,True,True,5,4,lower_back|neck|shoulder|upper_back,exercises/men/Shoulders/Plate Overhead Shrug.mp4,exercises/girl/Shoulders/Plate Overhead Shrug.mp4,assets/posters/men/ea_plate_overhead_shrug.jpg,assets/posters/girl/ea_plate_overhead_shrug.jpg,,False,False,Shoulders,False,True,True,1,1,NO_PRIMARY_MUSCLES
ea_plate_overhead_tricep_extension,Plate Overhead Tricep Extension,Разгибание блина на трицепс над головой,weight_plates,Weight Plate,1,0,beginner,10,True,True,5,2,elbow|shoulder,exercises/men/Triceps/Plate Overhead Tricep Extension.mp4,exercises/girl/Triceps/Plate Overhead Tricep Extension.mp4,assets/posters/men/ea_plate_overhead_tricep_extension.jpg,assets/posters/girl/ea_plate_overhead_tricep_extension.jpg,,False,False,Triceps,False,True,True,1,1,NO_PRIMARY_MUSCLES
ea_plate_overhead_walking_lunge,Plate Overhead Walking Lunge,Шагающие выпады с блином над головой,weight_plates,Weight Plate,1,0,beginner,10,True,True,5,3,hip|knee|shoulder,exercises/men/Legs/Plate Overhead Walking Lunge.mp4,exercises/girl/Legs/Plate Overhead Walking Lunge.mp4,assets/posters/men/ea_plate_overhead_walking_lunge.jpg,assets/posters/girl/ea_plate_overhead_walking_lunge.jpg,lunge,True,False,Legs,False,True,True,1,1,NO_PRIMARY_MUSCLES
ea_plate_pinch_grip_deadlift,Plate Pinch Grip Deadlift,Становая тяга блина щипковым хватом,weight_plates,Weight Plate,1,0,beginner,10,True,True,5,2,hip|lower_back,exercises/men/Back/Plate Pinch Grip Deadlift.mp4,exercises/girl/Back/Plate Pinch Grip Deadlift.mp4,assets/posters/men/ea_plate_pinch_grip_deadlift.jpg,assets/posters/girl/ea_plate_pinch_grip_deadlift.jpg,hinge,True,False,Back,False,True,True,1,1,NO_PRIMARY_MUSCLES
ea_plate_pinch_grip_row,Plate Pinch Grip Row,Тяга блина щипковым хватом,weight_plates,Weight Plate,1,0,beginner,10,True,True,5,1,upper_back,exercises/men/Back/Plate Pinch Grip Row.mp4,exercises/girl/Back/Plate Pinch Grip Row.mp4,assets/posters/men/ea_plate_pinch_grip_row.jpg,assets/posters/girl/ea_plate_pinch_grip_row.jpg,,False,False,Back,False,True,True,1,1,NO_PRIMARY_MUSCLES
ea_plate_pinch_grip_side_bend,Plate Pinch Grip Side Bend,Наклоны в стороны с блином щипковым хватом,weight_plates,Weight Plate,1,0,beginner,10,True,True,5,0,,exercises/men/Abdominals/Plate Pinch Grip Side Bend.mp4,exercises/girl/Abdominals/Plate Pinch Grip Side Bend.mp4,assets/posters/men/ea_plate_pinch_grip_side_bend.jpg,assets/posters/girl/ea_plate_pinch_grip_side_bend.jpg,,False,False,Abdominals,False,True,True,1,1,NO_CONTRAINDICATION_TAGS;NO_PRIMARY_MUSCLES
ea_plate_press,Plate Press,Жим блина,bench_press,Weight Plate,1,0,beginner,10,True,True,5,1,shoulder,exercises/men/Chest/Plate Press.mp4,exercises/girl/Chest/Plate Press.mp4,assets/posters/men/ea_plate_press.jpg,assets/posters/girl/ea_plate_press.jpg,,False,False,Chest,False,True,True,1,1,NO_PRIMARY_MUSCLES
ea_plate_reach,Plate Reach,Вытягивание блина,weight_plates,Weight Plate,1,0,beginner,10,True,True,5,0,,exercises/men/Shoulders/Plate Reach.mp4,exercises/girl/Shoulders/Plate Reach.mp4,assets/posters/men/ea_plate_reach.jpg,assets/posters/girl/ea_plate_reach.jpg,,False,False,Shoulders,False,True,True,1,1,NO_CONTRAINDICATION_TAGS;NO_PRIMARY_MUSCLES
ea_plate_rear_delt_fly,Plate Rear Delt Fly,Разведение блина на задние дельты,weight_plates,Weight Plate,1,0,beginner,10,True,True,5,2,shoulder|upper_back,exercises/men/Shoulders/Plate Rear Delt Fly.mp4,exercises/girl/Shoulders/Plate Rear Delt Fly.mp4,assets/posters/men/ea_plate_rear_delt_fly.jpg,assets/posters/girl/ea_plate_rear_delt_fly.jpg,,False,False,Shoulders,False,True,True,1,1,NO_PRIMARY_MUSCLES
ea_plate_russian_twist,Plate Russian Twist,Русские скручивания с блином,weight_plates,Weight Plate,1,0,beginner,10,True,True,5,0,,exercises/men/Abdominals/Plate Russian Twist.mp4,exercises/girl/Abdominals/Plate Russian Twist.mp4,assets/posters/men/ea_plate_russian_twist.jpg,assets/posters/girl/ea_plate_russian_twist.jpg,,False,False,Abdominals,False,True,True,1,1,NO_CONTRAINDICATION_TAGS;NO_PRIMARY_MUSCLES
ea_plate_single_leg_deadlift,Plate Single Leg Deadlift,Становая тяга на одной ноге с блином,weight_plates,Weight Plate,1,0,beginner,10,True,True,5,2,hip|lower_back,exercises/men/Legs/Plate Single Leg Deadlift.mp4,exercises/girl/Legs/Plate Single Leg Deadlift.mp4,assets/posters/men/ea_plate_single_leg_deadlift.jpg,assets/posters/girl/ea_plate_single_leg_deadlift.jpg,hinge,True,False,Legs,False,True,True,1,1,NO_PRIMARY_MUSCLES
ea_plate_single_leg_pinch_grip_deadlift,Plate Single Leg Pinch Grip Deadlift,Становая тяга на одной ноге с блином щипковым хватом,weight_plates,Weight Plate,1,0,beginner,10,True,True,5,2,hip|lower_back,exercises/men/Legs/Plate Single Leg Pinch Grip Deadlift.mp4,exercises/girl/Legs/Plate Single Leg Pinch Grip Deadlift.mp4,assets/posters/men/ea_plate_single_leg_pinch_grip_deadlift.jpg,assets/posters/girl/ea_plate_single_leg_pinch_grip_deadlift.jpg,hinge,True,False,Legs,False,True,True,1,1,NO_PRIMARY_MUSCLES
ea_plate_situp,Plate Situp,Подъёмы корпуса с блином,weight_plates,Weight Plate,1,0,beginner,10,True,True,5,0,,exercises/men/Abdominals/Plate Situp.mp4,exercises/girl/Abdominals/Plate Situp.mp4,assets/posters/men/ea_plate_situp.jpg,assets/posters/girl/ea_plate_situp.jpg,situp,True,False,Abdominals,False,True,True,1,1,NO_CONTRAINDICATION_TAGS;NO_PRIMARY_MUSCLES
ea_plate_squat_hold,Plate Squat Hold,Удержание блина в приседе,weight_plates,Weight Plate,1,0,beginner,10,True,True,5,3,ankle|hip|knee,exercises/men/Legs/Plate Squat Hold.mp4,exercises/girl/Legs/Plate Squat Hold.mp4,assets/posters/men/ea_plate_squat_hold.jpg,assets/posters/girl/ea_plate_squat_hold.jpg,,False,False,Legs,False,True,True,1,1,NO_PRIMARY_MUSCLES
ea_plate_squat_hold_biceps_curl,Plate Squat Hold Biceps Curl,Сгибание блина на бицепс в приседе,weight_plates,Weight Plate,1,0,beginner,10,True,True,5,3,ankle|hip|knee,exercises/men/Legs/Plate Squat Hold Biceps Curl.mp4,exercises/girl/Legs/Plate Squat Hold Biceps Curl.mp4,assets/posters/men/ea_plate_squat_hold_biceps_curl.jpg,assets/posters/girl/ea_plate_squat_hold_biceps_curl.jpg,curl,True,False,Legs,False,True,True,2,1,NO_PRIMARY_MUSCLES;SHARED_SUMMARY
ea_plate_squat_hold_reach,Plate Squat Hold Reach,Вытягивание блина в приседе,weight_plates,Weight Plate,1,0,beginner,10,True,True,5,3,ankle|hip|knee,exercises/men/Legs/Plate Squat Hold Reach.mp4,exercises/girl/Legs/Plate Squat Hold Reach.mp4,assets/posters/men/ea_plate_squat_hold_reach.jpg,assets/posters/girl/ea_plate_squat_hold_reach.jpg,,False,False,Legs,False,True,True,2,1,NO_PRIMARY_MUSCLES;SHARED_SUMMARY
ea_plate_squat_reach,Plate Squat Reach,Присед с блином и вытягиванием,weight_plates,Weight Plate,1,0,beginner,10,True,True,5,3,ankle|hip|knee,exercises/men/Legs/Plate Squat Reach.mp4,exercises/girl/Legs/Plate Squat Reach.mp4,assets/posters/men/ea_plate_squat_reach.jpg,assets/posters/girl/ea_plate_squat_reach.jpg,,False,False,Legs,False,True,True,1,1,NO_PRIMARY_MUSCLES
ea_plate_staggered_deadlift,Plate Staggered Deadlift,Становая тяга с блином в разножке,weight_plates,Weight Plate,1,0,beginner,10,True,True,5,2,hip|lower_back,exercises/men/Legs/Plate Staggered Deadlift.mp4,exercises/girl/Legs/Plate Staggered Deadlift.mp4,assets/posters/men/ea_plate_staggered_deadlift.jpg,assets/posters/girl/ea_plate_staggered_deadlift.jpg,hinge,True,False,Legs,False,True,True,1,1,NO_PRIMARY_MUSCLES
ea_plate_staggered_pinch_grip_deadlift,Plate Staggered Pinch Grip Deadlift,Становая тяга с блином в разножке щипковым хватом,weight_plates,Weight Plate,1,0,beginner,10,True,True,5,2,hip|lower_back,exercises/men/Legs/Plate Staggered Pinch Grip Deadlift.mp4,exercises/girl/Legs/Plate Staggered Pinch Grip Deadlift.mp4,assets/posters/men/ea_plate_staggered_pinch_grip_deadlift.jpg,assets/posters/girl/ea_plate_staggered_pinch_grip_deadlift.jpg,hinge,True,False,Legs,False,True,True,1,1,NO_PRIMARY_MUSCLES
ea_plate_standing_twist,Plate Standing Twist,Повороты корпуса стоя с блином,weight_plates,Weight Plate,1,0,beginner,10,True,True,5,0,,exercises/men/Abdominals/Plate Standing Twist.mp4,exercises/girl/Abdominals/Plate Standing Twist.mp4,assets/posters/men/ea_plate_standing_twist.jpg,assets/posters/girl/ea_plate_standing_twist.jpg,,False,False,Abdominals,False,True,True,1,1,NO_CONTRAINDICATION_TAGS;NO_PRIMARY_MUSCLES
ea_plate_thruster,Plate Thruster,Трастер с блином,weight_plates,Weight Plate,0,0,beginner,10,True,True,5,0,,exercises/men/Powerlifting/Plate Thruster.mp4,exercises/girl/Powerlifting/Plate Thruster.mp4,assets/posters/men/ea_plate_thruster.jpg,assets/posters/girl/ea_plate_thruster.jpg,,False,False,Powerlifting,False,True,True,1,1,NO_CONTRAINDICATION_TAGS;NO_MUSCLES;NO_PRIMARY_MUSCLES
ea_plate_wood_chopper,Plate Wood Chopper,Дровосек с блином,weight_plates,Weight Plate,1,0,beginner,10,True,True,5,0,,exercises/men/Abdominals/Plate Wood Chopper.mp4,exercises/girl/Abdominals/Plate Wood Chopper.mp4,assets/posters/men/ea_plate_wood_chopper.jpg,assets/posters/girl/ea_plate_wood_chopper.jpg,,False,False,Abdominals,False,True,True,1,1,NO_CONTRAINDICATION_TAGS;NO_PRIMARY_MUSCLES
ea_plyo_side_lunge_stretch,Plyo Side Lunge Stretch,Плиометрическая боковая растяжка с выпадами,,None (Bodyweight),5,3,beginner,10,False,False,4,3,ankle|hip|knee,exercises/men/Stretching - Mobility/plyo side lunge stretch.mp4,,assets/posters/men/ea_plyo_side_lunge_stretch.jpg,,lunge,True,True,Stretching - Mobility,False,True,True,1,1,NO_EQUIPMENT_ID;NO_PURPOSE;NO_FEMALE_CLIP
ea_preacher_curl_dumbbells_simultaneous,Preacher Curl Dumbbells Simultaneous,Сгибание на бицепс с гантелями одновременно на скамье Скотта,preacher_curl_bench,Dumbbells,2,1,beginner,10,False,False,4,1,elbow,exercises/men/Biceps/preacher curl dumbbells simultaneous.mp4,,assets/posters/men/ea_preacher_curl_dumbbells_simultaneous.jpg,,curl,True,False,Biceps,False,True,True,1,1,NO_PURPOSE;NO_FEMALE_CLIP
ea_preacher_curl_ez_bar,Preacher Curl Ez Bar,Сгибание на бицепс с EZ-грифом на скамье Скотта,preacher_curl_bench,Ez Bar,2,1,beginner,10,False,False,4,1,elbow,exercises/men/Biceps/preacher curl ez bar.mp4,,assets/posters/men/ea_preacher_curl_ez_bar.jpg,,curl,True,False,Biceps,False,True,True,1,1,NO_PURPOSE;NO_FEMALE_CLIP
ea_preacher_curl_ez_bar_close_grip,Preacher Curl Ez Bar Close Grip,Сгибание на бицепс с EZ-грифом узким хватом на скамье Скотта,preacher_curl_bench,Ez Bar,2,1,beginner,10,False,False,4,1,elbow,exercises/men/Biceps/preacher curl ez bar close grip.mp4,,assets/posters/men/ea_preacher_curl_ez_bar_close_grip.jpg,,curl,True,False,Biceps,False,True,True,1,1,NO_PURPOSE;NO_FEMALE_CLIP
ea_preacher_curl_ez_bar_wide_grip,Preacher Curl Ez Bar Wide Grip,Сгибание на бицепс с EZ-грифом широким хватом на скамье Скотта,preacher_curl_bench,Ez Bar,2,1,beginner,10,False,False,4,1,elbow,exercises/men/Biceps/preacher curl ez bar wide grip.mp4,,assets/posters/men/ea_preacher_curl_ez_bar_wide_grip.jpg,,curl,True,False,Biceps,False,True,True,1,1,NO_PURPOSE;NO_FEMALE_CLIP
ea_pretzel_stretch,Pretzel Stretch,Растяжка «Крендель»,,Yoga Mat,4,3,beginner,10,False,False,4,1,lower_back,exercises/men/Stretching - Mobility/pretzel stretch.mp4,,assets/posters/men/ea_pretzel_stretch.jpg,,,False,True,Stretching - Mobility,False,True,True,5,1,NO_EQUIPMENT_ID;NO_PURPOSE;NO_FEMALE_CLIP;SHARED_SUMMARY
ea_prone_bench_row_barbell_pronate_grip,Prone Bench Row Barbell Pronate Grip,Тяга штанги лёжа на наклонной скамье пронированным хватом,bench_press,Barbell,3,1,beginner,10,False,False,4,1,upper_back,exercises/men/Back/prone bench row barbell pronate grip.mp4,,assets/posters/men/ea_prone_bench_row_barbell_pronate_grip.jpg,,,False,False,Back,False,True,True,1,1,NO_PURPOSE;NO_FEMALE_CLIP
ea_prone_bench_row_barbell_reverse_grip,Prone Bench Row Barbell Reverse Grip,Тяга штанги лёжа на наклонной скамье обратным хватом,bench_press,Barbell,3,1,beginner,10,False,False,4,1,upper_back,exercises/men/Back/Prone bench row barbell reverse grip.mp4,,assets/posters/men/ea_prone_bench_row_barbell_reverse_grip.jpg,,,False,False,Back,False,True,True,1,1,NO_PURPOSE;NO_FEMALE_CLIP
ea_prone_bench_row_dumbbells,Prone Bench Row Dumbbells,Тяга гантелей лёжа на наклонной скамье,bench_press,Dumbbells,3,1,beginner,10,False,False,4,1,upper_back,exercises/men/Back/prone bench row dumbbells.mp4,,assets/posters/men/ea_prone_bench_row_dumbbells.jpg,,,False,False,Back,False,True,True,1,1,NO_PURPOSE;NO_FEMALE_CLIP
ea_prone_bench_row_dumbbells_pronated_grip,Prone Bench Row Dumbbells Pronated Grip,Тяга гантелей лёжа на наклонной скамье пронированным хватом,bench_press,Dumbbells,3,1,beginner,10,False,False,4,1,upper_back,exercises/men/Back/prone bench row dumbbells pronated grip.mp4,,assets/posters/men/ea_prone_bench_row_dumbbells_pronated_grip.jpg,,,False,False,Back,False,True,True,1,1,NO_PURPOSE;NO_FEMALE_CLIP
ea_prone_bench_row_dumbbells_supinated_grip,Prone Bench Row Dumbbells Supinated Grip,Тяга гантелей лёжа на наклонной скамье супинированным хватом,bench_press,Dumbbells,3,1,beginner,10,False,False,4,1,upper_back,exercises/men/Back/prone bench row dumbbells supinated grip.mp4,,assets/posters/men/ea_prone_bench_row_dumbbells_supinated_grip.jpg,,,False,False,Back,False,True,True,1,1,NO_PURPOSE;NO_FEMALE_CLIP
ea_prone_front_raises_barbell_on_bench,Prone Front Raises Barbell on Bench,Подъёмы штанги перед собой лёжа на скамье,bench_press,Barbell,2,1,beginner,10,False,False,3,1,shoulder,exercises/men/Shoulders/prone front raises barbell on bench.mp4,,assets/posters/men/ea_prone_front_raises_barbell_on_bench.jpg,,,False,False,Shoulders,False,True,True,1,1,NO_PURPOSE;NO_FEMALE_CLIP
ea_prone_front_raises_dumbbell_on_bench,Prone Front Raises Dumbbell on Bench,Подъёмы гантелей перед собой лёжа на скамье,bench_press,Dumbbells,2,1,beginner,10,False,False,4,1,shoulder,exercises/men/Shoulders/prone front raises dumbbell on bench.mp4,,assets/posters/men/ea_prone_front_raises_dumbbell_on_bench.jpg,,,False,False,Shoulders,False,True,True,1,1,NO_PURPOSE;NO_FEMALE_CLIP
ea_pull_apart_cable_resistance_band,Pull Apart Cable Resistance Band,Разведение рук с резиновой лентой,resistance_bands,Resistance Band,3,2,beginner,10,False,False,4,1,upper_back,exercises/men/Shoulders/pull apart cable resistance band.mp4,,assets/posters/men/ea_pull_apart_cable_resistance_band.jpg,,,False,False,Shoulders,False,True,True,1,1,NO_PURPOSE;NO_FEMALE_CLIP
ea_pull_sled_or_dog_sled_push,Pull Sled or Dog Sled Push,Тяга саней или толкание саней,weight_plates,Sled,0,0,beginner,10,True,True,5,0,,exercises/men/Calisthenics-Cardio-Plyo-Functional/Pull Sled or Dog Sled Push.mp4,exercises/girl/Calisthenics-Cardio-Plyo-Functional/Pull Sled or Dog Sled Push.mp4,assets/posters/men/ea_pull_sled_or_dog_sled_push.jpg,assets/posters/girl/ea_pull_sled_or_dog_sled_push.jpg,,False,False,Calisthenics-Cardio-Plyo-Functional,False,True,True,1,1,NO_CONTRAINDICATION_TAGS;NO_MUSCLES;NO_PRIMARY_MUSCLES
ea_pull_up_normal_grip,Pull Up Normal Grip,Подтягивание обычным хватом,pullup_bar,Pull Up Bar,4,2,beginner,10,False,False,4,2,elbow|shoulder,exercises/men/Back/pull up normal grip.mp4,,assets/posters/men/ea_pull_up_normal_grip.jpg,,,False,False,Back,False,True,True,1,1,NO_PURPOSE;NO_FEMALE_CLIP
ea_pull_up_wide_grip,Pull Up Wide Grip,Подтягивание широким хватом,pullup_bar,Pull Up Bar,4,2,beginner,10,False,False,4,2,elbow|shoulder,exercises/men/Back/pull up wide grip.mp4,,assets/posters/men/ea_pull_up_wide_grip.jpg,,,False,False,Back,False,True,True,2,2,NO_PURPOSE;NO_FEMALE_CLIP;SHARED_SUMMARY;SHARED_STEPS
ea_pull_up_wide_grip_front_view,Pull Up Wide Grip Front View,Подтягивание широким хватом (вид спереди),pullup_bar,Pull Up Bar,4,2,beginner,10,False,False,4,2,elbow|shoulder,exercises/men/Back/pull up wide grip front view.mp4,,assets/posters/men/ea_pull_up_wide_grip_front_view.jpg,,,False,False,Back,False,True,True,2,2,NO_PURPOSE;NO_FEMALE_CLIP;SHARED_SUMMARY;SHARED_STEPS
ea_puppy_pose,Puppy Pose,Поза щенка,,None (Bodyweight),0,0,beginner,10,True,True,5,0,,exercises/men/Yoga/Puppy Pose.mp4,exercises/girl/Yoga/Puppy Pose.mp4,assets/posters/men/ea_puppy_pose.jpg,assets/posters/girl/ea_puppy_pose.jpg,,False,True,Yoga,False,True,True,1,1,NO_EQUIPMENT_ID;NO_CONTRAINDICATION_TAGS;NO_MUSCLES;NO_PRIMARY_MUSCLES
ea_push_pull_chair_over_head_pull,Push Pull Chair Over Head Pull,Тяга стула над головой,lat_pulldown,Machine,1,0,beginner,10,True,True,5,0,,exercises/men/Back/Push Pull Chair Over Head Pull.mp4,exercises/girl/Back/Push Pull Chair Over Head Pull.mp4,assets/posters/men/ea_push_pull_chair_over_head_pull.jpg,assets/posters/girl/ea_push_pull_chair_over_head_pull.jpg,,False,False,Back,False,True,True,1,1,NO_CONTRAINDICATION_TAGS;NO_PRIMARY_MUSCLES
ea_push_pull_front_handle_push,Push Pull Front Handle Push,Толкание передней рукоятки,chest_press_machine,Machine,1,0,beginner,10,True,True,5,0,,exercises/men/Chest/Push Pull Front Handle Push.mp4,exercises/girl/Chest/Push Pull Front Handle Push.mp4,assets/posters/men/ea_push_pull_front_handle_push.jpg,assets/posters/girl/ea_push_pull_front_handle_push.jpg,,False,False,Chest,False,True,True,1,1,NO_CONTRAINDICATION_TAGS;NO_PRIMARY_MUSCLES
ea_push_up_and_rotation,Push Up and Rotation,Отжимание с поворотом,,None,5,2,beginner,10,False,False,4,3,elbow|shoulder|wrist,exercises/men/Chest/push up and rotation.mp4,,assets/posters/men/ea_push_up_and_rotation.jpg,,pushup,True,False,Chest,False,True,True,1,1,NO_EQUIPMENT_ID;NO_PURPOSE;NO_FEMALE_CLIP
ea_push_up_plus,Push Up Plus,Отжимание плюс,,None,5,2,beginner,10,False,False,4,3,elbow|shoulder|wrist,exercises/men/Chest/Push up plus.mp4,,assets/posters/men/ea_push_up_plus.jpg,,pushup,True,False,Chest,False,True,True,1,1,NO_EQUIPMENT_ID;NO_PURPOSE;NO_FEMALE_CLIP
ea_push_ups_bodyweight,Push Ups Bodyweight,Отжимания с собственным весом,,None,3,1,beginner,10,False,False,4,3,elbow|shoulder|wrist,exercises/men/Chest/push ups bodyweight.mp4,,assets/posters/men/ea_push_ups_bodyweight.jpg,,pushup,True,False,Chest,False,True,True,2,1,NO_EQUIPMENT_ID;NO_PURPOSE;NO_FEMALE_CLIP;SHARED_SUMMARY
ea_pushup_to_renegade_row,Pushup to Renegade Row,Отжимание с тягой гантели в планке,dumbbell,Dumbbells,0,0,beginner,10,True,True,5,1,upper_back,exercises/men/Calisthenics-Cardio-Plyo-Functional/Pushup to Renegade Row.mp4,exercises/girl/Calisthenics-Cardio-Plyo-Functional/Pushup to Renegade Row.mp4,assets/posters/men/ea_pushup_to_renegade_row.jpg,assets/posters/girl/ea_pushup_to_renegade_row.jpg,pushup,True,False,Calisthenics-Cardio-Plyo-Functional,False,True,True,1,1,NO_MUSCLES;NO_PRIMARY_MUSCLES
ea_pyramid_pose_parsvottanasana,Pyramid Pose - Parsvottanasana,Поза пирамиды - Паршвоттанасана,,None (Bodyweight),0,0,beginner,10,True,True,5,0,,exercises/men/Yoga/Pyramid Pose - Parsvottanasana.mp4,exercises/girl/Yoga/Pyramid Pose - Parsvottanasana.mp4,assets/posters/men/ea_pyramid_pose_parsvottanasana.jpg,assets/posters/girl/ea_pyramid_pose_parsvottanasana.jpg,,False,True,Yoga,False,True,True,1,1,NO_EQUIPMENT_ID;NO_CONTRAINDICATION_TAGS;NO_MUSCLES;NO_PRIMARY_MUSCLES
ea_pyramid_pose_blocks,Pyramid Pose Blocks,Поза пирамиды с блоками,yoga_blocks,Yoga Block,0,0,beginner,10,True,True,5,0,,exercises/men/Yoga/Pyramid Pose Blocks.mp4,exercises/girl/Yoga/Pyramid Pose Blocks.mp4,assets/posters/men/ea_pyramid_pose_blocks.jpg,assets/posters/girl/ea_pyramid_pose_blocks.jpg,,False,True,Yoga,False,True,True,1,1,NO_CONTRAINDICATION_TAGS;NO_MUSCLES;NO_PRIMARY_MUSCLES
ea_pyramid_pose_calf_blocks,Pyramid Pose Calf Blocks,Поза пирамиды с блоками под икры,yoga_blocks,Yoga Block,0,0,beginner,10,True,True,5,1,ankle,exercises/men/Yoga/Pyramid Pose Calf Blocks.mp4,exercises/girl/Yoga/Pyramid Pose Calf Blocks.mp4,assets/posters/men/ea_pyramid_pose_calf_blocks.jpg,assets/posters/girl/ea_pyramid_pose_calf_blocks.jpg,,False,True,Yoga,False,True,True,1,1,NO_MUSCLES;NO_PRIMARY_MUSCLES
ea_pyramid_prayer,Pyramid Prayer,Молитва пирамиды,bench_press,Bench,0,0,beginner,10,True,True,5,0,,exercises/men/Yoga/Pyramid Prayer.mp4,exercises/girl/Yoga/Pyramid Prayer.mp4,assets/posters/men/ea_pyramid_prayer.jpg,assets/posters/girl/ea_pyramid_prayer.jpg,,False,True,Yoga,False,True,True,1,1,NO_CONTRAINDICATION_TAGS;NO_MUSCLES;NO_PRIMARY_MUSCLES
ea_raised_leg_crunch,Raised Leg Crunch,Скручивания с поднятыми ногами,,None,1,1,beginner,10,False,False,4,2,lower_back|neck,exercises/men/Abdominals/raised leg crunch.mp4,,assets/posters/men/ea_raised_leg_crunch.jpg,,situp,True,False,Abdominals,False,True,True,1,1,NO_EQUIPMENT_ID;NO_PURPOSE;NO_FEMALE_CLIP
ea_reaching_up_shoulder_stretch,Reaching Up Shoulder Stretch,Растяжка плеча с подъемом руки,,Yoga Mat,2,1,beginner,10,False,False,3,0,,exercises/men/Shoulders/reaching up shoulder stretch.mp4,,assets/posters/men/ea_reaching_up_shoulder_stretch.jpg,,,False,False,Shoulders,False,True,True,5,1,NO_EQUIPMENT_ID;NO_CONTRAINDICATION_TAGS;NO_PURPOSE;NO_FEMALE_CLIP;SHARED_SUMMARY
ea_rear_deltoid_fly_cable_resistance_band,Rear Deltoid Fly Cable Resistance Band,Разведение рук на задние дельты с блоком/резиновой лентой,resistance_bands,Resistance Band,3,1,beginner,10,False,False,4,2,shoulder|upper_back,exercises/men/Shoulders/rear deltoid fly cable resistance band.mp4,,assets/posters/men/ea_rear_deltoid_fly_cable_resistance_band.jpg,,,False,False,Shoulders,False,True,True,1,1,NO_PURPOSE;NO_FEMALE_CLIP
ea_rear_deltoid_stretch,Rear Deltoid Stretch,Растяжка задней дельтовидной мышцы,,Yoga Mat,1,0,beginner,10,False,False,4,0,,exercises/men/Stretching - Mobility/rear deltoid stretch.mp4,,assets/posters/men/ea_rear_deltoid_stretch.jpg,,,False,True,Stretching - Mobility,False,True,True,5,1,NO_EQUIPMENT_ID;NO_CONTRAINDICATION_TAGS;NO_PRIMARY_MUSCLES;NO_PURPOSE;NO_FEMALE_CLIP;SHARED_SUMMARY
ea_rebounder_high_knee_runs,Rebounder High Knee Runs,Бег с высоким подниманием колен на батуте,mini_trampoline,Mini Trampoline,0,0,beginner,10,True,True,5,2,ankle|knee,exercises/men/Calisthenics-Cardio-Plyo-Functional/Rebounder High Knee Runs.mp4,exercises/girl/Calisthenics-Cardio-Plyo-Functional/Rebounder High Knee Runs.mp4,assets/posters/men/ea_rebounder_high_knee_runs.jpg,assets/posters/girl/ea_rebounder_high_knee_runs.jpg,,False,False,Calisthenics-Cardio-Plyo-Functional,False,True,True,1,1,NO_MUSCLES;NO_PRIMARY_MUSCLES
ea_rebounder_in_out_from_ground,Rebounder in & Out From Ground,Мини-батут: ноги вместе-врозь с пола,mini_trampoline,Mini Trampoline,0,0,beginner,10,True,True,5,0,,exercises/men/Calisthenics-Cardio-Plyo-Functional/Rebounder In & Out From Ground.mp4,exercises/girl/Calisthenics-Cardio-Plyo-Functional/Rebounder In & Out From Ground.mp4,assets/posters/men/ea_rebounder_in_out_from_ground.jpg,assets/posters/girl/ea_rebounder_in_out_from_ground.jpg,,False,False,Calisthenics-Cardio-Plyo-Functional,False,True,True,1,1,NO_CONTRAINDICATION_TAGS;NO_MUSCLES;NO_PRIMARY_MUSCLES
ea_rebounder_in_out_jacks,Rebounder in & Out Jacks,Мини-батут: прыжки ноги вместе-врозь,mini_trampoline,Mini Trampoline,0,0,beginner,10,True,True,5,2,ankle|knee,exercises/men/Calisthenics-Cardio-Plyo-Functional/Rebounder In & Out Jacks.mp4,exercises/girl/Calisthenics-Cardio-Plyo-Functional/Rebounder In & Out Jacks.mp4,assets/posters/men/ea_rebounder_in_out_jacks.jpg,assets/posters/girl/ea_rebounder_in_out_jacks.jpg,,False,False,Calisthenics-Cardio-Plyo-Functional,False,True,True,1,1,NO_MUSCLES;NO_PRIMARY_MUSCLES
ea_rebounder_knee_jumps,Rebounder Knee Jumps,Мини-батут: прыжки на колени,mini_trampoline,Mini Trampoline,0,0,beginner,10,True,True,5,2,ankle|knee,exercises/men/Calisthenics-Cardio-Plyo-Functional/Rebounder Knee Jumps.mp4,exercises/girl/Calisthenics-Cardio-Plyo-Functional/Rebounder Knee Jumps.mp4,assets/posters/men/ea_rebounder_knee_jumps.jpg,assets/posters/girl/ea_rebounder_knee_jumps.jpg,,False,False,Calisthenics-Cardio-Plyo-Functional,False,True,True,1,1,NO_MUSCLES;NO_PRIMARY_MUSCLES
ea_rebounder_knee_pushes,Rebounder Knee Pushes,Мини-батут: отталкивания коленями,mini_trampoline,Mini Trampoline,0,0,beginner,10,True,True,5,0,,exercises/men/Calisthenics-Cardio-Plyo-Functional/Rebounder Knee Pushes.mp4,exercises/girl/Calisthenics-Cardio-Plyo-Functional/Rebounder Knee Pushes.mp4,assets/posters/men/ea_rebounder_knee_pushes.jpg,assets/posters/girl/ea_rebounder_knee_pushes.jpg,,False,False,Calisthenics-Cardio-Plyo-Functional,False,True,True,1,1,NO_CONTRAINDICATION_TAGS;NO_MUSCLES;NO_PRIMARY_MUSCLES
ea_rebounder_light_jumps,Rebounder Light Jumps,Мини-батут: лёгкие прыжки,mini_trampoline,Mini Trampoline,0,0,beginner,10,True,True,5,2,ankle|knee,exercises/men/Calisthenics-Cardio-Plyo-Functional/Rebounder Light Jumps.mp4,exercises/girl/Calisthenics-Cardio-Plyo-Functional/Rebounder Light Jumps.mp4,assets/posters/men/ea_rebounder_light_jumps.jpg,assets/posters/girl/ea_rebounder_light_jumps.jpg,,False,False,Calisthenics-Cardio-Plyo-Functional,False,True,True,1,1,NO_MUSCLES;NO_PRIMARY_MUSCLES
ea_reclining_pigeon_pose,Reclining Pigeon Pose,Поза голубя лёжа,,None (Bodyweight),0,0,beginner,10,True,True,5,1,hip,exercises/men/Yoga/Reclining Pigeon Pose.mp4,exercises/girl/Yoga/Reclining Pigeon Pose.mp4,assets/posters/men/ea_reclining_pigeon_pose.jpg,assets/posters/girl/ea_reclining_pigeon_pose.jpg,,False,True,Yoga,False,True,True,1,1,NO_EQUIPMENT_ID;NO_MUSCLES;NO_PRIMARY_MUSCLES
ea_resistance_band_cable_row,Resistance Band - Cable Row,Тяга с резиновой лентой,resistance_bands,Resistance Band,4,2,beginner,10,False,False,4,1,upper_back,exercises/men/Back/resistance band - cable row.mp4,,assets/posters/men/ea_resistance_band_cable_row.jpg,,,False,False,Back,False,True,True,1,1,NO_PURPOSE;NO_FEMALE_CLIP
ea_resistance_band_assisted_front_rack_stretch,Resistance Band Assisted Front Rack Stretch,Растяжка в положении фронт-рэк с помощью резиновой ленты,squat_rack,Resistance Band,3,1,beginner,10,False,False,4,1,wrist,exercises/men/Stretching - Mobility/Resistance Band Assisted Front Rack Stretch.mp4,,assets/posters/men/ea_resistance_band_assisted_front_rack_stretch.jpg,,,False,True,Stretching - Mobility,False,True,True,1,1,NO_PURPOSE;NO_FEMALE_CLIP
ea_resistance_band_assisted_push_up,Resistance Band Assisted Push-up,Отжимания с помощью резиновой ленты,squat_rack,Resistance Band,3,1,beginner,10,False,False,4,3,elbow|shoulder|wrist,exercises/men/Chest/Resistance Band Assisted Push-up.mp4,exercises/girl/Chest/Resistance Band Assisted Push-up.mp4,assets/posters/men/ea_resistance_band_assisted_push_up.jpg,assets/posters/girl/ea_resistance_band_assisted_push_up.jpg,,False,False,Chest,False,True,True,1,1,NO_PURPOSE
ea_resistance_band_bent_leg_kickback_kneeling,Resistance Band Bent Leg Kickback (kneeling),Отведение ноги назад с согнутым коленом с резиновой лентой (на коленях),resistance_bands,Loop Resistance Band,4,1,beginner,10,False,False,4,3,elbow|hip|knee,exercises/men/Legs/Resistance Band Bent Leg Kickback (Kneeling).mp4,exercises/girl/Legs/Resistance Band Bent Leg Kickback (Kneeling).mp4,assets/posters/men/ea_resistance_band_bent_leg_kickback_kneeling.jpg,assets/posters/girl/ea_resistance_band_bent_leg_kickback_kneeling.jpg,,False,False,Legs,False,True,True,1,1,NO_PURPOSE
ea_resistance_band_calf_press_sitting_on_chair,Resistance Band Calf Press Sitting on Chair,Жим на икры с резиновой лентой сидя на стуле,resistance_bands,Loop Resistance Band,2,1,beginner,10,False,False,4,1,ankle,exercises/men/Legs/Resistance Band Calf Press Sitting on Chair.mp4,exercises/girl/Legs/Resistance Band Calf Press Sitting on Chair.mp4,assets/posters/men/ea_resistance_band_calf_press_sitting_on_chair.jpg,assets/posters/girl/ea_resistance_band_calf_press_sitting_on_chair.jpg,,False,False,Legs,False,True,True,1,1,NO_PURPOSE
ea_resistance_band_clam,Resistance Band Clam,Раскрытие раковины с резиновой лентой,resistance_bands,Loop Resistance Band,2,1,beginner,10,False,False,4,0,,exercises/men/Legs/Resistance Band Clam.mp4,exercises/girl/Legs/Resistance Band Clam.mp4,assets/posters/men/ea_resistance_band_clam.jpg,assets/posters/girl/ea_resistance_band_clam.jpg,,False,False,Legs,False,True,True,1,1,NO_CONTRAINDICATION_TAGS;NO_PURPOSE
ea_resistance_band_cross_body_single_straight_arm_supinated_pulldown,Resistance Band Cross Body Single Straight Arm Supinated Pulldown,Тяга сверху одной прямой рукой через тело обратным хватом с резиновой лентой,squat_rack,Resistance Band,3,1,beginner,10,False,False,4,1,shoulder,exercises/men/Back/Resistance Band Cross Body Single Straight Arm Supinated Pulldown.mp4,exercises/girl/Back/Resistance Band Cross Body Single Straight Arm Supinated Pulldown.mp4,assets/posters/men/ea_resistance_band_cross_body_single_straight_arm_supinated_pulldown.jpg,assets/posters/girl/ea_resistance_band_cross_body_single_straight_arm_supinated_pulldown.jpg,,False,False,Back,False,True,True,1,1,NO_PURPOSE
ea_resistance_band_face_pull,Resistance Band Face Pull,Тяга к лицу с резиновой лентой,resistance_bands,Resistance Band,3,1,beginner,10,False,False,4,2,shoulder|upper_back,exercises/men/Shoulders/Resistance band face pull.mp4,,assets/posters/men/ea_resistance_band_face_pull.jpg,,,False,False,Shoulders,False,True,True,1,1,NO_PURPOSE;NO_FEMALE_CLIP
ea_resistance_band_floor_hyperextension,Resistance Band Floor Hyperextension,Гиперэкстензия на полу с резиновой лентой,resistance_bands,Loop Resistance Band,4,2,beginner,10,False,False,4,1,lower_back,exercises/men/Back/Resistance Band Floor Hyperextension.mp4,exercises/girl/Back/Resistance Band Floor Hyperextension.mp4,assets/posters/men/ea_resistance_band_floor_hyperextension.jpg,assets/posters/girl/ea_resistance_band_floor_hyperextension.jpg,,False,False,Back,False,True,True,1,1,NO_PURPOSE
ea_resistance_band_glute_bridge,Resistance Band Glute Bridge,Ягодичный мост с резиновой лентой,resistance_bands,Loop Resistance Band,3,1,beginner,10,False,False,4,1,hip,,exercises/girl/Yoga/Resistance Band Glute Bridge.mp4,,assets/posters/girl/ea_resistance_band_glute_bridge.jpg,hinge,True,True,Yoga,False,True,True,2,1,NO_PURPOSE;NO_MALE_CLIP;SHARED_SUMMARY
ea_resistance_band_glute_bridge_abduction,Resistance Band Glute Bridge Abduction,Ягодичный мост с отведением бедер с резиновой лентой,resistance_bands,Loop Resistance Band,3,1,beginner,10,False,False,4,1,hip,exercises/men/Yoga/Resistance Band Glute Bridge Abduction.mp4,exercises/girl/Yoga/Resistance Band Glute Bridge Abduction.mp4,assets/posters/men/ea_resistance_band_glute_bridge_abduction.jpg,assets/posters/girl/ea_resistance_band_glute_bridge_abduction.jpg,hinge,True,True,Yoga,False,True,True,2,1,NO_PURPOSE;SHARED_SUMMARY
ea_resistance_band_glute_bridge_version2,Resistance Band Glute Bridge_version2,Ягодичный мост с резиновой лентой (вариант 2),resistance_bands,Loop Resistance Band,3,1,beginner,10,False,False,4,1,hip,exercises/men/Yoga/Resistance Band Glute Bridge_Version2.mp4,exercises/girl/Yoga/Resistance Band Glute Bridge_Version2.mp4,assets/posters/men/ea_resistance_band_glute_bridge_version2.jpg,assets/posters/girl/ea_resistance_band_glute_bridge_version2.jpg,hinge,True,True,Yoga,False,True,True,1,1,NO_PURPOSE
ea_resistance_band_hip_thrust_version_2,Resistance Band Hip Thrust (version 2),Ягодичный мост с резиновой лентой (вариант 2),resistance_bands,Loop Resistance Band,3,1,beginner,10,False,False,4,1,hip,exercises/men/Legs/Resistance Band Hip Thrust (VERSION 2).mp4,exercises/girl/Legs/Resistance Band Hip Thrust (VERSION 2).mp4,assets/posters/men/ea_resistance_band_hip_thrust_version_2.jpg,assets/posters/girl/ea_resistance_band_hip_thrust_version_2.jpg,hinge,True,False,Legs,False,True,True,1,1,NO_PURPOSE
ea_resistance_band_hip_thrusts_on_knees,Resistance Band Hip Thrusts on Knees,Ягодичный мост на коленях с резиновой лентой,resistance_bands,Loop Resistance Band,3,1,beginner,10,False,False,4,1,hip,exercises/men/Legs/Resistance Band Hip Thrusts on Knees.mp4,exercises/girl/Legs/Resistance Band Hip Thrusts on Knees.mp4,assets/posters/men/ea_resistance_band_hip_thrusts_on_knees.jpg,assets/posters/girl/ea_resistance_band_hip_thrusts_on_knees.jpg,hinge,True,False,Legs,False,True,True,1,1,NO_PURPOSE
ea_resistance_band_kneeling_cross_body_single_straight_arm_supinated_pulldown,Resistance Band Kneeling Cross Body Single Straight Arm Supinated Pulldown,Тяга резиновой ленты одной прямой рукой через тело из положения на коленях супинированным хватом,squat_rack,Resistance Band,3,1,beginner,10,False,False,4,2,knee|shoulder,exercises/men/Back/Resistance Band Kneeling Cross Body Single Straight Arm Supinated Pulldown.mp4,exercises/girl/Back/Resistance Band Kneeling Cross Body Single Straight Arm Supinated Pulldown.mp4,assets/posters/men/ea_resistance_band_kneeling_cross_body_single_straight_arm_supinated_pulldown.jpg,assets/posters/girl/ea_resistance_band_kneeling_cross_body_single_straight_arm_supinated_pulldown.jpg,,False,False,Back,False,True,True,1,1,NO_PURPOSE
ea_resistance_band_kneeling_leg_half_circle,Resistance Band Kneeling Leg Half Circle,Полукруг ногой на коленях с резиновой лентой,resistance_bands,Resistance Band,3,1,beginner,10,False,False,4,1,knee,exercises/men/Legs/Resistance Band Kneeling Leg Half Circle.mp4,,assets/posters/men/ea_resistance_band_kneeling_leg_half_circle.jpg,,,False,False,Legs,False,True,True,1,1,NO_PURPOSE;NO_FEMALE_CLIP
ea_resistance_band_kneeling_leg_half_circle_on_bench,Resistance Band Kneeling Leg Half Circle on Bench,Полукруг ногой на коленях на скамье с резиновой лентой,resistance_bands,Resistance Band,3,1,beginner,10,False,False,4,1,knee,exercises/men/Legs/Resistance Band Kneeling Leg Half Circle on bench.mp4,exercises/girl/Legs/Resistance Band Kneeling Leg Half Circle on bench.mp4,assets/posters/men/ea_resistance_band_kneeling_leg_half_circle_on_bench.jpg,assets/posters/girl/ea_resistance_band_kneeling_leg_half_circle_on_bench.jpg,,False,False,Legs,False,True,True,1,1,NO_PURPOSE
ea_resistance_band_leg_curl,Resistance Band Leg Curl,Сгибание ног с резиновой лентой,resistance_bands,Resistance Band,3,1,beginner,10,False,False,4,1,knee,exercises/men/Legs/Resistance Band Leg Curl.mp4,exercises/girl/Legs/Resistance Band Leg Curl.mp4,assets/posters/men/ea_resistance_band_leg_curl.jpg,assets/posters/girl/ea_resistance_band_leg_curl.jpg,,False,False,Legs,False,True,True,1,1,NO_PURPOSE
ea_resistance_band_leg_kickback,Resistance Band Leg Kickback,Отведение ноги назад с резиновой лентой,resistance_bands,Resistance Band,4,1,beginner,10,False,False,4,2,elbow|hip,exercises/men/Legs/Resistance Band Leg Kickback.mp4,exercises/girl/Legs/Resistance Band Leg Kickback.mp4,assets/posters/men/ea_resistance_band_leg_kickback.jpg,assets/posters/girl/ea_resistance_band_leg_kickback.jpg,,False,False,Legs,False,True,True,1,1,NO_PURPOSE
ea_resistance_band_lying_abduction,Resistance Band Lying Abduction,Отведение ног лежа с резиновой лентой,resistance_bands,Resistance Band,2,0,beginner,10,False,False,4,1,hip,exercises/men/Legs/Resistance Band Lying Abduction.mp4,exercises/girl/Legs/Resistance Band Lying Abduction.mp4,assets/posters/men/ea_resistance_band_lying_abduction.jpg,assets/posters/girl/ea_resistance_band_lying_abduction.jpg,,False,False,Legs,False,True,True,1,1,NO_PRIMARY_MUSCLES;NO_PURPOSE
ea_resistance_band_lying_bent_knee_hip_abduction,Resistance Band Lying Bent Knee Hip Abduction,Отведение бедра лежа с согнутыми коленями с резиновой лентой,resistance_bands,Resistance Band,1,0,beginner,10,False,False,4,1,hip,exercises/men/Legs/Resistance Band Lying Bent Knee Hip Abduction.mp4,,assets/posters/men/ea_resistance_band_lying_bent_knee_hip_abduction.jpg,,,False,False,Legs,False,True,True,1,1,NO_PRIMARY_MUSCLES;NO_PURPOSE;NO_FEMALE_CLIP
ea_resistance_band_lying_bent_knee_raise,Resistance Band Lying Bent Knee Raise,Подъем согнутых коленей лежа с резиновой лентой,resistance_bands,Resistance Band,3,1,beginner,10,False,False,4,0,,exercises/men/Abdominals/Resistance Band Lying Bent Knee Raise.mp4,,assets/posters/men/ea_resistance_band_lying_bent_knee_raise.jpg,,,False,False,Abdominals,False,True,True,1,1,NO_CONTRAINDICATION_TAGS;NO_PURPOSE;NO_FEMALE_CLIP
ea_resistance_band_lying_hyperextension_abduction,Resistance Band Lying Hyperextension Abduction,Подъем ног лежа с разведением и резиновой лентой,resistance_bands,Resistance Band,3,1,beginner,10,False,False,4,2,hip|lower_back,exercises/men/Back/Resistance Band Lying Hyperextension Abduction.mp4,exercises/girl/Back/Resistance Band Lying Hyperextension Abduction.mp4,assets/posters/men/ea_resistance_band_lying_hyperextension_abduction.jpg,assets/posters/girl/ea_resistance_band_lying_hyperextension_abduction.jpg,,False,False,Back,False,True,True,1,1,NO_PURPOSE
ea_resistance_band_lying_leg_raise,Resistance Band Lying Leg Raise,Подъем ног лежа с резиновой лентой,resistance_bands,Resistance Band,3,2,beginner,10,False,False,4,1,lower_back,exercises/men/Legs/Resistance Band Lying Leg Raise.mp4,exercises/girl/Legs/Resistance Band Lying Leg Raise.mp4,assets/posters/men/ea_resistance_band_lying_leg_raise.jpg,assets/posters/girl/ea_resistance_band_lying_leg_raise.jpg,,False,False,Legs,False,True,True,1,1,NO_PURPOSE
ea_resistance_band_one_leg_glute_bridge,Resistance Band One Leg Glute Bridge,Ягодичный мост на одной ноге с резиновой лентой,resistance_bands,Resistance Band,4,1,beginner,10,False,False,4,1,hip,exercises/men/Legs/Resistance Band One Leg Glute Bridge.mp4,exercises/girl/Legs/Resistance Band One Leg Glute Bridge.mp4,assets/posters/men/ea_resistance_band_one_leg_glute_bridge.jpg,assets/posters/girl/ea_resistance_band_one_leg_glute_bridge.jpg,hinge,True,False,Legs,False,True,True,1,1,NO_PURPOSE
ea_resistance_band_one_leg_kickback_bent_position,Resistance Band One Leg Kickback (bent Position),Отведение одной ноги назад (в наклонном положении) с резиновой лентой,resistance_bands,Resistance Band,3,1,beginner,10,False,False,4,2,elbow|hip,exercises/men/Legs/Resistance Band One Leg Kickback (Bent Position).mp4,exercises/girl/Legs/Resistance Band One Leg Kickback (Bent Position).mp4,assets/posters/men/ea_resistance_band_one_leg_kickback_bent_position.jpg,assets/posters/girl/ea_resistance_band_one_leg_kickback_bent_position.jpg,,False,False,Legs,False,True,True,1,1,NO_PURPOSE
ea_resistance_band_pull_apart,Resistance Band Pull Apart,Разведение рук с резиновой лентой,resistance_bands,Resistance Band,2,1,beginner,10,False,False,4,1,upper_back,exercises/men/Calisthenics-Cardio-Plyo-Functional/Resistance Band Pull Apart.mp4,exercises/girl/Calisthenics-Cardio-Plyo-Functional/Resistance Band Pull Apart.mp4,assets/posters/men/ea_resistance_band_pull_apart.jpg,assets/posters/girl/ea_resistance_band_pull_apart.jpg,,False,False,Calisthenics-Cardio-Plyo-Functional,False,True,True,1,1,NO_PURPOSE
ea_resistance_band_reverse_hyper_with_stability_ball_on_flat_bench,Resistance Band Reverse Hyper with Stability Ball on Flat Bench,Обратная гиперэкстензия с фитболом на горизонтальной скамье с резиновой лентой,adjustable_bench,Resistance Band,4,2,beginner,10,False,False,4,1,lower_back,exercises/men/Legs/Resistance Band Reverse Hyper with Stability Ball on Flat Bench.mp4,exercises/girl/Legs/Resistance Band Reverse Hyper with Stability Ball on Flat Bench.mp4,assets/posters/men/ea_resistance_band_reverse_hyper_with_stability_ball_on_flat_bench.jpg,assets/posters/girl/ea_resistance_band_reverse_hyper_with_stability_ball_on_flat_bench.jpg,,False,False,Legs,False,True,True,1,1,NO_PURPOSE
ea_resistance_band_seated_bent_knee_abduction,Resistance Band Seated Bent Knee Abduction,Отведение бедра сидя с согнутыми коленями с резиновой лентой,resistance_bands,Resistance Band,1,0,beginner,10,False,False,4,1,hip,exercises/men/Legs/Resistance Band Seated Bent Knee Abduction.mp4,exercises/girl/Legs/Resistance Band Seated Bent Knee Abduction.mp4,assets/posters/men/ea_resistance_band_seated_bent_knee_abduction.jpg,assets/posters/girl/ea_resistance_band_seated_bent_knee_abduction.jpg,,False,False,Legs,False,True,True,1,1,NO_PRIMARY_MUSCLES;NO_PURPOSE
ea_resistance_band_seated_hip_abduction,Resistance Band Seated Hip Abduction,Отведение бедра сидя с резиновой лентой,bench_press,Resistance Band,1,0,beginner,10,False,False,4,1,hip,exercises/men/Legs/Resistance Band Seated Hip Abduction.mp4,exercises/girl/Legs/Resistance Band Seated Hip Abduction.mp4,assets/posters/men/ea_resistance_band_seated_hip_abduction.jpg,assets/posters/girl/ea_resistance_band_seated_hip_abduction.jpg,,False,False,Legs,False,True,True,1,1,NO_PRIMARY_MUSCLES;NO_PURPOSE
ea_resistance_band_shoulder_adduction,Resistance Band Shoulder Adduction,Приведение плеча с резиновой лентой,resistance_bands,Resistance Band,3,2,beginner,10,False,False,4,1,hip,exercises/men/Calisthenics-Cardio-Plyo-Functional/Resistance Band Shoulder Adduction.mp4,exercises/girl/Calisthenics-Cardio-Plyo-Functional/Resistance Band Shoulder Adduction.mp4,assets/posters/men/ea_resistance_band_shoulder_adduction.jpg,assets/posters/girl/ea_resistance_band_shoulder_adduction.jpg,,False,False,Calisthenics-Cardio-Plyo-Functional,False,True,True,1,1,NO_PURPOSE
ea_resistance_band_side_plank_glute_raise,Resistance Band Side Plank Glute Raise,Подъем бедра в боковой планке с резиновой лентой,resistance_bands,Resistance Band,2,1,beginner,10,False,False,4,3,elbow|hip|wrist,exercises/men/Legs/Resistance Band Side Plank Glute Raise.mp4,exercises/girl/Legs/Resistance Band Side Plank Glute Raise.mp4,assets/posters/men/ea_resistance_band_side_plank_glute_raise.jpg,assets/posters/girl/ea_resistance_band_side_plank_glute_raise.jpg,pushup,True,False,Legs,False,True,True,1,1,NO_PURPOSE
ea_resistance_band_squat,Resistance Band Squat,Присед с резиновой лентой,resistance_bands,Resistance Band,4,2,beginner,10,False,False,4,3,ankle|hip|knee,exercises/men/Legs/Resistance Band Squat.mp4,exercises/girl/Legs/Resistance Band Squat.mp4,assets/posters/men/ea_resistance_band_squat.jpg,assets/posters/girl/ea_resistance_band_squat.jpg,squat,True,False,Legs,False,True,True,2,1,NO_PURPOSE;SHARED_SUMMARY
ea_resistance_band_squat_jump,Resistance Band Squat Jump,Прыжок в приседе с резиновой лентой,resistance_bands,Resistance Band,5,2,beginner,10,False,False,4,3,ankle|hip|knee,exercises/men/Legs/Resistance Band Squat Jump.mp4,exercises/girl/Legs/Resistance Band Squat Jump.mp4,assets/posters/men/ea_resistance_band_squat_jump.jpg,assets/posters/girl/ea_resistance_band_squat_jump.jpg,squat,True,False,Legs,False,True,True,2,1,NO_PURPOSE;SHARED_SUMMARY
ea_resistance_band_standing_balance_glute_kickback,Resistance Band Standing Balance Glute Kickback,Махи ногой назад стоя с резиновой лентой,resistance_bands,Resistance Band,3,1,beginner,10,False,False,4,2,elbow|hip,exercises/men/Legs/Resistance Band Standing Balance Glute Kickback.mp4,exercises/girl/Legs/Resistance Band Standing Balance Glute Kickback.mp4,assets/posters/men/ea_resistance_band_standing_balance_glute_kickback.jpg,assets/posters/girl/ea_resistance_band_standing_balance_glute_kickback.jpg,,False,False,Legs,False,True,True,1,1,NO_PURPOSE
ea_resistance_band_standing_balance_glute_kickback_version_2,Resistance Band Standing Balance Glute Kickback (version 2),Махи ногой назад стоя с резиновой лентой (вариант 2),resistance_bands,Resistance Band,3,1,beginner,10,False,False,4,2,elbow|hip,exercises/men/Legs/Resistance Band Standing Balance Glute Kickback (VERSION 2).mp4,exercises/girl/Legs/Resistance Band Standing Balance Glute Kickback (VERSION 2).mp4,assets/posters/men/ea_resistance_band_standing_balance_glute_kickback_version_2.jpg,assets/posters/girl/ea_resistance_band_standing_balance_glute_kickback_version_2.jpg,,False,False,Legs,False,True,True,2,1,NO_PURPOSE;SHARED_SUMMARY
ea_resistance_band_standing_balance_hip_abduction,Resistance Band Standing Balance Hip Abduction,Отведение бедра стоя с резиновой лентой,resistance_bands,Resistance Band,2,0,beginner,10,False,False,4,1,hip,exercises/men/Legs/Resistance Band Standing Balance Hip Abduction.mp4,exercises/girl/Legs/Resistance Band Standing Balance Hip Abduction.mp4,assets/posters/men/ea_resistance_band_standing_balance_hip_abduction.jpg,assets/posters/girl/ea_resistance_band_standing_balance_hip_abduction.jpg,,False,False,Legs,False,True,True,2,1,NO_PRIMARY_MUSCLES;NO_PURPOSE;SHARED_SUMMARY
ea_resistance_band_standing_external_rotation,Resistance Band Standing External Rotation,Внешнее вращение плеча стоя с резиновой лентой,resistance_bands,Resistance Band,2,1,beginner,10,False,False,4,0,,exercises/men/Calisthenics-Cardio-Plyo-Functional/Resistance Band Standing External Rotation.mp4,exercises/girl/Calisthenics-Cardio-Plyo-Functional/Resistance Band Standing External Rotation.mp4,assets/posters/men/ea_resistance_band_standing_external_rotation.jpg,assets/posters/girl/ea_resistance_band_standing_external_rotation.jpg,,False,False,Calisthenics-Cardio-Plyo-Functional,False,True,True,1,1,NO_CONTRAINDICATION_TAGS;NO_PURPOSE
ea_resistance_band_standing_hip_abduction,Resistance Band Standing Hip Abduction,Разведение коленей в полуприседе с резиновой лентой,resistance_bands,Resistance Band,2,0,beginner,10,False,False,4,1,hip,exercises/men/Legs/Resistance Band Standing Hip Abduction.mp4,exercises/girl/Legs/Resistance Band Standing Hip Abduction.mp4,assets/posters/men/ea_resistance_band_standing_hip_abduction.jpg,assets/posters/girl/ea_resistance_band_standing_hip_abduction.jpg,,False,False,Legs,False,True,True,1,1,NO_PRIMARY_MUSCLES;NO_PURPOSE
ea_resistance_band_standing_single_arm_shoulder_extension,Resistance Band Standing Single Arm Shoulder Extension,Разгибание плеча одной рукой стоя с резиновой лентой,resistance_bands,Resistance Band,4,3,beginner,10,False,False,4,1,upper_back,exercises/men/Calisthenics-Cardio-Plyo-Functional/Resistance Band Standing Single Arm Shoulder Extension.mp4,exercises/girl/Calisthenics-Cardio-Plyo-Functional/Resistance Band Standing Single Arm Shoulder Extension.mp4,assets/posters/men/ea_resistance_band_standing_single_arm_shoulder_extension.jpg,assets/posters/girl/ea_resistance_band_standing_single_arm_shoulder_extension.jpg,,False,False,Calisthenics-Cardio-Plyo-Functional,False,True,True,1,1,NO_PURPOSE
ea_resistance_band_standing_single_arm_shoulder_flexion,Resistance Band Standing Single Arm Shoulder Flexion,Сгибание плеча одной рукой стоя с резиновой лентой,resistance_bands,Resistance Band,2,1,beginner,10,False,False,4,0,,exercises/men/Calisthenics-Cardio-Plyo-Functional/Resistance Band Standing Single Arm Shoulder Flexion.mp4,exercises/girl/Calisthenics-Cardio-Plyo-Functional/Resistance Band Standing Single Arm Shoulder Flexion.mp4,assets/posters/men/ea_resistance_band_standing_single_arm_shoulder_flexion.jpg,assets/posters/girl/ea_resistance_band_standing_single_arm_shoulder_flexion.jpg,,False,False,Calisthenics-Cardio-Plyo-Functional,False,True,True,1,1,NO_CONTRAINDICATION_TAGS;NO_PURPOSE
ea_resistance_band_upper_body_dead_bug,Resistance Band Upper Body Dead Bug,Мёртвый жук для верхней части тела с резиновой лентой,resistance_bands,Resistance Band,3,1,beginner,10,False,False,4,0,,exercises/men/Yoga/Resistance Band Upper Body Dead Bug.mp4,exercises/girl/Yoga/Resistance Band Upper Body Dead Bug.mp4,assets/posters/men/ea_resistance_band_upper_body_dead_bug.jpg,assets/posters/girl/ea_resistance_band_upper_body_dead_bug.jpg,,False,True,Yoga,False,True,True,1,1,NO_CONTRAINDICATION_TAGS;NO_PURPOSE
ea_resistance_bands_facepull,Resistance Bands Facepull,Тяга к лицу с резиновыми лентами,resistance_bands,Resistance Band,3,2,beginner,10,False,False,4,1,upper_back,exercises/men/Shoulders/resistance bands facepull.mp4,,assets/posters/men/ea_resistance_bands_facepull.jpg,,,False,False,Shoulders,False,True,True,3,2,NO_PURPOSE;NO_FEMALE_CLIP;SHARED_SUMMARY;SHARED_STEPS
ea_restful_cow_face_pose_legs,Restful Cow Face Pose Legs,Расслабляющая поза Гомукхасаны (ноги),,None (Bodyweight),0,0,beginner,10,True,True,5,0,,exercises/men/Yoga/Restful Cow Face Pose Legs.mp4,exercises/girl/Yoga/Restful Cow Face Pose Legs.mp4,assets/posters/men/ea_restful_cow_face_pose_legs.jpg,assets/posters/girl/ea_restful_cow_face_pose_legs.jpg,,False,True,Yoga,False,True,True,1,1,NO_EQUIPMENT_ID;NO_CONTRAINDICATION_TAGS;NO_MUSCLES;NO_PRIMARY_MUSCLES
ea_reverse_ab_wheel_rollout,Reverse Ab Wheel Rollout,Обратные выкатывания с роликом для пресса,ab_wheel,Ab roller,3,1,beginner,10,False,False,4,0,,exercises/men/Abdominals/Reverse Ab Wheel Rollout.mp4,exercises/girl/Abdominals/Reverse Ab Wheel Rollout.mp4,assets/posters/men/ea_reverse_ab_wheel_rollout.jpg,assets/posters/girl/ea_reverse_ab_wheel_rollout.jpg,,False,False,Abdominals,False,True,True,1,1,NO_CONTRAINDICATION_TAGS;NO_PURPOSE
ea_reverse_crunch,Reverse Crunch,Обратные скручивания,,None,1,1,beginner,10,False,False,4,2,lower_back|neck,exercises/men/Abdominals/reverse crunch.mp4,,assets/posters/men/ea_reverse_crunch.jpg,,situp,True,False,Abdominals,False,True,True,2,1,NO_EQUIPMENT_ID;NO_PURPOSE;NO_FEMALE_CLIP;SHARED_SUMMARY
ea_reverse_crunch_with_kick_out,Reverse Crunch with Kick Out,Обратные скручивания с выпрямлением ног,,None,1,1,beginner,10,False,False,4,2,lower_back|neck,exercises/men/Abdominals/reverse crunch with kick out.mp4,,assets/posters/men/ea_reverse_crunch_with_kick_out.jpg,,situp,True,False,Abdominals,False,True,True,2,1,NO_EQUIPMENT_ID;NO_PURPOSE;NO_FEMALE_CLIP;SHARED_SUMMARY
ea_reverse_curl_barbell,Reverse Curl Barbell,Сгибание рук со штангой обратным хватом,barbell,Barbell,1,0,beginner,10,True,True,5,2,elbow|wrist,exercises/men/Biceps/reverse curl barbell.mp4,,assets/posters/men/ea_reverse_curl_barbell.jpg,,curl,True,False,Biceps,False,True,True,1,1,NO_PRIMARY_MUSCLES;NO_FEMALE_CLIP
ea_reverse_grip_lat_pull_down,Reverse Grip Lat Pull Down,Тяга верхнего блока обратным хватом,lat_pulldown,Lat Pull Down Machine (Cable),3,1,beginner,10,False,False,4,0,,exercises/men/Back/reverse grip lat pull down.mp4,,assets/posters/men/ea_reverse_grip_lat_pull_down.jpg,,,False,False,Back,False,True,True,1,1,NO_CONTRAINDICATION_TAGS;NO_PURPOSE;NO_FEMALE_CLIP
ea_reverse_grip_resistance_band_simultaneous,Reverse Grip Resistance Band Simultaneous,Одновременное сгибание рук обратным хватом с резиновой лентой,resistance_bands,Resistance Band,2,1,beginner,10,False,False,4,0,,exercises/men/Biceps/reverse grip resistance band simultaneous.mp4,,assets/posters/men/ea_reverse_grip_resistance_band_simultaneous.jpg,,,False,False,Biceps,False,True,True,1,1,NO_CONTRAINDICATION_TAGS;NO_PURPOSE;NO_FEMALE_CLIP
ea_reverse_lunge_left_resistance_band,Reverse Lunge Left Resistance Band,Обратный выпад левой ногой с резиновой лентой,resistance_bands,Resistance Band,5,2,beginner,10,False,False,4,2,hip|knee,exercises/men/Legs/reverse lunge left resistance band.mp4,,assets/posters/men/ea_reverse_lunge_left_resistance_band.jpg,,lunge,True,False,Legs,False,True,True,1,1,NO_PURPOSE;NO_FEMALE_CLIP
ea_reverse_machine_fly,Reverse Machine Fly,Обратные разведения в тренажёре,pec_deck,Pec Fly/Rear Delt Machine,2,1,beginner,10,False,False,4,1,shoulder,exercises/men/Shoulders/Reverse Machine Fly.mp4,exercises/girl/Shoulders/Reverse machine fly.mp4,assets/posters/men/ea_reverse_machine_fly.jpg,assets/posters/girl/ea_reverse_machine_fly.jpg,,False,False,Shoulders,False,True,True,1,1,NO_PURPOSE
ea_reverse_plank,Reverse Plank,Обратная планка,,None (Bodyweight),1,0,beginner,10,True,True,5,2,elbow|wrist,exercises/men/Abdominals/Reverse Plank.mp4,exercises/girl/Abdominals/Reverse Plank.mp4,assets/posters/men/ea_reverse_plank.jpg,assets/posters/girl/ea_reverse_plank.jpg,pushup,True,False,Abdominals,False,True,True,1,1,NO_EQUIPMENT_ID;NO_PRIMARY_MUSCLES
ea_reverse_prayer,Reverse Prayer,Поза обратной молитвы,,None (Bodyweight),0,0,beginner,10,True,True,5,0,,exercises/men/Yoga/Reverse Prayer.mp4,exercises/girl/Yoga/Reverse Prayer.mp4,assets/posters/men/ea_reverse_prayer.jpg,assets/posters/girl/ea_reverse_prayer.jpg,,False,True,Yoga,False,True,True,1,1,NO_EQUIPMENT_ID;NO_CONTRAINDICATION_TAGS;NO_MUSCLES;NO_PRIMARY_MUSCLES
ea_reverse_shoulder_stretch,Reverse Shoulder Stretch,Растяжка плеч назад,plyo_box,Yoga Mat,2,1,beginner,10,False,False,4,0,,exercises/men/Shoulders/reverse shoulder stretch.mp4,,assets/posters/men/ea_reverse_shoulder_stretch.jpg,,,False,False,Shoulders,False,True,True,1,1,NO_CONTRAINDICATION_TAGS;NO_PURPOSE;NO_FEMALE_CLIP
ea_revolved_head_to_knee,Revolved Head to Knee,Поза головы к колену с поворотом,,None (Bodyweight),0,0,beginner,10,True,True,5,0,,exercises/men/Stretching - Mobility/Revolved Head To Knee.mp4,exercises/girl/Stretching - Mobility/Revolved Head To Knee.mp4,assets/posters/men/ea_revolved_head_to_knee.jpg,assets/posters/girl/ea_revolved_head_to_knee.jpg,,False,True,Stretching - Mobility,False,True,True,1,1,NO_EQUIPMENT_ID;NO_CONTRAINDICATION_TAGS;NO_MUSCLES;NO_PRIMARY_MUSCLES
ea_revolved_side_angle_pose_with_prayer_hands,Revolved Side Angle Pose with Prayer Hands,Поза бокового угла с поворотом и руками в намасте,,None (Bodyweight),0,0,beginner,10,True,True,5,0,,exercises/men/Yoga/Revolved Side Angle Pose With Prayer Hands.mp4,exercises/girl/Yoga/Revolved Side Angle Pose With Prayer Hands.mp4,assets/posters/men/ea_revolved_side_angle_pose_with_prayer_hands.jpg,assets/posters/girl/ea_revolved_side_angle_pose_with_prayer_hands.jpg,,False,True,Yoga,False,True,True,1,1,NO_EQUIPMENT_ID;NO_CONTRAINDICATION_TAGS;NO_MUSCLES;NO_PRIMARY_MUSCLES
ea_revolved_side_angle_pose_with_prayer_hands_beginner,Revolved Side Angle Pose with Prayer Hands Beginner,Поза бокового угла с поворотом и руками в намасте (для начинающих),,None (Bodyweight),0,0,beginner,10,True,True,5,0,,exercises/men/Yoga/Revolved Side Angle Pose With Prayer Hands Beginner.mp4,exercises/girl/Yoga/Revolved Side Angle Pose With Prayer Hands Beginner.mp4,assets/posters/men/ea_revolved_side_angle_pose_with_prayer_hands_beginner.jpg,assets/posters/girl/ea_revolved_side_angle_pose_with_prayer_hands_beginner.jpg,,False,True,Yoga,False,True,True,1,1,NO_EQUIPMENT_ID;NO_CONTRAINDICATION_TAGS;NO_MUSCLES;NO_PRIMARY_MUSCLES
ea_ring_dips,Ring Dips,Отжимания на кольцах,gymnastic_rings,Gymnastic Rings,0,0,beginner,10,True,True,5,3,elbow|shoulder|wrist,exercises/men/Calisthenics-Cardio-Plyo-Functional/Ring Dips.mp4,exercises/girl/Calisthenics-Cardio-Plyo-Functional/Ring Dips.mp4,assets/posters/men/ea_ring_dips.jpg,assets/posters/girl/ea_ring_dips.jpg,,False,False,Calisthenics-Cardio-Plyo-Functional,False,True,True,1,1,NO_MUSCLES;NO_PRIMARY_MUSCLES
ea_romanian_deadlift_barbell,Romanian Deadlift Barbell,Румынская становая тяга со штангой,barbell,Barbell,4,2,beginner,10,False,False,4,2,hip|lower_back,exercises/men/Back/romanian deadlift barbell.mp4,,assets/posters/men/ea_romanian_deadlift_barbell.jpg,,hinge,True,False,Back,False,True,True,1,1,NO_PURPOSE;NO_FEMALE_CLIP
ea_runner_stretch,Runner Stretch,Растяжка бегуна,,Yoga Mat,2,1,beginner,10,False,False,4,0,,exercises/men/Stretching - Mobility/runner stretch.mp4,,assets/posters/men/ea_runner_stretch.jpg,,,False,True,Stretching - Mobility,False,True,True,1,1,NO_EQUIPMENT_ID;NO_CONTRAINDICATION_TAGS;NO_PURPOSE;NO_FEMALE_CLIP
ea_runners_lunge,Runners Lunge,Выпад бегуна,,None (Bodyweight),0,0,beginner,10,True,True,5,2,hip|knee,exercises/men/Yoga/Runners Lunge.mp4,exercises/girl/Yoga/Runners Lunge.mp4,assets/posters/men/ea_runners_lunge.jpg,assets/posters/girl/ea_runners_lunge.jpg,lunge,True,True,Yoga,False,True,True,1,1,NO_EQUIPMENT_ID;NO_MUSCLES;NO_PRIMARY_MUSCLES
ea_running,Running,Бег,,none,6,3,beginner,10,False,False,4,2,ankle|knee,exercises/men/Calisthenics-Cardio-Plyo-Functional/Running.mp4,exercises/girl/Calisthenics-Cardio-Plyo-Functional/Running.mp4,assets/posters/men/ea_running.jpg,assets/posters/girl/ea_running.jpg,,False,False,Calisthenics-Cardio-Plyo-Functional,False,True,True,1,1,NO_EQUIPMENT_ID;NO_PURPOSE
ea_russian_twist,Russian Twist,Русские скручивания,,None,2,1,beginner,10,False,False,4,0,,exercises/men/Abdominals/russian twist.mp4,,assets/posters/men/ea_russian_twist.jpg,,,False,False,Abdominals,False,True,True,1,1,NO_EQUIPMENT_ID;NO_CONTRAINDICATION_TAGS;NO_PURPOSE;NO_FEMALE_CLIP
ea_russian_twist_weighted_ball,Russian Twist Weighted Ball,Русские скручивания с утяжеленным мячом,medicine_ball,Medicine ball,3,1,beginner,10,False,False,4,0,,exercises/men/Abdominals/russian twist weighted ball.mp4,,assets/posters/men/ea_russian_twist_weighted_ball.jpg,,,False,False,Abdominals,False,True,True,1,1,NO_CONTRAINDICATION_TAGS;NO_PURPOSE;NO_FEMALE_CLIP
ea_sandbag_cleans,Sandbag Cleans,Взятие мешка с песком на грудь,sandbag,Sandbag,0,0,beginner,10,True,True,5,2,lower_back|wrist,exercises/men/Powerlifting/Sandbag Cleans.mp4,exercises/girl/Powerlifting/Sandbag Cleans.mp4,assets/posters/men/ea_sandbag_cleans.jpg,assets/posters/girl/ea_sandbag_cleans.jpg,,False,False,Powerlifting,False,True,True,1,1,NO_MUSCLES;NO_PRIMARY_MUSCLES
ea_scapula_push_up,Scapula Push Up,Отжимания на лопатках,,None,3,1,beginner,10,False,False,4,3,elbow|upper_back|wrist,exercises/men/Yoga/Scapula push up.mp4,,assets/posters/men/ea_scapula_push_up.jpg,,pushup,True,True,Yoga,False,True,True,1,1,NO_EQUIPMENT_ID;NO_PURPOSE;NO_FEMALE_CLIP
ea_scissors_kick,Scissors Kick,Ножницы,,None,2,1,beginner,10,False,False,4,0,,exercises/men/Abdominals/scissors kick.mp4,,assets/posters/men/ea_scissors_kick.jpg,,,False,False,Abdominals,False,True,True,1,1,NO_EQUIPMENT_ID;NO_CONTRAINDICATION_TAGS;NO_PURPOSE;NO_FEMALE_CLIP
ea_scorpion_twist_pose,Scorpion Twist Pose,Поза скручивания скорпиона,,None (Bodyweight),0,0,beginner,10,True,True,5,1,wrist,exercises/men/Yoga/Scorpion Twist Pose.mp4,exercises/girl/Yoga/Scorpion Twist Pose.mp4,assets/posters/men/ea_scorpion_twist_pose.jpg,assets/posters/girl/ea_scorpion_twist_pose.jpg,,False,True,Yoga,False,True,True,1,1,NO_EQUIPMENT_ID;NO_MUSCLES;NO_PRIMARY_MUSCLES
ea_seated_cable_row_v_bar_machine,Seated Cable Row V Bar Machine,Тяга горизонтального блока V-образным хватом,seated_row_machine,Cable Row Machine,5,1,beginner,10,False,False,4,1,upper_back,exercises/men/Back/seated cable row V bar machine.mp4,,assets/posters/men/ea_seated_cable_row_v_bar_machine.jpg,,,False,False,Back,False,True,True,1,1,NO_PURPOSE;NO_FEMALE_CLIP
ea_seated_calf_machine,Seated Calf Machine,Тренажер для подъемов на носки сидя,calf_raise_machine,Calf raise machine,1,1,beginner,10,False,False,4,1,ankle,exercises/men/Legs/seated calf machine.mp4,,assets/posters/men/ea_seated_calf_machine.jpg,,,False,False,Legs,False,True,True,1,1,NO_PURPOSE;NO_FEMALE_CLIP
ea_seated_calf_raises_dumbbell_on_knee,Seated Calf Raises Dumbbell on Knee,Подъемы на носки сидя с гантелью на колене,bench_press,Dumbbells,1,1,beginner,10,False,False,3,1,ankle,exercises/men/Legs/Seated calf raises dumbbell on knee.mp4,,assets/posters/men/ea_seated_calf_raises_dumbbell_on_knee.jpg,,,False,False,Legs,False,True,True,1,1,NO_PURPOSE;NO_FEMALE_CLIP
ea_seated_calf_stretch,Seated Calf Stretch,Растяжка икроножных мышц сидя,,Yoga Mat,2,1,beginner,10,False,False,4,1,ankle,exercises/men/Stretching - Mobility/seated calf stretch.mp4,,assets/posters/men/ea_seated_calf_stretch.jpg,,,False,True,Stretching - Mobility,False,True,True,1,1,NO_EQUIPMENT_ID;NO_PURPOSE;NO_FEMALE_CLIP
ea_seated_cross_leg_glute_stretch,Seated Cross Leg Glute Stretch,Растяжка ягодичных мышц сидя со скрещенными ногами,,Yoga Mat,2,1,beginner,10,False,False,4,0,,exercises/men/Yoga/seated cross leg glute stretch.mp4,,assets/posters/men/ea_seated_cross_leg_glute_stretch.jpg,,,False,True,Yoga,False,True,True,5,1,NO_EQUIPMENT_ID;NO_CONTRAINDICATION_TAGS;NO_PURPOSE;NO_FEMALE_CLIP;SHARED_SUMMARY
ea_seated_dumbbell_neutral_grip_front_raises,Seated Dumbbell Neutral Grip Front Raises,Подъёмы гантелей перед собой сидя нейтральным хватом,bench_press,Dumbbells,1,0,beginner,10,True,True,5,1,shoulder,exercises/men/Shoulders/Seated Dumbbell Neutral Grip Front Raises.mp4,exercises/girl/Shoulders/Seated Dumbbell Neutral Grip Front Raises.mp4,assets/posters/men/ea_seated_dumbbell_neutral_grip_front_raises.jpg,assets/posters/girl/ea_seated_dumbbell_neutral_grip_front_raises.jpg,,False,False,Shoulders,False,True,True,1,1,NO_PRIMARY_MUSCLES
ea_seated_dumbbell_neutral_grip_side_raises,Seated Dumbbell Neutral Grip Side Raises,Подъёмы гантелей в стороны сидя нейтральным хватом,bench_press,Dumbbells,1,0,beginner,10,True,True,5,1,shoulder,exercises/men/Shoulders/Seated Dumbbell Neutral Grip Side Raises.mp4,exercises/girl/Shoulders/Seated Dumbbell Neutral Grip Side Raises.mp4,assets/posters/men/ea_seated_dumbbell_neutral_grip_side_raises.jpg,assets/posters/girl/ea_seated_dumbbell_neutral_grip_side_raises.jpg,,False,False,Shoulders,False,True,True,1,1,NO_PRIMARY_MUSCLES
ea_seated_dumbbell_one_arm_shoulder_press,Seated Dumbbell One Arm Shoulder Press,Жим гантели одной рукой над головой сидя,bench_press,Dumbbells,3,1,beginner,10,False,False,4,1,shoulder,exercises/men/Shoulders/seated dumbbell one arm shoulder press.mp4,,assets/posters/men/ea_seated_dumbbell_one_arm_shoulder_press.jpg,,,False,False,Shoulders,False,True,True,1,1,NO_PURPOSE;NO_FEMALE_CLIP
ea_seated_dumbbell_rear_delt_fly,Seated Dumbbell Rear Delt Fly,Разведение гантелей для задних дельт сидя,bench_press,Dumbbells,2,1,beginner,10,False,False,4,2,shoulder|upper_back,exercises/men/Shoulders/seated dumbbell rear delt fly.mp4,,assets/posters/men/ea_seated_dumbbell_rear_delt_fly.jpg,,,False,False,Shoulders,False,True,True,1,1,NO_PURPOSE;NO_FEMALE_CLIP
ea_seated_figure_four_with_twist_glute_stretch,Seated Figure Four with Twist Glute Stretch,Растяжка ягодичных мышц сидя в позе «четвёрка» с поворотом,,None (Bodyweight),0,0,beginner,10,True,True,5,2,hip|wrist,exercises/men/Stretching - Mobility/Seated Figure Four With Twist Glute Stretch.mp4,exercises/girl/Stretching - Mobility/Seated Figure Four With Twist Glute Stretch.mp4,assets/posters/men/ea_seated_figure_four_with_twist_glute_stretch.jpg,assets/posters/girl/ea_seated_figure_four_with_twist_glute_stretch.jpg,,False,True,Stretching - Mobility,False,True,True,1,1,NO_EQUIPMENT_ID;NO_MUSCLES;NO_PRIMARY_MUSCLES
ea_seated_floor_crunches,Seated Floor Crunches,Скручивания сидя на полу,,None,1,1,beginner,10,False,False,4,2,lower_back|neck,exercises/men/Abdominals/Seated floor crunches.mp4,,assets/posters/men/ea_seated_floor_crunches.jpg,,,False,False,Abdominals,False,True,True,1,1,NO_EQUIPMENT_ID;NO_PURPOSE;NO_FEMALE_CLIP
ea_seated_flutter_kicks,Seated Flutter Kicks,Ножницы сидя,bench_press,Weight bench,2,1,beginner,10,False,False,4,0,,exercises/men/Abdominals/seated flutter kicks.mp4,,assets/posters/men/ea_seated_flutter_kicks.jpg,,,False,False,Abdominals,False,True,True,1,1,NO_CONTRAINDICATION_TAGS;NO_PURPOSE;NO_FEMALE_CLIP
ea_seated_hip_abductor_machine,Seated Hip Abductor Machine,Разведение ног в тренажёре сидя,hip_abductor_adductor,Seated hip abductor machine,2,1,beginner,10,False,False,4,0,,exercises/men/Legs/Seated Hip Abductor Machine.mp4,exercises/girl/Legs/Seated Hip Abductor Machine.mp4,assets/posters/men/ea_seated_hip_abductor_machine.jpg,assets/posters/girl/ea_seated_hip_abductor_machine.jpg,,False,False,Legs,False,True,True,1,1,NO_CONTRAINDICATION_TAGS;NO_PURPOSE
ea_seated_leg_curl_machine,Seated Leg Curl Machine,Сгибание ног в тренажёре сидя,leg_curl,Seated leg curl machine,2,1,beginner,10,False,False,4,1,knee,exercises/men/Legs/Seated leg curl machine.mp4,,assets/posters/men/ea_seated_leg_curl_machine.jpg,,,False,False,Legs,False,True,True,1,1,NO_PURPOSE;NO_FEMALE_CLIP
ea_seated_leg_extension_single_leg,Seated Leg Extension Single Leg,Разгибание ноги в тренажёре сидя одной ногой,leg_extension,Leg Extension Machine,2,1,beginner,10,False,False,4,1,knee,exercises/men/Legs/Seated leg extension single leg.mp4,exercises/girl/Legs/Seated leg extension single leg.mp4,assets/posters/men/ea_seated_leg_extension_single_leg.jpg,assets/posters/girl/ea_seated_leg_extension_single_leg.jpg,,False,False,Legs,False,True,True,2,1,NO_PURPOSE;SHARED_SUMMARY
ea_seated_leg_extension_alternate_legs,Seated Leg Extension_alternate Legs,Разгибание ног в тренажёре сидя попеременно,leg_extension,Leg Extension Machine,2,1,beginner,10,False,False,4,1,knee,exercises/men/Legs/Seated leg extension_alternate legs.mp4,exercises/girl/Legs/Seated leg extension_alternate legs.mp4,assets/posters/men/ea_seated_leg_extension_alternate_legs.jpg,assets/posters/girl/ea_seated_leg_extension_alternate_legs.jpg,,False,False,Legs,False,True,True,2,1,NO_PURPOSE;SHARED_SUMMARY
ea_seated_leg_extension_both_legs,Seated Leg Extension_both Legs,Разгибание ног в тренажёре сидя двумя ногами,leg_extension,Leg Extension Machine,2,1,beginner,10,False,False,4,1,knee,exercises/men/Legs/Seated leg extension_both legs.mp4,exercises/girl/Legs/Seated leg extension_both legs.mp4,assets/posters/men/ea_seated_leg_extension_both_legs.jpg,assets/posters/girl/ea_seated_leg_extension_both_legs.jpg,,False,False,Legs,False,True,True,1,1,NO_PURPOSE
ea_seated_machine_hip_adductor,Seated Machine Hip Adductor,Сведение ног в тренажёре сидя,hip_abductor_adductor,Hip abductor / adductor machine,1,0,beginner,10,False,False,4,0,,exercises/men/Legs/Seated Machine Hip Adductor.mp4,exercises/girl/Legs/Seated machine hip adductor.mp4,assets/posters/men/ea_seated_machine_hip_adductor.jpg,assets/posters/girl/ea_seated_machine_hip_adductor.jpg,,False,False,Legs,False,True,True,1,1,NO_CONTRAINDICATION_TAGS;NO_PRIMARY_MUSCLES;NO_PURPOSE
ea_seated_normal_grip_row_machine,Seated Normal Grip Row Machine,Тяга в тренажёре сидя обычным хватом,seated_row_machine,Cable Row Machine,1,0,beginner,10,False,False,4,1,upper_back,exercises/men/Back/seated normal grip row machine.mp4,,assets/posters/men/ea_seated_normal_grip_row_machine.jpg,,,False,False,Back,False,True,True,1,1,NO_PRIMARY_MUSCLES;NO_PURPOSE;NO_FEMALE_CLIP
ea_seated_resistance_band_cable_rows,Seated Resistance Band - Cable Rows,Тяга резиновой ленты сидя,resistance_bands,Resistance Band,4,1,beginner,10,False,False,4,1,upper_back,exercises/men/Back/seated resistance band - cable rows.mp4,,assets/posters/men/ea_seated_resistance_band_cable_rows.jpg,,,False,False,Back,False,True,True,1,1,NO_PURPOSE;NO_FEMALE_CLIP
ea_seated_row_machine_rows,Seated Row Machine Rows,Тяга в тренажёре сидя,seated_row_machine,Machine,1,0,beginner,10,True,True,5,1,upper_back,exercises/men/Back/Seated Row Machine Rows.mp4,exercises/girl/Back/Seated Row Machine Rows.mp4,assets/posters/men/ea_seated_row_machine_rows.jpg,assets/posters/girl/ea_seated_row_machine_rows.jpg,,False,False,Back,False,True,True,1,1,NO_PRIMARY_MUSCLES
ea_seated_shoulder_flexor_depressor_retractor_stretch,Seated Shoulder Flexor Depressor Retractor Stretch,Растяжка плеч с отведением рук назад сидя,,Yoga Mat,2,1,beginner,10,False,False,4,0,,exercises/men/Shoulders/seated shoulder flexor depressor retractor stretch.mp4,,assets/posters/men/ea_seated_shoulder_flexor_depressor_retractor_stretch.jpg,,,False,False,Shoulders,False,True,True,1,1,NO_EQUIPMENT_ID;NO_CONTRAINDICATION_TAGS;NO_PURPOSE;NO_FEMALE_CLIP
ea_seated_shoulder_press_barbell,Seated Shoulder Press Barbell,Жим штанги над головой сидя,bench_press,Barbell,2,1,beginner,10,False,False,4,1,shoulder,exercises/men/Shoulders/seated shoulder press barbell.mp4,,assets/posters/men/ea_seated_shoulder_press_barbell.jpg,,,False,False,Shoulders,False,True,True,1,1,NO_PURPOSE;NO_FEMALE_CLIP
ea_seated_side_stretch,Seated Side Stretch,Боковая растяжка сидя,bench_press,Weight bench,3,2,beginner,10,False,False,4,0,,exercises/men/Yoga/seated side stretch.mp4,,assets/posters/men/ea_seated_side_stretch.jpg,,,False,True,Yoga,False,True,True,1,1,NO_CONTRAINDICATION_TAGS;NO_PURPOSE;NO_FEMALE_CLIP
ea_seated_single_leg_hamstring_stretch,Seated Single Leg Hamstring Stretch,Растяжка задней поверхности бедра сидя одной ногой,,Yoga Mat,2,1,beginner,10,False,False,4,0,,exercises/men/Stretching - Mobility/seated single leg hamstring stretch.mp4,,assets/posters/men/ea_seated_single_leg_hamstring_stretch.jpg,,,False,True,Stretching - Mobility,False,True,True,5,1,NO_EQUIPMENT_ID;NO_CONTRAINDICATION_TAGS;NO_PURPOSE;NO_FEMALE_CLIP;SHARED_SUMMARY
ea_seated_single_leg_toe_touch_hamstring_stretch,Seated Single Leg Toe Touch Hamstring Stretch,"Растяжка подколенного сухожилия сидя, касание носка одной ногой",,None (Bodyweight),0,0,beginner,10,True,True,5,1,lower_back,exercises/men/Stretching - Mobility/Seated Single Leg Toe Touch Hamstring Stretch.mp4,exercises/girl/Stretching - Mobility/Seated Single Leg Toe Touch Hamstring Stretch.mp4,assets/posters/men/ea_seated_single_leg_toe_touch_hamstring_stretch.jpg,assets/posters/girl/ea_seated_single_leg_toe_touch_hamstring_stretch.jpg,,False,True,Stretching - Mobility,False,True,True,1,1,NO_EQUIPMENT_ID;NO_MUSCLES;NO_PRIMARY_MUSCLES
ea_seated_straight_leg_calf_stretch,Seated Straight Leg Calf Stretch,Растяжка икроножной мышцы сидя с прямыми ногами,,Yoga Mat,2,1,beginner,10,False,False,4,1,ankle,exercises/men/Stretching - Mobility/seated straight leg calf stretch.mp4,,assets/posters/men/ea_seated_straight_leg_calf_stretch.jpg,,,False,True,Stretching - Mobility,False,True,True,5,1,NO_EQUIPMENT_ID;NO_PURPOSE;NO_FEMALE_CLIP;SHARED_SUMMARY
ea_seated_toe_touch_hamstrings_stretch,Seated Toe Touch Hamstrings Stretch,"Растяжка подколенных сухожилий сидя, касание носков",,None (Bodyweight),0,0,beginner,10,True,True,5,1,lower_back,exercises/men/Stretching - Mobility/Seated Toe Touch Hamstrings Stretch.mp4,exercises/girl/Stretching - Mobility/Seated Toe Touch Hamstrings Stretch.mp4,assets/posters/men/ea_seated_toe_touch_hamstrings_stretch.jpg,assets/posters/girl/ea_seated_toe_touch_hamstrings_stretch.jpg,,False,True,Stretching - Mobility,False,True,True,2,1,NO_EQUIPMENT_ID;NO_MUSCLES;NO_PRIMARY_MUSCLES;SHARED_SUMMARY
ea_seated_v_up,Seated V Up,V-подъемы сидя,,None,2,1,beginner,10,False,False,4,2,lower_back|neck,exercises/men/Abdominals/seated v up.mp4,,assets/posters/men/ea_seated_v_up.jpg,,,False,False,Abdominals,False,True,True,1,1,NO_EQUIPMENT_ID;NO_PURPOSE;NO_FEMALE_CLIP
ea_shadow_boxing,Shadow Boxing,Бой с тенью,,None,3,1,beginner,10,False,False,4,0,,exercises/men/Calisthenics-Cardio-Plyo-Functional/Shadow Boxing.mp4,,assets/posters/men/ea_shadow_boxing.jpg,,,False,False,Calisthenics-Cardio-Plyo-Functional,False,True,True,1,1,NO_EQUIPMENT_ID;NO_CONTRAINDICATION_TAGS;NO_PURPOSE;NO_FEMALE_CLIP
ea_shoulder_abduction,Shoulder Abduction,Отведение плеча,,None,2,1,beginner,10,False,False,4,1,hip,exercises/men/Shoulders/shoulder abduction.mp4,,assets/posters/men/ea_shoulder_abduction.jpg,,,False,False,Shoulders,False,True,True,2,1,NO_EQUIPMENT_ID;NO_PURPOSE;NO_FEMALE_CLIP;SHARED_SUMMARY
ea_shoulder_circle,Shoulder Circle,Вращения плечами,,None,2,1,beginner,10,False,False,4,1,upper_back,exercises/men/Shoulders/shoulder circle.mp4,,assets/posters/men/ea_shoulder_circle.jpg,,,False,False,Shoulders,False,True,True,1,1,NO_EQUIPMENT_ID;NO_PURPOSE;NO_FEMALE_CLIP
ea_shoulder_extension,Shoulder Extension,Разгибание плеча,,None,2,1,beginner,10,False,False,3,0,,exercises/men/Shoulders/shoulder extension.mp4,,assets/posters/men/ea_shoulder_extension.jpg,,,False,False,Shoulders,False,True,True,1,1,NO_EQUIPMENT_ID;NO_CONTRAINDICATION_TAGS;NO_PURPOSE;NO_FEMALE_CLIP
ea_side_bend_standing_lats_stretch,Side Bend Standing Lats Stretch,Растяжка широчайших мышц спины в наклоне в сторону стоя,,None (Bodyweight),0,0,beginner,10,True,True,5,0,,exercises/men/Stretching - Mobility/Side Bend Standing Lats Stretch.mp4,exercises/girl/Stretching - Mobility/Side Bend Standing Lats Stretch.mp4,assets/posters/men/ea_side_bend_standing_lats_stretch.jpg,assets/posters/girl/ea_side_bend_standing_lats_stretch.jpg,,False,True,Stretching - Mobility,False,True,True,2,1,NO_EQUIPMENT_ID;NO_CONTRAINDICATION_TAGS;NO_MUSCLES;NO_PRIMARY_MUSCLES;SHARED_SUMMARY
ea_side_chest_stretch_on_wall,Side Chest Stretch on Wall,Растяжка грудных мышц у стены в сторону,,Wall,0,0,beginner,10,True,True,5,0,,exercises/men/Stretching - Mobility/Side Chest Stretch On Wall.mp4,exercises/girl/Stretching - Mobility/Side Chest Stretch On Wall.mp4,assets/posters/men/ea_side_chest_stretch_on_wall.jpg,assets/posters/girl/ea_side_chest_stretch_on_wall.jpg,,False,True,Stretching - Mobility,False,True,True,1,1,NO_EQUIPMENT_ID;NO_CONTRAINDICATION_TAGS;NO_MUSCLES;NO_PRIMARY_MUSCLES
ea_side_lateral_raise_resistance_band,Side Lateral Raise Resistance Band,Подъёмы рук в стороны с резиновой лентой,resistance_bands,Resistance Band,2,1,beginner,10,False,False,4,1,shoulder,exercises/men/Shoulders/side lateral raise resistance band.mp4,,assets/posters/men/ea_side_lateral_raise_resistance_band.jpg,,,False,False,Shoulders,False,True,True,1,1,NO_PURPOSE;NO_FEMALE_CLIP
ea_side_lunges_bodyweight,Side Lunges Bodyweight,Боковые выпады без отягощения,,None (Bodyweight),3,2,beginner,10,False,False,4,2,hip|knee,exercises/men/Legs/side lunges bodyweight.mp4,,assets/posters/men/ea_side_lunges_bodyweight.jpg,,lunge,True,False,Legs,False,True,True,1,1,NO_EQUIPMENT_ID;NO_PURPOSE;NO_FEMALE_CLIP
ea_side_lying_floor_stretch,Side Lying Floor Stretch,Растяжка на полу лежа на боку,,None,3,1,beginner,10,False,False,4,1,hip,exercises/men/Stretching - Mobility/side lying floor stretch.mp4,,assets/posters/men/ea_side_lying_floor_stretch.jpg,,,False,True,Stretching - Mobility,False,True,True,1,1,NO_EQUIPMENT_ID;NO_PURPOSE;NO_FEMALE_CLIP
ea_side_lying_leg_lift_left,Side Lying Leg Lift Left,Подъём левой ноги лежа на боку,,None,1,1,beginner,10,False,False,4,1,hip,exercises/men/Legs/side lying leg lift left.mp4,,assets/posters/men/ea_side_lying_leg_lift_left.jpg,,,False,False,Legs,False,True,True,1,1,NO_EQUIPMENT_ID;NO_PURPOSE;NO_FEMALE_CLIP
ea_side_lying_leg_lift_right,Side Lying Leg Lift Right,Подъём правой ноги лежа на боку,,None,1,1,beginner,10,False,False,4,1,hip,exercises/men/Legs/side lying leg lift right.mp4,,assets/posters/men/ea_side_lying_leg_lift_right.jpg,,,False,False,Legs,False,True,True,1,1,NO_EQUIPMENT_ID;NO_PURPOSE;NO_FEMALE_CLIP
ea_side_lying_parsva_savasana_variation,Side Lying Parsva Savasana Variation,Вариация Паршва Шавасаны лежа на боку,,None (Bodyweight),0,0,beginner,10,True,True,5,1,hip,exercises/men/Yoga/Side Lying Parsva Savasana Variation.mp4,exercises/girl/Yoga/Side Lying Parsva Savasana Variation.mp4,assets/posters/men/ea_side_lying_parsva_savasana_variation.jpg,assets/posters/girl/ea_side_lying_parsva_savasana_variation.jpg,,False,True,Yoga,False,True,True,1,1,NO_EQUIPMENT_ID;NO_MUSCLES;NO_PRIMARY_MUSCLES
ea_side_plank,Side Plank,Боковая планка,,None (Bodyweight),3,1,beginner,10,False,False,4,2,elbow|wrist,exercises/men/Abdominals/side plank.mp4,,assets/posters/men/ea_side_plank.jpg,,pushup,True,False,Abdominals,False,True,True,1,1,NO_EQUIPMENT_ID;NO_PURPOSE;NO_FEMALE_CLIP
ea_side_plank_oblique_crunch,Side Plank Oblique Crunch,Косые скручивания в боковой планке,,None (Bodyweight),2,1,beginner,10,False,False,4,4,elbow|lower_back|neck|wrist,exercises/men/Abdominals/side plank oblique crunch.mp4,,assets/posters/men/ea_side_plank_oblique_crunch.jpg,,,False,False,Abdominals,False,True,True,1,1,NO_EQUIPMENT_ID;NO_PURPOSE;NO_FEMALE_CLIP
ea_side_plank_with_hip_lift,Side Plank with Hip Lift,Боковая планка с подъемом бедра,,None (Bodyweight),2,1,beginner,10,False,False,4,2,elbow|wrist,exercises/men/Yoga/Side plank with hip lift.mp4,,assets/posters/men/ea_side_plank_with_hip_lift.jpg,,pushup,True,True,Yoga,False,True,True,1,1,NO_EQUIPMENT_ID;NO_PURPOSE;NO_FEMALE_CLIP
ea_side_to_side_punch,Side to Side Punch,Удары в стороны,,None,3,1,beginner,10,False,False,4,0,,exercises/men/Calisthenics-Cardio-Plyo-Functional/side to side punch.mp4,,assets/posters/men/ea_side_to_side_punch.jpg,,,False,False,Calisthenics-Cardio-Plyo-Functional,False,True,True,1,1,NO_EQUIPMENT_ID;NO_CONTRAINDICATION_TAGS;NO_PURPOSE;NO_FEMALE_CLIP
ea_side_to_side_push_up,Side to Side Push Up,Отжимания из стороны в сторону,,None,3,2,beginner,10,False,False,4,3,elbow|shoulder|wrist,exercises/men/Chest/Side to side push up.mp4,,assets/posters/men/ea_side_to_side_push_up.jpg,,pushup,True,False,Chest,False,True,True,1,1,NO_EQUIPMENT_ID;NO_PURPOSE;NO_FEMALE_CLIP
ea_side_wrist_pull_stretch,Side Wrist Pull Stretch,Растяжка запястья в сторону,,None,0,0,beginner,10,False,False,4,0,,exercises/men/Stretching - Mobility/side wrist pull stretch.mp4,,assets/posters/men/ea_side_wrist_pull_stretch.jpg,,,False,True,Stretching - Mobility,False,True,True,5,1,NO_EQUIPMENT_ID;NO_CONTRAINDICATION_TAGS;NO_MUSCLES;NO_PRIMARY_MUSCLES;NO_PURPOSE;NO_FEMALE_CLIP;SHARED_SUMMARY
ea_single_arm_cable_row_left,Single Arm Cable Row Left,Тяга блока одной рукой (левая),cable_machine,Cable Pulley Machine,4,1,beginner,10,False,False,4,1,upper_back,exercises/men/Back/single arm cable row left.mp4,,assets/posters/men/ea_single_arm_cable_row_left.jpg,,,False,False,Back,False,True,True,1,1,NO_PURPOSE;NO_FEMALE_CLIP
ea_single_arm_cable_row_right,Single Arm Cable Row Right,Тяга блока одной рукой (правая),cable_machine,Cable Pulley Machine,4,1,beginner,10,False,False,4,1,upper_back,exercises/men/Back/single arm cable row right.mp4,,assets/posters/men/ea_single_arm_cable_row_right.jpg,,,False,False,Back,False,True,True,1,1,NO_PURPOSE;NO_FEMALE_CLIP
ea_single_arm_extended_pull_downwards_biceps_stretch,Single Arm Extended Pull Downwards Biceps Stretch,Растяжка бицепса одной рукой с вытянутой рукой вниз,,None (Bodyweight),0,0,beginner,10,True,True,5,0,,exercises/men/Stretching - Mobility/Single Arm Extended Pull Downwards Biceps Stretch.mp4,exercises/girl/Stretching - Mobility/Single Arm Extended Pull Downwards Biceps Stretch.mp4,assets/posters/men/ea_single_arm_extended_pull_downwards_biceps_stretch.jpg,assets/posters/girl/ea_single_arm_extended_pull_downwards_biceps_stretch.jpg,,False,True,Stretching - Mobility,False,True,True,1,1,NO_EQUIPMENT_ID;NO_CONTRAINDICATION_TAGS;NO_MUSCLES;NO_PRIMARY_MUSCLES
ea_single_arm_on_wall_side_biceps_stretch,Single Arm on Wall Side Biceps Stretch,Растяжка бицепса одной рукой у стены в сторону,,Wall,0,0,beginner,10,True,True,5,0,,exercises/men/Stretching - Mobility/Single Arm On Wall Side Biceps Stretch.mp4,exercises/girl/Stretching - Mobility/Single Arm On Wall Side Biceps Stretch.mp4,assets/posters/men/ea_single_arm_on_wall_side_biceps_stretch.jpg,assets/posters/girl/ea_single_arm_on_wall_side_biceps_stretch.jpg,,False,True,Stretching - Mobility,False,True,True,1,1,NO_EQUIPMENT_ID;NO_CONTRAINDICATION_TAGS;NO_MUSCLES;NO_PRIMARY_MUSCLES
ea_single_arm_overhead_extension_resistance_band,Single Arm Overhead Extension Resistance Band,Разгибание одной руки над головой с резиновой лентой,resistance_bands,Resistance Band,3,1,beginner,10,False,False,4,2,elbow|shoulder,exercises/men/Triceps/single arm overhead extension resistance band.mp4,,assets/posters/men/ea_single_arm_overhead_extension_resistance_band.jpg,,,False,False,Triceps,False,True,True,1,1,NO_PURPOSE;NO_FEMALE_CLIP
ea_single_arm_palm_down_on_wall_biceps_stretch,Single Arm Palm Down on Wall Biceps Stretch,Растяжка бицепса одной рукой у стены ладонью вниз,,Wall,0,0,beginner,10,True,True,5,0,,exercises/men/Stretching - Mobility/Single Arm Palm Down On Wall Biceps Stretch.mp4,exercises/girl/Stretching - Mobility/Single Arm Palm Down On Wall Biceps Stretch.mp4,assets/posters/men/ea_single_arm_palm_down_on_wall_biceps_stretch.jpg,assets/posters/girl/ea_single_arm_palm_down_on_wall_biceps_stretch.jpg,,False,True,Stretching - Mobility,False,True,True,1,1,NO_EQUIPMENT_ID;NO_CONTRAINDICATION_TAGS;NO_MUSCLES;NO_PRIMARY_MUSCLES
ea_single_arm_standing_low_cable_row,Single Arm Standing Low Cable Row,Тяга нижнего блока одной рукой стоя,cable_machine,Cable Pulley Machine,4,1,beginner,10,False,False,4,1,upper_back,exercises/men/Back/single arm standing low cable row.mp4,,assets/posters/men/ea_single_arm_standing_low_cable_row.jpg,,,False,False,Back,False,True,True,1,1,NO_PURPOSE;NO_FEMALE_CLIP
ea_single_dumbbell_biceps_curls,Single Dumbbell Biceps Curls,Сгибания на бицепс с одной гантелью,dumbbell,Dumbbells,2,1,beginner,10,False,False,3,1,elbow,exercises/men/Biceps/Single Dumbbell Biceps Curls.mp4,,assets/posters/men/ea_single_dumbbell_biceps_curls.jpg,,,False,False,Biceps,False,True,True,1,1,NO_PURPOSE;NO_FEMALE_CLIP
ea_single_kettlebell_deadlift,Single Kettlebell Deadlift,Становая тяга с одной гирей,kettlebell,Kettlebells,5,3,beginner,10,False,False,4,2,hip|lower_back,exercises/men/Back/Single Kettlebell Deadlift.mp4,,assets/posters/men/ea_single_kettlebell_deadlift.jpg,,hinge,True,False,Back,False,True,True,1,1,NO_PURPOSE;NO_FEMALE_CLIP
ea_single_kettlebell_sled_push,Single Kettlebell Sled Push,Толкание саней с одной гирей,kettlebell,Kettlebells,0,0,beginner,10,True,True,5,0,,exercises/men/Calisthenics-Cardio-Plyo-Functional/Single Kettlebell Sled Push.mp4,exercises/girl/Calisthenics-Cardio-Plyo-Functional/Single Kettlebell Sled Push.mp4,assets/posters/men/ea_single_kettlebell_sled_push.jpg,assets/posters/girl/ea_single_kettlebell_sled_push.jpg,,False,False,Calisthenics-Cardio-Plyo-Functional,False,True,True,1,1,NO_CONTRAINDICATION_TAGS;NO_MUSCLES;NO_PRIMARY_MUSCLES
ea_single_leg_calf_raise_leg_press_machine,Single Leg Calf Raise Leg Press Machine,Подъём на носки одной ногой в тренажере для жима ногами,leg_press,Leg press machine,3,1,beginner,10,False,False,4,3,ankle|hip|knee,exercises/men/Legs/single leg calf raise leg press machine.mp4,,assets/posters/men/ea_single_leg_calf_raise_leg_press_machine.jpg,,,False,False,Legs,False,True,True,1,1,NO_PURPOSE;NO_FEMALE_CLIP
ea_single_leg_incline_45_degree_leg_press_machine,Single Leg Incline 45 Degree Leg Press Machine,Жим ногами одной ногой под углом 45 градусов в тренажере,leg_press,Leg press machine,5,2,beginner,10,False,False,4,2,hip|knee,exercises/men/Legs/single leg incline 45 degree leg press machine.mp4,,assets/posters/men/ea_single_leg_incline_45_degree_leg_press_machine.jpg,,,False,False,Legs,False,True,True,1,1,NO_PURPOSE;NO_FEMALE_CLIP
ea_single_leg_romanian_deadlift_dumbbell,Single Leg Romanian Deadlift Dumbbell,Румынская становая тяга на одной ноге с гантелью,dumbbell,Dumbbells,5,2,beginner,10,False,False,4,2,hip|lower_back,exercises/men/Legs/single leg romanian deadlift dumbbell.mp4,,assets/posters/men/ea_single_leg_romanian_deadlift_dumbbell.jpg,,hinge,True,False,Legs,False,True,True,1,1,NO_PURPOSE;NO_FEMALE_CLIP
ea_single_leg_romanian_deadlifts_right_cable_resistance_band,Single Leg Romanian Deadlifts Right Cable Resistance Band,Румынская становая тяга на одной ноге (правая) с резиновой лентой,cable_machine,Resistance Band,3,2,beginner,10,False,False,4,2,hip|lower_back,exercises/men/Legs/single leg romanian deadlifts right cable resistance band.mp4,,assets/posters/men/ea_single_leg_romanian_deadlifts_right_cable_resistance_band.jpg,,,False,False,Legs,False,True,True,1,1,NO_PURPOSE;NO_FEMALE_CLIP
ea_sissy_squat_bodyweight,Sissy Squat Bodyweight,Приседания Зисси с собственным весом,bench_press,Bench,1,0,beginner,10,True,True,5,3,ankle|hip|knee,exercises/men/Legs/Sissy Squat Bodyweight.mp4,exercises/girl/Legs/Sissy Squat Bodyweight.mp4,assets/posters/men/ea_sissy_squat_bodyweight.jpg,assets/posters/girl/ea_sissy_squat_bodyweight.jpg,,False,False,Legs,False,True,True,1,1,NO_PRIMARY_MUSCLES
ea_situps,Situps,Скручивания,,None,2,1,beginner,10,False,False,4,0,,exercises/men/Abdominals/Situps.mp4,,assets/posters/men/ea_situps.jpg,,situp,True,False,Abdominals,False,True,True,1,1,NO_EQUIPMENT_ID;NO_CONTRAINDICATION_TAGS;NO_PURPOSE;NO_FEMALE_CLIP
ea_skater_hops,Skater Hops,Прыжки конькобежца,,None (Bodyweight),0,0,beginner,10,True,True,5,2,ankle|knee,exercises/men/Calisthenics-Cardio-Plyo-Functional/Skater Hops.mp4,exercises/girl/Calisthenics-Cardio-Plyo-Functional/Skater Hops.mp4,assets/posters/men/ea_skater_hops.jpg,assets/posters/girl/ea_skater_hops.jpg,,False,False,Calisthenics-Cardio-Plyo-Functional,False,True,True,1,1,NO_EQUIPMENT_ID;NO_MUSCLES;NO_PRIMARY_MUSCLES
ea_ski_ergometer_cross_country_ski_alternating_arm_pull,Ski Ergometer Cross Country Ski Alternating Arm Pull,Лыжный эргометр: попеременная тяга руками (имитация беговых лыж),ski_erg,Ski Ergometer,4,2,beginner,10,False,False,4,1,upper_back,exercises/men/Calisthenics-Cardio-Plyo-Functional/Ski Ergometer Cross Country Ski Alternating Arm Pull.mp4,,assets/posters/men/ea_ski_ergometer_cross_country_ski_alternating_arm_pull.jpg,,,False,False,Calisthenics-Cardio-Plyo-Functional,False,True,True,2,2,NO_PURPOSE;NO_FEMALE_CLIP;SHARED_SUMMARY;SHARED_STEPS
ea_ski_ergometer_cross_country_ski_alternating_arm_pulls,Ski Ergometer Cross Country Ski Alternating Arm Pulls,Ски-эргометр: Попеременные тяги руками,ski_erg,Ski Ergometer,4,2,beginner,10,False,False,4,1,upper_back,,exercises/girl/Calisthenics-Cardio-Plyo-Functional/Ski Ergometer Cross Country Ski Alternating Arm Pulls.mp4,,assets/posters/girl/ea_ski_ergometer_cross_country_ski_alternating_arm_pulls.jpg,,False,False,Calisthenics-Cardio-Plyo-Functional,False,True,True,2,2,NO_PURPOSE;NO_MALE_CLIP;SHARED_SUMMARY;SHARED_STEPS
ea_ski_ergometer_cross_country_ski_basic_pull,Ski Ergometer Cross Country Ski Basic Pull,Ски-эргометр: Базовая тяга,ski_erg,Ski Ergometer,4,2,beginner,10,False,False,4,1,upper_back,exercises/men/Calisthenics-Cardio-Plyo-Functional/Ski Ergometer Cross Country Ski Basic Pull.mp4,exercises/girl/Calisthenics-Cardio-Plyo-Functional/Ski Ergometer Cross Country Ski Basic Pull.mp4,assets/posters/men/ea_ski_ergometer_cross_country_ski_basic_pull.jpg,assets/posters/girl/ea_ski_ergometer_cross_country_ski_basic_pull.jpg,,False,False,Calisthenics-Cardio-Plyo-Functional,False,True,True,2,1,NO_PURPOSE;SHARED_SUMMARY
ea_ski_ergometer_cross_country_ski_face_biceps_curl_pull,Ski Ergometer Cross Country Ski Face Biceps Curl Pull,Ски-эргометр: Тяга к лицу со сгибанием на бицепс,ski_erg,Ski Ergometer,3,1,beginner,10,False,False,4,1,elbow,exercises/men/Calisthenics-Cardio-Plyo-Functional/Ski Ergometer Cross Country Ski Face Biceps Curl Pull.mp4,exercises/girl/Calisthenics-Cardio-Plyo-Functional/Ski Ergometer Cross Country Ski Face Biceps Curl Pull.mp4,assets/posters/men/ea_ski_ergometer_cross_country_ski_face_biceps_curl_pull.jpg,assets/posters/girl/ea_ski_ergometer_cross_country_ski_face_biceps_curl_pull.jpg,,False,False,Calisthenics-Cardio-Plyo-Functional,False,True,True,1,1,NO_PURPOSE
ea_ski_ergometer_cross_country_ski_flyes,Ski Ergometer Cross Country Ski Flyes,Ски-эргометр: Разведения,ski_erg,Ski Ergometer,3,1,beginner,10,False,False,4,1,shoulder,exercises/men/Calisthenics-Cardio-Plyo-Functional/Ski Ergometer Cross Country Ski Flyes.mp4,exercises/girl/Calisthenics-Cardio-Plyo-Functional/Ski Ergometer Cross Country Ski Flyes.mp4,assets/posters/men/ea_ski_ergometer_cross_country_ski_flyes.jpg,assets/posters/girl/ea_ski_ergometer_cross_country_ski_flyes.jpg,,False,False,Calisthenics-Cardio-Plyo-Functional,False,True,True,1,1,NO_PURPOSE
ea_ski_ergometer_cross_country_ski_jump_squat_pull,Ski Ergometer Cross Country Ski Jump Squat Pull,Ски-эргометр: Тяга с приседом в прыжке,ski_erg,Ski Ergometer,7,4,beginner,10,False,False,4,3,ankle|hip|knee,exercises/men/Calisthenics-Cardio-Plyo-Functional/Ski Ergometer Cross Country Ski Jump Squat pull.mp4,exercises/girl/Calisthenics-Cardio-Plyo-Functional/Ski Ergometer Cross Country Ski Jump Squat pull.mp4,assets/posters/men/ea_ski_ergometer_cross_country_ski_jump_squat_pull.jpg,assets/posters/girl/ea_ski_ergometer_cross_country_ski_jump_squat_pull.jpg,,False,False,Calisthenics-Cardio-Plyo-Functional,False,True,True,3,1,NO_PURPOSE;SHARED_SUMMARY
ea_ski_ergometer_cross_country_ski_kneeling_reverse_fly_pull,Ski Ergometer Cross Country Ski Kneeling Reverse Fly Pull,Ски-эргометр: Тяга обратных разведений с колен,ski_erg,Ski Ergometer,3,2,beginner,10,False,False,4,3,knee|shoulder|upper_back,exercises/men/Calisthenics-Cardio-Plyo-Functional/Ski Ergometer Cross Country Ski Kneeling Reverse Fly Pull.mp4,exercises/girl/Calisthenics-Cardio-Plyo-Functional/Ski Ergometer Cross Country Ski Kneeling Reverse Fly Pull.mp4,assets/posters/men/ea_ski_ergometer_cross_country_ski_kneeling_reverse_fly_pull.jpg,assets/posters/girl/ea_ski_ergometer_cross_country_ski_kneeling_reverse_fly_pull.jpg,,False,False,Calisthenics-Cardio-Plyo-Functional,False,True,True,1,1,NO_PURPOSE
ea_ski_ergometer_cross_country_ski_pullover_pull,Ski Ergometer Cross Country Ski Pullover Pull,Ски-эргометр: Пуловер-тяга,ski_erg,Ski Ergometer,4,2,beginner,10,False,False,4,1,shoulder,exercises/men/Calisthenics-Cardio-Plyo-Functional/Ski Ergometer Cross Country Ski pullover pull.mp4,exercises/girl/Calisthenics-Cardio-Plyo-Functional/Ski Ergometer Cross Country Ski pullover pull.mp4,assets/posters/men/ea_ski_ergometer_cross_country_ski_pullover_pull.jpg,assets/posters/girl/ea_ski_ergometer_cross_country_ski_pullover_pull.jpg,,False,False,Calisthenics-Cardio-Plyo-Functional,False,True,True,1,1,NO_PURPOSE
ea_ski_ergometer_cross_country_ski_reverse_fly_pull,Ski Ergometer Cross Country Ski Reverse Fly Pull,Ски-эргометр: Тяга обратных разведений,ski_erg,Ski Ergometer,4,3,beginner,10,False,False,4,2,shoulder|upper_back,exercises/men/Calisthenics-Cardio-Plyo-Functional/Ski Ergometer Cross Country Ski Reverse Fly Pull.mp4,exercises/girl/Calisthenics-Cardio-Plyo-Functional/Ski Ergometer Cross Country Ski Reverse Fly Pull.mp4,assets/posters/men/ea_ski_ergometer_cross_country_ski_reverse_fly_pull.jpg,assets/posters/girl/ea_ski_ergometer_cross_country_ski_reverse_fly_pull.jpg,,False,False,Calisthenics-Cardio-Plyo-Functional,False,True,True,1,1,NO_PURPOSE
ea_ski_ergometer_cross_country_ski_reverse_lunge_pull,Ski Ergometer Cross Country Ski Reverse Lunge Pull,Ски-эргометр: Тяга с обратным выпадом,ski_erg,Ski Ergometer,7,4,beginner,10,False,False,4,2,hip|knee,exercises/men/Calisthenics-Cardio-Plyo-Functional/Ski Ergometer Cross Country Ski Reverse Lunge pull.mp4,exercises/girl/Calisthenics-Cardio-Plyo-Functional/Ski Ergometer Cross Country Ski Reverse Lunge pull.mp4,assets/posters/men/ea_ski_ergometer_cross_country_ski_reverse_lunge_pull.jpg,assets/posters/girl/ea_ski_ergometer_cross_country_ski_reverse_lunge_pull.jpg,,False,False,Calisthenics-Cardio-Plyo-Functional,False,True,True,3,1,NO_PURPOSE;SHARED_SUMMARY
ea_ski_ergometer_cross_country_ski_reverse_triceps_extension_pull,Ski Ergometer Cross Country Ski Reverse Triceps Extension Pull,Ски-эргометр: Тяга с обратным разгибанием на трицепс,ski_erg,Ski Ergometer,2,1,beginner,10,False,False,4,1,elbow,exercises/men/Calisthenics-Cardio-Plyo-Functional/Ski Ergometer Cross Country Ski reverse triceps extension pull.mp4,exercises/girl/Calisthenics-Cardio-Plyo-Functional/Ski Ergometer Cross Country Ski reverse triceps extension pull.mp4,assets/posters/men/ea_ski_ergometer_cross_country_ski_reverse_triceps_extension_pull.jpg,assets/posters/girl/ea_ski_ergometer_cross_country_ski_reverse_triceps_extension_pull.jpg,,False,False,Calisthenics-Cardio-Plyo-Functional,False,True,True,1,1,NO_PURPOSE
ea_ski_ergometer_cross_country_ski_squat_pull_half_circles,Ski Ergometer Cross Country Ski Squat Pull Half Circles,Ски-эргометр: Тяга с приседом полукругом,ski_erg,Ski Ergometer,8,4,beginner,10,False,False,4,3,ankle|hip|knee,exercises/men/Calisthenics-Cardio-Plyo-Functional/Ski Ergometer Cross Country Ski Squat pull half circles.mp4,exercises/girl/Calisthenics-Cardio-Plyo-Functional/Ski Ergometer Cross Country Ski Squat pull half circles.mp4,assets/posters/men/ea_ski_ergometer_cross_country_ski_squat_pull_half_circles.jpg,assets/posters/girl/ea_ski_ergometer_cross_country_ski_squat_pull_half_circles.jpg,,False,False,Calisthenics-Cardio-Plyo-Functional,False,True,True,2,1,NO_PURPOSE;SHARED_SUMMARY
ea_ski_ergometer_cross_country_ski_squat_wide_lat_pull,Ski Ergometer Cross Country Ski Squat Wide Lat Pull,Ски-эргометр: Тяга широким хватом с приседом,ski_erg,Ski Ergometer,8,4,beginner,10,False,False,4,3,ankle|hip|knee,exercises/men/Calisthenics-Cardio-Plyo-Functional/Ski Ergometer Cross Country Ski Squat wide lat pull.mp4,exercises/girl/Calisthenics-Cardio-Plyo-Functional/Ski Ergometer Cross Country Ski Squat wide lat pull.mp4,assets/posters/men/ea_ski_ergometer_cross_country_ski_squat_wide_lat_pull.jpg,assets/posters/girl/ea_ski_ergometer_cross_country_ski_squat_wide_lat_pull.jpg,,False,False,Calisthenics-Cardio-Plyo-Functional,False,True,True,3,1,NO_PURPOSE;SHARED_SUMMARY
ea_ski_ergometer_cross_country_ski_triceps_extension_pull,Ski Ergometer Cross Country Ski Triceps Extension Pull,Ски-эргометр: Тяга с разгибанием на трицепс,ski_erg,Ski Ergometer,2,1,beginner,10,False,False,4,1,elbow,exercises/men/Calisthenics-Cardio-Plyo-Functional/Ski Ergometer Cross Country Ski Triceps extension pull.mp4,exercises/girl/Calisthenics-Cardio-Plyo-Functional/Ski Ergometer Cross Country Ski Triceps extension pull.mp4,assets/posters/men/ea_ski_ergometer_cross_country_ski_triceps_extension_pull.jpg,assets/posters/girl/ea_ski_ergometer_cross_country_ski_triceps_extension_pull.jpg,,False,False,Calisthenics-Cardio-Plyo-Functional,False,True,True,1,1,NO_PURPOSE
ea_skipping,Skipping,Прыжки со скакалкой (имитация),,None,7,3,beginner,10,False,False,3,0,,exercises/men/Calisthenics-Cardio-Plyo-Functional/skipping.mp4,,assets/posters/men/ea_skipping.jpg,,,False,False,Calisthenics-Cardio-Plyo-Functional,False,True,True,1,1,NO_EQUIPMENT_ID;NO_CONTRAINDICATION_TAGS;NO_PURPOSE;NO_FEMALE_CLIP
ea_sled_battle_rope_pull,Sled Battle Rope Pull,Тяга саней с канатом,battle_ropes,Battle Ropes,0,0,beginner,10,True,True,5,0,,exercises/men/Calisthenics-Cardio-Plyo-Functional/Sled Battle Rope Pull.mp4,exercises/girl/Calisthenics-Cardio-Plyo-Functional/Sled Battle Rope Pull.mp4,assets/posters/men/ea_sled_battle_rope_pull.jpg,assets/posters/girl/ea_sled_battle_rope_pull.jpg,,False,False,Calisthenics-Cardio-Plyo-Functional,False,True,True,1,1,NO_CONTRAINDICATION_TAGS;NO_MUSCLES;NO_PRIMARY_MUSCLES
ea_sled_drag_and_row,Sled Drag and Row,Тяга и гребля саней,weighted_sled,Sled,0,0,beginner,10,True,True,5,1,upper_back,exercises/men/Calisthenics-Cardio-Plyo-Functional/Sled Drag and Row.mp4,exercises/girl/Calisthenics-Cardio-Plyo-Functional/Sled Drag and Row.mp4,assets/posters/men/ea_sled_drag_and_row.jpg,assets/posters/girl/ea_sled_drag_and_row.jpg,,False,False,Calisthenics-Cardio-Plyo-Functional,False,True,True,1,1,NO_MUSCLES;NO_PRIMARY_MUSCLES
ea_smith_machine_bulgarian_split_squat,Smith Machine Bulgarian Split Squat,Машина Смита: Болгарский сплит-присед,smith_machine,Smith Machine,4,2,beginner,10,False,False,4,4,ankle|hip|knee|upper_back,exercises/men/Legs/smith machine bulgarian split squat.mp4,,assets/posters/men/ea_smith_machine_bulgarian_split_squat.jpg,,,False,False,Legs,False,True,True,1,1,NO_PURPOSE;NO_FEMALE_CLIP
ea_smith_machine_calf_raise,Smith Machine Calf Raise,Машина Смита: Подъём на носки,smith_machine,Smith Machine,3,1,beginner,10,False,False,4,2,ankle|upper_back,exercises/men/Legs/smith machine calf raise.mp4,,assets/posters/men/ea_smith_machine_calf_raise.jpg,,,False,False,Legs,False,True,True,1,1,NO_PURPOSE;NO_FEMALE_CLIP
ea_smith_machine_narrow_stance_heels_elevated_squats,Smith Machine Narrow Stance Heels Elevated Squats,Машина Смита: Приседы с узкой постановкой стоп и поднятыми пятками,smith_machine,Smith Machine,1,0,beginner,10,True,True,5,3,ankle|hip|knee,exercises/men/Legs/Smith Machine Narrow Stance Heels Elevated Squats.mp4,exercises/girl/Legs/Smith Machine Narrow Stance Heels Elevated Squats.mp4,assets/posters/men/ea_smith_machine_narrow_stance_heels_elevated_squats.jpg,assets/posters/girl/ea_smith_machine_narrow_stance_heels_elevated_squats.jpg,,False,False,Legs,False,True,True,1,1,NO_PRIMARY_MUSCLES
ea_smith_machine_press_decline,Smith Machine Press Decline,Машина Смита: Жим на наклонной скамье вниз головой,smith_machine,Smith Machine,3,1,beginner,10,False,False,4,1,shoulder,exercises/men/Chest/smith machine press decline.mp4,,assets/posters/men/ea_smith_machine_press_decline.jpg,,,False,False,Chest,False,True,True,1,1,NO_PURPOSE;NO_FEMALE_CLIP
ea_smith_machine_press_flat,Smith Machine Press Flat,Жим лёжа в машине Смита на горизонтальной скамье,smith_machine,Smith Machine,3,1,beginner,10,False,False,4,1,shoulder,exercises/men/Chest/smith machine press flat.mp4,,assets/posters/men/ea_smith_machine_press_flat.jpg,,,False,False,Chest,False,True,True,1,1,NO_PURPOSE;NO_FEMALE_CLIP
ea_smith_machine_press_incline,Smith Machine Press Incline,Жим в машине Смита на наклонной скамье,smith_machine,Smith Machine,3,1,beginner,10,False,False,4,1,shoulder,exercises/men/Chest/smith machine press incline.mp4,,assets/posters/men/ea_smith_machine_press_incline.jpg,,,False,False,Chest,False,True,True,1,1,NO_PURPOSE;NO_FEMALE_CLIP
ea_smith_machine_shoulder_press,Smith Machine Shoulder Press,Жим штанги над головой в машине Смита,smith_machine,Smith Machine,3,1,beginner,10,False,False,4,1,shoulder,exercises/men/Shoulders/smith machine shoulder press.mp4,,assets/posters/men/ea_smith_machine_shoulder_press.jpg,,,False,False,Shoulders,False,True,True,1,1,NO_PURPOSE;NO_FEMALE_CLIP
ea_spider_curl_barbell,Spider Curl Barbell,Спайдер-сгибание со штангой,bench_press,Barbell,2,1,beginner,10,False,False,4,1,elbow,exercises/men/Biceps/spider curl barbell.mp4,,assets/posters/men/ea_spider_curl_barbell.jpg,,curl,True,False,Biceps,False,True,True,1,1,NO_PURPOSE;NO_FEMALE_CLIP
ea_spider_curl_dumbbells_simultaneous,Spider Curl Dumbbells Simultaneous,Спайдер-сгибание с гантелями одновременно,bench_press,Dumbbells,2,1,beginner,10,False,False,4,1,elbow,exercises/men/Biceps/spider curl dumbbells simultaneous.mp4,,assets/posters/men/ea_spider_curl_dumbbells_simultaneous.jpg,,curl,True,False,Biceps,False,True,True,1,1,NO_PURPOSE;NO_FEMALE_CLIP
ea_spider_curl_ez_bar,Spider Curl Ez Bar,Спайдер-сгибание с EZ-грифом,adjustable_bench,Ez Bar,2,1,beginner,10,False,False,4,1,elbow,exercises/men/Biceps/spider curl ez bar.mp4,,assets/posters/men/ea_spider_curl_ez_bar.jpg,,curl,True,False,Biceps,False,True,True,1,1,NO_PURPOSE;NO_FEMALE_CLIP
ea_spider_plank,Spider Plank,Планка «Паук»,,None (Bodyweight),4,1,beginner,10,False,False,4,2,elbow|wrist,exercises/men/Abdominals/spider plank.mp4,,assets/posters/men/ea_spider_plank.jpg,,pushup,True,False,Abdominals,False,True,True,1,1,NO_EQUIPMENT_ID;NO_PURPOSE;NO_FEMALE_CLIP
ea_standing_ab_wheel_rollout,Standing Ab Wheel Rollout,Выкатывание ролика для пресса стоя,ab_wheel,Ab roller,4,1,beginner,10,False,False,4,0,,exercises/men/Abdominals/Standing Ab Wheel Rollout.mp4,exercises/girl/Abdominals/Standing Ab Wheel Rollout.mp4,assets/posters/men/ea_standing_ab_wheel_rollout.jpg,assets/posters/girl/ea_standing_ab_wheel_rollout.jpg,,False,False,Abdominals,False,True,True,1,1,NO_CONTRAINDICATION_TAGS;NO_PURPOSE
ea_standing_adductor_stretch,Standing Adductor Stretch,Растяжка приводящих мышц стоя,,none,4,1,beginner,10,False,False,4,0,,exercises/men/Stretching - Mobility/standing adductor stretch.mp4,,assets/posters/men/ea_standing_adductor_stretch.jpg,,,False,True,Stretching - Mobility,False,True,True,1,1,NO_EQUIPMENT_ID;NO_CONTRAINDICATION_TAGS;NO_PURPOSE;NO_FEMALE_CLIP
ea_standing_arnold_press_dumbbell,Standing Arnold Press Dumbbell,Жим Арнольда стоя с гантелями,dumbbell,Dumbbells,2,1,beginner,10,False,False,4,1,shoulder,exercises/men/Shoulders/standing arnold press dumbbell.mp4,,assets/posters/men/ea_standing_arnold_press_dumbbell.jpg,,,False,False,Shoulders,False,True,True,1,1,NO_PURPOSE;NO_FEMALE_CLIP
ea_standing_bow_hamstring_stretch,Standing Bow Hamstring Stretch,Растяжка подколенных сухожилий стоя,,none,4,1,beginner,10,False,False,4,0,,exercises/men/Stretching - Mobility/standing bow hamstring stretch.mp4,,assets/posters/men/ea_standing_bow_hamstring_stretch.jpg,,,False,True,Stretching - Mobility,False,True,True,1,1,NO_EQUIPMENT_ID;NO_CONTRAINDICATION_TAGS;NO_PURPOSE;NO_FEMALE_CLIP
ea_standing_cable_hip_flexion,Standing Cable Hip Flexion,Сгибание бедра в блочном тренажере стоя,cable_machine,Cable Pulley Machine,1,0,beginner,10,True,True,5,0,,exercises/men/Legs/Standing Cable Hip Flexion.mp4,exercises/girl/Legs/Standing Cable Hip Flexion.mp4,assets/posters/men/ea_standing_cable_hip_flexion.jpg,assets/posters/girl/ea_standing_cable_hip_flexion.jpg,,False,False,Legs,False,True,True,1,1,NO_CONTRAINDICATION_TAGS;NO_PRIMARY_MUSCLES
ea_standing_cable_oblique_twist,Standing Cable Oblique Twist,Скручивания на косые мышцы в блочном тренажере стоя,cable_machine,Cable Pulley Machine,3,1,beginner,10,False,False,4,0,,exercises/men/Abdominals/standing cable oblique twist.mp4,,assets/posters/men/ea_standing_cable_oblique_twist.jpg,,,False,False,Abdominals,False,True,True,1,1,NO_CONTRAINDICATION_TAGS;NO_PURPOSE;NO_FEMALE_CLIP
ea_standing_calf_raise_resistance_band,Standing Calf Raise Resistance Band,Подъёмы на носки стоя с резиновой лентой,resistance_bands,Resistance Band,3,1,beginner,10,False,False,4,1,ankle,exercises/men/Legs/standing calf raise resistance band.mp4,,assets/posters/men/ea_standing_calf_raise_resistance_band.jpg,,calf_raise,True,False,Legs,False,True,True,1,1,NO_PURPOSE;NO_FEMALE_CLIP
ea_standing_calf_raises_smith_machine,Standing Calf Raises Smith Machine,Подъёмы на носки в машине Смита стоя,smith_machine,Resistance Band,3,1,beginner,10,False,False,4,1,ankle,exercises/men/Legs/standing calf raises smith machine.mp4,,assets/posters/men/ea_standing_calf_raises_smith_machine.jpg,,,False,False,Legs,False,True,True,1,1,NO_PURPOSE;NO_FEMALE_CLIP
ea_standing_dumbbell_alternate_shoulder_press,Standing Dumbbell Alternate Shoulder Press,Жим гантелей над головой поочередно стоя,dumbbell,Dumbbells,3,1,beginner,10,False,False,4,1,shoulder,exercises/men/Shoulders/standing dumbbell alternate shoulder press.mp4,,assets/posters/men/ea_standing_dumbbell_alternate_shoulder_press.jpg,,overhead_press,True,False,Shoulders,False,True,True,2,1,NO_PURPOSE;NO_FEMALE_CLIP;SHARED_SUMMARY
ea_standing_front_raise_dumbbell,Standing Front Raise Dumbbell,Подъёмы гантелей перед собой стоя,dumbbell,Dumbbells,3,1,beginner,10,False,False,4,1,shoulder,exercises/men/Shoulders/standing front raise dumbbell.mp4,,assets/posters/men/ea_standing_front_raise_dumbbell.jpg,,,False,False,Shoulders,False,True,True,1,1,NO_PURPOSE;NO_FEMALE_CLIP
ea_standing_gastrocnemius_stretch,Standing Gastrocnemius Stretch,Растяжка икроножной мышцы стоя,adjustable_bench,Bench,2,1,beginner,10,False,False,4,0,,exercises/men/Stretching - Mobility/standing gastrocnemius stretch.mp4,,assets/posters/men/ea_standing_gastrocnemius_stretch.jpg,,,False,True,Stretching - Mobility,False,True,True,1,1,NO_CONTRAINDICATION_TAGS;NO_PURPOSE;NO_FEMALE_CLIP
ea_standing_hamstring_calf_stretch_with_resistance_band,Standing Hamstring Calf Stretch with Resistance Band,Растяжка бицепса бедра и икроножной мышцы стоя с резиновой лентой,resistance_bands,Resistance Band,4,1,beginner,10,False,False,4,1,ankle,exercises/men/Stretching - Mobility/standing hamstring calf stretch with resistance band.mp4,,assets/posters/men/ea_standing_hamstring_calf_stretch_with_resistance_band.jpg,,,False,True,Stretching - Mobility,False,True,True,1,1,NO_PURPOSE;NO_FEMALE_CLIP
ea_standing_lat_cable_pull_over,Standing Lat Cable Pull Over,Пуловер в блочном тренажере стоя,cable_machine,Cable Pulley Machine,3,1,beginner,10,False,False,4,0,,exercises/men/Back/standing lat cable pull over.mp4,,assets/posters/men/ea_standing_lat_cable_pull_over.jpg,,,False,False,Back,False,True,True,1,1,NO_CONTRAINDICATION_TAGS;NO_PURPOSE;NO_FEMALE_CLIP
ea_standing_lateral_stretch,Standing Lateral Stretch,Растяжка боковых мышц стоя,,None,1,1,beginner,10,False,False,4,0,,exercises/men/Stretching - Mobility/standing lateral stretch.mp4,,assets/posters/men/ea_standing_lateral_stretch.jpg,,,False,True,Stretching - Mobility,False,True,True,1,1,NO_EQUIPMENT_ID;NO_CONTRAINDICATION_TAGS;NO_PURPOSE;NO_FEMALE_CLIP
ea_standing_leg_elevated_hamstring_stretch,Standing Leg Elevated Hamstring Stretch,Растяжка бицепса бедра стоя с поднятой ногой,adjustable_bench,Bench,3,1,beginner,10,False,False,4,0,,exercises/men/Stretching - Mobility/standing leg elevated hamstring stretch.mp4,,assets/posters/men/ea_standing_leg_elevated_hamstring_stretch.jpg,,,False,True,Stretching - Mobility,False,True,True,1,1,NO_CONTRAINDICATION_TAGS;NO_PURPOSE;NO_FEMALE_CLIP
ea_standing_oblique_crunch,Standing Oblique Crunch,Скручивания на косые мышцы стоя,,None,4,1,beginner,10,False,False,4,2,lower_back|neck,exercises/men/Abdominals/standing oblique crunch.mp4,,assets/posters/men/ea_standing_oblique_crunch.jpg,,situp,True,False,Abdominals,False,True,True,1,1,NO_EQUIPMENT_ID;NO_PURPOSE;NO_FEMALE_CLIP
ea_standing_one_arm_chest_stretch,Standing One Arm Chest Stretch,Растяжка грудных мышц одной рукой стоя,,None,3,1,beginner,10,False,False,4,0,,exercises/men/Stretching - Mobility/standing one arm chest stretch.mp4,,assets/posters/men/ea_standing_one_arm_chest_stretch.jpg,,,False,True,Stretching - Mobility,False,True,True,1,1,NO_EQUIPMENT_ID;NO_CONTRAINDICATION_TAGS;NO_PURPOSE;NO_FEMALE_CLIP
ea_standing_overhand_shoulder_stretch,Standing Overhand Shoulder Stretch,Растяжка плеч над головой стоя,,None,3,1,beginner,10,False,False,4,0,,exercises/men/Shoulders/standing overhand shoulder stretch.mp4,,assets/posters/men/ea_standing_overhand_shoulder_stretch.jpg,,,False,False,Shoulders,False,True,True,1,1,NO_EQUIPMENT_ID;NO_CONTRAINDICATION_TAGS;NO_PURPOSE;NO_FEMALE_CLIP
ea_standing_quadriceps_stretch,Standing Quadriceps Stretch,Растяжка квадрицепса стоя,,None,2,1,beginner,10,False,False,4,0,,exercises/men/Stretching - Mobility/standing quadriceps stretch.mp4,exercises/girl/Stretching - Mobility/Standing Quadriceps Stretch.mp4,assets/posters/men/ea_standing_quadriceps_stretch.jpg,assets/posters/girl/ea_standing_quadriceps_stretch.jpg,,False,True,Stretching - Mobility,False,True,True,2,2,NO_EQUIPMENT_ID;NO_CONTRAINDICATION_TAGS;NO_PURPOSE;SHARED_SUMMARY;SHARED_STEPS
ea_standing_quadriceps_stretch_side_angle,Standing Quadriceps Stretch Side Angle,"Растяжка квадрицепса стоя, вид сбоку",,None,2,1,beginner,10,False,False,4,0,,exercises/men/Stretching - Mobility/Standing quadriceps stretch side angle.mp4,,assets/posters/men/ea_standing_quadriceps_stretch_side_angle.jpg,,,False,True,Stretching - Mobility,False,True,True,2,2,NO_EQUIPMENT_ID;NO_CONTRAINDICATION_TAGS;NO_PURPOSE;NO_FEMALE_CLIP;SHARED_SUMMARY;SHARED_STEPS
ea_standing_reverse_shoulder_stretch,Standing Reverse Shoulder Stretch,Обратная растяжка плеч стоя,,None,2,1,beginner,10,False,False,4,0,,exercises/men/Shoulders/standing reverse shoulder stretch.mp4,,assets/posters/men/ea_standing_reverse_shoulder_stretch.jpg,,,False,False,Shoulders,False,True,True,1,1,NO_EQUIPMENT_ID;NO_CONTRAINDICATION_TAGS;NO_PURPOSE;NO_FEMALE_CLIP
ea_standing_shoulder_press_dumbbell,Standing Shoulder Press Dumbbell,Жим гантелей стоя,dumbbell,Dumbbells,3,1,beginner,10,False,False,4,1,shoulder,exercises/men/Shoulders/Standing shoulder press dumbbell.mp4,,assets/posters/men/ea_standing_shoulder_press_dumbbell.jpg,,overhead_press,True,False,Shoulders,False,True,True,2,1,NO_PURPOSE;NO_FEMALE_CLIP;SHARED_SUMMARY
ea_standing_side_leg_raises,Standing Side Leg Raises,Подъёмы ног в сторону стоя,,None,1,1,beginner,10,False,False,4,1,hip,exercises/men/Legs/Standing Side leg raises.mp4,,assets/posters/men/ea_standing_side_leg_raises.jpg,,,False,False,Legs,False,True,True,1,1,NO_EQUIPMENT_ID;NO_PURPOSE;NO_FEMALE_CLIP
ea_standing_side_slope_stretch,Standing Side Slope Stretch,Растяжка боковых мышц стоя с наклоном,,None,2,1,beginner,10,False,False,4,0,,exercises/men/Stretching - Mobility/standing side slope stretch.mp4,,assets/posters/men/ea_standing_side_slope_stretch.jpg,,,False,True,Stretching - Mobility,False,True,True,1,1,NO_EQUIPMENT_ID;NO_CONTRAINDICATION_TAGS;NO_PURPOSE;NO_FEMALE_CLIP
ea_standing_straight_leg_hamstring_stretch,Standing Straight-leg Hamstring Stretch,Растяжка бицепса бедра стоя с прямой ногой,,None (Bodyweight),0,0,beginner,10,True,True,5,0,,exercises/men/Stretching - Mobility/Standing Straight-Leg Hamstring Stretch.mp4,exercises/girl/Stretching - Mobility/Standing Straight-Leg Hamstring Stretch.mp4,assets/posters/men/ea_standing_straight_leg_hamstring_stretch.jpg,assets/posters/girl/ea_standing_straight_leg_hamstring_stretch.jpg,,False,True,Stretching - Mobility,False,True,True,1,1,NO_EQUIPMENT_ID;NO_CONTRAINDICATION_TAGS;NO_MUSCLES;NO_PRIMARY_MUSCLES
ea_standing_swimmer,Standing Swimmer,Пловец стоя,,None,3,2,beginner,10,False,False,3,1,upper_back,exercises/men/Shoulders/standing swimmer.mp4,,assets/posters/men/ea_standing_swimmer.jpg,,,False,False,Shoulders,False,True,True,1,1,NO_EQUIPMENT_ID;NO_PURPOSE;NO_FEMALE_CLIP
ea_standing_toe_touch,Standing Toe Touch,Касание носков стоя,,None,5,2,beginner,10,False,False,4,1,lower_back,exercises/men/Calisthenics-Cardio-Plyo-Functional/standing toe touch.mp4,,assets/posters/men/ea_standing_toe_touch.jpg,,,False,False,Calisthenics-Cardio-Plyo-Functional,False,True,True,1,1,NO_EQUIPMENT_ID;NO_PURPOSE;NO_FEMALE_CLIP
ea_standing_y_raise,Standing Y Raise,Подъёмы рук в форме Y стоя,,None,2,1,beginner,10,False,False,4,1,shoulder,exercises/men/Shoulders/standing y raise.mp4,,assets/posters/men/ea_standing_y_raise.jpg,,,False,False,Shoulders,False,True,True,1,1,NO_EQUIPMENT_ID;NO_PURPOSE;NO_FEMALE_CLIP
ea_star_crunches,Star Crunches,Скручивания «Звезда»,,None,4,1,beginner,10,False,False,4,2,lower_back|neck,exercises/men/Abdominals/star crunches.mp4,,assets/posters/men/ea_star_crunches.jpg,,situp,True,False,Abdominals,False,True,True,1,1,NO_EQUIPMENT_ID;NO_PURPOSE;NO_FEMALE_CLIP
ea_star_jump,Star Jump,Прыжок «Звезда»,,None,6,3,beginner,10,False,False,4,2,ankle|knee,exercises/men/Calisthenics-Cardio-Plyo-Functional/star jump.mp4,,assets/posters/men/ea_star_jump.jpg,,,False,False,Calisthenics-Cardio-Plyo-Functional,False,True,True,1,1,NO_EQUIPMENT_ID;NO_PURPOSE;NO_FEMALE_CLIP
ea_stationary_exercise_bike,Stationary Exercise Bike,Велотренажер,exercise_bike,Stationary Exercise Bike,5,2,beginner,10,False,False,4,0,,exercises/men/Calisthenics-Cardio-Plyo-Functional/Stationary Exercise Bike.mp4,,assets/posters/men/ea_stationary_exercise_bike.jpg,,,False,False,Calisthenics-Cardio-Plyo-Functional,False,True,True,1,1,NO_CONTRAINDICATION_TAGS;NO_PURPOSE;NO_FEMALE_CLIP
ea_step_up_on_chair_bodyweight,Step Up on Chair Bodyweight,Зашагивания на стул с собственным весом,,None,5,2,beginner,10,False,False,4,2,hip|knee,exercises/men/Legs/step up on chair bodyweight.mp4,,assets/posters/men/ea_step_up_on_chair_bodyweight.jpg,,lunge,True,False,Legs,False,True,True,1,1,NO_EQUIPMENT_ID;NO_PURPOSE;NO_FEMALE_CLIP
ea_stepmill_machine_steps,Stepmill Machine Steps,Шаги на степмилле,stair_climber,Machine,0,0,beginner,10,True,True,5,1,knee,exercises/men/Calisthenics-Cardio-Plyo-Functional/Stepmill machine Steps.mp4,exercises/girl/Calisthenics-Cardio-Plyo-Functional/Stepmill Machine Steps.mp4,assets/posters/men/ea_stepmill_machine_steps.jpg,assets/posters/girl/ea_stepmill_machine_steps.jpg,,False,False,Calisthenics-Cardio-Plyo-Functional,False,True,True,1,1,NO_MUSCLES;NO_PRIMARY_MUSCLES
ea_straight_arm_cable_lat_pull_down,Straight Arm Cable Lat Pull Down,Тяга верхнего блока прямыми руками,cable_machine,Cable Pulley Machine,1,0,beginner,10,True,True,5,0,,exercises/men/Back/Straight Arm Cable Lat Pull Down.mp4,exercises/girl/Back/Straight Arm Cable Lat Pull Down.mp4,assets/posters/men/ea_straight_arm_cable_lat_pull_down.jpg,assets/posters/girl/ea_straight_arm_cable_lat_pull_down.jpg,,False,False,Back,False,True,True,1,1,NO_CONTRAINDICATION_TAGS;NO_PRIMARY_MUSCLES
ea_straight_bar_cable_pull_down,Straight Bar Cable Pull Down,Тяга верхнего блока прямым грифом,lat_pulldown,Lat Pull Down Machine (Cable),5,1,beginner,10,False,False,4,0,,exercises/men/Back/straight bar cable pull down.mp4,,assets/posters/men/ea_straight_bar_cable_pull_down.jpg,,,False,False,Back,False,True,True,1,1,NO_CONTRAINDICATION_TAGS;NO_PURPOSE;NO_FEMALE_CLIP
ea_straight_bar_cable_row_close_grip,Straight Bar Cable Row Close Grip,Тяга блока к поясу прямым грифом узким хватом,seated_row_machine,Cable Row Machine,5,1,beginner,10,False,False,4,2,elbow|upper_back,exercises/men/Back/straight bar cable row close grip.mp4,,assets/posters/men/ea_straight_bar_cable_row_close_grip.jpg,,,False,False,Back,False,True,True,1,1,NO_PURPOSE;NO_FEMALE_CLIP
ea_straight_bar_cable_row_normal_grip,Straight Bar Cable Row Normal Grip,Тяга блока к поясу прямым грифом обычным хватом,seated_row_machine,Cable Row Machine,5,1,beginner,10,False,False,4,1,upper_back,exercises/men/Back/straight bar cable row normal grip.mp4,,assets/posters/men/ea_straight_bar_cable_row_normal_grip.jpg,,,False,False,Back,False,True,True,1,1,NO_PURPOSE;NO_FEMALE_CLIP
ea_sumo_squat_in_between_legs_resistance_band,Sumo Squat in Between Legs Resistance Band,Присед сумо с резиновой лентой между ног,resistance_bands,Resistance Band,4,2,beginner,10,False,False,4,3,ankle|hip|knee,exercises/men/Legs/sumo squat in between legs resistance band.mp4,,assets/posters/men/ea_sumo_squat_in_between_legs_resistance_band.jpg,,squat,True,False,Legs,False,True,True,2,1,NO_PURPOSE;NO_FEMALE_CLIP;SHARED_SUMMARY
ea_sumo_squat_over_shoulder_resistance_band,Sumo Squat Over Shoulder Resistance Band,Присед сумо с резиновой лентой через плечо,resistance_bands,Resistance Band,5,2,beginner,10,False,False,4,3,ankle|hip|knee,exercises/men/Legs/Sumo squat over shoulder resistance band.mp4,,assets/posters/men/ea_sumo_squat_over_shoulder_resistance_band.jpg,,squat,True,False,Legs,False,True,True,2,1,NO_PURPOSE;NO_FEMALE_CLIP;SHARED_SUMMARY
ea_superman,Superman,Супермен,,None,4,2,beginner,10,False,False,4,1,lower_back,exercises/men/Back/superman.mp4,,assets/posters/men/ea_superman.jpg,,,False,False,Back,False,True,True,3,1,NO_EQUIPMENT_ID;NO_PURPOSE;NO_FEMALE_CLIP;SHARED_SUMMARY
ea_superman_holds,Superman Holds,Супермен (удержание),,None,4,2,beginner,10,False,False,4,1,lower_back,exercises/men/Yoga/superman holds.mp4,,assets/posters/men/ea_superman_holds.jpg,,,False,True,Yoga,False,True,True,3,1,NO_EQUIPMENT_ID;NO_PURPOSE;NO_FEMALE_CLIP;SHARED_SUMMARY
ea_superman_pulls,Superman Pulls,Супермен (тяги),,None,4,2,beginner,10,False,False,4,1,lower_back,exercises/men/Back/superman pulls.mp4,,assets/posters/men/ea_superman_pulls.jpg,,,False,False,Back,False,True,True,1,1,NO_EQUIPMENT_ID;NO_PURPOSE;NO_FEMALE_CLIP
ea_superman_pulls_resistance_band,Superman Pulls Resistance Band,Супермен (тяги с резиновой лентой),resistance_bands,Resistance Band,5,3,beginner,10,False,False,4,1,lower_back,exercises/men/Back/superman pulls resistance band.mp4,,assets/posters/men/ea_superman_pulls_resistance_band.jpg,,,False,False,Back,False,True,True,3,1,NO_PURPOSE;NO_FEMALE_CLIP;SHARED_SUMMARY
ea_supine_push_up,Supine Push Up,Подъём верхней части спины лёжа,,None,4,2,beginner,10,False,False,4,4,elbow|shoulder|upper_back|wrist,exercises/men/Back/Supine Push up.mp4,,assets/posters/men/ea_supine_push_up.jpg,,pushup,True,False,Back,False,True,True,1,1,NO_EQUIPMENT_ID;NO_PURPOSE;NO_FEMALE_CLIP
ea_suspension_trainer_with_grips_abdominal_fallout,Suspension Trainer with Grips Abdominal Fallout,Отведение рук в петлях TRX,trx,Suspension Trainer,4,1,beginner,10,False,False,4,0,,exercises/men/Abdominals/Suspension Trainer with Grips Abdominal Fallout.mp4,exercises/girl/Abdominals/Suspension Trainer with Grips Abdominal Fallout.mp4,assets/posters/men/ea_suspension_trainer_with_grips_abdominal_fallout.jpg,assets/posters/girl/ea_suspension_trainer_with_grips_abdominal_fallout.jpg,,False,False,Abdominals,False,True,True,1,1,NO_CONTRAINDICATION_TAGS;NO_PURPOSE
ea_suspension_trainer_with_grips_bent_knee_inverted_row,Suspension Trainer with Grips Bent Knee Inverted Row,Тяга в петлях TRX с согнутыми коленями,trx,Suspension Trainer,5,2,beginner,10,False,False,4,1,upper_back,exercises/men/Back/Suspension Trainer with Grips Bent Knee Inverted Row.mp4,exercises/girl/Back/Suspension Trainer with Grips Bent Knee Inverted Row.mp4,assets/posters/men/ea_suspension_trainer_with_grips_bent_knee_inverted_row.jpg,assets/posters/girl/ea_suspension_trainer_with_grips_bent_knee_inverted_row.jpg,,False,False,Back,False,True,True,1,1,NO_PURPOSE
ea_suspension_trainer_with_grips_chest_fly,Suspension Trainer with Grips Chest Fly,Разведение рук в петлях TRX,trx,Suspension Trainer,4,1,beginner,10,False,False,4,1,shoulder,exercises/men/Chest/Suspension Trainer with Grips Chest Fly.mp4,exercises/girl/Chest/Suspension Trainer with Grips Chest Fly.mp4,assets/posters/men/ea_suspension_trainer_with_grips_chest_fly.jpg,assets/posters/girl/ea_suspension_trainer_with_grips_chest_fly.jpg,,False,False,Chest,False,True,True,1,1,NO_PURPOSE
ea_suspension_trainer_with_grips_chin_up,Suspension Trainer with Grips Chin-up,Подтягивания в петлях TRX обратным хватом,trx,Suspension Trainer,4,2,beginner,10,False,False,4,2,elbow|shoulder,exercises/men/Back/Suspension Trainer with Grips Chin-up.mp4,exercises/girl/Back/Suspension Trainer with Grips Chin-up.mp4,assets/posters/men/ea_suspension_trainer_with_grips_chin_up.jpg,assets/posters/girl/ea_suspension_trainer_with_grips_chin_up.jpg,,False,False,Back,False,True,True,1,1,NO_PURPOSE
ea_suspension_trainer_with_grips_decline_push_up,Suspension Trainer with Grips Decline Push-up,Отжимания в петлях TRX (ноги выше головы),trx,Suspension Trainer,4,1,beginner,10,False,False,4,3,elbow|shoulder|wrist,exercises/men/Chest/Suspension Trainer with Grips Decline Push-up.mp4,,assets/posters/men/ea_suspension_trainer_with_grips_decline_push_up.jpg,,,False,False,Chest,False,True,True,1,1,NO_PURPOSE;NO_FEMALE_CLIP
ea_suspension_trainer_with_grips_face_pull,Suspension Trainer with Grips Face Pull,Тяга к лицу в петлях TRX,trx,Suspension Trainer,3,1,beginner,10,False,False,4,2,shoulder|upper_back,exercises/men/Shoulders/Suspension Trainer with Grips Face Pull.mp4,exercises/girl/Shoulders/Suspension Trainer with Grips Face Pull.mp4,assets/posters/men/ea_suspension_trainer_with_grips_face_pull.jpg,assets/posters/girl/ea_suspension_trainer_with_grips_face_pull.jpg,,False,False,Shoulders,False,True,True,1,1,NO_PURPOSE
ea_suspension_trainer_with_grips_front_raise,Suspension Trainer with Grips Front Raise,Подъёмы рук вперёд в петлях TRX,trx,Suspension Trainer,3,1,beginner,10,False,False,4,1,shoulder,exercises/men/Shoulders/Suspension Trainer with Grips Front Raise.mp4,exercises/girl/Shoulders/Suspension Trainer with Grips Front Raise.mp4,assets/posters/men/ea_suspension_trainer_with_grips_front_raise.jpg,assets/posters/girl/ea_suspension_trainer_with_grips_front_raise.jpg,,False,False,Shoulders,False,True,True,1,1,NO_PURPOSE
ea_suspension_trainer_with_grips_hanging_knees_to_elbows,Suspension Trainer with Grips Hanging Knees to Elbows,Подъём коленей к локтям в висе на петлях TRX,trx,Suspension Trainer,5,1,beginner,10,False,False,4,0,,exercises/men/Abdominals/Suspension Trainer with Grips Hanging Knees to Elbows.mp4,,assets/posters/men/ea_suspension_trainer_with_grips_hanging_knees_to_elbows.jpg,,,False,False,Abdominals,False,True,True,3,1,NO_CONTRAINDICATION_TAGS;NO_PURPOSE;NO_FEMALE_CLIP;SHARED_SUMMARY
ea_suspension_trainer_with_grips_hanging_leg_hip_raise,Suspension Trainer with Grips Hanging Leg Hip Raise,Подъём ног и таза в висе на петлях TRX,trx,Suspension Trainer,5,2,beginner,10,False,False,4,1,lower_back,exercises/men/Abdominals/Suspension Trainer with Grips Hanging Leg Hip Raise.mp4,exercises/girl/Abdominals/Suspension Trainer with Grips Hanging Leg Hip Raise.mp4,assets/posters/men/ea_suspension_trainer_with_grips_hanging_leg_hip_raise.jpg,assets/posters/girl/ea_suspension_trainer_with_grips_hanging_leg_hip_raise.jpg,,False,False,Abdominals,False,True,True,3,1,NO_PURPOSE;SHARED_SUMMARY
ea_suspension_trainer_with_grips_hanging_straight_leg_hip_raise,Suspension Trainer with Grips Hanging Straight Leg Hip Raise,Подъём прямых ног в висе на петлях для функционального тренинга,trx,Suspension Trainer,5,2,beginner,10,False,False,4,1,lower_back,exercises/men/Abdominals/Suspension Trainer with Grips Hanging Straight Leg Hip Raise.mp4,exercises/girl/Abdominals/Suspension Trainer with Grips Hanging Straight Leg Hip Raise.mp4,assets/posters/men/ea_suspension_trainer_with_grips_hanging_straight_leg_hip_raise.jpg,assets/posters/girl/ea_suspension_trainer_with_grips_hanging_straight_leg_hip_raise.jpg,,False,False,Abdominals,False,True,True,3,1,NO_PURPOSE;SHARED_SUMMARY
ea_suspension_trainer_with_grips_high_row,Suspension Trainer with Grips High Row,Высокая тяга в петлях для функционального тренинга,trx,Suspension Trainer,5,2,beginner,10,False,False,4,1,upper_back,exercises/men/Back/Suspension Trainer with Grips High Row.mp4,exercises/girl/Back/Suspension Trainer with Grips High Row.mp4,assets/posters/men/ea_suspension_trainer_with_grips_high_row.jpg,assets/posters/girl/ea_suspension_trainer_with_grips_high_row.jpg,,False,False,Back,False,True,True,1,1,NO_PURPOSE
ea_suspension_trainer_with_grips_hip_bridge,Suspension Trainer with Grips Hip Bridge,Ягодичный мост в петлях для функционального тренинга,trx,Suspension Trainer,4,1,beginner,10,False,False,4,1,hip,exercises/men/Legs/Suspension Trainer with Grips Hip Bridge.mp4,exercises/girl/Legs/Suspension Trainer with Grips Hip Bridge.mp4,assets/posters/men/ea_suspension_trainer_with_grips_hip_bridge.jpg,assets/posters/girl/ea_suspension_trainer_with_grips_hip_bridge.jpg,,False,False,Legs,False,True,True,1,1,NO_PURPOSE
ea_suspension_trainer_with_grips_inverted_row,Suspension Trainer with Grips Inverted Row,Обратная тяга в петлях для функционального тренинга,trx,Suspension Trainer,6,2,beginner,10,False,False,4,1,upper_back,exercises/men/Shoulders/Suspension Trainer with Grips Inverted Row.mp4,exercises/girl/Back/Suspension Trainer with Grips Inverted Row.mp4,assets/posters/men/ea_suspension_trainer_with_grips_inverted_row.jpg,assets/posters/girl/ea_suspension_trainer_with_grips_inverted_row.jpg,,False,False,Back,False,True,True,1,1,NO_PURPOSE
ea_suspension_trainer_with_grips_inverted_row_arm_twist,Suspension Trainer with Grips Inverted Row Arm Twist,Обратная тяга в петлях для функционального тренинга с поворотом рук,trx,Suspension Trainer,5,2,beginner,10,False,False,4,1,upper_back,exercises/men/Back/Suspension Trainer with Grips Inverted Row Arm Twist.mp4,exercises/girl/Back/Suspension Trainer with Grips Inverted Row Arm Twist.mp4,assets/posters/men/ea_suspension_trainer_with_grips_inverted_row_arm_twist.jpg,assets/posters/girl/ea_suspension_trainer_with_grips_inverted_row_arm_twist.jpg,,False,False,Back,False,True,True,1,1,NO_PURPOSE
ea_suspension_trainer_with_grips_inverted_row_on_floor,Suspension Trainer with Grips Inverted Row on Floor,Обратная тяга в петлях для функционального тренинга на полу,trx,Suspension Trainer,1,0,beginner,10,True,True,5,1,upper_back,exercises/men/Shoulders/Suspension Trainer with Grips Inverted Row on floor.mp4,exercises/girl/Shoulders/Suspension Trainer with Grips Inverted Row on floor.mp4,assets/posters/men/ea_suspension_trainer_with_grips_inverted_row_on_floor.jpg,assets/posters/girl/ea_suspension_trainer_with_grips_inverted_row_on_floor.jpg,,False,False,Shoulders,False,True,True,2,1,NO_PRIMARY_MUSCLES;SHARED_SUMMARY
ea_suspension_trainer_with_grips_knee_tuck_row,Suspension Trainer with Grips Knee Tuck Row,Тяга с подтягиванием коленей в петлях для функционального тренинга,trx,Suspension Trainer,5,2,beginner,10,False,False,4,1,upper_back,exercises/men/Back/Suspension Trainer with Grips Knee Tuck Row.mp4,exercises/girl/Back/Suspension Trainer with Grips Knee Tuck Row.mp4,assets/posters/men/ea_suspension_trainer_with_grips_knee_tuck_row.jpg,assets/posters/girl/ea_suspension_trainer_with_grips_knee_tuck_row.jpg,,False,False,Back,False,True,True,1,1,NO_PURPOSE
ea_suspension_trainer_with_grips_leg_curl,Suspension Trainer with Grips Leg Curl,Сгибание ног в петлях для функционального тренинга,trx,Suspension Trainer,4,2,beginner,10,False,False,4,1,knee,exercises/men/Legs/Suspension Trainer with Grips Leg Curl.mp4,exercises/girl/Legs/Suspension Trainer with Grips Leg Curl.mp4,assets/posters/men/ea_suspension_trainer_with_grips_leg_curl.jpg,assets/posters/girl/ea_suspension_trainer_with_grips_leg_curl.jpg,,False,False,Legs,False,True,True,1,1,NO_PURPOSE
ea_suspension_trainer_with_grips_mountain_climber,Suspension Trainer with Grips Mountain Climber,Альпинист в петлях для функционального тренинга,trx,Suspension Trainer,4,2,beginner,10,False,False,4,2,lower_back|wrist,exercises/men/Calisthenics-Cardio-Plyo-Functional/Suspension Trainer with Grips Mountain Climber.mp4,exercises/girl/Calisthenics-Cardio-Plyo-Functional/Suspension Trainer with Grips Mountain Climber.mp4,assets/posters/men/ea_suspension_trainer_with_grips_mountain_climber.jpg,assets/posters/girl/ea_suspension_trainer_with_grips_mountain_climber.jpg,,False,False,Calisthenics-Cardio-Plyo-Functional,False,True,True,1,1,NO_PURPOSE
ea_suspension_trainer_with_grips_pike,Suspension Trainer with Grips Pike,Складка в петлях для функционального тренинга,trx,Suspension Trainer,4,1,beginner,10,False,False,4,1,shoulder,exercises/men/Calisthenics-Cardio-Plyo-Functional/Suspension Trainer with Grips Pike.mp4,exercises/girl/Calisthenics-Cardio-Plyo-Functional/Suspension Trainer with Grips Pike.mp4,assets/posters/men/ea_suspension_trainer_with_grips_pike.jpg,assets/posters/girl/ea_suspension_trainer_with_grips_pike.jpg,,False,False,Calisthenics-Cardio-Plyo-Functional,False,True,True,1,1,NO_PURPOSE
ea_suspension_trainer_with_grips_pull_through,Suspension Trainer with Grips Pull Through,Протяжка в петлях для функционального тренинга,trx,Suspension Trainer,4,2,beginner,10,False,False,4,0,,exercises/men/Abdominals/Suspension Trainer with Grips Pull Through.mp4,exercises/girl/Abdominals/Suspension Trainer with Grips Pull Through.mp4,assets/posters/men/ea_suspension_trainer_with_grips_pull_through.jpg,assets/posters/girl/ea_suspension_trainer_with_grips_pull_through.jpg,,False,False,Abdominals,False,True,True,1,1,NO_CONTRAINDICATION_TAGS;NO_PURPOSE
ea_suspension_trainer_with_grips_pull_up,Suspension Trainer with Grips Pull-up,Подтягивания в петлях для функционального тренинга,trx,Suspension Trainer,5,1,beginner,10,False,False,4,2,elbow|shoulder,exercises/men/Back/Suspension Trainer with Grips Pull-up.mp4,exercises/girl/Back/Suspension Trainer with Grips Pull-up.mp4,assets/posters/men/ea_suspension_trainer_with_grips_pull_up.jpg,assets/posters/girl/ea_suspension_trainer_with_grips_pull_up.jpg,,False,False,Back,False,True,True,1,1,NO_PURPOSE
ea_suspension_trainer_with_grips_push_up_to_side_plank,Suspension Trainer with Grips Push-up to Side Plank,Отжимания с переходом в боковую планку в петлях для функционального тренинга,trx,Suspension Trainer,5,3,beginner,10,False,False,4,3,elbow|shoulder|wrist,exercises/men/Chest/Suspension Trainer with Grips Push-up to Side Plank.mp4,exercises/girl/Chest/Suspension Trainer with Grips Push-up to Side Plank.mp4,assets/posters/men/ea_suspension_trainer_with_grips_push_up_to_side_plank.jpg,assets/posters/girl/ea_suspension_trainer_with_grips_push_up_to_side_plank.jpg,,False,False,Chest,False,True,True,1,1,NO_PURPOSE
ea_suspension_trainer_with_grips_rear_delt_row,Suspension Trainer with Grips Rear Delt Row,Тяга на задние дельты в петлях для функционального тренинга,trx,Suspension Trainer,4,2,beginner,10,False,False,4,2,shoulder|upper_back,exercises/men/Shoulders/Suspension Trainer with Grips Rear Delt Row.mp4,exercises/girl/Shoulders/Suspension Trainer with Grips Rear Delt Row.mp4,assets/posters/men/ea_suspension_trainer_with_grips_rear_delt_row.jpg,assets/posters/girl/ea_suspension_trainer_with_grips_rear_delt_row.jpg,,False,False,Shoulders,False,True,True,1,1,NO_PURPOSE
ea_suspension_trainer_with_grips_reverse_ab_rollout,Suspension Trainer with Grips Reverse Ab Rollout,Обратное скручивание с выкатыванием в петлях для функционального тренинга,trx,Suspension Trainer,4,2,beginner,10,False,False,4,1,lower_back,exercises/men/Abdominals/Suspension Trainer with Grips Reverse Ab Rollout.mp4,exercises/girl/Abdominals/Suspension Trainer with Grips Reverse Ab Rollout.mp4,assets/posters/men/ea_suspension_trainer_with_grips_reverse_ab_rollout.jpg,assets/posters/girl/ea_suspension_trainer_with_grips_reverse_ab_rollout.jpg,,False,False,Abdominals,False,True,True,1,1,NO_PURPOSE
ea_suspension_trainer_with_grips_reverse_push_up,Suspension Trainer with Grips Reverse Push-up,Обратные отжимания в петлях для функционального тренинга,trx,Suspension Trainer,5,2,beginner,10,False,False,4,3,elbow|shoulder|wrist,exercises/men/Chest/Suspension Trainer with Grips Reverse Push-up.mp4,exercises/girl/Chest/Suspension Trainer with Grips Reverse Push-up.mp4,assets/posters/men/ea_suspension_trainer_with_grips_reverse_push_up.jpg,assets/posters/girl/ea_suspension_trainer_with_grips_reverse_push_up.jpg,,False,False,Chest,False,True,True,1,1,NO_PURPOSE
ea_suspension_trainer_with_grips_side_squat,Suspension Trainer with Grips Side Squat,Боковой присед в петлях для функционального тренинга,trx,Suspension Trainer,5,2,beginner,10,False,False,4,3,ankle|hip|knee,exercises/men/Legs/Suspension Trainer with Grips Side Squat.mp4,,assets/posters/men/ea_suspension_trainer_with_grips_side_squat.jpg,,,False,False,Legs,False,True,True,1,1,NO_PURPOSE;NO_FEMALE_CLIP
ea_suspension_trainer_with_grips_single_arm_rear_delt_row,Suspension Trainer with Grips Single Arm Rear Delt Row,Тяга на задние дельты одной рукой в петлях для функционального тренинга,trx,Suspension Trainer,4,2,beginner,10,False,False,4,2,shoulder|upper_back,exercises/men/Shoulders/Suspension Trainer with Grips Single Arm Rear Delt Row.mp4,exercises/girl/Shoulders/Suspension Trainer with Grips Single Arm Rear Delt Row.mp4,assets/posters/men/ea_suspension_trainer_with_grips_single_arm_rear_delt_row.jpg,assets/posters/girl/ea_suspension_trainer_with_grips_single_arm_rear_delt_row.jpg,,False,False,Shoulders,False,True,True,1,1,NO_PURPOSE
ea_suspension_trainer_with_grips_split_fly,Suspension Trainer with Grips Split Fly,Разведение рук в петлях TRX с рукоятками,trx,Suspension Trainer,2,1,beginner,10,False,False,4,1,shoulder,exercises/men/Shoulders/Suspension Trainer with Grips Split Fly.mp4,exercises/girl/Shoulders/Suspension Trainer with Grips Split Fly.mp4,assets/posters/men/ea_suspension_trainer_with_grips_split_fly.jpg,assets/posters/girl/ea_suspension_trainer_with_grips_split_fly.jpg,,False,False,Shoulders,False,True,True,1,1,NO_PURPOSE
ea_suspension_trainer_with_grips_split_squat,Suspension Trainer with Grips Split Squat,Сплит-присед в петлях TRX с рукоятками,trx,Suspension Trainer,4,2,beginner,10,False,False,4,3,ankle|hip|knee,exercises/men/Legs/Suspension Trainer with Grips Split Squat.mp4,exercises/girl/Legs/Suspension Trainer with Grips Split Squat.mp4,assets/posters/men/ea_suspension_trainer_with_grips_split_squat.jpg,assets/posters/girl/ea_suspension_trainer_with_grips_split_squat.jpg,,False,False,Legs,False,True,True,1,1,NO_PURPOSE
ea_suspension_trainer_with_grips_straight_hip_leg_curl,Suspension Trainer with Grips Straight Hip Leg Curl,Сгибание ног в петлях TRX с прямым тазом,trx,Suspension Trainer,5,2,beginner,10,False,False,4,1,knee,exercises/men/Legs/Suspension Trainer with Grips Straight Hip Leg Curl.mp4,exercises/girl/Legs/Suspension Trainer with Grips Straight Hip Leg Curl.mp4,assets/posters/men/ea_suspension_trainer_with_grips_straight_hip_leg_curl.jpg,assets/posters/girl/ea_suspension_trainer_with_grips_straight_hip_leg_curl.jpg,,False,False,Legs,False,True,True,1,1,NO_PURPOSE
ea_suspension_trainer_with_grips_supine_crunch,Suspension Trainer with Grips Supine Crunch,Скручивания лежа в петлях TRX с рукоятками,trx,Suspension Trainer,2,1,beginner,10,False,False,4,2,lower_back|neck,exercises/men/Abdominals/Suspension Trainer with Grips Supine Crunch.mp4,exercises/girl/Abdominals/Suspension Trainer with Grips Supine Crunch.mp4,assets/posters/men/ea_suspension_trainer_with_grips_supine_crunch.jpg,assets/posters/girl/ea_suspension_trainer_with_grips_supine_crunch.jpg,,False,False,Abdominals,False,True,True,1,1,NO_PURPOSE
ea_suspension_trainer_with_grips_triceps_extension,Suspension Trainer with Grips Triceps Extension,Разгибание на трицепс в петлях TRX с рукоятками,trx,Suspension Trainer,3,1,beginner,10,False,False,4,1,elbow,exercises/men/Triceps/Suspension Trainer with Grips triceps extension.mp4,exercises/girl/Triceps/Suspension Trainer with Grips Triceps Extension.mp4,assets/posters/men/ea_suspension_trainer_with_grips_triceps_extension.jpg,assets/posters/girl/ea_suspension_trainer_with_grips_triceps_extension.jpg,,False,False,Triceps,False,True,True,1,1,NO_PURPOSE
ea_suspension_trainer_with_grips_wide_grip_inverted_row_on_floor_1,Suspension Trainer with Grips Wide Grip Inverted Row on Floor_1,Горизонтальная тяга широким хватом в петлях TRX с рукоятками на полу,trx,Suspension Trainer,1,0,beginner,10,True,True,5,1,upper_back,exercises/men/Back/Suspension Trainer with Grips Wide Grip Inverted Row on floor_1.mp4,exercises/girl/Back/Suspension Trainer with Grips Wide Grip Inverted Row on floor_1.mp4,assets/posters/men/ea_suspension_trainer_with_grips_wide_grip_inverted_row_on_floor_1.jpg,assets/posters/girl/ea_suspension_trainer_with_grips_wide_grip_inverted_row_on_floor_1.jpg,,False,False,Back,False,True,True,2,1,NO_PRIMARY_MUSCLES;SHARED_SUMMARY
ea_svend_press_decline_bench,Svend Press Decline Bench,Жим Свенда на наклонной скамье вниз головой,bench_press,Weight Plate,3,1,beginner,10,False,False,4,1,shoulder,exercises/men/Chest/svend press decline bench.mp4,,assets/posters/men/ea_svend_press_decline_bench.jpg,,,False,False,Chest,False,True,True,1,1,NO_PURPOSE;NO_FEMALE_CLIP
ea_svend_press_flat_bench,Svend Press Flat Bench,Жим Свенда на горизонтальной скамье,bench_press,Weight Plate,3,1,beginner,10,False,False,4,1,shoulder,exercises/men/Chest/svend press flat bench.mp4,,assets/posters/men/ea_svend_press_flat_bench.jpg,,,False,False,Chest,False,True,True,1,1,NO_PURPOSE;NO_FEMALE_CLIP
ea_svend_press_incline_bench,Svend Press Incline Bench,Жим Свенда на наклонной скамье,bench_press,Weight Plate,3,1,beginner,10,False,False,4,1,shoulder,exercises/men/Chest/svend press incline bench.mp4,,assets/posters/men/ea_svend_press_incline_bench.jpg,,,False,False,Chest,False,True,True,1,1,NO_PURPOSE;NO_FEMALE_CLIP
ea_tennis_forehand_ground_stroke,Tennis Forehand Ground Stroke,Удар справа в теннисе,,None (Bodyweight),0,0,beginner,10,True,True,5,0,,exercises/men/Calisthenics-Cardio-Plyo-Functional/Tennis Forehand Ground Stroke.mp4,exercises/girl/Calisthenics-Cardio-Plyo-Functional/Tennis Forehand Ground Stroke.mp4,assets/posters/men/ea_tennis_forehand_ground_stroke.jpg,assets/posters/girl/ea_tennis_forehand_ground_stroke.jpg,,False,False,Calisthenics-Cardio-Plyo-Functional,False,True,True,1,1,NO_EQUIPMENT_ID;NO_CONTRAINDICATION_TAGS;NO_MUSCLES;NO_PRIMARY_MUSCLES
ea_the_wall_ball,The Wall Ball,Бросок мяча в стену,medicine_ball,Wall,0,0,beginner,10,True,True,5,0,,exercises/men/Calisthenics-Cardio-Plyo-Functional/The Wall Ball.mp4,exercises/girl/Calisthenics-Cardio-Plyo-Functional/The Wall Ball.mp4,assets/posters/men/ea_the_wall_ball.jpg,assets/posters/girl/ea_the_wall_ball.jpg,,False,False,Calisthenics-Cardio-Plyo-Functional,False,True,True,1,1,NO_CONTRAINDICATION_TAGS;NO_MUSCLES;NO_PRIMARY_MUSCLES
ea_theraband_scapula_retraction,Theraband Scapula Retraction,Сведение лопаток с резиновой лентой,resistance_bands,Resistance Band,1,0,beginner,10,True,True,5,1,upper_back,exercises/men/Back/Theraband Scapula Retraction.mp4,exercises/girl/Back/Theraband Scapula Retraction.mp4,assets/posters/men/ea_theraband_scapula_retraction.jpg,assets/posters/girl/ea_theraband_scapula_retraction.jpg,,False,False,Back,False,True,True,1,1,NO_PRIMARY_MUSCLES
ea_trap_bar_deadlift,Trap Bar Deadlift,Становая тяга с трэп-грифом,weight_plates,Trap Bar,6,3,beginner,10,False,False,4,2,hip|lower_back,exercises/men/Back/trap bar deadlift.mp4,exercises/girl/Back/Trap Bar Deadlift.mp4,assets/posters/men/ea_trap_bar_deadlift.jpg,assets/posters/girl/ea_trap_bar_deadlift.jpg,hinge,True,False,Back,False,True,True,1,1,NO_PURPOSE
ea_trap_bar_shrug,Trap Bar Shrug,Шраги с трэп-грифом,weight_plates,Weight plates,3,1,beginner,10,False,False,4,3,lower_back|neck|upper_back,exercises/men/Shoulders/Trap Bar Shrug.mp4,exercises/girl/Shoulders/Trap Bar Shrug.mp4,assets/posters/men/ea_trap_bar_shrug.jpg,assets/posters/girl/ea_trap_bar_shrug.jpg,,False,False,Shoulders,False,True,True,1,1,NO_PURPOSE
ea_treadmill_jogging,Treadmill Jogging,Бег трусцой на беговой дорожке,treadmill,Treadmill,5,3,beginner,10,False,False,4,2,ankle|knee,exercises/men/Calisthenics-Cardio-Plyo-Functional/Treadmill Jogging.mp4,exercises/girl/Calisthenics-Cardio-Plyo-Functional/Treadmill Jogging.mp4,assets/posters/men/ea_treadmill_jogging.jpg,assets/posters/girl/ea_treadmill_jogging.jpg,,False,False,Calisthenics-Cardio-Plyo-Functional,False,True,True,2,1,NO_PURPOSE;SHARED_SUMMARY
ea_treadmill_running,Treadmill Running,Бег на беговой дорожке,treadmill,Treadmill,5,3,beginner,10,False,False,4,2,ankle|knee,exercises/men/Calisthenics-Cardio-Plyo-Functional/Treadmill Running.mp4,exercises/girl/Calisthenics-Cardio-Plyo-Functional/Treadmill Running.mp4,assets/posters/men/ea_treadmill_running.jpg,assets/posters/girl/ea_treadmill_running.jpg,,False,False,Calisthenics-Cardio-Plyo-Functional,False,True,True,2,1,NO_PURPOSE;SHARED_SUMMARY
ea_treadmill_walk,Treadmill Walk,Ходьба на беговой дорожке,treadmill,Treadmill,0,0,beginner,10,True,True,5,0,,exercises/men/Calisthenics-Cardio-Plyo-Functional/Treadmill walk.mp4,exercises/girl/Calisthenics-Cardio-Plyo-Functional/Treadmill walk.mp4,assets/posters/men/ea_treadmill_walk.jpg,assets/posters/girl/ea_treadmill_walk.jpg,,False,False,Calisthenics-Cardio-Plyo-Functional,False,True,True,1,1,NO_CONTRAINDICATION_TAGS;NO_MUSCLES;NO_PRIMARY_MUSCLES
ea_tricep_cable_kickback_on_crossover_machine,Tricep Cable Kickback on Crossover Machine,Разгибание руки назад на трицепс в блочном тренажере,cable_machine,Cable Pulley Machine,3,1,beginner,10,False,False,4,1,elbow,exercises/men/Triceps/tricep cable kickback on crossover machine.mp4,exercises/girl/Triceps/Tricep Cable Kickback on Crossover Machine.mp4,assets/posters/men/ea_tricep_cable_kickback_on_crossover_machine.jpg,assets/posters/girl/ea_tricep_cable_kickback_on_crossover_machine.jpg,,False,False,Triceps,False,True,True,1,1,NO_PURPOSE
ea_tricep_extension_machine,Tricep Extension Machine,Разгибание на трицепс в тренажере,tricep_extension_machine,Triceps Extension Machine,2,1,beginner,10,False,False,4,1,elbow,exercises/men/Triceps/Tricep Extension Machine.mp4,exercises/girl/Triceps/Tricep Extension Machine.mp4,assets/posters/men/ea_tricep_extension_machine.jpg,assets/posters/girl/ea_tricep_extension_machine.jpg,,False,False,Triceps,False,True,True,1,1,NO_PURPOSE
ea_tricep_rope_extension_on_crossover_machine,Tricep Rope Extension on Crossover Machine,Разгибание на трицепс с канатной рукояткой на кроссовере,cable_machine,Machine,1,0,beginner,10,True,True,5,1,elbow,exercises/men/Triceps/tricep rope extension on crossover machine.mp4,exercises/girl/Triceps/Tricep Rope Extension on Crossover Machine.mp4,assets/posters/men/ea_tricep_rope_extension_on_crossover_machine.jpg,assets/posters/girl/ea_tricep_rope_extension_on_crossover_machine.jpg,,False,False,Triceps,False,True,True,1,1,NO_PRIMARY_MUSCLES
ea_triceps_dip_machine,Triceps Dip Machine,Жим на трицепс в тренажере,seated_dip_machine,Triceps Dips Machine,3,1,beginner,10,False,False,4,3,elbow|shoulder|wrist,exercises/men/Triceps/triceps dip machine.mp4,,assets/posters/men/ea_triceps_dip_machine.jpg,,,False,False,Triceps,False,True,True,1,1,NO_PURPOSE;NO_FEMALE_CLIP
ea_triceps_light_stretch,Triceps Light Stretch,Легкая растяжка трицепса,,None,2,1,beginner,10,False,False,4,1,elbow,exercises/men/Stretching - Mobility/triceps light stretch.mp4,,assets/posters/men/ea_triceps_light_stretch.jpg,,,False,True,Stretching - Mobility,False,True,True,1,1,NO_EQUIPMENT_ID;NO_PURPOSE;NO_FEMALE_CLIP
ea_tyre_flip,Tyre Flip,Переворачивание покрышки,tyre,Tyre,0,0,advanced,10,True,True,5,0,,exercises/men/Calisthenics-Cardio-Plyo-Functional/Tyre Flip.mp4,exercises/girl/Calisthenics-Cardio-Plyo-Functional/Tyre Flip.mp4,assets/posters/men/ea_tyre_flip.jpg,assets/posters/girl/ea_tyre_flip.jpg,,False,False,Calisthenics-Cardio-Plyo-Functional,False,True,True,1,1,NO_CONTRAINDICATION_TAGS;NO_MUSCLES;NO_PRIMARY_MUSCLES
ea_tyre_hammering,Tyre Hammering,Удары молотом по покрышке,tyre,Tyre,0,0,intermediate,10,True,True,5,0,,exercises/men/Calisthenics-Cardio-Plyo-Functional/Tyre Hammering.mp4,exercises/girl/Calisthenics-Cardio-Plyo-Functional/Tyre Hammering.mp4,assets/posters/men/ea_tyre_hammering.jpg,assets/posters/girl/ea_tyre_hammering.jpg,,False,False,Calisthenics-Cardio-Plyo-Functional,False,True,True,1,1,NO_CONTRAINDICATION_TAGS;NO_MUSCLES;NO_PRIMARY_MUSCLES
ea_unilateral_box_jump,Unilateral Box Jump,Прыжок на тумбу на одной ноге,plyo_box,Plyo Box,0,0,beginner,10,True,True,5,2,ankle|knee,exercises/men/Calisthenics-Cardio-Plyo-Functional/Unilateral Box Jump.mp4,exercises/girl/Calisthenics-Cardio-Plyo-Functional/Unilateral Box Jump.mp4,assets/posters/men/ea_unilateral_box_jump.jpg,assets/posters/girl/ea_unilateral_box_jump.jpg,,False,False,Calisthenics-Cardio-Plyo-Functional,False,True,True,1,1,NO_MUSCLES;NO_PRIMARY_MUSCLES
ea_unilateral_box_jump_bilateral_deceleration,Unilateral Box Jump - Bilateral Deceleration,Прыжок на тумбу на одной ноге с двусторонним замедлением,plyo_box,Plyo Box,0,0,beginner,10,True,True,5,2,ankle|knee,exercises/men/Calisthenics-Cardio-Plyo-Functional/Unilateral Box Jump - Bilateral Deceleration.mp4,exercises/girl/Calisthenics-Cardio-Plyo-Functional/Unilateral Box Jump - Bilateral Deceleration.mp4,assets/posters/men/ea_unilateral_box_jump_bilateral_deceleration.jpg,assets/posters/girl/ea_unilateral_box_jump_bilateral_deceleration.jpg,,False,False,Calisthenics-Cardio-Plyo-Functional,False,True,True,1,1,NO_MUSCLES;NO_PRIMARY_MUSCLES
ea_unilateral_front_plank,Unilateral Front Plank,Односторонняя планка,,None (Bodyweight),0,0,beginner,10,True,True,5,2,elbow|wrist,exercises/men/Calisthenics-Cardio-Plyo-Functional/Unilateral Front Plank.mp4,exercises/girl/Calisthenics-Cardio-Plyo-Functional/Unilateral Front Plank.mp4,assets/posters/men/ea_unilateral_front_plank.jpg,assets/posters/girl/ea_unilateral_front_plank.jpg,pushup,True,False,Calisthenics-Cardio-Plyo-Functional,False,True,True,1,1,NO_EQUIPMENT_ID;NO_MUSCLES;NO_PRIMARY_MUSCLES
ea_unilateral_jumps,Unilateral Jumps,Прыжки на одной ноге,,None (Bodyweight),0,0,beginner,10,True,True,5,2,ankle|knee,exercises/men/Calisthenics-Cardio-Plyo-Functional/Unilateral Jumps.mp4,exercises/girl/Calisthenics-Cardio-Plyo-Functional/Unilateral Jumps.mp4,assets/posters/men/ea_unilateral_jumps.jpg,assets/posters/girl/ea_unilateral_jumps.jpg,,False,False,Calisthenics-Cardio-Plyo-Functional,False,True,True,1,1,NO_EQUIPMENT_ID;NO_MUSCLES;NO_PRIMARY_MUSCLES
ea_unilateral_plank,Unilateral Plank,Односторонняя планка,,None (Bodyweight),0,0,beginner,10,True,True,5,2,elbow|wrist,exercises/men/Calisthenics-Cardio-Plyo-Functional/Unilateral Plank.mp4,exercises/girl/Calisthenics-Cardio-Plyo-Functional/Unilateral Plank.mp4,assets/posters/men/ea_unilateral_plank.jpg,assets/posters/girl/ea_unilateral_plank.jpg,pushup,True,False,Calisthenics-Cardio-Plyo-Functional,False,True,True,1,1,NO_EQUIPMENT_ID;NO_MUSCLES;NO_PRIMARY_MUSCLES
ea_upper_back_stretch,Upper Back Stretch,Растяжка верхней части спины,,None (Bodyweight),3,1,beginner,10,False,False,4,1,upper_back,exercises/men/Stretching - Mobility/upper back stretch.mp4,,assets/posters/men/ea_upper_back_stretch.jpg,,,False,True,Stretching - Mobility,False,True,True,1,1,NO_EQUIPMENT_ID;NO_PURPOSE;NO_FEMALE_CLIP
ea_upright_row_barbell,Upright Row Barbell,Тяга штанги к подбородку,barbell,Barbell,3,1,beginner,10,False,False,4,3,neck|shoulder|upper_back,exercises/men/Shoulders/upright row barbell.mp4,,assets/posters/men/ea_upright_row_barbell.jpg,,,False,False,Back,False,True,True,1,1,NO_PURPOSE;NO_FEMALE_CLIP
ea_upright_row_cable_resistance_band,Upright Row Cable Resistance Band,Тяга к подбородку с резиновой лентой,resistance_bands,Resistance Band,3,1,beginner,10,False,False,4,3,neck|shoulder|upper_back,exercises/men/Shoulders/upright row cable resistance band.mp4,,assets/posters/men/ea_upright_row_cable_resistance_band.jpg,,,False,False,Shoulders,False,True,True,1,1,NO_PURPOSE;NO_FEMALE_CLIP
ea_upright_row_dumbbell,Upright Row Dumbbell,Тяга гантелей к подбородку,dumbbell,Dumbbells,3,1,beginner,10,False,False,4,3,neck|shoulder|upper_back,exercises/men/Shoulders/upright row dumbbell.mp4,,assets/posters/men/ea_upright_row_dumbbell.jpg,,,False,False,Shoulders,False,True,True,1,1,NO_PURPOSE;NO_FEMALE_CLIP
ea_upright_row_ez_bar,Upright Row Ez Bar,Тяга EZ-грифа к подбородку,ez_curl_bar,EZ Bar,3,1,beginner,10,False,False,4,3,neck|shoulder|upper_back,exercises/men/Shoulders/upright row ez bar.mp4,,assets/posters/men/ea_upright_row_ez_bar.jpg,,,False,False,Shoulders,False,True,True,1,1,NO_PURPOSE;NO_FEMALE_CLIP
ea_upward_rotation_bent_arms,Upward Rotation Bent Arms,Вращение рук вверх согнутыми локтями,,None,2,2,beginner,10,False,False,4,1,upper_back,exercises/men/Shoulders/upward rotation bent arms.mp4,,assets/posters/men/ea_upward_rotation_bent_arms.jpg,,,False,False,Shoulders,False,True,True,1,1,NO_EQUIPMENT_ID;NO_PURPOSE;NO_FEMALE_CLIP
ea_v_bar_lat_pull_down,V Bar Lat Pull Down,Тяга верхнего блока V-образным грифом,lat_pulldown,Lat Pull Down Machine (Cable),4,1,beginner,10,False,False,4,0,,exercises/men/Back/v bar lat pull down.mp4,,assets/posters/men/ea_v_bar_lat_pull_down.jpg,,,False,False,Back,False,True,True,1,1,NO_CONTRAINDICATION_TAGS;NO_PURPOSE;NO_FEMALE_CLIP
ea_v_crunches,V Crunches,V-образные скручивания,,None,2,1,beginner,10,False,False,4,2,lower_back|neck,exercises/men/Abdominals/V crunches.mp4,,assets/posters/men/ea_v_crunches.jpg,,situp,True,False,Abdominals,False,True,True,1,1,NO_EQUIPMENT_ID;NO_PURPOSE;NO_FEMALE_CLIP
ea_v_up,V Up,V-подъемы,,None,2,1,beginner,10,False,False,4,2,lower_back|neck,exercises/men/Abdominals/v up.mp4,,assets/posters/men/ea_v_up.jpg,,situp,True,False,Abdominals,False,True,True,1,1,NO_EQUIPMENT_ID;NO_PURPOSE;NO_FEMALE_CLIP
ea_walking,Walking,Ходьба,,None,6,4,beginner,10,False,False,4,0,,exercises/men/Calisthenics-Cardio-Plyo-Functional/Walking.mp4,exercises/girl/Calisthenics-Cardio-Plyo-Functional/Walking.mp4,assets/posters/men/ea_walking.jpg,assets/posters/girl/ea_walking.jpg,,False,False,Calisthenics-Cardio-Plyo-Functional,False,True,True,4,1,NO_EQUIPMENT_ID;NO_CONTRAINDICATION_TAGS;NO_PURPOSE;SHARED_SUMMARY
ea_walking_fast,Walking Fast,Быстрая ходьба,,None,7,4,beginner,10,False,False,4,0,,exercises/men/Calisthenics-Cardio-Plyo-Functional/Walking Fast.mp4,exercises/girl/Calisthenics-Cardio-Plyo-Functional/Walking Fast.mp4,assets/posters/men/ea_walking_fast.jpg,assets/posters/girl/ea_walking_fast.jpg,,False,False,Calisthenics-Cardio-Plyo-Functional,False,True,True,4,1,NO_EQUIPMENT_ID;NO_CONTRAINDICATION_TAGS;NO_PURPOSE;SHARED_SUMMARY
ea_walkout,Walkout,Прогулка на руках,,None,8,3,beginner,10,False,False,4,0,,exercises/men/Abdominals/walkout.mp4,,assets/posters/men/ea_walkout.jpg,,,False,False,Abdominals,False,True,True,1,1,NO_EQUIPMENT_ID;NO_CONTRAINDICATION_TAGS;NO_PURPOSE;NO_FEMALE_CLIP
ea_wall_sit_bodyweight,Wall Sit Bodyweight,Стульчик у стены,,None,5,2,beginner,10,False,False,4,1,knee,exercises/men/Legs/wall sit bodyweight.mp4,,assets/posters/men/ea_wall_sit_bodyweight.jpg,,,False,False,Legs,False,True,True,2,1,NO_EQUIPMENT_ID;NO_PURPOSE;NO_FEMALE_CLIP;SHARED_SUMMARY
ea_wall_squat_bodyweight,Wall Squat Bodyweight,Присед у стены,,None (Bodyweight),4,2,beginner,10,False,False,4,3,ankle|hip|knee,exercises/men/Legs/wall squat bodyweight.mp4,,assets/posters/men/ea_wall_squat_bodyweight.jpg,,,False,False,Legs,False,True,True,1,1,NO_EQUIPMENT_ID;NO_PURPOSE;NO_FEMALE_CLIP
ea_wall_squat_with_pause_bodyweight,Wall Squat with Pause Bodyweight,Присед у стены с паузой,,None,5,2,beginner,10,False,False,4,3,ankle|hip|knee,exercises/men/Legs/wall squat with pause bodyweight.mp4,,assets/posters/men/ea_wall_squat_with_pause_bodyweight.jpg,,,False,False,Legs,False,True,True,2,1,NO_EQUIPMENT_ID;NO_PURPOSE;NO_FEMALE_CLIP;SHARED_SUMMARY
ea_weighted_back_extensions_on_hyperextension_bench,Weighted Back Extensions on Hyperextension Bench,Гиперэкстензия с отягощением,back_extension,Bench,1,0,beginner,10,True,True,5,1,lower_back,exercises/men/Back/Weighted Back Extensions on Hyperextension Bench.mp4,exercises/girl/Back/Weighted Back Extensions on Hyperextension Bench.mp4,assets/posters/men/ea_weighted_back_extensions_on_hyperextension_bench.jpg,assets/posters/girl/ea_weighted_back_extensions_on_hyperextension_bench.jpg,,False,False,Back,False,True,True,1,1,NO_PRIMARY_MUSCLES
ea_weighted_standing_shoulder_press_with_plate,Weighted Standing Shoulder Press with Plate,Жим плиты стоя с отягощением,weight_plates,Weight Plate,2,1,beginner,10,False,False,4,1,shoulder,exercises/men/Shoulders/weighted standing shoulder press with plate.mp4,,assets/posters/men/ea_weighted_standing_shoulder_press_with_plate.jpg,,overhead_press,True,False,Shoulders,False,True,True,1,1,NO_PURPOSE;NO_FEMALE_CLIP
ea_wheels_to_heaven,Wheels to Heaven,Колёса к небу,ab_wheel,Ab Roller,2,1,beginner,10,False,False,4,0,,exercises/men/Abdominals/Wheels To Heaven.mp4,exercises/girl/Abdominals/Wheels To Heaven.mp4,assets/posters/men/ea_wheels_to_heaven.jpg,assets/posters/girl/ea_wheels_to_heaven.jpg,,False,False,Abdominals,False,True,True,1,1,NO_CONTRAINDICATION_TAGS;NO_PURPOSE
ea_wheels_to_toes,Wheels to Toes,Колёса к носкам,ab_wheel,Ab Roller,3,1,beginner,10,False,False,4,0,,exercises/men/Abdominals/Wheels To Toes.mp4,exercises/girl/Abdominals/Wheels To Toes.mp4,assets/posters/men/ea_wheels_to_toes.jpg,assets/posters/girl/ea_wheels_to_toes.jpg,,False,False,Abdominals,False,True,True,1,1,NO_CONTRAINDICATION_TAGS;NO_PURPOSE
ea_wide_push_ups_bodyweight,Wide Push Ups Bodyweight,Широкие отжимания,,None,3,1,beginner,10,False,False,4,3,elbow|shoulder|wrist,exercises/men/Chest/wide push ups bodyweight.mp4,,assets/posters/men/ea_wide_push_ups_bodyweight.jpg,,pushup,True,False,Chest,False,True,True,1,1,NO_EQUIPMENT_ID;NO_PURPOSE;NO_FEMALE_CLIP
ea_wild_thing_pose,Wild Thing Pose,Поза дикой вещи,,None (Bodyweight),0,0,advanced,10,True,True,5,3,lower_back|shoulder|wrist,exercises/men/Yoga/Wild Thing Pose.mp4,exercises/girl/Yoga/Wild Thing Pose.mp4,assets/posters/men/ea_wild_thing_pose.jpg,assets/posters/girl/ea_wild_thing_pose.jpg,,False,True,Yoga,False,True,True,1,1,NO_EQUIPMENT_ID;NO_MUSCLES;NO_PRIMARY_MUSCLES
ea_wind_wipers,Wind Wipers,Дворники,,None,2,1,beginner,10,False,False,4,0,,exercises/men/Abdominals/wind wipers.mp4,,assets/posters/men/ea_wind_wipers.jpg,,,False,False,Abdominals,False,True,True,1,1,NO_EQUIPMENT_ID;NO_CONTRAINDICATION_TAGS;NO_PURPOSE;NO_FEMALE_CLIP
ea_wrist_curl_barbell,Wrist Curl Barbell,Сгибание запястий со штангой,bench_press,Barbell,1,1,beginner,10,False,False,4,2,elbow|wrist,exercises/men/Forearms/wrist curl barbell.mp4,,assets/posters/men/ea_wrist_curl_barbell.jpg,,curl,True,False,Forearms,False,True,True,1,1,NO_PURPOSE;NO_FEMALE_CLIP
ea_wrist_curl_dumbbell,Wrist Curl Dumbbell,Сгибание запястий с гантелью,bench_press,Dumbbells,1,1,beginner,10,False,False,4,2,elbow|wrist,exercises/men/Forearms/wrist curl dumbbell.mp4,,assets/posters/men/ea_wrist_curl_dumbbell.jpg,,curl,True,False,Forearms,False,True,True,1,1,NO_PURPOSE;NO_FEMALE_CLIP
ea_wrist_extension_barbell,Wrist Extension Barbell,Разгибание запястий со штангой,bench_press,Barbell,1,0,beginner,10,False,False,4,1,wrist,exercises/men/Forearms/wrist extension barbell.mp4,,assets/posters/men/ea_wrist_extension_barbell.jpg,,,False,False,Forearms,False,True,True,1,1,NO_PRIMARY_MUSCLES;NO_PURPOSE;NO_FEMALE_CLIP
ea_wrist_extension_dumbbell,Wrist Extension Dumbbell,Разгибание запястий с гантелью,bench_press,Dumbbells,1,0,beginner,10,False,False,4,1,wrist,exercises/men/Forearms/wrist extension dumbbell.mp4,,assets/posters/men/ea_wrist_extension_dumbbell.jpg,,,False,False,Forearms,False,True,True,1,1,NO_PRIMARY_MUSCLES;NO_PURPOSE;NO_FEMALE_CLIP
ea_yoga_flow_sequences_sun_salutations,Yoga Flow Sequences Sun Salutations,Последовательности йоги: Приветствие Солнцу,,None (Bodyweight),0,0,beginner,10,True,True,5,0,,exercises/men/Yoga/Yoga Flow Sequences Sun Salutations.mp4,exercises/girl/Yoga/Yoga Flow Sequences Sun Salutations.mp4,assets/posters/men/ea_yoga_flow_sequences_sun_salutations.jpg,assets/posters/girl/ea_yoga_flow_sequences_sun_salutations.jpg,,False,True,Yoga,False,True,True,1,1,NO_EQUIPMENT_ID;NO_CONTRAINDICATION_TAGS;NO_MUSCLES;NO_PRIMARY_MUSCLES
ea_zotman_curls_resistance_band_simultaneous,Zotman Curls Resistance Band Simultaneous,Сгибания Зоттмана с резиновой лентой одновременно,resistance_bands,Resistance Band,2,1,beginner,10,False,False,4,1,elbow,exercises/men/Biceps/zotman curls resistance band simultaneous.mp4,,assets/posters/men/ea_zotman_curls_resistance_band_simultaneous.jpg,,,False,False,Biceps,False,True,True,1,1,NO_PURPOSE;NO_FEMALE_CLIP
