exercise_id,title_en,title_ru,group,primary_muscles,equipment_id,difficulty,missing_version,existing_reference_clip
ea_45_degree_bicycle_twist_knee_to_elbow,45 Degree Bicycle Twist Knee to Elbow,Скручивания «велосипед» под углом 45 градусов (колено к локтю),Abdominals,core,back_extension,beginner,female,exercises/men/Abdominals/45 degree bicycle twist knee to elbow.mp4
ea_90_degree_heel_touch,90 Degree Heel Touch,Касание пяток под углом 90 градусов,Abdominals,core,,beginner,female,exercises/men/Abdominals/90 degree heel touch.mp4
ea_air_bike_crunch,Air Bike Crunch,Скручивания «велосипед»,Abdominals,core,,beginner,female,exercises/men/Abdominals/air bike crunch.mp4
ea_alternate_arm_leg_plank,Alternate Arm Leg Plank,Планка с попеременным подъёмом руки и ноги,Abdominals,shoulders; glutes,,beginner,female,exercises/men/Abdominals/Alternate Arm Leg Plank.mp4
ea_alternate_arm_leg_plank_hold,Alternate Arm Leg Plank Hold,Планка с попеременным удержанием руки и ноги,Abdominals,shoulders; glutes,,beginner,female,exercises/men/Abdominals/alternate arm leg plank hold.mp4
ea_alternate_arm_leg_plank_rest_pause,Alternate Arm Leg Plank Rest Pause,Планка с попеременным подъёмом руки и ноги с паузой,Abdominals,shoulders,,beginner,female,exercises/men/Abdominals/alternate arm leg plank rest pause.mp4
ea_alternate_heel_touches,Alternate Heel Touches,Попеременные касания пяток,Abdominals,core,,beginner,female,exercises/men/Abdominals/Alternate heel touches.mp4
ea_arm_rotation_knee_lift,Arm Rotation Knee Lift,Вращение руками с подъёмом колена,Abdominals,lower_back; core,,beginner,female,exercises/men/Abdominals/Arm rotation knee lift.mp4
ea_assisted_sit_ups,Assisted Sit Ups,Скручивания с поддержкой,Abdominals,core,,beginner,female,exercises/men/Abdominals/Assisted sit ups.mp4
ea_barbell_rollout,Barbell Rollout,Выкатывание штанги,Abdominals,core,barbell,beginner,female,exercises/men/Abdominals/Barbell rollout.mp4
ea_barbell_seated_twist,Barbell Seated Twist,Повороты корпуса сидя со штангой,Abdominals,core,bench_press,beginner,female,exercises/men/Abdominals/Barbell seated twist.mp4
ea_barbell_seated_twist_on_exercise_ball,Barbell Seated Twist on Exercise Ball,Повороты корпуса сидя на фитболе со штангой,Abdominals,core,barbell,beginner,female,exercises/men/Abdominals/barbell seated twist on exercise ball.mp4
ea_barbell_side_bends,Barbell Side Bends,Наклоны в стороны со штангой,Abdominals,core,barbell,beginner,female,exercises/men/Abdominals/Barbell side bends.mp4
ea_barbell_standing_twist,Barbell Standing Twist,Повороты корпуса со штангой на плечах стоя,Abdominals,core,barbell,beginner,female,exercises/men/Abdominals/Barbell standing twist.mp4
ea_bench_decline_ab_sit_ups,Bench Decline Ab Sit-ups,Скручивания на наклонной скамье,Abdominals,core,bench_press,beginner,female,exercises/men/Abdominals/bench decline ab sit-ups.mp4
ea_bench_knee_tucks,Bench Knee Tucks,Подтягивание коленей к груди на скамье,Abdominals,core,bench_press,beginner,female,exercises/men/Abdominals/bench knee tucks.mp4
ea_bent_knee_lying_twist,Bent Knee Lying Twist,Скручивания лежа с согнутыми коленями,Abdominals,core,,beginner,female,exercises/men/Abdominals/Bent knee Lying Twist.mp4
ea_bent_knee_lying_twist_on_stability_ball,Bent Knee Lying Twist (on Stability Ball),Скручивания лежа с согнутыми коленями (на фитболе),Abdominals,core,stability_ball,beginner,female,exercises/men/Abdominals/Bent knee Lying Twist (On Stability Ball).mp4
ea_bicycle_twisting_crunch,Bicycle Twisting Crunch,Скручивания «велосипед» с поворотом,Abdominals,core,,beginner,female,exercises/men/Abdominals/bicycle twisting crunch.mp4
ea_bicycles,Bicycles,Велосипед,Abdominals,core; lower_back,,beginner,female,exercises/men/Abdominals/bicycles.mp4
ea_bicycles_crunches,Bicycles Crunches,Скручивания «велосипед»,Abdominals,core,,beginner,female,exercises/men/Abdominals/bicycles crunches.mp4
ea_bottoms_up_half_rep,Bottoms-up Half Rep,Частичное повторение с подъёмом ног,Abdominals,core,,beginner,female,exercises/men/Abdominals/Bottoms-Up half rep.mp4
ea_brazilian_crunches,Brazilian Crunches,Бразильские скручивания,Abdominals,core,,beginner,female,exercises/men/Abdominals/brazilian crunches.mp4
ea_bridge_mountain_climber_cross_body,Bridge - Mountain Climber (cross Body),Планка - Альпинист (перекрестный),Abdominals,core,,beginner,female,exercises/men/Abdominals/Bridge - Mountain Climber (Cross Body).mp4
ea_cable_twist,Cable Twist,Повороты корпуса на блоке,Abdominals,core,cable_machine,beginner,female,exercises/men/Abdominals/Cable Twist.mp4
ea_cable_twist_up_down,Cable Twist (up-down),Повороты корпуса на блоке (вверх-вниз),Abdominals,core,cable_machine,beginner,female,exercises/men/Abdominals/Cable twist (up-down).mp4
ea_captains_chair_leg_raise,Captains Chair Leg Raise,Подъём ног в римском стуле,Abdominals,core,captains_chair,beginner,female,exercises/men/Abdominals/Captains chair leg raise.mp4
ea_captains_chair_straight_leg_raise,Captains Chair Straight Leg Raise,Подъём прямых ног в римском стуле,Abdominals,core,captains_chair,beginner,female,exercises/men/Abdominals/Captains Chair Straight Leg Raise.mp4
ea_chest_lift_with_rotation,Chest Lift with Rotation,Подъём корпуса с поворотом,Abdominals,core,,beginner,female,exercises/men/Abdominals/chest lift with rotation.mp4
ea_crab_twist_toe_touch,Crab Twist Toe Touch,Скручивание краба с касанием носка,Abdominals,glutes; hamstrings; shoulders,,beginner,female,exercises/men/Abdominals/Crab Twist Toe Touch.mp4
ea_criss_cross_leg_raises,Criss Cross Leg Raises,Подъёмы ног с перекрещиванием,Abdominals,core; lower_back,,beginner,female,exercises/men/Abdominals/Criss Cross Leg Raises.mp4
ea_crunch_arms_straight,Crunch (arms Straight),Скручивание (руки прямо),Abdominals,core,,beginner,female,exercises/men/Abdominals/Crunch (arms straight).mp4
ea_crunch_hands_overhead,Crunch (hands Overhead),Скручивание (руки над головой),Abdominals,core,,beginner,female,exercises/men/Abdominals/Crunch (hands overhead).mp4
ea_crunch_legs_on_stability_ball,Crunch (legs on Stability Ball),Скручивания (ноги на фитболе),Abdominals,core,stability_ball,beginner,female,exercises/men/Abdominals/Crunch (legs on stability ball).mp4
ea_crunch_on_bosu_ball,Crunch (on Bosu Ball),Скручивания (на BOSU),Abdominals,core,bosu_ball,beginner,female,exercises/men/Abdominals/Crunch (on bosu ball).mp4
ea_crunch_on_stability_ball,Crunch (on Stability Ball),Скручивания (на фитболе),Abdominals,core,stability_ball,beginner,female,exercises/men/Abdominals/Crunch (on stability ball).mp4
ea_crunch_straight_leg_up,Crunch (straight Leg Up),Скручивания (прямые ноги вверх),Abdominals,core,,beginner,female,exercises/men/Abdominals/Crunch (straight leg up).mp4
ea_crunch_floor,Crunch Floor,Скручивания на полу,Abdominals,core,,beginner,female,exercises/men/Abdominals/Crunch Floor.mp4
ea_crunch_frog_on_floor,Crunch Frog on Floor,"Скручивания ""лягушка"" на полу",Abdominals,core,,beginner,female,exercises/men/Abdominals/Crunch Frog on Floor.mp4
ea_crunch_leg_raise,Crunch Leg Raise,Скручивания с подъёмом ног,Abdominals,core,,beginner,female,exercises/men/Abdominals/Crunch leg raise.mp4
ea_crunch_with_medicine_ball,Crunch with Medicine Ball,Скручивания с медицинским мячом,Abdominals,core,medicine_ball,beginner,female,exercises/men/Abdominals/Crunch with Medicine Ball.mp4
ea_dead_bug,Dead Bug,Мёртвый жук,Abdominals,core,,beginner,female,exercises/men/Yoga/Dead Bug.mp4
ea_dead_bug_extended_arms,Dead Bug Extended Arms,Мёртвый жук с вытянутыми руками,Abdominals,core,,beginner,female,exercises/men/Abdominals/Dead Bug Extended Arms.mp4
ea_decline_bench_full_sit_up,Decline Bench Full Sit Up,Полные подъёмы корпуса на наклонной скамье,Abdominals,core,bench_press,beginner,female,exercises/men/Abdominals/Decline Bench Full Sit up.mp4
ea_decline_bent_leg_reverse_crunch,Decline Bent Leg Reverse Crunch,Обратные скручивания согнутыми ногами на наклонной скамье,Abdominals,core,bench_press,beginner,female,exercises/men/Abdominals/Decline Bent Leg Reverse Crunch.mp4
ea_decline_levitating_sit_ups_bodyweight,Decline Levitating Sit Ups Bodyweight,Скручивания на наклонной скамье с зависанием,Abdominals,core,bench_press,beginner,female,exercises/men/Abdominals/decline levitating sit ups bodyweight.mp4
ea_decline_sit_up,Decline Sit Up,Скручивания на наклонной скамье,Abdominals,core,bench_press,beginner,female,exercises/men/Abdominals/decline sit up.mp4
ea_decline_sit_ups_dumbbells,Decline Sit Ups Dumbbells,Скручивания на наклонной скамье с гантелями,Abdominals,core,bench_press,beginner,female,exercises/men/Abdominals/decline sit ups dumbbells.mp4
ea_diagonal_chop_cable,Diagonal Chop Cable,Диагональная тяга блока,Abdominals,core,cable_machine,beginner,female,exercises/men/Abdominals/diagonal chop cable.mp4
ea_diagonal_chop_left,Diagonal Chop Left,Диагональная рубка влево,Abdominals,core,,beginner,female,exercises/men/Abdominals/diagonal chop left.mp4
ea_diagonal_chop_right,Diagonal Chop Right,Диагональная рубка вправо,Abdominals,core,,beginner,female,exercises/men/Abdominals/diagonal chop right.mp4
ea_dumbbell_ab_crunch,Dumbbell Ab Crunch,Скручивания с гантелью,Abdominals,core,dumbbell,beginner,female,exercises/men/Abdominals/dumbbell ab crunch.mp4
ea_dumbbell_crunch_hold_with_legs_off,Dumbbell Crunch Hold with Legs Off,Скручивания с гантелью с поднятыми ногами и фиксацией,Abdominals,core,dumbbell,beginner,female,exercises/men/Abdominals/Dumbbell Crunch Hold with Legs Off.mp4
ea_dumbbell_decline_overhead_sit_up,Dumbbell Decline Overhead Sit-up,Скручивания на наклонной скамье вниз головой с гантелями над головой,Abdominals,core,bench_press,beginner,female,exercises/men/Abdominals/Dumbbell Decline Overhead Sit-up.mp4
ea_dumbbell_decline_sit_up,Dumbbell Decline Sit-up,Скручивания на наклонной скамье вниз головой с гантелью,Abdominals,core,bench_press,beginner,female,exercises/men/Abdominals/Dumbbell Decline Sit-up.mp4
ea_dumbbell_diagonal_chop,Dumbbell Diagonal Chop,Диагональная рубка с гантелью,Abdominals,core,dumbbell,beginner,female,exercises/men/Abdominals/dumbbell diagonal chop.mp4
ea_dumbbell_overhead_sit_up,Dumbbell Overhead Sit-up,Скручивания с гантелью над головой,Abdominals,core,dumbbell,beginner,female,exercises/men/Abdominals/Dumbbell Overhead Sit-up.mp4
ea_dumbbell_russian_twist_with_legs_floor_off,Dumbbell Russian Twist with Legs Floor Off,Русские скручивания с гантелью с поднятыми ногами,Abdominals,core,dumbbell,beginner,female,exercises/men/Abdominals/Dumbbell Russian Twist with Legs Floor Off.mp4
ea_dumbbell_side_bend,Dumbbell Side Bend,Наклоны в сторону с гантелью,Abdominals,core,dumbbell,beginner,female,exercises/men/Abdominals/Dumbbell Side Bend.mp4
ea_dumbbell_side_plank_with_rear_fly,Dumbbell Side Plank with Rear Fly,Боковая планка с разведением гантели назад,Abdominals,shoulders; traps,dumbbell,beginner,female,exercises/men/Abdominals/Dumbbell Side Plank with Rear Fly.mp4
ea_dumbbell_single_arm_starfish_crunch,Dumbbell Single Arm Starfish Crunch,Скручивания «Морская звезда» с гантелью одной рукой,Abdominals,core,dumbbell,beginner,female,exercises/men/Abdominals/Dumbbell Single Arm Starfish Crunch.mp4
ea_dumbbell_starfish_crunch_alternating,Dumbbell Starfish Crunch Alternating,Скручивания «Морская звезда» с гантелями поочередно,Abdominals,core; lower_back,dumbbell,beginner,female,exercises/men/Abdominals/Dumbbell Starfish Crunch Alternating.mp4
ea_dumbbell_straight_arm_crunch,Dumbbell Straight Arm Crunch,Скручивания с гантелью прямыми руками,Abdominals,core,dumbbell,beginner,female,exercises/men/Abdominals/Dumbbell Straight Arm Crunch.mp4
ea_dumbbell_straight_arm_twisting_sit_up,Dumbbell Straight Arm Twisting Sit-up,Скручивания с поворотом корпуса и гантелью прямыми руками,Abdominals,core,dumbbell,beginner,female,exercises/men/Abdominals/Dumbbell Straight Arm Twisting Sit-up.mp4
ea_dumbbell_straight_leg_russian_twist,Dumbbell Straight Leg Russian Twist,Русские скручивания с гантелью и прямыми ногами,Abdominals,,dumbbell,beginner,female,exercises/men/Abdominals/Dumbbell Straight Leg Russian Twist.mp4
ea_dumbbell_v_up,Dumbbell V-up,V-подъёмы с гантелью,Abdominals,core,dumbbell,beginner,female,exercises/men/Abdominals/Dumbbell V-up.mp4
ea_elbow_push_plank_up,Elbow Push Plank Up,Планка с подъёмом на локтях,Abdominals,,,beginner,female,exercises/men/Abdominals/Elbow Push Plank Up.mp4
ea_elbow_up_and_down_dynamic_plank,Elbow-up and Down Dynamic Plank,Динамическая планка с подъёмом локтей,Abdominals,,,beginner,female,exercises/men/Abdominals/Elbow-Up and Down Dynamic Plank.mp4
ea_exercise_ball_body_saw,Exercise Ball Body Saw,Пила на фитболе,Abdominals,,stability_ball,beginner,female,exercises/men/Abdominals/Exercise Ball Body Saw.mp4
ea_exercise_ball_sit_ups,Exercise Ball Sit Ups,Скручивания на фитболе,Abdominals,,stability_ball,beginner,female,exercises/men/Abdominals/exercise ball sit ups.mp4
ea_flutter_kicks,Flutter Kicks,Ножницы лежа,Abdominals,core,,beginner,female,exercises/men/Abdominals/flutter kicks.mp4
ea_hanging_knee_raises,Hanging Knee Raises,Подъемы коленей в висе,Abdominals,core,pullup_bar,beginner,female,exercises/men/Abdominals/hanging knee raises.mp4
ea_hanging_oblique_crunches,Hanging Oblique Crunches,Скручивания на косые мышцы в висе,Abdominals,core,pullup_bar,beginner,female,exercises/men/Abdominals/hanging oblique crunches.mp4
ea_heel_touches,Heel Touches,Касания пяток,Abdominals,core,,beginner,female,exercises/men/Abdominals/heel touches.mp4
ea_high_cable_kneeling_crunch,High Cable Kneeling Crunch,Скручивания на коленях с верхнего блока,Abdominals,core,cable_machine,beginner,female,exercises/men/Abdominals/high cable kneeling crunch.mp4
ea_high_knee_twist,High Knee Twist,Скручивания с высоким подъемом коленей,Abdominals,core,,beginner,female,exercises/men/Abdominals/high knee twist.mp4
ea_high_resistance_band_kneeling_crunch,High Resistance Band Kneeling Crunch,Скручивания на коленях с резиновой лентой от верхнего блока,Abdominals,core,resistance_bands,beginner,female,exercises/men/Abdominals/high resistance band kneeling crunch.mp4
ea_hollow_hold,Hollow Hold,Удержание лодочки,Abdominals,core,,beginner,female,exercises/men/Abdominals/hollow hold.mp4
ea_jack_knives,Jack Knives,Складка,Abdominals,core,,beginner,female,exercises/men/Abdominals/jack knives.mp4
ea_kettlebell_situp_press,Kettlebell Situp Press,Жим гири из положения сидя,Abdominals,core; shoulders,kettlebell,beginner,female,exercises/men/Abdominals/Kettlebell situp press.mp4
ea_leg_lift_circles,Leg Lift Circles,Круговые движения ногами,Abdominals,core; lower_back; quads,,beginner,female,exercises/men/Abdominals/leg lift circles.mp4
ea_leg_raises_straight_legs,Leg Raises (straight Legs),Подъём прямых ног,Abdominals,core,captains_chair,beginner,female,exercises/men/Abdominals/Leg raises (straight legs).mp4
ea_long_arm_crunches,Long Arm Crunches,Скручивания с вытянутыми руками,Abdominals,core,,beginner,female,exercises/men/Abdominals/long arm crunches.mp4
ea_lying_abs_resistance_band,Lying Abs Resistance Band,Скручивания лежа с резиновой лентой,Abdominals,core,resistance_bands,beginner,female,exercises/men/Abdominals/lying abs resistance band.mp4
ea_lying_leg_raise,Lying Leg Raise,Подъём ног лёжа,Abdominals,core,,beginner,female,exercises/men/Abdominals/lying leg raise.mp4
ea_middle_crunches,Middle Crunches,Скручивания на пресс,Abdominals,core,,beginner,female,exercises/men/Abdominals/middle crunches.mp4
ea_mountain_climbers,Mountain Climbers,Альпинист,Abdominals,core,,beginner,female,exercises/men/Abdominals/mountain climbers.mp4
ea_oblique_crunch,Oblique Crunch,Косые скручивания,Abdominals,core,,beginner,female,exercises/men/Abdominals/oblique crunch.mp4
ea_over_head_weight_sit_up,Over Head Weight Sit Up,Подъемы корпуса с весом над головой,Abdominals,core; lower_back,weight_plates,beginner,female,exercises/men/Abdominals/over head weight sit up.mp4
ea_over_weight_ab_crunch,Over Weight Ab Crunch,Скручивания с отягощением,Abdominals,core; lower_back,dumbbell,beginner,female,exercises/men/Abdominals/over weight ab crunch.mp4
ea_plank_cross_knee_drive,Plank Cross Knee Drive,Планка с перекрёстным подтягиванием колена,Abdominals,core,,beginner,female,exercises/men/Abdominals/plank cross knee drive.mp4
ea_plank_jack,Plank Jack,Планка-джек,Abdominals,core,,beginner,female,exercises/men/Abdominals/plank jack.mp4
ea_plank_knee_tucks,Plank Knee Tucks,Планка с подтягиванием коленей к груди,Abdominals,core,,beginner,female,exercises/men/Abdominals/Plank Knee Tucks.mp4
ea_plank_reach_through,Plank Reach Through,Планка с проносом руки,Abdominals,core,,beginner,female,exercises/men/Abdominals/plank reach through.mp4
ea_plank_on_elbows,Plank on Elbows,Планка на локтях,Abdominals,core,,beginner,female,exercises/men/Abdominals/plank on elbows.mp4
ea_raised_leg_crunch,Raised Leg Crunch,Скручивания с поднятыми ногами,Abdominals,core,,beginner,female,exercises/men/Abdominals/raised leg crunch.mp4
ea_resistance_band_lying_bent_knee_raise,Resistance Band Lying Bent Knee Raise,Подъем согнутых коленей лежа с резиновой лентой,Abdominals,core,resistance_bands,beginner,female,exercises/men/Abdominals/Resistance Band Lying Bent Knee Raise.mp4
ea_reverse_crunch,Reverse Crunch,Обратные скручивания,Abdominals,core,,beginner,female,exercises/men/Abdominals/reverse crunch.mp4
ea_reverse_crunch_with_kick_out,Reverse Crunch with Kick Out,Обратные скручивания с выпрямлением ног,Abdominals,core,,beginner,female,exercises/men/Abdominals/reverse crunch with kick out.mp4
ea_russian_twist,Russian Twist,Русские скручивания,Abdominals,core,,beginner,female,exercises/men/Abdominals/russian twist.mp4
ea_russian_twist_weighted_ball,Russian Twist Weighted Ball,Русские скручивания с утяжеленным мячом,Abdominals,core,medicine_ball,beginner,female,exercises/men/Abdominals/russian twist weighted ball.mp4
ea_scissors_kick,Scissors Kick,Ножницы,Abdominals,core,,beginner,female,exercises/men/Abdominals/scissors kick.mp4
ea_seated_floor_crunches,Seated Floor Crunches,Скручивания сидя на полу,Abdominals,core,,beginner,female,exercises/men/Abdominals/Seated floor crunches.mp4
ea_seated_flutter_kicks,Seated Flutter Kicks,Ножницы сидя,Abdominals,core,bench_press,beginner,female,exercises/men/Abdominals/seated flutter kicks.mp4
ea_seated_v_up,Seated V Up,V-подъемы сидя,Abdominals,core,,beginner,female,exercises/men/Abdominals/seated v up.mp4
ea_side_plank,Side Plank,Боковая планка,Abdominals,core,,beginner,female,exercises/men/Abdominals/side plank.mp4
ea_side_plank_oblique_crunch,Side Plank Oblique Crunch,Косые скручивания в боковой планке,Abdominals,core,,beginner,female,exercises/men/Abdominals/side plank oblique crunch.mp4
ea_situps,Situps,Скручивания,Abdominals,core,,beginner,female,exercises/men/Abdominals/Situps.mp4
ea_spider_plank,Spider Plank,Планка «Паук»,Abdominals,core,,beginner,female,exercises/men/Abdominals/spider plank.mp4
ea_standing_cable_oblique_twist,Standing Cable Oblique Twist,Скручивания на косые мышцы в блочном тренажере стоя,Abdominals,core,cable_machine,beginner,female,exercises/men/Abdominals/standing cable oblique twist.mp4
ea_standing_oblique_crunch,Standing Oblique Crunch,Скручивания на косые мышцы стоя,Abdominals,core,,beginner,female,exercises/men/Abdominals/standing oblique crunch.mp4
ea_star_crunches,Star Crunches,Скручивания «Звезда»,Abdominals,core,,beginner,female,exercises/men/Abdominals/star crunches.mp4
ea_suspension_trainer_with_grips_hanging_knees_to_elbows,Suspension Trainer with Grips Hanging Knees to Elbows,Подъём коленей к локтям в висе на петлях TRX,Abdominals,core,trx,beginner,female,exercises/men/Abdominals/Suspension Trainer with Grips Hanging Knees to Elbows.mp4
ea_v_crunches,V Crunches,V-образные скручивания,Abdominals,core,,beginner,female,exercises/men/Abdominals/V crunches.mp4
ea_v_up,V Up,V-подъемы,Abdominals,core,,beginner,female,exercises/men/Abdominals/v up.mp4
ea_walkout,Walkout,Прогулка на руках,Abdominals,core; shoulders; chest,,beginner,female,exercises/men/Abdominals/walkout.mp4
ea_wind_wipers,Wind Wipers,Дворники,Abdominals,core,,beginner,female,exercises/men/Abdominals/wind wipers.mp4
ea_45_degree_hyperextension_arms_to_chest,45 Degree Hyperextension Arms to Chest,Гиперэкстензия под углом 45 градусов (руки к груди),Back,lower_back; glutes,back_extension,beginner,female,exercises/men/Back/45 degree hyperextension arms to chest.mp4
ea_alternate_superman,Alternate Superman,Попеременный Супермен,Back,glutes,,beginner,female,exercises/men/Back/alternate superman.mp4
ea_archer_pull_up,Archer Pull Up,Подтягивания лучника,Back,lats; biceps,pullup_bar,beginner,female,exercises/men/Back/Archer pull up.mp4
ea_assisted_chin_up_normal_width_reverse_grip,Assisted Chin Up Normal Width Reverse Grip,Подтягивания обратным хватом средней ширины с поддержкой,Back,lats,assisted_pullup_machine,beginner,female,exercises/men/Back/assisted chin up normal width reverse grip.mp4
ea_assisted_chin_up_reverse_close_grip,Assisted Chin Up Reverse Close Grip,Подтягивания обратным узким хватом с поддержкой,Back,lats,assisted_pullup_machine,beginner,female,exercises/men/Back/assisted chin up reverse close grip.mp4
ea_assisted_chin_up_reverse_wide_grip,Assisted Chin Up Reverse Wide Grip,Подтягивания обратным широким хватом с поддержкой,Back,lats,assisted_pullup_machine,beginner,female,exercises/men/Back/assisted chin up reverse wide grip.mp4
ea_assisted_pull_up_close_grip,Assisted Pull Up Close Grip,Подтягивания узким хватом с поддержкой,Back,lats,assisted_pullup_machine,beginner,female,exercises/men/Back/assisted pull up close grip.mp4
ea_assisted_pull_up_normal_grip,Assisted Pull Up Normal Grip,Подтягивания средним хватом с поддержкой,Back,lats,assisted_pullup_machine,beginner,female,exercises/men/Back/assisted pull up normal grip.mp4
ea_assisted_pull_up_wide_grip,Assisted Pull Up Wide Grip,Подтягивания широким хватом с поддержкой,Back,lats,assisted_pullup_machine,beginner,female,exercises/men/Back/assisted pull up wide grip.mp4
ea_back_extension_machine,Back Extension Machine,Гиперэкстензия в тренажере,Back,lower_back; glutes,back_extension,beginner,female,exercises/men/Back/back extension machine.mp4
ea_back_squeeze,Back Squeeze,Сведение лопаток,Back,traps,plyo_box,beginner,female,exercises/men/Back/Back squeeze.mp4
ea_barbell_bent_over_row_pronated_grip,Barbell Bent Over Row Pronated Grip,Тяга штанги в наклоне пронированным хватом,Back,lats; traps,barbell,beginner,female,exercises/men/Back/Barbell bent over row pronated grip.mp4
ea_barbell_bent_over_row_supinated_grip,Barbell Bent Over Row Supinated Grip,Тяга штанги в наклоне супинированным хватом,Back,lats; traps,barbell,beginner,female,exercises/men/Back/Barbell bent over row supinated grip.mp4
ea_barbell_deadlift_360_degrees,Barbell Deadlift 360 Degrees,Становая тяга со штангой 360 градусов,Back,glutes; quads; hamstrings,barbell,beginner,female,exercises/men/Back/Barbell deadlift 360 degrees.mp4
ea_barbell_good_morning,Barbell Good Morning,Наклоны со штангой на плечах (Good Morning),Back,lower_back,barbell,beginner,female,exercises/men/Back/Barbell Good Morning.mp4
ea_barbell_long_landmine_row,Barbell Long Landmine Row,Тяга штанги в Landmine (длинная),Back,lats,barbell,beginner,female,exercises/men/Back/Barbell Long Landmine Row.mp4
ea_barbell_lying_row,Barbell Lying Row,Тяга штанги лёжа,Back,shoulders; traps,bench_press,beginner,female,exercises/men/Back/Barbell Lying Row.mp4
ea_barbell_meadows_row,Barbell Meadows Row,Тяга штанги в тренажере Landmine (Мэдоуз),Back,lats,barbell,beginner,female,exercises/men/Back/Barbell Meadows Row.mp4
ea_barbell_one_arm_single_deadlift,Barbell One Arm Single Deadlift,Становая тяга штанги одной рукой,Back,hamstrings; glutes; lower_back,barbell,beginner,female,exercises/men/Back/barbell one arm single deadlift.mp4
ea_barbell_pendlay_row,Barbell Pendlay Row,Тяга штанги в наклоне Пендлея,Back,traps; lats,barbell,beginner,female,exercises/men/Back/Barbell pendlay row.mp4
ea_barbell_push_bent_over_row,Barbell Push Bent Over Row,Тяга штанги в наклоне с толчком,Back,lats; traps,barbell,beginner,female,exercises/men/Back/Barbell push bent over row.mp4
ea_barbell_reverse_grip_bent_over_row,Barbell Reverse Grip Bent Over Row,Тяга штанги в наклоне обратным хватом,Back,lats,barbell,beginner,female,exercises/men/Back/Barbell reverse grip bent over row.mp4
ea_barbell_seated_good_morning,Barbell Seated Good Morning,Наклоны со штангой сидя,Back,lower_back,bench_press,beginner,female,exercises/men/Back/Barbell seated good morning.mp4
ea_barbell_single_leg_deadlift,Barbell Single Leg Deadlift,Становая тяга на одной ноге со штангой,Back,hamstrings; glutes,barbell,beginner,female,exercises/men/Back/Barbell single leg deadlift.mp4
ea_barbell_snatch_deadlift_close_grip,Barbell Snatch Deadlift Close Grip,Рывковая становая тяга узким хватом со штангой,Back,quads; glutes; lower_back,barbell,beginner,female,exercises/men/Back/Barbell snatch deadlift close grip.mp4
ea_barbell_snatch_deadlift_wide_grip,Barbell Snatch Deadlift Wide Grip,Рывковая становая тяга широким хватом со штангой,Back,quads; glutes; lower_back,barbell,beginner,female,exercises/men/Back/Barbell snatch deadlift wide grip.mp4
ea_barbell_sumo_deadlift,Barbell Sumo Deadlift,Сумо становая тяга со штангой,Back,glutes; hamstrings; quads,barbell,beginner,female,exercises/men/Back/barbell sumo deadlift.mp4
ea_barbell_underhand_bent_over_row,Barbell Underhand Bent Over Row,Тяга штанги в наклоне обратным хватом,Back,lats,barbell,beginner,female,exercises/men/Back/Barbell Underhand Bent over Row.mp4
ea_barbell_wide_grip_upright_row,Barbell Wide Grip Upright Row,Тяга штанги к подбородку широким хватом,Back,shoulders,barbell,beginner,female,exercises/men/Back/Barbell wide grip Upright Row.mp4
ea_behind_neck_lat_pull_down_machine,Behind Neck Lat Pull Down Machine,Тяга верхнего блока за голову,Back,lats,lat_pulldown,beginner,female,exercises/men/Back/behind neck lat pull down machine.mp4
ea_bench_pull_ups,Bench Pull-ups,Подтягивания на скамье,Back,back; biceps,pullup_bar,beginner,female,exercises/men/Back/Bench Pull-ups.mp4
ea_bent_over_row_resistance_band,Bent Over Row Resistance Band,Тяга резиновой ленты в наклоне,Back,lats,resistance_bands,beginner,female,exercises/men/Back/bent over row resistance band.mp4
ea_bent_over_row_with_bar,Bent-over Row with Bar,Тяга грифа в наклоне,Back,lats,barbell,beginner,female,exercises/men/Back/Bent-over Row with bar.mp4
ea_bodyweight_muscle_up,Bodyweight Muscle-up,Выход силой собственным весом,Back,back; chest; shoulders,pullup_bar,beginner,female,exercises/men/Back/Bodyweight Muscle-up.mp4
ea_cable_bar_lateral_pulldown,Cable Bar Lateral Pulldown,Тяга верхнего блока широким хватом,Back,lats,lat_pulldown,beginner,female,exercises/men/Back/Cable Bar Lateral Pulldown.mp4
ea_cable_bent_over_reverse_grip_row,Cable Bent Over Reverse Grip Row,Тяга блока в наклоне обратным хватом,Back,lats,cable_machine,beginner,female,exercises/men/Back/Cable Bent Over Reverse Grip Row.mp4
ea_cable_bent_over_row,Cable Bent Over Row,Тяга блока в наклоне,Back,lats,cable_machine,beginner,female,exercises/men/Back/Cable Bent Over Row.mp4
ea_cable_close_grip_front_lat_pulldown,Cable Close Grip Front Lat Pulldown,Тяга верхнего блока узким прямым хватом к груди,Back,lats,lat_pulldown,beginner,female,exercises/men/Back/Cable Close Grip Front Lat Pulldown.mp4
ea_cable_low_seated_row,Cable Low Seated Row,Тяга нижнего блока сидя,Back,lats,cable_machine,beginner,female,exercises/men/Back/cable low seated row.mp4
ea_cable_lying_extension_pullover_with_cables_attachment,Cable Lying Extension Pullover (with Cables Attachment),Пуловер-разгибание лежа на блоке,Back,lats; triceps,cable_machine,beginner,female,exercises/men/Back/cable lying extension pullover (with cables attachment).mp4
ea_cable_one_arm_bent_over_row,Cable One Arm Bent Over Row,Тяга одной рукой в наклоне в блоке,Back,lats,cable_machine,beginner,female,exercises/men/Back/Cable One Arm Bent over Row.mp4
ea_cable_one_arm_lat_pulldown,Cable One Arm Lat Pulldown,Тяга верхнего блока одной рукой,Back,lats,lat_pulldown,beginner,female,exercises/men/Back/Cable one arm lat pulldown.mp4
ea_cable_palm_rotational_row,Cable Palm Rotational Row,Тяга на блоке с вращением ладони,Back,lats; traps,cable_machine,beginner,female,exercises/men/Back/cable palm rotational row.mp4
ea_cable_pulldown,Cable Pulldown,Тяга верхнего блока,Back,lats,lat_pulldown,beginner,female,exercises/men/Back/Cable Pulldown.mp4
ea_cable_pulldown_pro_lat_bar,Cable Pulldown (pro Lat Bar),Тяга верхнего блока (Pro Lat Bar),Back,lats,lat_pulldown,beginner,female,exercises/men/Back/Cable Pulldown (pro lat bar).mp4
ea_cable_pushdown_straight_arm,Cable Pushdown (straight Arm),Разгибание рук на блоке (прямыми руками),Back,lats,cable_machine,beginner,female,exercises/men/Back/Cable Pushdown (straight arm).mp4
ea_cable_rear_pulldown,Cable Rear Pulldown,Тяга верхнего блока за голову,Back,lats,lat_pulldown,beginner,female,exercises/men/Back/Cable rear Pulldown.mp4
ea_cable_reverse_grip_straight_back_seated_high_row,Cable Reverse Grip Straight Back Seated High Row,Тяга верхнего блока обратным хватом сидя с прямой спиной,Back,lats; traps,lat_pulldown,beginner,female,exercises/men/Back/cable reverse grip straight back seated high row.mp4
ea_cable_seated_one_arm_alternate_row,Cable Seated One Arm Alternate Row,Попеременная тяга одной рукой сидя на блоке,Back,lats,cable_machine,beginner,female,exercises/men/Back/Cable Seated One Arm Alternate Row.mp4
ea_cable_seated_row,Cable Seated Row,Тяга сидя на блоке,Back,lats,cable_machine,beginner,female,exercises/men/Back/Cable seated row.mp4
ea_cable_seated_supine_grip_row,Cable Seated Supine Grip Row,Тяга сидя на блоке обратным хватом,Back,lats,cable_machine,beginner,female,exercises/men/Back/Cable Seated Supine grip Row.mp4
ea_cable_seated_on_floor_row,Cable Seated on Floor Row,Тяга сидя на полу на блоке,Back,lats,cable_machine,beginner,female,exercises/men/Back/Cable Seated on Floor Row.mp4
ea_cable_straight_arm_pulldown,Cable Straight Arm Pulldown,Тяга прямыми руками на блоке,Back,lats,cable_machine,beginner,female,exercises/men/Back/Cable Straight Arm Pulldown.mp4
ea_cable_twin_handle_parallel_grip_lat_pulldown,Cable Twin Handle Parallel Grip Lat Pulldown,Тяга верхнего блока с двойными рукоятками параллельным хватом,Back,lats,cable_machine,beginner,female,exercises/men/Back/Cable Twin Handle Parallel Grip Lat Pulldown.mp4
ea_cable_twisting_pull,Cable Twisting Pull,Тяга на блоке с поворотом,Back,lats,cable_machine,beginner,female,exercises/men/Back/Cable Twisting Pull.mp4
ea_cable_underhand_pulldown_wide_grips,Cable Underhand Pulldown Wide Grips,Тяга верхнего блока обратным широким хватом,Back,lats; traps,lat_pulldown,beginner,female,exercises/men/Back/Cable Underhand Pulldown Wide Grips.mp4
ea_chin_up,Chin Up,Подтягивание обратным хватом,Back,biceps; back,pullup_bar,beginner,female,exercises/men/Back/chin up.mp4
ea_chin_up_reverse_close_grip,Chin Up Reverse Close Grip,Подтягивание обратным узким хватом,Back,biceps; back,pullup_bar,beginner,female,exercises/men/Back/chin up reverse close grip.mp4
ea_chin_up_reverse_normal_grip,Chin Up Reverse Normal Grip,Подтягивание обратным обычным хватом,Back,biceps; back,pullup_bar,beginner,female,exercises/men/Back/chin up reverse normal grip.mp4
ea_chin_up_reverse_wide_grip,Chin Up Reverse Wide Grip,Подтягивание обратным широким хватом,Back,biceps; back,pullup_bar,beginner,female,exercises/men/Back/chin up reverse wide grip.mp4
ea_chin_ups_narrow_parallel_grip,Chin Ups (narrow Parallel Grip),Подтягивания узким параллельным хватом,Back,biceps; back,pullup_bar,beginner,female,exercises/men/Back/Chin ups (narrow parallel grip).mp4
ea_chin_up_isometric_and_negative,Chin-up (isometric and Negative),Подтягивание обратным хватом (изометрическое и негативное),Back,biceps; back,pullup_bar,beginner,female,exercises/men/Back/Chin-up (isometric and negative).mp4
ea_commando_pull_up,Commando Pull-up,Подтягивания коммандос,Back,back; biceps,squat_rack,beginner,female,exercises/men/Back/Commando Pull-up.mp4
ea_dumbbell_bent_arm_pullover,Dumbbell Bent Arm Pullover,Пуловер с гантелью согнутыми руками,Back,chest,bench_press,beginner,female,exercises/men/Back/Dumbbell Bent Arm Pullover.mp4
ea_dumbbell_bent_over_reverse_row,Dumbbell Bent-over Reverse Row,Обратная тяга гантелей в наклоне,Back,lats; traps,dumbbell,beginner,female,exercises/men/Back/Dumbbell Bent-Over Reverse Row.mp4
ea_dumbbell_hammer_grip_incline_bench_two_arm_row,Dumbbell Hammer Grip Incline Bench Two Arm Row,Тяга гантелей молотковым хватом на наклонной скамье двумя руками,Back,traps; lats,bench_press,beginner,female,exercises/men/Back/Dumbbell Hammer Grip Incline Bench Two Arm Row.mp4
ea_dumbbell_incline_row,Dumbbell Incline Row,Тяга гантелей в наклоне на наклонной скамье,Back,traps; lats,bench_press,beginner,female,exercises/men/Back/Dumbbell Incline Row.mp4
ea_dumbbell_one_arm_row_rack_support,Dumbbell One Arm Row (rack Support),Тяга гантели одной рукой с опорой на стойку,Back,lats,squat_rack,beginner,female,exercises/men/Back/Dumbbell One Arm Row (rack support).mp4
ea_dumbbell_pullover,Dumbbell Pullover,Пуловер с гантелью,Back,chest; lats,bench_press,beginner,female,exercises/men/Back/Dumbbell Pullover.mp4
ea_dumbbell_pullover_version_2,Dumbbell Pullover (version 2),Пуловер с гантелью (вариант 2),Back,chest; lats,bench_press,beginner,female,exercises/men/Back/Dumbbell Pullover (VERSION 2).mp4
ea_dumbbell_pullover_on_floor,Dumbbell Pullover on Floor,Пуловер с гантелью на полу,Back,chest; lats,dumbbell,beginner,female,exercises/men/Back/Dumbbell Pullover on floor.mp4
ea_dumbbell_renegade_row,Dumbbell Renegade Row,Тяга гантели в планке (Renegade Row),Back,lats; shoulders,dumbbell,beginner,female,exercises/men/Back/Dumbbell Renegade Row.mp4
ea_dumbbell_romanian_deadlift,Dumbbell Romanian Deadlift,Румынская тяга с гантелями,Back,hamstrings; glutes,dumbbell,beginner,female,exercises/men/Back/Dumbbell Romanian Deadlift.mp4
ea_dumbbells_bent_over_row,Dumbbells Bent Over Row,Тяга гантелей в наклоне,Back,lats; traps,dumbbell,beginner,female,exercises/men/Back/dumbbells bent over row.mp4
ea_dumbbells_bent_over_row_pronated_grip,Dumbbells Bent Over Row Pronated Grip,Тяга гантелей в наклоне пронированным хватом,Back,lats,dumbbell,beginner,female,exercises/men/Back/dumbbells bent over row pronated grip.mp4
ea_dumbbells_plank_to_alternating_row,Dumbbells Plank to Alternating Row,Планка с попеременной тягой гантелей,Back,lats; core,dumbbell,beginner,female,exercises/men/Back/dumbbells plank to alternating row.mp4
ea_dumbbells_single_arm_row,Dumbbells Single Arm Row,Тяга гантели одной рукой,Back,lats,bench_press,beginner,female,exercises/men/Back/dumbbells single arm row.mp4
ea_elbow_lift_reverse_push_up,Elbow Lift Reverse Push Up,Обратные отжимания с подъёмом локтей,Back,traps,bench_press,beginner,female,exercises/men/Back/Elbow Lift Reverse Push Up.mp4
ea_exercise_ball_back_extension_with_hands_behind_head,Exercise Ball Back Extension with Hands Behind Head,Разгибание спины на фитболе с руками за головой,Back,lower_back,stability_ball,beginner,female,exercises/men/Back/Exercise Ball Back Extension With Hands Behind Head.mp4
ea_good_morning_resistance_band,Good Morning Resistance Band,Наклоны «Доброе утро» с резиновой лентой,Back,hamstrings; glutes,resistance_bands,beginner,female,exercises/men/Back/good morning resistance band.mp4
ea_good_mornings_barbell,Good Mornings Barbell,Наклоны «Доброе утро» со штангой,Back,lower_back; hamstrings,barbell,beginner,female,exercises/men/Back/good mornings barbell.mp4
ea_good_mornings_dumbbells,Good Mornings Dumbbells,Наклоны «Доброе утро» с гантелями,Back,lower_back; hamstrings,dumbbell,beginner,female,exercises/men/Back/good mornings dumbbells.mp4
ea_good_mornings_kettlebell,Good Mornings Kettlebell,Наклоны «Доброе утро» с гирей,Back,lower_back; hamstrings,kettlebell,beginner,female,exercises/men/Back/good mornings kettlebell.mp4
ea_inverted_rows_on_smith_machine,Inverted Rows on Smith Machine,Обратные тяги в машине Смита,Back,lats; traps,smith_machine,beginner,female,exercises/men/Back/inverted rows on smith machine.mp4
ea_kettlebell_sumo_deadlift,Kettlebell Sumo Deadlift,Сумо становая тяга с гирей,Back,quads; glutes; adductors,kettlebell,beginner,female,exercises/men/Back/Kettlebell Sumo Deadlift.mp4
ea_kettlebell_sumo_deadlift_with_high_pull,Kettlebell Sumo Deadlift with High Pull,Сумо становая тяга с гирей и протяжкой,Back,quads; glutes; adductors; shoulders,kettlebell,beginner,female,exercises/men/Calisthenics-Cardio-Plyo-Functional/Kettlebell Sumo Deadlift with High Pull.mp4
ea_landmine_row,Landmine Row,Тяга с Landmine,Back,lats; traps,barbell,beginner,female,exercises/men/Back/Landmine row.mp4
ea_lat_pull_down_close_grip,Lat Pull Down Close Grip,Тяга верхнего блока узким хватом,Back,lats,lat_pulldown,beginner,female,exercises/men/Back/lat pull down close grip.mp4
ea_lat_pull_down_normal_grip,Lat Pull Down Normal Grip,Тяга верхнего блока обычным хватом,Back,lats,lat_pulldown,beginner,female,exercises/men/Back/lat pull down normal grip.mp4
ea_lat_pull_down_wide_grip,Lat Pull Down Wide Grip,Тяга верхнего блока широким хватом,Back,lats,lat_pulldown,beginner,female,exercises/men/Back/lat pull down wide grip.mp4
ea_lying_back_extension,Lying Back Extension,Разгибание спины лежа,Back,lower_back,,beginner,female,exercises/men/Back/lying back extension.mp4
ea_prone_bench_row_barbell_pronate_grip,Prone Bench Row Barbell Pronate Grip,Тяга штанги лёжа на наклонной скамье пронированным хватом,Back,lats,bench_press,beginner,female,exercises/men/Back/prone bench row barbell pronate grip.mp4
ea_prone_bench_row_barbell_reverse_grip,Prone Bench Row Barbell Reverse Grip,Тяга штанги лёжа на наклонной скамье обратным хватом,Back,lats,bench_press,beginner,female,exercises/men/Back/Prone bench row barbell reverse grip.mp4
ea_prone_bench_row_dumbbells,Prone Bench Row Dumbbells,Тяга гантелей лёжа на наклонной скамье,Back,lats,bench_press,beginner,female,exercises/men/Back/prone bench row dumbbells.mp4
ea_prone_bench_row_dumbbells_pronated_grip,Prone Bench Row Dumbbells Pronated Grip,Тяга гантелей лёжа на наклонной скамье пронированным хватом,Back,lats,bench_press,beginner,female,exercises/men/Back/prone bench row dumbbells pronated grip.mp4
ea_prone_bench_row_dumbbells_supinated_grip,Prone Bench Row Dumbbells Supinated Grip,Тяга гантелей лёжа на наклонной скамье супинированным хватом,Back,lats,bench_press,beginner,female,exercises/men/Back/prone bench row dumbbells supinated grip.mp4
ea_pull_up_normal_grip,Pull Up Normal Grip,Подтягивание обычным хватом,Back,lats; biceps,pullup_bar,beginner,female,exercises/men/Back/pull up normal grip.mp4
ea_pull_up_wide_grip,Pull Up Wide Grip,Подтягивание широким хватом,Back,lats; biceps,pullup_bar,beginner,female,exercises/men/Back/pull up wide grip.mp4
ea_pull_up_wide_grip_front_view,Pull Up Wide Grip Front View,Подтягивание широким хватом (вид спереди),Back,lats; biceps,pullup_bar,beginner,female,exercises/men/Back/pull up wide grip front view.mp4
ea_resistance_band_cable_row,Resistance Band - Cable Row,Тяга с резиновой лентой,Back,lats; traps,resistance_bands,beginner,female,exercises/men/Back/resistance band - cable row.mp4
ea_reverse_grip_lat_pull_down,Reverse Grip Lat Pull Down,Тяга верхнего блока обратным хватом,Back,back,lat_pulldown,beginner,female,exercises/men/Back/reverse grip lat pull down.mp4
ea_romanian_deadlift_barbell,Romanian Deadlift Barbell,Румынская становая тяга со штангой,Back,hamstrings; glutes,barbell,beginner,female,exercises/men/Back/romanian deadlift barbell.mp4
ea_seated_cable_row_v_bar_machine,Seated Cable Row V Bar Machine,Тяга горизонтального блока V-образным хватом,Back,lats,seated_row_machine,beginner,female,exercises/men/Back/seated cable row V bar machine.mp4
ea_seated_normal_grip_row_machine,Seated Normal Grip Row Machine,Тяга в тренажёре сидя обычным хватом,Back,,seated_row_machine,beginner,female,exercises/men/Back/seated normal grip row machine.mp4
ea_seated_resistance_band_cable_rows,Seated Resistance Band - Cable Rows,Тяга резиновой ленты сидя,Back,lats,resistance_bands,beginner,female,exercises/men/Back/seated resistance band - cable rows.mp4
ea_single_arm_cable_row_left,Single Arm Cable Row Left,Тяга блока одной рукой (левая),Back,back,cable_machine,beginner,female,exercises/men/Back/single arm cable row left.mp4
ea_single_arm_cable_row_right,Single Arm Cable Row Right,Тяга блока одной рукой (правая),Back,back,cable_machine,beginner,female,exercises/men/Back/single arm cable row right.mp4
ea_single_arm_standing_low_cable_row,Single Arm Standing Low Cable Row,Тяга нижнего блока одной рукой стоя,Back,back,cable_machine,beginner,female,exercises/men/Back/single arm standing low cable row.mp4
ea_single_kettlebell_deadlift,Single Kettlebell Deadlift,Становая тяга с одной гирей,Back,glutes; hamstrings; quads,kettlebell,beginner,female,exercises/men/Back/Single Kettlebell Deadlift.mp4
ea_standing_lat_cable_pull_over,Standing Lat Cable Pull Over,Пуловер в блочном тренажере стоя,Back,lats,cable_machine,beginner,female,exercises/men/Back/standing lat cable pull over.mp4
ea_straight_bar_cable_pull_down,Straight Bar Cable Pull Down,Тяга верхнего блока прямым грифом,Back,lats,lat_pulldown,beginner,female,exercises/men/Back/straight bar cable pull down.mp4
ea_straight_bar_cable_row_close_grip,Straight Bar Cable Row Close Grip,Тяга блока к поясу прямым грифом узким хватом,Back,lats,seated_row_machine,beginner,female,exercises/men/Back/straight bar cable row close grip.mp4
ea_straight_bar_cable_row_normal_grip,Straight Bar Cable Row Normal Grip,Тяга блока к поясу прямым грифом обычным хватом,Back,lats,seated_row_machine,beginner,female,exercises/men/Back/straight bar cable row normal grip.mp4
ea_superman,Superman,Супермен,Back,lower_back; glutes,,beginner,female,exercises/men/Back/superman.mp4
ea_superman_pulls,Superman Pulls,Супермен (тяги),Back,lower_back; glutes,,beginner,female,exercises/men/Back/superman pulls.mp4
ea_superman_pulls_resistance_band,Superman Pulls Resistance Band,Супермен (тяги с резиновой лентой),Back,lower_back; lats; glutes,resistance_bands,beginner,female,exercises/men/Back/superman pulls resistance band.mp4
ea_supine_push_up,Supine Push Up,Подъём верхней части спины лёжа,Back,traps; shoulders,,beginner,female,exercises/men/Back/Supine Push up.mp4
ea_upright_row_barbell,Upright Row Barbell,Тяга штанги к подбородку,Back,shoulders,barbell,beginner,female,exercises/men/Shoulders/upright row barbell.mp4
ea_v_bar_lat_pull_down,V Bar Lat Pull Down,Тяга верхнего блока V-образным грифом,Back,lats,lat_pulldown,beginner,female,exercises/men/Back/v bar lat pull down.mp4
ea_barbell_bicep_curl_close_grip,Barbell Bicep Curl Close Grip,Сгибание на бицепс со штангой узким хватом,Biceps,biceps,barbell,beginner,female,exercises/men/Biceps/barbell bicep curl close grip.mp4
ea_barbell_bicep_curl_normal_grip,Barbell Bicep Curl Normal Grip,Сгибание на бицепс со штангой обычным хватом,Biceps,biceps,barbell,beginner,female,exercises/men/Biceps/barbell bicep curl normal grip.mp4
ea_barbell_bicep_curl_wide_grip,Barbell Bicep Curl Wide Grip,Сгибание на бицепс со штангой широким хватом,Biceps,biceps,barbell,beginner,female,exercises/men/Biceps/barbell bicep curl wide grip.mp4
ea_barbell_biceps_curl,Barbell Biceps Curl,Сгибание на бицепс со штангой,Biceps,biceps,barbell,beginner,female,exercises/men/Biceps/barbell biceps curl.mp4
ea_barbell_drag_biceps_curl,Barbell Drag Biceps Curl,Сгибание на бицепс со штангой с протяжкой,Biceps,biceps,barbell,beginner,female,exercises/men/Biceps/barbell drag biceps curl.mp4
ea_barbell_drag_curl,Barbell Drag Curl,Сгибание со штангой с протяжкой,Biceps,biceps,barbell,beginner,female,exercises/men/Biceps/barbell drag curl.mp4
ea_barbell_lap_curl,Barbell Lap Curl,Сгибание на бицепс со штангой на бёдрах,Biceps,biceps,bench_press,beginner,female,exercises/men/Biceps/barbell lap curl.mp4
ea_barbell_preacher_curl,Barbell Preacher Curl,Сгибание на бицепс со штангой на скамье Скотта,Biceps,biceps,preacher_curl_bench,beginner,female,exercises/men/Biceps/Barbell preacher curl.mp4
ea_barbell_reverse_biceps_curl,Barbell Reverse Biceps Curl,Сгибание рук со штангой обратным хватом,Biceps,biceps,barbell,beginner,female,exercises/men/Biceps/Barbell reverse biceps curl.mp4
ea_barbell_reverse_spider_curl,Barbell Reverse Spider Curl,Сгибание рук со штангой обратным хватом на наклонной скамье,Biceps,biceps,bench_press,beginner,female,exercises/men/Biceps/Barbell reverse spider curl.mp4
ea_barbell_seated_concentration_biceps_curl,Barbell Seated Concentration Biceps Curl,Сгибание рук со штангой сидя в концентрации,Biceps,biceps,bench_press,beginner,female,exercises/men/Biceps/Barbell seated concentration biceps curl.mp4
ea_barbell_single_arm_biceps_curl,Barbell Single Arm Biceps Curl,Сгибание на бицепс одной рукой со штангой,Biceps,biceps,barbell,beginner,female,exercises/men/Biceps/Barbell single arm biceps curl.mp4
ea_barbell_standing_close_grip_curl,Barbell Standing Close Grip Curl,Сгибание на бицепс со штангой узким хватом стоя,Biceps,biceps,barbell,beginner,female,exercises/men/Biceps/Barbell standing close grip curl.mp4
ea_barbell_standing_concentration_curl,Barbell Standing Concentration Curl,Концентрированное сгибание на бицепс со штангой стоя,Biceps,biceps,barbell,beginner,female,exercises/men/Biceps/Barbell standing concentration curl.mp4
ea_barbell_standing_wide_grip_biceps_curls,Barbell Standing Wide Grip Biceps Curls,Сгибание на бицепс со штангой широким хватом стоя,Biceps,biceps,barbell,beginner,female,exercises/men/Biceps/Barbell standing wide grip biceps curls.mp4
ea_barbell_wide_grip_biceps_curl,Barbell Wide Grip Biceps Curl,Сгибание на бицепс со штангой широким хватом,Biceps,biceps,barbell,beginner,female,exercises/men/Biceps/barbell wide grip biceps curl.mp4
ea_bicep_curl_low_cable_machine_normal_grip,Bicep Curl Low Cable Machine Normal Grip,Сгибание на бицепс на нижнем блоке обычным хватом,Biceps,biceps,cable_machine,beginner,female,exercises/men/Biceps/bicep curl low cable machine normal grip.mp4
ea_biceps_curl_cable,Biceps Curl Cable,Сгибание на бицепс на блоке,Biceps,biceps,cable_machine,beginner,female,exercises/men/Biceps/biceps curl cable.mp4
ea_biceps_curl_cable_wide_grip,Biceps Curl Cable Wide Grip,Сгибание на бицепс на блоке широким хватом,Biceps,biceps,cable_machine,beginner,female,exercises/men/Biceps/biceps curl cable wide grip.mp4
ea_biceps_curl_cable_wide_grip_crossover_machine,Biceps Curl Cable Wide Grip Crossover Machine,Сгибание на бицепс на кроссовере широким хватом,Biceps,biceps,cable_machine,beginner,female,exercises/men/Biceps/biceps curl cable wide grip crossover machine.mp4
ea_biceps_curl_front_step,Biceps Curl Front Step,Сгибание на бицепс с шагом вперёд,Biceps,biceps; quads,,beginner,female,exercises/men/Biceps/Biceps Curl Front Step.mp4
ea_biceps_curl_resistance_band,Biceps Curl Resistance Band,Сгибание на бицепс с резиновой лентой,Biceps,biceps,resistance_bands,beginner,female,exercises/men/Biceps/biceps curl resistance band.mp4
ea_biceps_curl_to_shoulder_press_resistance_band,Biceps Curl to Shoulder Press Resistance Band,Сгибание на бицепс с переходом в жим над головой с резиновой лентой,Biceps,biceps; shoulders,resistance_bands,beginner,female,exercises/men/Biceps/biceps curl to shoulder press resistance band.mp4
ea_biceps_leg_concentration_curl,Biceps Leg Concentration Curl,Концентрированное сгибание на бицепс ногой,Biceps,biceps,bench_press,beginner,female,exercises/men/Biceps/Biceps Leg Concentration Curl.mp4
ea_cable_biceps_curl_ez_bar,Cable Biceps Curl (ez-bar),Сгибание на бицепс с EZ-грифом на блоке,Biceps,biceps,cable_machine,beginner,female,exercises/men/Biceps/Cable Biceps Curl (EZ-bar).mp4
ea_cable_close_grip_curl,Cable Close Grip Curl,Сгибание на бицепс узким хватом на блоке,Biceps,biceps,cable_machine,beginner,female,exercises/men/Biceps/Cable Close Grip Curl.mp4
ea_cable_one_arm_curl,Cable One Arm Curl,Сгибание руки на бицепс одной рукой в блоке,Biceps,biceps,cable_machine,beginner,female,exercises/men/Biceps/Cable One Arm Curl.mp4
ea_cable_one_arm_inner_biceps_curl,Cable One Arm Inner Biceps Curl,Сгибание на бицепс одной рукой на блоке,Biceps,biceps,cable_machine,beginner,female,exercises/men/Biceps/Cable One Arm Inner Biceps Curl.mp4
ea_cable_overhead_curl,Cable Overhead Curl,Сгибание на бицепс над головой на блоке,Biceps,biceps,cable_machine,beginner,female,exercises/men/Biceps/Cable Overhead Curl.mp4
ea_cable_preacher_curl,Cable Preacher Curl,Сгибание на бицепс на скамье Скотта на блоке,Biceps,biceps,cable_machine,beginner,female,exercises/men/Biceps/Cable Preacher Curl.mp4
ea_cable_reverse_curl,Cable Reverse Curl,Обратное сгибание на бицепс на блоке,Biceps,biceps,cable_machine,beginner,female,exercises/men/Biceps/cable reverse curl.mp4
ea_concentration_curls_dumbbell,Concentration Curls Dumbbell,Сгибания на бицепс с гантелью в концентрации,Biceps,biceps,bench_press,beginner,female,exercises/men/Biceps/concentration curls dumbbell.mp4
ea_doorway_biceps_curl,Doorway Biceps Curl,Сгибание на бицепс в дверном проёме,Biceps,biceps,,beginner,female,exercises/men/Biceps/Doorway Biceps Curl.mp4
ea_drag_curl_dumbbell,Drag Curl Dumbbell,Сгибание на бицепс с гантелями вдоль тела,Biceps,biceps,dumbbell,beginner,female,exercises/men/Biceps/drag curl dumbbell.mp4
ea_drag_curl_resistance_band,Drag Curl Resistance Band,Сгибание на бицепс с резиновой лентой вдоль тела,Biceps,biceps,resistance_bands,beginner,female,exercises/men/Biceps/drag curl resistance band.mp4
ea_dumbbell_alternate_biceps_curl,Dumbbell Alternate Biceps Curl,Сгибание рук с гантелями на бицепс попеременно,Biceps,biceps,dumbbell,beginner,female,exercises/men/Biceps/Dumbbell Alternate Biceps Curl.mp4
ea_dumbbell_alternate_biceps_curl_version_2,Dumbbell Alternate Biceps Curl (version 2),Сгибание рук с гантелями на бицепс попеременно (вариант 2),Biceps,biceps,bench_press,beginner,female,exercises/men/Biceps/Dumbbell Alternate Biceps Curl (VERSION 2).mp4
ea_dumbbell_biceps_curl_with_overhead_extension_on_stability_ball,Dumbbell Biceps Curl with Overhead Extension on Stability Ball,Сгибание на бицепс с гантелями с разгибанием над головой на фитболе,Biceps,biceps; triceps,dumbbell,beginner,female,exercises/men/Biceps/Dumbbell Biceps Curl with Overhead Extension on Stability Ball.mp4
ea_dumbbell_close_grip_simultaneous_curl,Dumbbell Close-grip Simultaneous Curl,Сгибание рук с гантелями узким хватом одновременно,Biceps,biceps,dumbbell,beginner,female,exercises/men/Biceps/Dumbbell Close-Grip Simultaneous Curl.mp4
ea_dumbbell_cross_body_hammer_curl_version_2,Dumbbell Cross Body Hammer Curl (version 2),Перекрёстное сгибание рук с гантелями молотковым хватом (вариант 2),Biceps,biceps,dumbbell,beginner,female,exercises/men/Biceps/Dumbbell Cross Body Hammer Curl (Version 2).mp4
ea_dumbbell_curls,Dumbbell Curls,Сгибание рук с гантелями,Biceps,biceps,dumbbell,beginner,female,exercises/men/Biceps/dumbbell curls.mp4
ea_dumbbell_curls_alternating,Dumbbell Curls Alternating,Сгибание рук с гантелями попеременно,Biceps,biceps,dumbbell,beginner,female,exercises/men/Biceps/dumbbell curls alternating.mp4
ea_dumbbell_drag_over_shoulder_bicep_curl,Dumbbell Drag Over Shoulder Bicep Curl,Сгибание рук с гантелями на бицепс с подъёмом над плечами,Biceps,biceps,dumbbell,beginner,female,exercises/men/Biceps/Dumbbell Drag Over Shoulder Bicep Curl.mp4
ea_dumbbell_half_biceps_curl_for_21s,Dumbbell Half Biceps Curl For 21s,Частичное сгибание на бицепс гантелями для 21 повторения,Biceps,biceps,dumbbell,beginner,female,exercises/men/Biceps/Dumbbell Half Biceps Curl for 21s.mp4
ea_dumbbell_hammer_curl,Dumbbell Hammer Curl,Сгибание на бицепс гантелями молотковым хватом,Biceps,biceps,dumbbell,beginner,female,exercises/men/Biceps/Dumbbell Hammer Curl.mp4
ea_dumbbell_hammer_curl_simultaneous_arms,Dumbbell Hammer Curl Simultaneous Arms,Сгибание на бицепс гантелями молотковым хватом двумя руками одновременно,Biceps,biceps,dumbbell,beginner,female,exercises/men/Biceps/Dumbbell Hammer Curl Simultaneous Arms.mp4
ea_dumbbell_hammer_preacher_curl_simultaneous_arms,Dumbbell Hammer Preacher Curl Simultaneous Arms,Сгибание на бицепс гантелями молотковым хватом на скамье Скотта двумя руками одновременно,Biceps,biceps,preacher_curl_bench,beginner,female,exercises/men/Biceps/Dumbbell Hammer Preacher Curl Simultaneous Arms.mp4
ea_dumbbell_hammer_strict_curl,Dumbbell Hammer Strict Curl,Строгое сгибание на бицепс гантелями молотковым хватом,Biceps,biceps,dumbbell,beginner,female,exercises/men/Biceps/Dumbbell Hammer Strict Curl.mp4
ea_dumbbell_high_curl,Dumbbell High Curl,Высокое сгибание на бицепс гантелями,Biceps,biceps,dumbbell,beginner,female,exercises/men/Biceps/Dumbbell High Curl.mp4
ea_dumbbell_incline_alternate_bicep_curl,Dumbbell Incline Alternate Bicep Curl,Попеременное сгибание на бицепс гантелями на наклонной скамье,Biceps,biceps,bench_press,beginner,female,exercises/men/Biceps/Dumbbell Incline Alternate Bicep Curl.mp4
ea_dumbbell_incline_alternate_curl,Dumbbell Incline Alternate Curl,Попеременное сгибание на бицепс гантелей на наклонной скамье с супинацией,Biceps,biceps,bench_press,beginner,female,exercises/men/Biceps/Dumbbell Incline Alternate Curl.mp4
ea_dumbbell_incline_alternate_hammer_curl,Dumbbell Incline Alternate Hammer Curl,Попеременное сгибание на бицепс гантелями молотковым хватом на наклонной скамье,Biceps,biceps,bench_press,beginner,female,exercises/men/Biceps/Dumbbell Incline Alternate Hammer Curl.mp4
ea_dumbbell_incline_biceps_simultaneous_curl,Dumbbell Incline Biceps Simultaneous Curl,Одновременное сгибание на бицепс гантелями на наклонной скамье,Biceps,biceps,bench_press,beginner,female,exercises/men/Biceps/Dumbbell Incline Biceps Simultaneous Curl.mp4
ea_dumbbell_incline_hammer_simultaneous_curl,Dumbbell Incline Hammer Simultaneous Curl,Сгибание рук с гантелями на наклонной скамье молотковым хватом,Biceps,biceps,bench_press,beginner,female,exercises/men/Biceps/Dumbbell Incline Hammer Simultaneous Curl.mp4
ea_dumbbell_incline_simultaneous_curl,Dumbbell Incline Simultaneous Curl,Сгибание рук с гантелями на наклонной скамье,Biceps,biceps,bench_press,beginner,female,exercises/men/Biceps/Dumbbell Incline Simultaneous Curl.mp4
ea_dumbbell_lying_supine_curl,Dumbbell Lying Supine Curl,Сгибание на бицепс с гантелями лёжа супинированным хватом,Biceps,biceps,bench_press,beginner,female,exercises/men/Biceps/Dumbbell Lying Supine Curl.mp4
ea_dumbbell_one_arm_hammer_preacher_curl,Dumbbell One Arm Hammer Preacher Curl,Сгибание рук с гантелью одной рукой на скамье Скотта молотковым хватом,Biceps,biceps,preacher_curl_bench,beginner,female,exercises/men/Biceps/Dumbbell One Arm Hammer Preacher Curl.mp4
ea_dumbbell_one_arm_reverse_preacher_curl,Dumbbell One Arm Reverse Preacher Curl,Сгибание рук с гантелью одной рукой на скамье Скотта обратным хватом,Biceps,biceps,preacher_curl_bench,beginner,female,exercises/men/Biceps/Dumbbell One Arm Reverse Preacher Curl.mp4
ea_dumbbell_one_arm_zottman_preacher_curl,Dumbbell One Arm Zottman Preacher Curl,Сгибание Зоттмана одной рукой с гантелью на скамье Скотта,Biceps,biceps,bench_press,beginner,female,exercises/men/Biceps/Dumbbell One Arm Zottman Preacher Curl.mp4
ea_dumbbell_preacher_curl,Dumbbell Preacher Curl,Сгибание на бицепс с гантелью на скамье Скотта,Biceps,biceps,preacher_curl_bench,beginner,female,exercises/men/Biceps/Dumbbell Preacher Curl.mp4
ea_dumbbell_preacher_curl_turned_torso,Dumbbell Preacher Curl (turned Torso),Сгибание на бицепс с гантелью на скамье Скотта (с поворотом корпуса),Biceps,biceps,preacher_curl_bench,beginner,female,exercises/men/Biceps/Dumbbell Preacher Curl (Turned Torso).mp4
ea_dumbbell_preacher_curl_over_exercise_ball,Dumbbell Preacher Curl Over Exercise Ball,Сгибание на бицепс с гантелями на фитболе,Biceps,biceps,dumbbell,beginner,female,exercises/men/Biceps/Dumbbell Preacher Curl over Exercise Ball.mp4
ea_dumbbell_prone_incline_curl,Dumbbell Prone Incline Curl,Сгибание на бицепс с гантелями лёжа на наклонной скамье,Biceps,biceps,bench_press,beginner,female,exercises/men/Biceps/Dumbbell Prone Incline Curl.mp4
ea_dumbbell_prone_incline_hammer_curl,Dumbbell Prone Incline Hammer Curl,Молотковое сгибание на бицепс с гантелями лёжа на наклонной скамье,Biceps,biceps,bench_press,beginner,female,exercises/men/Biceps/Dumbbell Prone Incline Hammer Curl.mp4
ea_dumbbell_reverse_grip_biceps_curl,Dumbbell Reverse Grip Biceps Curl,Сгибание рук с гантелями обратным хватом,Biceps,biceps,dumbbell,beginner,female,exercises/men/Biceps/Dumbbell Reverse grip Biceps Curl.mp4
ea_dumbbell_reverse_spider_curl,Dumbbell Reverse Spider Curl,Сгибание рук с гантелями обратным хватом на наклонной скамье (Spider Curl),Biceps,biceps,bench_press,beginner,female,exercises/men/Biceps/Dumbbell Reverse Spider Curl.mp4
ea_dumbbell_seated_curl,Dumbbell Seated Curl,Сгибание рук с гантелями сидя,Biceps,biceps,bench_press,beginner,female,exercises/men/Biceps/Dumbbell Seated Curl.mp4
ea_dumbbell_seated_hammer_curl,Dumbbell Seated Hammer Curl,Молотковые сгибания рук с гантелями сидя,Biceps,biceps,bench_press,beginner,female,exercises/men/Biceps/Dumbbell Seated Hammer Curl.mp4
ea_dumbbell_seated_preacher_curl,Dumbbell Seated Preacher Curl,Сгибание рук с гантелями на скамье Скотта сидя,Biceps,biceps,preacher_curl_bench,beginner,female,exercises/men/Biceps/Dumbbell Seated Preacher Curl.mp4
ea_dumbbell_seated_reverse_grip_concentration_curl,Dumbbell Seated Reverse Grip Concentration Curl,Концентрированное сгибание рук с гантелью обратным хватом сидя,Biceps,biceps,bench_press,beginner,female,exercises/men/Biceps/Dumbbell Seated Reverse grip Concentration Curl.mp4
ea_dumbbell_simultaneous_biceps_curl,Dumbbell Simultaneous Biceps Curl,Одновременное сгибание на бицепс с гантелями,Biceps,biceps,dumbbell,beginner,female,exercises/men/Biceps/Dumbbell Simultaneous Biceps Curl.mp4
ea_dumbbell_standing_concentration_curl,Dumbbell Standing Concentration Curl,Концентрированное сгибание на бицепс с гантелью стоя,Biceps,biceps,dumbbell,beginner,female,exercises/men/Biceps/Dumbbell Standing Concentration Curl.mp4
ea_dumbbell_standing_hammer_drag_curl,Dumbbell Standing Hammer Drag Curl,Молотковое драг-сгибание на бицепс с гантелями стоя,Biceps,biceps,dumbbell,beginner,female,exercises/men/Biceps/Dumbbell Standing Hammer Drag Curl.mp4
ea_dumbbell_standing_one_arm_concentration_curl,Dumbbell Standing One Arm Concentration Curl,Концентрированное сгибание на бицепс с гантелью стоя одной рукой,Biceps,biceps,dumbbell,beginner,female,exercises/men/Biceps/Dumbbell Standing One Arm Concentration Curl.mp4
ea_dumbbell_standing_one_arm_curl_over_incline_bench,Dumbbell Standing One Arm Curl Over Incline Bench,Сгибание на бицепс с гантелью стоя одной рукой над наклонной скамьей,Biceps,biceps,bench_press,beginner,female,exercises/men/Biceps/Dumbbell Standing One Arm Curl Over Incline Bench.mp4
ea_dumbbell_standing_preacher_curl,Dumbbell Standing Preacher Curl,Сгибание на бицепс с гантелью стоя на скамье Скотта,Biceps,biceps,preacher_curl_bench,beginner,female,exercises/men/Biceps/Dumbbell Standing Preacher Curl.mp4
ea_dumbbell_standing_reverse_curl,Dumbbell Standing Reverse Curl,Обратное сгибание на бицепс с гантелями стоя,Biceps,biceps,dumbbell,beginner,female,exercises/men/Biceps/Dumbbell Standing Reverse Curl.mp4
ea_dumbbell_standing_simultaneous_biceps_curl,Dumbbell Standing Simultaneous Biceps Curl,Одновременное сгибание на бицепс с гантелями стоя,Biceps,biceps,dumbbell,beginner,female,exercises/men/Biceps/Dumbbell Standing Simultaneous Biceps Curl.mp4
ea_dumbbell_standing_wide_simultaneous_biceps_curl,Dumbbell Standing Wide Simultaneous Biceps Curl,Одновременное широкое сгибание на бицепс с гантелями стоя,Biceps,biceps,dumbbell,beginner,female,exercises/men/Biceps/Dumbbell Standing Wide Simultaneous Biceps Curl.mp4
ea_dumbbell_waiter_biceps_curl,Dumbbell Waiter Biceps Curl,Сгибание на бицепс с гантелью хватом официанта,Biceps,biceps,dumbbell,beginner,female,exercises/men/Biceps/Dumbbell Waiter Biceps Curl.mp4
ea_dumbbell_zottman_curl,Dumbbell Zottman Curl,Сгибание на бицепс Зоттмана с гантелями,Biceps,biceps,dumbbell,beginner,female,exercises/men/Biceps/Dumbbell Zottman Curl.mp4
ea_dumbbell_zottman_preacher_curl,Dumbbell Zottman Preacher Curl,Сгибание на бицепс Зоттмана на скамье Скотта с гантелями,Biceps,biceps,preacher_curl_bench,beginner,female,exercises/men/Biceps/Dumbbell Zottman Preacher Curl.mp4
ea_ez_barbell_close_grip_curl,EZ Barbell Close Grip Curl,Сгибание на бицепс с EZ-штангой узким хватом,Biceps,biceps,ez_curl_bar,beginner,female,exercises/men/Biceps/EZ Barbell Close grip Curl.mp4
ea_ez_barbell_curl,EZ Barbell Curl,Сгибание на бицепс с EZ-штангой,Biceps,biceps,ez_curl_bar,beginner,female,exercises/men/Biceps/EZ Barbell Curl.mp4
ea_ez_bar_biceps_curl_close_grip,Ez Bar Biceps Curl Close Grip,Сгибание на бицепс с EZ-грифом узким хватом,Biceps,biceps,ez_curl_bar,beginner,female,exercises/men/Biceps/Ez bar biceps curl close grip.mp4
ea_ez_bar_biceps_curl_normal_grip,Ez Bar Biceps Curl Normal Grip,Сгибание на бицепс с EZ-грифом обычным хватом,Biceps,biceps,ez_curl_bar,beginner,female,exercises/men/Biceps/Ez bar biceps curl normal grip.mp4
ea_ez_bar_biceps_curl_wide_grip,Ez Bar Biceps Curl Wide Grip,Сгибание на бицепс с EZ-грифом широким хватом,Biceps,biceps,ez_curl_bar,beginner,female,exercises/men/Biceps/Ez bar biceps curl wide grip.mp4
ea_ez_bar_cable_curl_wide_grip,Ez Bar Cable Curl Wide Grip,Сгибание на бицепс с EZ-грифом на блоке широким хватом,Biceps,biceps,cable_machine,beginner,female,exercises/men/Biceps/Ez bar cable curl wide grip.mp4
ea_ez_bar_cable_curl_wide_grip_crossover_machine,Ez Bar Cable Curl Wide Grip Crossover Machine,Сгибание на бицепс с EZ-грифом на кроссовере широким хватом,Biceps,biceps,cable_machine,beginner,female,exercises/men/Biceps/ez bar cable curl wide grip crossover machine.mp4
ea_hammer_curl_resistance_band_simultaneous,Hammer Curl Resistance Band Simultaneous,Молотковые сгибания на бицепс с резиновой лентой одновременно,Biceps,biceps; forearms,resistance_bands,beginner,female,exercises/men/Biceps/hammer curl resistance band simultaneous.mp4
ea_hammer_strength_mts_iso_lateral_biceps_curl_arm_alternating,Hammer Strength MTS Iso-lateral Biceps Curl Arm Alternating,Hammer Strength MTS Iso-Lateral сгибания на бицепс поочередно,Biceps,biceps,bicep_curl_machine,beginner,female,exercises/men/Biceps/Hammer Strength MTS Iso-Lateral Biceps Curl Arm Alternating.mp4
ea_incline_dumbbell_curl,Incline Dumbbell Curl,Сгибание на бицепс с гантелями на наклонной скамье,Biceps,biceps,bench_press,beginner,female,exercises/men/Biceps/incline dumbbell curl.mp4
ea_low_resistance_band_lying_bicep_curl,Low Resistance Band Lying Bicep Curl,Сгибание на бицепс лежа с резиновой лентой от нижнего крепления,Biceps,biceps,cable_machine,beginner,female,exercises/men/Biceps/low resistance band lying bicep curl.mp4
ea_low_resistance_band_lying_bicep_curl_half_repetition,Low Resistance Band Lying Bicep Curl Half Repetition,Сгибание на бицепс лежа с резиновой лентой от нижнего крепления (половина повторения),Biceps,biceps,cable_machine,beginner,female,exercises/men/Biceps/low resistance band lying bicep curl half repetition.mp4
ea_preacher_curl_dumbbells_simultaneous,Preacher Curl Dumbbells Simultaneous,Сгибание на бицепс с гантелями одновременно на скамье Скотта,Biceps,biceps,preacher_curl_bench,beginner,female,exercises/men/Biceps/preacher curl dumbbells simultaneous.mp4
ea_preacher_curl_ez_bar,Preacher Curl Ez Bar,Сгибание на бицепс с EZ-грифом на скамье Скотта,Biceps,biceps,preacher_curl_bench,beginner,female,exercises/men/Biceps/preacher curl ez bar.mp4
ea_preacher_curl_ez_bar_close_grip,Preacher Curl Ez Bar Close Grip,Сгибание на бицепс с EZ-грифом узким хватом на скамье Скотта,Biceps,biceps,preacher_curl_bench,beginner,female,exercises/men/Biceps/preacher curl ez bar close grip.mp4
ea_preacher_curl_ez_bar_wide_grip,Preacher Curl Ez Bar Wide Grip,Сгибание на бицепс с EZ-грифом широким хватом на скамье Скотта,Biceps,biceps,preacher_curl_bench,beginner,female,exercises/men/Biceps/preacher curl ez bar wide grip.mp4
ea_reverse_curl_barbell,Reverse Curl Barbell,Сгибание рук со штангой обратным хватом,Biceps,,barbell,beginner,female,exercises/men/Biceps/reverse curl barbell.mp4
ea_reverse_grip_resistance_band_simultaneous,Reverse Grip Resistance Band Simultaneous,Одновременное сгибание рук обратным хватом с резиновой лентой,Biceps,biceps,resistance_bands,beginner,female,exercises/men/Biceps/reverse grip resistance band simultaneous.mp4
ea_single_dumbbell_biceps_curls,Single Dumbbell Biceps Curls,Сгибания на бицепс с одной гантелью,Biceps,biceps,dumbbell,beginner,female,exercises/men/Biceps/Single Dumbbell Biceps Curls.mp4
ea_spider_curl_barbell,Spider Curl Barbell,Спайдер-сгибание со штангой,Biceps,biceps,bench_press,beginner,female,exercises/men/Biceps/spider curl barbell.mp4
ea_spider_curl_dumbbells_simultaneous,Spider Curl Dumbbells Simultaneous,Спайдер-сгибание с гантелями одновременно,Biceps,biceps,bench_press,beginner,female,exercises/men/Biceps/spider curl dumbbells simultaneous.mp4
ea_spider_curl_ez_bar,Spider Curl Ez Bar,Спайдер-сгибание с EZ-грифом,Biceps,biceps,adjustable_bench,beginner,female,exercises/men/Biceps/spider curl ez bar.mp4
ea_zotman_curls_resistance_band_simultaneous,Zotman Curls Resistance Band Simultaneous,Сгибания Зоттмана с резиновой лентой одновременно,Biceps,biceps,resistance_bands,beginner,female,exercises/men/Biceps/zotman curls resistance band simultaneous.mp4
ea_air_punches_march,Air Punches March,Марш с ударами руками,Calisthenics-Cardio-Plyo-Functional,quads; lower_back; shoulders,,beginner,female,exercises/men/Calisthenics-Cardio-Plyo-Functional/Air punches March.mp4
ea_alternating_hamstring_curl,Alternating Hamstring Curl,Попеременное сгибание ног на бицепс бедра,Calisthenics-Cardio-Plyo-Functional,hamstrings,,beginner,female,exercises/men/Calisthenics-Cardio-Plyo-Functional/Alternating Hamstring Curl.mp4
ea_arm_crossover,Arm Crossover,Скрещивание рук,Calisthenics-Cardio-Plyo-Functional,shoulders; chest,,beginner,female,exercises/men/Calisthenics-Cardio-Plyo-Functional/Arm crossover.mp4
ea_arm_crossover_chest_out,Arm Crossover Chest Out,Скрещивание рук с выведением груди вперёд,Calisthenics-Cardio-Plyo-Functional,chest; shoulders,,beginner,female,exercises/men/Calisthenics-Cardio-Plyo-Functional/Arm crossover chest out.mp4
ea_arm_double_crossover,Arm Double Crossover,Двойное скрещивание рук,Calisthenics-Cardio-Plyo-Functional,chest; shoulders,,beginner,female,exercises/men/Calisthenics-Cardio-Plyo-Functional/Arm double crossover.mp4
ea_arm_pulses,Arm Pulses,Пульсации руками,Calisthenics-Cardio-Plyo-Functional,shoulders,,beginner,female,exercises/men/Calisthenics-Cardio-Plyo-Functional/arm pulses.mp4
ea_arm_pulses_cross,Arm Pulses Cross,Пульсации руками со скрещиванием,Calisthenics-Cardio-Plyo-Functional,shoulders,,beginner,female,exercises/men/Calisthenics-Cardio-Plyo-Functional/arm pulses cross.mp4
ea_arm_pulses_palms_downwards,Arm Pulses Palms Downwards,Пульсации руками ладонями вниз,Calisthenics-Cardio-Plyo-Functional,shoulders,,beginner,female,exercises/men/Calisthenics-Cardio-Plyo-Functional/arm pulses palms downwards.mp4
ea_arm_pulses_palms_upwards,Arm Pulses Palms Upwards,Пульсации руками ладонями вверх,Calisthenics-Cardio-Plyo-Functional,shoulders,,beginner,female,exercises/men/Calisthenics-Cardio-Plyo-Functional/arm pulses palms upwards.mp4
ea_arms_up_and_down,Arms Up and Down,Подъёмы и опускания рук,Calisthenics-Cardio-Plyo-Functional,shoulders,,beginner,female,exercises/men/Calisthenics-Cardio-Plyo-Functional/Arms up and down.mp4
ea_balance_board_lateral_squat,Balance Board Lateral Squat,Боковой присед на балансировочной доске,Calisthenics-Cardio-Plyo-Functional,quads; glutes,balance_board,beginner,female,exercises/men/Calisthenics-Cardio-Plyo-Functional/Balance board lateral squat.mp4
ea_basketball_shot_jump,Basketball Shot Jump,Прыжок с имитацией броска в баскетболе,Calisthenics-Cardio-Plyo-Functional,quads; calves,,beginner,female,exercises/men/Calisthenics-Cardio-Plyo-Functional/Basketball Shot Jump.mp4
ea_bent_over_twist,Bent Over Twist,Повороты корпуса в наклоне,Calisthenics-Cardio-Plyo-Functional,core; lower_back,barbell,beginner,female,exercises/men/Calisthenics-Cardio-Plyo-Functional/Bent Over Twist.mp4
ea_body_slide,Body Slide,Скольжение корпуса,Calisthenics-Cardio-Plyo-Functional,,,beginner,female,exercises/men/Calisthenics-Cardio-Plyo-Functional/Body Slide.mp4
ea_body_throw,Body Throw,Бросок корпусом,Calisthenics-Cardio-Plyo-Functional,quads; glutes; calves,,beginner,female,exercises/men/Calisthenics-Cardio-Plyo-Functional/Body Throw.mp4
ea_bodyweight_front_slam,Bodyweight Front Slam,Бросок вперёд (с собственным весом),Calisthenics-Cardio-Plyo-Functional,shoulders,,beginner,female,exercises/men/Calisthenics-Cardio-Plyo-Functional/Bodyweight Front Slam.mp4
ea_bodyweight_full_squat_with_overhead_front_raise,Bodyweight Full Squat with Overhead Front Raise,Полный присед с подъёмом рук вперёд над головой (с собственным весом),Calisthenics-Cardio-Plyo-Functional,quads; shoulders; glutes,,beginner,female,exercises/men/Legs/bodyweight full squat with overhead front raise.mp4
ea_bodyweight_knee_thrust,Bodyweight Knee Thrust,Выброс колена (с собственным весом),Calisthenics-Cardio-Plyo-Functional,lower_back; quads,,beginner,female,exercises/men/Calisthenics-Cardio-Plyo-Functional/Bodyweight Knee Thrust.mp4
ea_bodyweight_knee_to_hand_tap,Bodyweight Knee to Hand Tap,Касание коленом руки (с собственным весом),Calisthenics-Cardio-Plyo-Functional,lower_back; quads,,beginner,female,exercises/men/Calisthenics-Cardio-Plyo-Functional/Bodyweight knee to hand tap.mp4
ea_bodyweight_standing_triangle_fly,Bodyweight Standing Triangle Fly,Разведение рук стоя «Треугольник» с собственным весом,Calisthenics-Cardio-Plyo-Functional,chest; shoulders,,beginner,female,exercises/men/Calisthenics-Cardio-Plyo-Functional/Bodyweight Standing Triangle Fly.mp4
ea_bodyweight_windmill,Bodyweight Windmill,Мельница с собственным весом,Calisthenics-Cardio-Plyo-Functional,core; hamstrings,,beginner,female,exercises/men/Calisthenics-Cardio-Plyo-Functional/Bodyweight Windmill.mp4
ea_bodyweight_windmill_cut,Bodyweight Windmill Cut,Мельница с собственным весом с пульсацией,Calisthenics-Cardio-Plyo-Functional,core; hamstrings,,beginner,female,exercises/men/Calisthenics-Cardio-Plyo-Functional/Bodyweight Windmill Cut.mp4
ea_bouncing_circle_draw,Bouncing Circle Draw,Пружинящие круговые движения руками,Calisthenics-Cardio-Plyo-Functional,quads; shoulders,,beginner,female,exercises/men/Calisthenics-Cardio-Plyo-Functional/Bouncing Circle Draw.mp4
ea_bouncing_inner_thigh_tap,Bouncing Inner Thigh Tap,Пружинящие касания внутренней поверхности бедра,Calisthenics-Cardio-Plyo-Functional,quads; hamstrings,,beginner,female,exercises/men/Calisthenics-Cardio-Plyo-Functional/Bouncing Inner Thigh Tap.mp4
ea_boxing_jab,Boxing Jab,Боксёрский джеб,Calisthenics-Cardio-Plyo-Functional,shoulders; triceps,,beginner,female,exercises/men/Calisthenics-Cardio-Plyo-Functional/boxing jab.mp4
ea_boxing_left_hook,Boxing Left Hook,Боксёрский левый хук,Calisthenics-Cardio-Plyo-Functional,shoulders; triceps; biceps,,beginner,female,exercises/men/Calisthenics-Cardio-Plyo-Functional/Boxing Left Hook.mp4
ea_boxing_left_uppercut,Boxing Left Uppercut,Боксёрский левый апперкот,Calisthenics-Cardio-Plyo-Functional,shoulders; biceps; triceps,,beginner,female,exercises/men/Calisthenics-Cardio-Plyo-Functional/Boxing left uppercut.mp4
ea_boxing_right_cross,Boxing Right Cross,Боксерский правый кросс,Calisthenics-Cardio-Plyo-Functional,shoulders; triceps,,beginner,female,exercises/men/Calisthenics-Cardio-Plyo-Functional/Boxing right cross.mp4
ea_boxing_right_hook,Boxing Right Hook,Боксерский правый хук,Calisthenics-Cardio-Plyo-Functional,shoulders; triceps; biceps,,beginner,female,exercises/men/Calisthenics-Cardio-Plyo-Functional/Boxing right hook.mp4
ea_boxing_right_uppercut,Boxing Right Uppercut,Боксерский правый апперкот,Calisthenics-Cardio-Plyo-Functional,shoulders; biceps; triceps,,beginner,female,exercises/men/Calisthenics-Cardio-Plyo-Functional/Boxing Right Uppercut.mp4
ea_briskly_walking,Briskly Walking,Быстрая ходьба,Calisthenics-Cardio-Plyo-Functional,quads; hamstrings; calves,,beginner,female,exercises/men/Calisthenics-Cardio-Plyo-Functional/Briskly Walking.mp4
ea_briskly_walking_360_degrees,Briskly Walking (360 Degrees),Быстрая ходьба (360 градусов),Calisthenics-Cardio-Plyo-Functional,quads; hamstrings; calves,,beginner,female,exercises/men/Calisthenics-Cardio-Plyo-Functional/Briskly Walking (360 degrees).mp4
ea_burpee,Burpee,Бёрпи,Calisthenics-Cardio-Plyo-Functional,quads; glutes; chest; shoulders,,beginner,female,exercises/men/Calisthenics-Cardio-Plyo-Functional/Burpee.mp4
ea_butt_kick_with_row,Butt Kick with Row,Захлест голени с тягой,Calisthenics-Cardio-Plyo-Functional,hamstrings; traps,,beginner,female,exercises/men/Calisthenics-Cardio-Plyo-Functional/Butt Kick with Row.mp4
ea_butt_kicks,Butt Kicks,Захлёсты голени назад,Calisthenics-Cardio-Plyo-Functional,hamstrings,,beginner,female,exercises/men/Calisthenics-Cardio-Plyo-Functional/Butt kicks.mp4
ea_butt_kicks_slow,Butt Kicks Slow,Захлёсты голени назад в медленном темпе,Calisthenics-Cardio-Plyo-Functional,hamstrings,,beginner,female,exercises/men/Calisthenics-Cardio-Plyo-Functional/Butt kicks slow.mp4
ea_cable_twisting_overhead_press,Cable Twisting Overhead Press,Жим над головой на блоке с поворотом,Calisthenics-Cardio-Plyo-Functional,shoulders; core,cable_machine,beginner,female,exercises/men/Calisthenics-Cardio-Plyo-Functional/Cable twisting overhead press.mp4
ea_cardio_lunge,Cardio Lunge,Кардио-выпады,Calisthenics-Cardio-Plyo-Functional,quads; glutes,,beginner,female,exercises/men/Calisthenics-Cardio-Plyo-Functional/Cardio Lunge.mp4
ea_celebratory_hip_thrust,Celebratory Hip Thrust,Праздничные толчки бёдрами,Calisthenics-Cardio-Plyo-Functional,glutes; quads,,beginner,female,exercises/men/Calisthenics-Cardio-Plyo-Functional/Celebratory Hip Thrust.mp4
ea_chest_fly_side_step,Chest Fly Side Step,Разведение рук на грудь с боковым шагом,Calisthenics-Cardio-Plyo-Functional,chest; quads,,beginner,female,exercises/men/Calisthenics-Cardio-Plyo-Functional/Chest Fly Side Step.mp4
ea_chest_pull_back,Chest Pull Back,Отведение руки назад,Calisthenics-Cardio-Plyo-Functional,chest; traps,,beginner,female,exercises/men/Calisthenics-Cardio-Plyo-Functional/Chest Pull Back.mp4
ea_chest_raise_and_rotate,Chest Raise and Rotate,Подъём и вращение груди,Calisthenics-Cardio-Plyo-Functional,shoulders; chest,,beginner,female,exercises/men/Calisthenics-Cardio-Plyo-Functional/Chest raise and rotate.mp4
ea_circle_elbow_arm,Circle Elbow Arm,Круговые движения локтями,Calisthenics-Cardio-Plyo-Functional,shoulders; traps,,beginner,female,exercises/men/Calisthenics-Cardio-Plyo-Functional/Circle Elbow Arm.mp4
ea_clap_jack,Clap Jack,Прыжки с хлопком,Calisthenics-Cardio-Plyo-Functional,shoulders; quads; calves,,beginner,female,exercises/men/Calisthenics-Cardio-Plyo-Functional/Clap Jack.mp4
ea_control_balance,Control Balance,Контроль баланса,Calisthenics-Cardio-Plyo-Functional,core; lower_back,,beginner,female,exercises/men/Calisthenics-Cardio-Plyo-Functional/Control Balance.mp4
ea_corner_touch,Corner Touch,Касание угла,Calisthenics-Cardio-Plyo-Functional,quads; glutes; hamstrings,,beginner,female,exercises/men/Calisthenics-Cardio-Plyo-Functional/Corner Touch.mp4
ea_criss_cross_arms_lift,Criss Cross Arms Lift,Подъём рук с перекрещиванием,Calisthenics-Cardio-Plyo-Functional,shoulders; traps,,beginner,female,exercises/men/Calisthenics-Cardio-Plyo-Functional/Criss Cross Arms Lift.mp4
ea_criss_cross_elbow_to_knee,Criss Cross Elbow to Knee,Перекрёстное касание локтем колена,Calisthenics-Cardio-Plyo-Functional,core; lower_back,,beginner,female,exercises/men/Calisthenics-Cardio-Plyo-Functional/Criss Cross Elbow To Knee.mp4
ea_criss_cross_jack,Criss Cross Jack,Перекрёстный джек,Calisthenics-Cardio-Plyo-Functional,quads; lower_back; shoulders,,beginner,female,exercises/men/Calisthenics-Cardio-Plyo-Functional/criss cross jack.mp4
ea_criss_cross_jump,Criss Cross Jump,Перекрёстный прыжок,Calisthenics-Cardio-Plyo-Functional,quads; lower_back; shoulders,,beginner,female,exercises/men/Calisthenics-Cardio-Plyo-Functional/criss cross jump.mp4
ea_decline_shoulder_tap,Decline Shoulder Tap,Касание плеча в отжиманиях вниз головой,Calisthenics-Cardio-Plyo-Functional,shoulders; chest,bench_press,beginner,female,exercises/men/Calisthenics-Cardio-Plyo-Functional/decline shoulder tap.mp4
ea_diagonal_opens,Diagonal Opens,Диагональные разведения,Calisthenics-Cardio-Plyo-Functional,shoulders,,beginner,female,exercises/men/Calisthenics-Cardio-Plyo-Functional/Diagonal Opens.mp4
ea_diagonal_punch,Diagonal Punch,Диагональный удар,Calisthenics-Cardio-Plyo-Functional,chest; shoulders,,beginner,female,exercises/men/Calisthenics-Cardio-Plyo-Functional/Diagonal Punch.mp4
ea_double_knee_drive,Double Knee Drive,Двойной подъём колена,Calisthenics-Cardio-Plyo-Functional,lower_back; quads,,beginner,female,exercises/men/Calisthenics-Cardio-Plyo-Functional/Double Knee Drive.mp4
ea_double_punch_front_leg_lift,Double Punch Front Leg Lift,Двойной удар руками вперёд с подъёмом ноги,Calisthenics-Cardio-Plyo-Functional,shoulders; lower_back; quads,,beginner,female,exercises/men/Calisthenics-Cardio-Plyo-Functional/Double Punch Front Leg Lift.mp4
ea_downward_dog_sprint,Downward Dog Sprint,Спринт в позе собаки мордой вниз,Calisthenics-Cardio-Plyo-Functional,,,beginner,female,exercises/men/Calisthenics-Cardio-Plyo-Functional/Downward Dog Sprint.mp4
ea_dumbbell_curl_press_extend,Dumbbell Curl Press Extend,"Сгибание рук, жим и разгибание с гантелями",Calisthenics-Cardio-Plyo-Functional,,dumbbell,beginner,female,exercises/men/Calisthenics-Cardio-Plyo-Functional/Dumbbell Curl Press Extend.mp4
ea_dumbbell_iron_cross,Dumbbell Iron Cross,Разведение гантелей в стороны в приседе,Calisthenics-Cardio-Plyo-Functional,quads; glutes; shoulders,dumbbell,beginner,female,exercises/men/Calisthenics-Cardio-Plyo-Functional/Dumbbell Iron Cross.mp4
ea_dumbbell_low_windmill,Dumbbell Low Windmill,Низкая мельница с гантелью,Calisthenics-Cardio-Plyo-Functional,core; hamstrings; glutes,dumbbell,beginner,female,exercises/men/Calisthenics-Cardio-Plyo-Functional/Dumbbell Low Windmill.mp4
ea_dumbbell_pullover_hip_extension_on_exercise_ball,Dumbbell Pullover Hip Extension on Exercise Ball,Пуловер с гантелью и разгибание бедра на фитболе,Calisthenics-Cardio-Plyo-Functional,chest; lats; glutes; hamstrings,dumbbell,beginner,female,exercises/men/Calisthenics-Cardio-Plyo-Functional/Dumbbell Pullover Hip Extension on Exercise Ball.mp4
ea_dumbbell_single_arm_overhead_carry,Dumbbell Single Arm Overhead Carry,Прогулка с гантелью над головой одной рукой,Calisthenics-Cardio-Plyo-Functional,shoulders,dumbbell,beginner,female,exercises/men/Calisthenics-Cardio-Plyo-Functional/Dumbbell Single Arm Overhead Carry.mp4
ea_dumbell_burpee,Dumbell Burpee,Бёрпи с гантелями,Calisthenics-Cardio-Plyo-Functional,quads; shoulders,dumbbell,beginner,female,exercises/men/Calisthenics-Cardio-Plyo-Functional/Dumbell Burpee.mp4
ea_dynamic_leg_swing,Dynamic Leg Swing,Динамические махи ногами,Calisthenics-Cardio-Plyo-Functional,lower_back; hamstrings,squat_rack,beginner,female,exercises/men/Calisthenics-Cardio-Plyo-Functional/Dynamic Leg Swing.mp4
ea_elbow_extension,Elbow-extension,Разгибание локтя,Calisthenics-Cardio-Plyo-Functional,,,beginner,female,exercises/men/Calisthenics-Cardio-Plyo-Functional/Elbow-Extension.mp4
ea_fast_feet,Fast Feet,Быстрые ноги,Calisthenics-Cardio-Plyo-Functional,calves; quads,,beginner,female,exercises/men/Calisthenics-Cardio-Plyo-Functional/Fast feet.mp4
ea_half_burpees,Half Burpees,Полу-бёрпи,Calisthenics-Cardio-Plyo-Functional,quads; glutes,,beginner,female,exercises/men/Calisthenics-Cardio-Plyo-Functional/Half burpees.mp4
ea_high_knees,High Knees,Высокий подъем коленей,Calisthenics-Cardio-Plyo-Functional,lower_back; quads,,beginner,female,exercises/men/Calisthenics-Cardio-Plyo-Functional/high knees.mp4
ea_jumping_jack,Jumping Jack,Прыжки с разведением рук и ног,Calisthenics-Cardio-Plyo-Functional,calves; quads,,beginner,female,exercises/men/Calisthenics-Cardio-Plyo-Functional/jumping jack.mp4
ea_kettlebell_single_arm_clean_and_press,Kettlebell Single Arm Clean and Press,Взятие гири на грудь и жим одной рукой,Calisthenics-Cardio-Plyo-Functional,shoulders; quads; glutes,kettlebell,beginner,female,exercises/men/Calisthenics-Cardio-Plyo-Functional/Kettlebell Single Arm Clean and Press.mp4
ea_kettlebell_single_leg_glute_bridge_pullover,Kettlebell Single Leg Glute Bridge Pullover,Ягодичный мост на одной ноге с пуловером с гирей,Calisthenics-Cardio-Plyo-Functional,glutes; chest,kettlebell,beginner,female,exercises/men/Calisthenics-Cardio-Plyo-Functional/Kettlebell Single Leg Glute Bridge Pullover.mp4
ea_kettlebell_strict_press,Kettlebell Strict Press,Строгий жим гири,Calisthenics-Cardio-Plyo-Functional,shoulders,kettlebell,beginner,female,exercises/men/Calisthenics-Cardio-Plyo-Functional/Kettlebell strict press.mp4
ea_kettlebell_swing,Kettlebell Swing,Махи гирей,Calisthenics-Cardio-Plyo-Functional,glutes; hamstrings,kettlebell,beginner,female,exercises/men/Calisthenics-Cardio-Plyo-Functional/Kettlebell Swing.mp4
ea_kettlebell_swing_version_2,Kettlebell Swing (version 2),Махи гирей (вариант 2),Calisthenics-Cardio-Plyo-Functional,glutes; hamstrings,kettlebell,beginner,female,exercises/men/Calisthenics-Cardio-Plyo-Functional/Kettlebell Swing (Version 2).mp4
ea_kettlebell_thruster,Kettlebell Thruster,Жим гирь из приседа,Calisthenics-Cardio-Plyo-Functional,shoulders; quads; glutes,kettlebell,beginner,female,exercises/men/Calisthenics-Cardio-Plyo-Functional/Kettlebell Thruster.mp4
ea_kipping_handstand_push_up,Kipping Handstand Push-up,Киппинговые отжимания в стойке на руках,Calisthenics-Cardio-Plyo-Functional,,,beginner,female,exercises/men/Calisthenics-Cardio-Plyo-Functional/Kipping Handstand Push-up.mp4
ea_major_groups_muscle_body,Major Groups Muscle Body,Основные группы мышц тела,Calisthenics-Cardio-Plyo-Functional,,,beginner,female,exercises/men/Calisthenics-Cardio-Plyo-Functional/MAJOR GROUPS Muscle body.mp4
ea_plank_lunges,Plank Lunges,Выпады в планке,Calisthenics-Cardio-Plyo-Functional,core; lower_back; quads,,beginner,female,exercises/men/Calisthenics-Cardio-Plyo-Functional/plank lunges.mp4
ea_plank_shoulder_taps,Plank Shoulder Taps,Касания плеч в планке,Calisthenics-Cardio-Plyo-Functional,core,,beginner,female,exercises/men/Calisthenics-Cardio-Plyo-Functional/plank shoulder taps.mp4
ea_shadow_boxing,Shadow Boxing,Бой с тенью,Calisthenics-Cardio-Plyo-Functional,shoulders,,beginner,female,exercises/men/Calisthenics-Cardio-Plyo-Functional/Shadow Boxing.mp4
ea_side_to_side_punch,Side to Side Punch,Удары в стороны,Calisthenics-Cardio-Plyo-Functional,shoulders,,beginner,female,exercises/men/Calisthenics-Cardio-Plyo-Functional/side to side punch.mp4
ea_ski_ergometer_cross_country_ski_alternating_arm_pull,Ski Ergometer Cross Country Ski Alternating Arm Pull,Лыжный эргометр: попеременная тяга руками (имитация беговых лыж),Calisthenics-Cardio-Plyo-Functional,shoulders; traps,ski_erg,beginner,female,exercises/men/Calisthenics-Cardio-Plyo-Functional/Ski Ergometer Cross Country Ski Alternating Arm Pull.mp4
ea_skipping,Skipping,Прыжки со скакалкой (имитация),Calisthenics-Cardio-Plyo-Functional,calves; quads; hamstrings,,beginner,female,exercises/men/Calisthenics-Cardio-Plyo-Functional/skipping.mp4
ea_standing_toe_touch,Standing Toe Touch,Касание носков стоя,Calisthenics-Cardio-Plyo-Functional,core; lower_back,,beginner,female,exercises/men/Calisthenics-Cardio-Plyo-Functional/standing toe touch.mp4
ea_star_jump,Star Jump,Прыжок «Звезда»,Calisthenics-Cardio-Plyo-Functional,quads; hamstrings; glutes,,beginner,female,exercises/men/Calisthenics-Cardio-Plyo-Functional/star jump.mp4
ea_stationary_exercise_bike,Stationary Exercise Bike,Велотренажер,Calisthenics-Cardio-Plyo-Functional,quads; hamstrings,exercise_bike,beginner,female,exercises/men/Calisthenics-Cardio-Plyo-Functional/Stationary Exercise Bike.mp4
ea_band_pallof_press,Band Pallof Press,Жим Паллофа с резиновой лентой,Chest,,resistance_bands,beginner,female,exercises/men/Chest/Band Pallof Press.mp4
ea_barbell_bench_press_decline,Barbell Bench Press Decline,Жим лёжа на наклонной скамье со штангой,Chest,chest,bench_press,beginner,female,exercises/men/Chest/barbell bench press decline.mp4
ea_barbell_bench_press_incline,Barbell Bench Press Incline,Жим лёжа на наклонной скамье со штангой,Chest,chest,bench_press,beginner,female,exercises/men/Chest/barbell bench press incline.mp4
ea_barbell_hooklying_bench_press_close_elbows,Barbell Hooklying Bench Press Close Elbows,"Жим штанги лежа (ноги на скамье, локти прижаты)",Chest,,bench_press,beginner,female,exercises/men/Chest/Barbell Hooklying Bench Press Close Elbows.mp4
ea_barbell_jm_bench_press,Barbell JM Bench Press,Жим JM со штангой,Chest,triceps,bench_press,beginner,female,exercises/men/Chest/Barbell JM bench press.mp4
ea_barbell_pullover_to_triceps_extension,Barbell Pullover to Triceps Extension,Пуловер со штангой с разгибанием на трицепс,Chest,chest; back,bench_press,beginner,female,exercises/men/Chest/Barbell pullover to triceps extension.mp4
ea_barbell_reverse_close_grip_bench_press,Barbell Reverse Close Grip Bench Press,Жим лёжа обратным узким хватом со штангой,Chest,triceps; chest,bench_press,beginner,female,exercises/men/Chest/Barbell reverse close grip bench press.mp4
ea_barbell_reverse_grip_bench_press,Barbell Reverse Grip Bench Press,Жим лёжа обратным хватом со штангой,Chest,chest; triceps,bench_press,beginner,female,exercises/men/Chest/Barbell reverse grip bench press.mp4
ea_barbell_wide_bench_press,Barbell Wide Bench Press,Жим лёжа широким хватом со штангой,Chest,chest,bench_press,beginner,female,exercises/men/Chest/Barbell Wide Bench Press.mp4
ea_bodyweight_standing_fly,Bodyweight Standing Fly,Разведение рук стоя собственным весом,Chest,chest; shoulders,,beginner,female,exercises/men/Chest/Bodyweight Standing Fly.mp4
ea_bodyweight_svend_press,Bodyweight Svend Press,Жим Свенда с собственным весом,Chest,chest,,beginner,female,exercises/men/Chest/Bodyweight Svend Press.mp4
ea_cable_bench_fly_press,Cable Bench Fly Press,Жим-разведение на скамье с блоками,Chest,chest,cable_machine,beginner,female,exercises/men/Chest/Cable Bench Fly Press.mp4
ea_cable_low_fly,Cable Low Fly,Разведение рук на нижних блоках,Chest,chest,cable_machine,beginner,female,exercises/men/Chest/Cable low fly.mp4
ea_cable_lying_fly,Cable Lying Fly,Разведение рук лежа на блоках,Chest,chest,cable_machine,beginner,female,exercises/men/Chest/cable lying fly.mp4
ea_cable_machine_low_to_high,Cable Machine Low to High,Сведение рук в кроссовере снизу вверх,Chest,chest,cable_machine,beginner,female,exercises/men/Chest/cable machine low to high.mp4
ea_cable_middle_fly,Cable Middle Fly,Сведение рук в кроссовере на среднем уровне,Chest,chest,cable_machine,beginner,female,exercises/men/Chest/Cable Middle Fly.mp4
ea_cable_one_arm_chest_fly_bent,Cable One Arm Chest Fly Bent,Разведение одной рукой в наклоне в кроссовере,Chest,chest,cable_machine,beginner,female,exercises/men/Chest/Cable One Arm Chest Fly Bent.mp4
ea_cable_standing_up_straight_crossovers,Cable Standing Up Straight Crossovers,Кроссоверы стоя прямо на блоке,Chest,chest,cable_machine,beginner,female,exercises/men/Chest/Cable Standing Up Straight Crossovers.mp4
ea_cable_upper_chest_crossover,Cable Upper Chest Crossover,Кроссовер на верхний отдел груди на блоке,Chest,chest,cable_machine,beginner,female,exercises/men/Chest/Cable Upper Chest Crossover.mp4
ea_chest_bench_press_correct_stance,Chest Bench Press Correct Stance,Жим лёжа: правильная позиция,Chest,,bench_press,beginner,female,exercises/men/Chest/Chest Bench Press Correct stance.mp4
ea_chest_dip,Chest Dip,Отжимания на брусьях на грудь,Chest,chest,dip_station,beginner,female,exercises/men/Chest/chest dip.mp4
ea_chest_dip_on_dip_station,Chest Dip (on Dip Station),Отжимания на брусьях на грудь (на станции для отжиманий),Chest,chest,dip_station,beginner,female,exercises/men/Chest/Chest Dip (on dip station).mp4
ea_chest_dip_machine,Chest Dip Machine,Жим на грудь в тренажёре для отжиманий,Chest,chest,seated_dip_machine,beginner,female,exercises/men/Chest/chest dip machine.mp4
ea_chest_dip_weighted,Chest Dip Weighted,Отжимания на брусьях на грудь с отягощением,Chest,chest,dip_station,beginner,female,exercises/men/Chest/chest dip weighted.mp4
ea_chest_dip_weighted_slow,Chest Dip Weighted Slow,Медленные отжимания на брусьях на грудь с отягощением,Chest,chest,dip_station,beginner,female,exercises/men/Chest/chest dip weighted slow.mp4
ea_chest_dip_on_bench,Chest Dip on Bench,Обратные отжимания от скамьи на грудь,Chest,chest,adjustable_bench,beginner,female,exercises/men/Chest/Chest Dip on Bench.mp4
ea_chest_dip_with_pause_bodyweight,Chest Dip with Pause Bodyweight,Отжимания на брусьях на грудь с паузой (собственный вес),Chest,chest,dip_station,beginner,female,exercises/men/Chest/chest dip with pause bodyweight.mp4
ea_chest_fly_low_to_high_resistance_band,Chest Fly Low to High Resistance Band,Разведение рук на грудь снизу вверх с резиновой лентой,Chest,chest,resistance_bands,beginner,female,exercises/men/Chest/chest fly low to high resistance band.mp4
ea_chest_press_front_resistance_band,Chest Press Front Resistance Band,Жим на грудь вперёд с резиновой лентой,Chest,chest,resistance_bands,beginner,female,exercises/men/Chest/chest press front resistance band.mp4
ea_chest_press_high_to_low_cable_resistance_band,Chest Press High to Low Cable Resistance Band,Жим на грудь сверху вниз с резиновой лентой,Chest,chest,cable_machine,beginner,female,exercises/men/Chest/chest press high to low cable resistance band.mp4
ea_chest_press_low_to_high_resistance_band,Chest Press Low to High Resistance Band,Жим на грудь снизу вверх с резиновой лентой,Chest,chest,resistance_bands,beginner,female,exercises/men/Chest/chest press low to high resistance band.mp4
ea_chest_tap_push_up,Chest Tap Push Up,Отжимания с касанием груди,Chest,chest; shoulders; triceps,,beginner,female,exercises/men/Chest/Chest Tap Push up.mp4
ea_clap_push_ups,Clap Push Ups,Отжимания с хлопком,Chest,chest; shoulders; triceps,,beginner,female,exercises/men/Chest/clap push ups.mp4
ea_climber_a_padded_stool_supported,Climber a Padded Stool Supported,Подъем на мягкую скамью,Chest,shoulders,,beginner,female,exercises/men/Chest/Climber a padded stool Supported.mp4
ea_clock_push_ups,Clock Push Ups,Отжимания по кругу,Chest,chest; triceps,,beginner,female,exercises/men/Chest/Clock push ups.mp4
ea_close_grip_barbell_bench_press,Close Grip Barbell Bench Press,Жим штанги лёжа узким хватом,Chest,chest; triceps,bench_press,beginner,female,exercises/men/Triceps/close grip barbell bench press.mp4
ea_close_grip_push_up,Close Grip Push Up,Отжимания узким хватом,Chest,triceps; chest,,beginner,female,exercises/men/Chest/Close Grip Push up.mp4
ea_decline_kneeling_push_up,Decline Kneeling Push Up,Отжимания на коленях с наклоном,Chest,chest; triceps,plyo_box,beginner,female,exercises/men/Chest/Decline kneeling push up.mp4
ea_decline_kneeling_push_up_on_box,Decline Kneeling Push Up on Box,Отжимания на коленях с наклоном на ящике,Chest,chest; triceps,plyo_box,beginner,female,exercises/men/Chest/Decline Kneeling Push Up on Box.mp4
ea_decline_push_up,Decline Push Up,Отжимания с ногами на возвышении,Chest,chest; triceps,bench_press,beginner,female,exercises/men/Chest/decline push up.mp4
ea_decline_push_up_against_wall,Decline Push Up Against Wall,Отжимания с ногами на стене,Chest,chest; triceps,,beginner,female,exercises/men/Chest/Decline Push Up against Wall.mp4
ea_deep_push_up,Deep Push-up,Глубокие отжимания,Chest,chest; shoulders,dumbbell,beginner,female,exercises/men/Chest/Deep Push-Up.mp4
ea_dumbbell_alternate_bench_press_high_start,Dumbbell Alternate Bench Press (high Start),Жим гантелей лёжа попеременно (с высокого старта),Chest,chest,bench_press,beginner,female,exercises/men/Chest/Dumbbell Alternate Bench Press (high start).mp4
ea_dumbbell_around_pullover,Dumbbell Around Pullover,Пуловер с гантелями по кругу,Chest,chest,bench_press,beginner,female,exercises/men/Chest/Dumbbell Around Pullover.mp4
ea_dumbbell_bench_press,Dumbbell Bench Press,Жим гантелей лёжа,Chest,chest,bench_press,beginner,female,exercises/men/Chest/Dumbbell Bench Press.mp4
ea_dumbbell_chest_press_decline,Dumbbell Chest Press Decline,Жим гантелей лёжа на наклонной скамье головой вниз,Chest,chest,bench_press,beginner,female,exercises/men/Chest/dumbbell chest press decline.mp4
ea_dumbbell_chest_press_flat,Dumbbell Chest Press Flat,Жим гантелей лёжа на горизонтальной скамье,Chest,chest,bench_press,beginner,female,exercises/men/Chest/dumbbell chest press flat.mp4
ea_dumbbell_chest_press_incline_bench,Dumbbell Chest Press Incline Bench,Жим гантелей лёжа на наклонной скамье,Chest,,bench_press,beginner,female,exercises/men/Chest/dumbbell chest press incline bench.mp4
ea_dumbbell_chest_pull_over,Dumbbell Chest Pull Over,Пуловер с гантелью,Chest,chest; lats,bench_press,beginner,female,exercises/men/Chest/dumbbell chest pull over.mp4
ea_dumbbell_decline_alternate_bench_press,Dumbbell Decline Alternate Bench Press,Жим гантелей лёжа на наклонной скамье головой вниз попеременно,Chest,chest,bench_press,beginner,female,exercises/men/Chest/Dumbbell Decline Alternate Bench Press.mp4
ea_dumbbell_decline_bench_press,Dumbbell Decline Bench Press,Жим гантелей лёжа на наклонной скамье головой вниз,Chest,chest,bench_press,beginner,female,exercises/men/Chest/Dumbbell Decline Bench Press.mp4
ea_dumbbell_decline_fly,Dumbbell Decline Fly,Разведение гантелей на наклонной скамье вниз головой,Chest,chest,bench_press,beginner,female,exercises/men/Chest/Dumbbell Decline Fly.mp4
ea_dumbbell_decline_hammer_press,Dumbbell Decline Hammer Press,Жим гантелей нейтральным хватом на наклонной скамье вниз головой,Chest,chest,bench_press,beginner,female,exercises/men/Chest/Dumbbell Decline Hammer Press.mp4
ea_dumbbell_decline_one_arm_hammer_press,Dumbbell Decline One Arm Hammer Press,Жим гантели одной рукой нейтральным хватом на наклонной скамье вниз головой,Chest,chest,bench_press,beginner,female,exercises/men/Chest/Dumbbell Decline One Arm Hammer Press.mp4
ea_dumbbell_decline_twist_fly,Dumbbell Decline Twist Fly,Разведение гантелей с поворотом кисти на наклонной скамье вниз головой,Chest,chest,bench_press,beginner,female,exercises/men/Chest/Dumbbell Decline Twist Fly.mp4
ea_dumbbell_floor_fly,Dumbbell Floor Fly,Разведение гантелей лёжа на полу,Chest,chest,dumbbell,beginner,female,exercises/men/Chest/Dumbbell floor Fly.mp4
ea_dumbbell_fly_flat_bench,Dumbbell Fly Flat Bench,Разведение гантелей лёжа на горизонтальной скамье,Chest,chest,bench_press,beginner,female,exercises/men/Chest/dumbbell fly flat bench.mp4
ea_dumbbell_fly_flat_bench_slow,Dumbbell Fly Flat Bench Slow,Разведение гантелей лёжа на горизонтальной скамье (медленно),Chest,chest,bench_press,beginner,female,exercises/men/Chest/dumbbell fly flat bench slow.mp4
ea_dumbbell_fly_incline_bench,Dumbbell Fly Incline Bench,Разведение гантелей лёжа на наклонной скамье,Chest,,bench_press,beginner,female,exercises/men/Chest/dumbbell fly incline bench.mp4
ea_dumbbell_incline_alternate_press,Dumbbell Incline Alternate Press,Попеременный жим гантелей на наклонной скамье,Chest,shoulders,bench_press,beginner,female,exercises/men/Chest/Dumbbell Incline Alternate Press.mp4
ea_dumbbell_incline_bench_press,Dumbbell Incline Bench Press,Жим гантелей на наклонной скамье,Chest,shoulders,bench_press,beginner,female,exercises/men/Chest/Dumbbell Incline Bench Press.mp4
ea_dumbbell_incline_fly,Dumbbell Incline Fly,Разведение гантелей на наклонной скамье,Chest,,bench_press,beginner,female,exercises/men/Chest/Dumbbell Incline Fly.mp4
ea_dumbbell_incline_fly_on_exercise_ball,Dumbbell Incline Fly on Exercise Ball,Разведение гантелей на наклонной скамье на фитболе,Chest,,dumbbell,beginner,female,exercises/men/Chest/Dumbbell Incline Fly on Exercise Ball.mp4
ea_dumbbell_incline_one_arm_press,Dumbbell Incline One Arm Press,Жим гантели одной рукой на наклонной скамье,Chest,,bench_press,beginner,female,exercises/men/Chest/Dumbbell Incline One Arm Press.mp4
ea_dumbbell_incline_palms_back_press,Dumbbell Incline Palms Back Press,Жим гантелей на наклонной скамье обратным хватом,Chest,,bench_press,beginner,female,exercises/men/Chest/Dumbbell Incline Palms back Press.mp4
ea_dumbbell_incline_squeeze_press,Dumbbell Incline Squeeze Press,Жим гантелей с сведением на наклонной скамье,Chest,,bench_press,beginner,female,exercises/men/Chest/Dumbbell Incline Squeeze Press.mp4
ea_dumbbell_incline_svend_close_grip_press,Dumbbell Incline Svend Close Grip Press,Жим Свенда с гантелью на наклонной скамье,Chest,,bench_press,beginner,female,exercises/men/Chest/Dumbbell Incline Svend Close grip Press.mp4
ea_dumbbell_incline_twisted_fly,Dumbbell Incline Twisted Fly,Разведение гантелей на наклонной скамье с поворотом,Chest,,bench_press,beginner,female,exercises/men/Chest/Dumbbell Incline Twisted Fly.mp4
ea_dumbbell_lying_on_floor_chest_press,Dumbbell Lying on Floor Chest Press,Жим гантелей лежа на полу,Chest,,dumbbell,beginner,female,exercises/men/Chest/Dumbbell Lying on Floor Chest Press.mp4
ea_dumbbell_one_arm_floor_fly,Dumbbell One Arm Floor Fly,Разведение гантели одной рукой лёжа на полу,Chest,chest,dumbbell,beginner,female,exercises/men/Chest/Dumbbell One Arm Floor Fly.mp4
ea_dumbbell_one_arm_floor_press,Dumbbell One Arm Floor Press,Жим гантели одной рукой лёжа на полу,Chest,chest,dumbbell,beginner,female,exercises/men/Chest/Dumbbell One Arm Floor Press.mp4
ea_dumbbell_one_arm_wide_grip_bench_press,Dumbbell One Arm Wide Grip Bench Press,Жим лёжа одной рукой с гантелью широким хватом,Chest,chest,bench_press,beginner,female,exercises/men/Chest/Dumbbell One Arm Wide Grip Bench Press.mp4
ea_dumbbell_single_arm_floor_press,Dumbbell Single Arm Floor Press,Жим гантели одной рукой лёжа на полу,Chest,chest,dumbbell,beginner,female,exercises/men/Chest/Dumbbell Single Arm Floor Press.mp4
ea_dumbbell_single_arm_floor_press_from_close_elbow,Dumbbell Single Arm Floor Press From Close Elbow,Жим гантели одной рукой лёжа на полу с прижатым локтем,Chest,chest,dumbbell,beginner,female,exercises/men/Chest/Dumbbell Single Arm Floor Press From Close Elbow.mp4
ea_dumbbell_standing_single_arm_cross_raise,Dumbbell Standing Single Arm Cross Raise,Подъём гантели через сторону стоя одной рукой,Chest,shoulders,dumbbell,beginner,female,exercises/men/Chest/Dumbbell Standing Single Arm Cross Raise.mp4
ea_dumbbell_svend_press,Dumbbell Svend Press,Жим Свенда с гантелью,Chest,chest,dumbbell,beginner,female,exercises/men/Chest/Dumbbell Svend Press.mp4
ea_elevated_push_up,Elevated Push Up,Отжимания с опорой,Chest,chest,parallettes,beginner,female,exercises/men/Chest/Elevated Push Up.mp4
ea_explosive_push_ups,Explosive Push Ups,Взрывные отжимания,Chest,chest; triceps,,beginner,female,exercises/men/Chest/Explosive push ups.mp4
ea_flat_bench_cable_fly,Flat Bench Cable Fly,Разведение рук на блоках лежа на горизонтальной скамье,Chest,chest,cable_machine,beginner,female,exercises/men/Chest/flat bench cable fly.mp4
ea_floor_cable_resistance_band_press,Floor Cable Resistance Band Press,Жим на полу с резиновой лентой,Chest,chest,resistance_bands,beginner,female,exercises/men/Chest/floor cable resistance band press.mp4
ea_full_planche_push_up,Full Planche Push Up,Отжимания в полном планше,Chest,shoulders; chest,,beginner,female,exercises/men/Chest/Full planche push up.mp4
ea_hammer_strength_mts_iso_lateral_decline_press_alternate_arms,Hammer Strength MTS Iso-lateral Decline Press Alternate Arms,Hammer Strength MTS Iso-Lateral жим вниз поочередно,Chest,chest,chest_press_machine,beginner,female,exercises/men/Chest/HAMMER STRENGTH MTS ISO-LATERAL DECLINE PRESS Alternate Arms.mp4
ea_hammer_strength_plate_loaded_combination_iso_lateral_chest_chest_press_alternating_arms,Hammer Strength Plate-loaded Combination Iso-lateral Chest - Chest Press_alternating Arms,Hammer Strength Жим груди Iso-Lateral с дисками поочередно руками,Chest,chest,chest_press_machine,beginner,female,exercises/men/Chest/HAMMER STRENGTH Plate-Loaded Combination Iso-Lateral Chest - Chest Press_Alternating arms.mp4
ea_incline_bench_cable_fly,Incline Bench Cable Fly,Разведение рук на наклонной скамье в блочном тренажере,Chest,chest,cable_machine,beginner,female,exercises/men/Chest/incline bench cable fly.mp4
ea_incline_push_up_on_box,Incline Push-up (on Box),Отжимания от возвышенности (от ящика),Chest,chest,plyo_box,beginner,female,exercises/men/Chest/Incline Push-Up (on box).mp4
ea_landmine_chest_press,Landmine Chest Press,Жим от груди в Landmine,Chest,chest; shoulders,barbell,beginner,female,exercises/men/Chest/landmine chest press.mp4
ea_lying_pull_over_with_resistance_band_cable,Lying Pull Over with Resistance Band Cable,Пуловер лёжа с резиновой лентой,Chest,lats; chest,resistance_bands,beginner,female,exercises/men/Chest/lying pull over with resistance band cable.mp4
ea_machine_chest_press_decline,Machine Chest Press Decline,Жим от груди в тренажёре под отрицательным углом,Chest,chest,chest_press_machine,beginner,female,exercises/men/Chest/machine chest press decline.mp4
ea_machine_chest_press_incline,Machine Chest Press Incline,Жим от груди в тренажёре под положительным углом,Chest,chest,chest_press_machine,beginner,female,exercises/men/Chest/machine chest press incline.mp4
ea_normal_push_up,Normal Push-up,Классические отжимания,Chest,chest,,beginner,female,exercises/men/Chest/Normal Push-up.mp4
ea_pec_deck_fly_machine,Pec Deck Fly Machine,Разведение рук в тренажере Pec Deck,Chest,chest,pec_deck,beginner,female,exercises/men/Chest/pec deck fly machine.mp4
ea_push_up_plus,Push Up Plus,Отжимание плюс,Chest,chest; shoulders,,beginner,female,exercises/men/Chest/Push up plus.mp4
ea_push_up_and_rotation,Push Up and Rotation,Отжимание с поворотом,Chest,chest; shoulders,,beginner,female,exercises/men/Chest/push up and rotation.mp4
ea_push_ups_bodyweight,Push Ups Bodyweight,Отжимания с собственным весом,Chest,chest,,beginner,female,exercises/men/Chest/push ups bodyweight.mp4
ea_side_to_side_push_up,Side to Side Push Up,Отжимания из стороны в сторону,Chest,chest; triceps,,beginner,female,exercises/men/Chest/Side to side push up.mp4
ea_smith_machine_press_decline,Smith Machine Press Decline,Машина Смита: Жим на наклонной скамье вниз головой,Chest,chest,smith_machine,beginner,female,exercises/men/Chest/smith machine press decline.mp4
ea_smith_machine_press_flat,Smith Machine Press Flat,Жим лёжа в машине Смита на горизонтальной скамье,Chest,chest,smith_machine,beginner,female,exercises/men/Chest/smith machine press flat.mp4
ea_smith_machine_press_incline,Smith Machine Press Incline,Жим в машине Смита на наклонной скамье,Chest,chest,smith_machine,beginner,female,exercises/men/Chest/smith machine press incline.mp4
ea_suspension_trainer_with_grips_decline_push_up,Suspension Trainer with Grips Decline Push-up,Отжимания в петлях TRX (ноги выше головы),Chest,chest,trx,beginner,female,exercises/men/Chest/Suspension Trainer with Grips Decline Push-up.mp4
ea_svend_press_decline_bench,Svend Press Decline Bench,Жим Свенда на наклонной скамье вниз головой,Chest,chest,bench_press,beginner,female,exercises/men/Chest/svend press decline bench.mp4
ea_svend_press_flat_bench,Svend Press Flat Bench,Жим Свенда на горизонтальной скамье,Chest,chest,bench_press,beginner,female,exercises/men/Chest/svend press flat bench.mp4
ea_svend_press_incline_bench,Svend Press Incline Bench,Жим Свенда на наклонной скамье,Chest,chest,bench_press,beginner,female,exercises/men/Chest/svend press incline bench.mp4
ea_wide_push_ups_bodyweight,Wide Push Ups Bodyweight,Широкие отжимания,Chest,chest,,beginner,female,exercises/men/Chest/wide push ups bodyweight.mp4
ea_barbell_standing_back_wrist_curl,Barbell Standing Back Wrist Curl,Сгибание запястий со штангой за спиной стоя,Forearms,forearms,barbell,beginner,female,exercises/men/Forearms/Barbell standing back wrist curl.mp4
ea_barbell_wrist_curl_wide_legs,Barbell Wrist Curl Wide Legs,Сгибание запястий со штангой с широко расставленными ногами,Forearms,forearms,bench_press,beginner,female,exercises/men/Forearms/barbell wrist curl wide legs.mp4
ea_barbell_wrist_curl_on_knees,Barbell Wrist Curl on Knees,Сгибание запястий со штангой с опорой на колени,Forearms,forearms,bench_press,beginner,female,exercises/men/Forearms/barbell wrist curl on knees.mp4
ea_barbell_wrist_extension_on_knees,Barbell Wrist Extension on Knees,Разгибание запястий со штангой с опорой на колени,Forearms,,bench_press,beginner,female,exercises/men/Forearms/Barbell wrist extension on knees.mp4
ea_cable_wrist_curl,Cable Wrist Curl,Сгибание запястий на блоке,Forearms,forearms,cable_machine,beginner,female,exercises/men/Forearms/Cable Wrist Curl.mp4
ea_dumbbell_lying_pronation_rotation_on_floor,Dumbbell Lying Pronation Rotation on Floor,Пронация предплечья с гантелью лежа на полу,Forearms,forearms,dumbbell,beginner,female,exercises/men/Forearms/Dumbbell Lying Pronation Rotation on Floor.mp4
ea_dumbbell_one_arm_reverse_wrist_curl,Dumbbell One Arm Reverse Wrist Curl,Сгибание запястья с гантелью одной рукой обратным хватом,Forearms,forearms,bench_press,beginner,female,exercises/men/Forearms/Dumbbell One arm Reverse Wrist Curl.mp4
ea_dumbbell_one_arm_seated_neutral_wrist_curl,Dumbbell One Arm Seated Neutral Wrist Curl,Сгибание запястья с гантелью одной рукой сидя нейтральным хватом,Forearms,forearms,bench_press,beginner,female,exercises/men/Forearms/Dumbbell One Arm Seated Neutral Wrist Curl.mp4
ea_dumbbell_one_arm_wrist_curl,Dumbbell One Arm Wrist Curl,Сгибание запястий одной рукой с гантелью,Forearms,forearms,bench_press,beginner,female,exercises/men/Forearms/Dumbbell One arm Wrist Curl.mp4
ea_dumbbell_over_bench_reverse_wrist_curl,Dumbbell Over Bench Reverse Wrist Curl,Обратное сгибание запястий с гантелью через скамью,Forearms,forearms,bench_press,beginner,female,exercises/men/Forearms/Dumbbell Over Bench Reverse Wrist Curl.mp4
ea_dumbbell_over_bench_wrist_curl,Dumbbell Over Bench Wrist Curl,Сгибание запястий с гантелью через скамью,Forearms,forearms,bench_press,beginner,female,exercises/men/Forearms/Dumbbell Over Bench Wrist Curl.mp4
ea_dumbbell_reverse_wrist_curl,Dumbbell Reverse Wrist Curl,Сгибание запястий с гантелями обратным хватом,Forearms,,bench_press,beginner,female,exercises/men/Forearms/Dumbbell Reverse Wrist Curl.mp4
ea_dumbbell_seated_neutral_wrist_curl,Dumbbell Seated Neutral Wrist Curl,Сгибание запястий с гантелями нейтральным хватом сидя,Forearms,forearms,bench_press,beginner,female,exercises/men/Forearms/Dumbbell Seated Neutral Wrist Curl.mp4
ea_dumbbell_standing_wrist_curl,Dumbbell Standing Wrist Curl,Сгибание запястий стоя с гантелью,Forearms,forearms,dumbbell,beginner,female,exercises/men/Forearms/Dumbbell Standing Wrist Curl.mp4
ea_ez_bar_seated_wrist_curl,EZ Bar Seated Wrist Curl,Сгибание запястий с EZ-грифом сидя,Forearms,forearms,bench_press,beginner,female,exercises/men/Forearms/EZ Bar Seated Wrist Curl.mp4
ea_wrist_curl_barbell,Wrist Curl Barbell,Сгибание запястий со штангой,Forearms,forearms,bench_press,beginner,female,exercises/men/Forearms/wrist curl barbell.mp4
ea_wrist_curl_dumbbell,Wrist Curl Dumbbell,Сгибание запястий с гантелью,Forearms,forearms,bench_press,beginner,female,exercises/men/Forearms/wrist curl dumbbell.mp4
ea_wrist_extension_barbell,Wrist Extension Barbell,Разгибание запястий со штангой,Forearms,,bench_press,beginner,female,exercises/men/Forearms/wrist extension barbell.mp4
ea_wrist_extension_dumbbell,Wrist Extension Dumbbell,Разгибание запястий с гантелью,Forearms,,bench_press,beginner,female,exercises/men/Forearms/wrist extension dumbbell.mp4
ea_alternate_heel_touch_side_kick_squat,Alternate Heel Touch Side Kick Squat,Присед с попеременным касанием пятки и боковым махом ногой,Legs,quads; glutes,,beginner,female,exercises/men/Legs/alternate heel touch side kick squat.mp4
ea_barbell_bulgarian_split_squat_left_front_back_view,Barbell Bulgarian Split Squat Left Front-back View,"Болгарские приседания со штангой, левая нога впереди (вид спереди-сзади)",Legs,quads; glutes,barbell,beginner,female,exercises/men/Legs/Barbell bulgarian split squat left front-back view.mp4
ea_barbell_bulgarian_split_squat_left_side_view,Barbell Bulgarian Split Squat Left Side View,"Болгарские приседания со штангой, левая нога впереди (вид сбоку)",Legs,quads; glutes,barbell,beginner,female,exercises/men/Legs/barbell bulgarian split squat left side view.mp4
ea_barbell_front_chest_bench_squat,Barbell Front Chest Bench Squat,Присед со штангой на груди на скамью,Legs,quads; glutes,bench_press,beginner,female,exercises/men/Legs/barbell front chest bench squat.mp4
ea_barbell_front_chest_lunges,Barbell Front Chest Lunges,Выпады со штангой на груди,Legs,quads; glutes,barbell,beginner,female,exercises/men/Legs/barbell front chest lunges.mp4
ea_barbell_front_lunges_with_small_pause,Barbell Front Lunges with Small Pause,Выпады со штангой вперед с короткой паузой,Legs,quads; glutes,barbell,beginner,female,exercises/men/Legs/Barbell front lunges with small pause.mp4
ea_barbell_glute_bridge,Barbell Glute Bridge,Ягодичный мост со штангой,Legs,glutes,barbell,beginner,female,exercises/men/Legs/Barbell glute bridge.mp4
ea_barbell_jefferson_split_squat,Barbell Jefferson Split Squat,Сплит-присед Джефферсона со штангой,Legs,quads; glutes,barbell,beginner,female,exercises/men/Legs/Barbell jefferson split squat.mp4
ea_barbell_kneeling_squat,Barbell Kneeling Squat,Присед на коленях со штангой,Legs,glutes; quads,bench_press,beginner,female,exercises/men/Legs/barbell kneeling squat.mp4
ea_barbell_lunges_on_the_spot,Barbell Lunges on the Spot,Выпады со штангой на месте,Legs,quads; glutes,barbell,beginner,female,exercises/men/Legs/barbell lunges on the spot.mp4
ea_barbell_narrow_stance_squat,Barbell Narrow Stance Squat,Присед со штангой с узкой постановкой ног,Legs,quads; glutes,squat_rack,beginner,female,exercises/men/Legs/Barbell narrow stance squat.mp4
ea_barbell_one_leg_hip_thrust,Barbell One Leg Hip Thrust,Ягодичный мост со штангой на одной ноге,Legs,glutes,bench_press,beginner,female,exercises/men/Legs/barbell one leg hip thrust.mp4
ea_barbell_quarter_squat,Barbell Quarter Squat,Присед со штангой на четверть амплитуды,Legs,quads; glutes,squat_rack,beginner,female,exercises/men/Legs/Barbell quarter squat.mp4
ea_barbell_rear_lunge_on_box,Barbell Rear Lunge on Box,Выпады назад со штангой на платформе,Legs,quads; glutes,barbell,beginner,female,exercises/men/Legs/Barbell rear lunge on box.mp4
ea_barbell_rear_lunges,Barbell Rear Lunges,Выпады назад со штангой,Legs,quads; glutes,barbell,beginner,female,exercises/men/Legs/Barbell rear lunges.mp4
ea_barbell_seated_on_knee_calve_raises,Barbell Seated on Knee Calve Raises,Подъёмы на носки сидя со штангой на коленях,Legs,calves,bench_press,beginner,female,exercises/men/Legs/barbell seated on knee calve raises.mp4
ea_barbell_side_split_squat,Barbell Side Split Squat,Боковой выпад со штангой,Legs,quads; glutes,barbell,beginner,female,exercises/men/Legs/Barbell side split squat.mp4
ea_barbell_single_leg_split_squat,Barbell Single Leg Split Squat,Болгарский присед со штангой,Legs,quads; glutes,bench_press,beginner,female,exercises/men/Legs/Barbell single leg split squat.mp4
ea_barbell_split_squat,Barbell Split Squat,Присед в ножницы со штангой,Legs,quads; glutes,squat_rack,beginner,female,exercises/men/Legs/Barbell split squat.mp4
ea_barbell_squat_back_pov,Barbell Squat Back POV,Присед со штангой на спине (вид сзади),Legs,quads; glutes,squat_rack,beginner,female,exercises/men/Legs/Barbell squat back POV.mp4
ea_barbell_squat_to_grass,Barbell Squat to Grass,Глубокий присед со штангой,Legs,quads; glutes,squat_rack,beginner,female,exercises/men/Legs/Barbell squat to grass.mp4
ea_barbell_squat_with_2_sec_hold,Barbell Squat with 2 Sec Hold,Присед со штангой с 2-секундной паузой,Legs,quads; glutes,squat_rack,beginner,female,exercises/men/Legs/barbell squat with 2 sec hold.mp4
ea_barbell_standing_leg_calf_raises,Barbell Standing Leg Calf Raises,Подъёмы на носки со штангой стоя,Legs,calves,barbell,beginner,female,exercises/men/Legs/Barbell standing leg calf raises.mp4
ea_barbell_step_up_on_bench,Barbell Step Up on Bench,Шаги на скамью со штангой,Legs,quads; glutes,barbell,beginner,female,exercises/men/Legs/Barbell step up on bench.mp4
ea_barbell_stiff_leg_deadlift,Barbell Stiff Leg Deadlift,Становая тяга на прямых ногах со штангой,Legs,hamstrings; glutes,barbell,beginner,female,exercises/men/Legs/Barbell stiff leg deadlift.mp4
ea_barbell_straight_leg_deadlift,Barbell Straight Leg Deadlift,Становая тяга на прямых ногах со штангой,Legs,hamstrings; glutes,barbell,beginner,female,exercises/men/Legs/Barbell straight leg deadlift.mp4
ea_barbell_sumo_romanian_deadlift,Barbell Sumo Romanian Deadlift,Румынская становая тяга сумо со штангой,Legs,hamstrings; glutes,barbell,beginner,female,exercises/men/Legs/Barbell sumo romanian deadlift.mp4
ea_bench_alternating_step_ups,Bench Alternating Step Ups,Чередующиеся подъемы на скамью,Legs,quads; glutes,bench_press,beginner,female,exercises/men/Legs/bench alternating step ups.mp4
ea_bench_bulgarian_split_squats_left,Bench Bulgarian Split Squats Left,Болгарские сплит-приседания на скамье (левая нога),Legs,quads; glutes,bench_press,beginner,female,exercises/men/Legs/Bench Bulgarian Split Squats left.mp4
ea_bench_bulgarian_split_squats_right,Bench Bulgarian Split Squats Right,Болгарские сплит-приседания на скамье (правая нога),Legs,quads; glutes,bench_press,beginner,female,exercises/men/Legs/Bench Bulgarian Split Squats Right.mp4
ea_bent_knee_back_to_side_kick,Bent Knee Back to Side Kick,Отведение согнутой ноги назад и в сторону,Legs,glutes; lower_back,,beginner,female,exercises/men/Legs/Bent Knee Back to Side Kick.mp4
ea_bent_leg_side_kick_kneeling,Bent Leg Side Kick (kneeling),Отведение согнутой ноги в сторону (на коленях),Legs,glutes,,beginner,female,exercises/men/Legs/Bent Leg Side Kick (kneeling).mp4
ea_bodyweight_calf_raises,Bodyweight Calf Raises,Подъёмы на носки (с собственным весом),Legs,calves,,beginner,female,exercises/men/Legs/bodyweight calf raises.mp4
ea_bodyweight_forward_lunge,Bodyweight Forward Lunge,Выпады вперёд (с собственным весом),Legs,quads; glutes,,beginner,female,exercises/men/Legs/Bodyweight Forward Lunge.mp4
ea_bodyweight_full_squat_with_overhead_press,Bodyweight Full Squat with Overhead Press,Полный присед с жимом над головой (с собственным весом),Legs,quads; glutes; shoulders,,beginner,female,exercises/men/Legs/Bodyweight full squat with overhead press.mp4
ea_bodyweight_kneeling_hold_to_stand,Bodyweight Kneeling Hold to Stand,Подъём из положения на коленях (с собственным весом),Legs,quads; glutes,,beginner,female,exercises/men/Legs/Bodyweight kneeling hold to stand.mp4
ea_bodyweight_lying_leg_curl,Bodyweight Lying Leg Curl,Сгибание ног лежа собственным весом,Legs,hamstrings,,beginner,female,exercises/men/Legs/bodyweight lying leg curl.mp4
ea_bodyweight_overhead_squat,Bodyweight Overhead Squat,Присед над головой собственным весом,Legs,quads; shoulders; glutes,,beginner,female,exercises/men/Legs/Bodyweight Overhead Squat.mp4
ea_bodyweight_pulse_forward_lunge,Bodyweight Pulse Forward Lunge,Пульсирующие выпады вперед собственным весом,Legs,quads; glutes,,beginner,female,exercises/men/Legs/Bodyweight Pulse Forward Lunge.mp4
ea_bodyweight_pulse_squat,Bodyweight Pulse Squat,Пульсирующий присед собственным весом,Legs,quads; glutes,,beginner,female,exercises/men/Legs/Bodyweight Pulse Squat.mp4
ea_bodyweight_pulse_squat_arms_to_chest,Bodyweight Pulse Squat Arms to Chest,Пульсирующий присед с руками на груди собственным весом,Legs,quads; glutes,,beginner,female,exercises/men/Legs/Bodyweight Pulse Squat arms to chest.mp4
ea_bodyweight_rear_lunge,Bodyweight Rear Lunge,Выпады назад собственным весом,Legs,quads; glutes,,beginner,female,exercises/men/Legs/Bodyweight Rear Lunge.mp4
ea_bodyweight_rear_lunge_front_raise,Bodyweight Rear Lunge Front Raise,Выпады назад с подъемом рук вперед собственным весом,Legs,quads; shoulders; glutes,,beginner,female,exercises/men/Legs/Bodyweight Rear Lunge front raise.mp4
ea_bodyweight_single_leg_deadlift,Bodyweight Single Leg Deadlift,Становая тяга на одной ноге собственным весом,Legs,hamstrings; glutes,,beginner,female,exercises/men/Legs/Bodyweight Single Leg Deadlift.mp4
ea_bodyweight_squat_to_front_leg,Bodyweight Squat to Front Leg,Присед с подъемом ноги вперед собственным весом,Legs,quads; glutes; lower_back,,beginner,female,exercises/men/Legs/Bodyweight Squat to Front Leg.mp4
ea_bodyweight_squat_to_side_leg,Bodyweight Squat to Side Leg,Присед с подъемом ноги в сторону собственным весом,Legs,quads; glutes,,beginner,female,exercises/men/Legs/Bodyweight Squat to Side Leg.mp4
ea_bodyweight_squat_to_side_to_front_leg,Bodyweight Squat to Side to Front Leg,"Присед с подъемом ноги в сторону, затем вперед собственным весом",Legs,quads; glutes; lower_back,,beginner,female,exercises/men/Legs/Bodyweight Squat to Side to Front Leg.mp4
ea_bodyweight_squats,Bodyweight Squats,Приседания собственным весом,Legs,quads; glutes,,beginner,female,exercises/men/Legs/bodyweight squats.mp4
ea_bodyweight_squats_hold,Bodyweight Squats Hold,Приседания с удержанием собственным весом,Legs,quads; glutes,,beginner,female,exercises/men/Legs/bodyweight squats hold.mp4
ea_bodyweight_standing_calf_raise,Bodyweight Standing Calf Raise,Подъемы на носки стоя собственным весом,Legs,calves,,beginner,female,exercises/men/Legs/Bodyweight Standing Calf Raise.mp4
ea_bodyweight_step_up_on_step_box,Bodyweight Step-up on Step Box,Шаг на степ-платформу с собственным весом,Legs,quads; glutes,plyo_box,beginner,female,exercises/men/Legs/Bodyweight Step-up on Step box.mp4
ea_box_jump,Box Jump,Прыжки на коробку,Legs,quads; glutes; hamstrings,plyo_box,beginner,female,exercises/men/Legs/box jump.mp4
ea_box_jump_squats,Box Jump Squats,Приседания с прыжком на коробку,Legs,quads; glutes; hamstrings,plyo_box,beginner,female,exercises/men/Legs/box jump squats.mp4
ea_bulgarian_split_squat,Bulgarian Split Squat,Болгарский сплит-присед,Legs,quads; glutes,bench_press,beginner,female,exercises/men/Legs/Bulgarian Split Squat.mp4
ea_bulgarian_split_squat_bodyweight_left,Bulgarian Split Squat Bodyweight Left,Болгарский сплит-присед с собственным весом (левая нога),Legs,quads; glutes,plyo_box,beginner,female,exercises/men/Legs/bulgarian split squat bodyweight left.mp4
ea_bulgarian_split_squat_bodyweight_right,Bulgarian Split Squat Bodyweight Right,Болгарский сплит-присед с собственным весом (правая нога),Legs,quads; glutes,plyo_box,beginner,female,exercises/men/Legs/bulgarian split squat bodyweight right.mp4
ea_bulgarian_split_squat_cable_resistance_band,Bulgarian Split Squat Cable Resistance Band,Болгарский сплит-присед с резиновой лентой,Legs,quads; glutes,resistance_bands,beginner,female,exercises/men/Legs/bulgarian split squat cable resistance band.mp4
ea_bulgarian_split_squat_left_bodyweight_side_view,Bulgarian Split Squat Left Bodyweight Side View,"Болгарский сплит-присед с собственным весом (левая нога, вид сбоку)",Legs,quads; glutes,plyo_box,beginner,female,exercises/men/Legs/bulgarian split squat left bodyweight side view.mp4
ea_bulgarian_split_squat_right_bodyweight_side_view,Bulgarian Split Squat Right Bodyweight Side View,"Болгарский сплит-присед с собственным весом (правая нога, вид сбоку)",Legs,quads; glutes,plyo_box,beginner,female,exercises/men/Legs/bulgarian split squat right bodyweight side view.mp4
ea_burpee_squat,Burpee Squat,Бёрпи-присед,Legs,quads; glutes,,beginner,female,exercises/men/Legs/Burpee Squat.mp4
ea_cable_assisted_inverse_leg_curl,Cable Assisted Inverse Leg Curl,Обратное сгибание ног с помощью блока,Legs,hamstrings,cable_machine,beginner,female,exercises/men/Legs/Cable Assisted Inverse Leg Curl.mp4
ea_cable_narrow_chair_stand_up,Cable Narrow Chair Stand-up,Вставания со стула с узкой постановкой ног в блоке,Legs,quads; glutes,cable_machine,beginner,female,exercises/men/Legs/Cable Narrow Chair Stand-Up.mp4
ea_calf_raise_clap,Calf Raise Clap,Подъёмы на носки с хлопком,Legs,calves,,beginner,female,exercises/men/Legs/Calf Raise Clap.mp4
ea_calf_raise_from_deficit_with_chair_supported,Calf Raise From Deficit with Chair Supported,Подъёмы на носки с дефицитом и опорой на стул,Legs,calves,,beginner,female,exercises/men/Legs/Calf Raise from Deficit with Chair Supported.mp4
ea_calf_raise_with_wall_support,Calf Raise with Wall Support,Подъём на носки с опорой на стену,Legs,calves,,beginner,female,exercises/men/Legs/Calf Raise with Wall Support.mp4
ea_chair_back_lunge_left_resistance_band,Chair Back Lunge Left Resistance Band,"Выпады назад с левой ногой и резиновой лентой, прикреплённой к стулу",Legs,quads; glutes,resistance_bands,beginner,female,exercises/men/Legs/chair back lunge left resistance band.mp4
ea_chair_back_lunge_right_resistance_band,Chair Back Lunge Right Resistance Band,"Выпады назад с правой ногой и резиновой лентой, прикреплённой к стулу",Legs,quads; glutes,resistance_bands,beginner,female,exercises/men/Legs/chair back lunge right resistance band.mp4
ea_chair_bulgarian_split_squats_bodyweight_left,Chair Bulgarian Split Squats Bodyweight Left,"Болгарские сплит-приседания на одной ноге с опорой на стул, левая нога",Legs,quads; glutes,,beginner,female,exercises/men/Legs/Chair Bulgarian Split Squats bodyweight left.mp4
ea_chair_bulgarian_split_squats_bodyweight_right,Chair Bulgarian Split Squats Bodyweight Right,"Болгарские сплит-приседания на одной ноге с опорой на стул, правая нога",Legs,quads; glutes,,beginner,female,exercises/men/Legs/chair Bulgarian Split Squats bodyweight right.mp4
ea_chair_elevated_single_leg_glute_bridge,Chair Elevated Single Leg Glute Bridge,Ягодичный мост на одной ноге с возвышением на стуле,Legs,glutes; hamstrings,,beginner,female,exercises/men/Legs/Chair Elevated Single Leg Glute Bridge.mp4
ea_chair_feet_elevated_glute_bridge,Chair Feet Elevated Glute Bridge,Ягодичный мост со стопами на стуле,Legs,glutes; hamstrings,,beginner,female,exercises/men/Legs/chair Feet Elevated Glute Bridge.mp4
ea_chair_frog_feet_elevated_glute_bridge_bodyweight,Chair Frog Feet Elevated Glute Bridge Bodyweight,Ягодичный мост со стопами на стуле в позе лягушки (собственный вес),Legs,glutes; adductors,,beginner,female,exercises/men/Legs/chair Frog Feet Elevated Glute Bridge bodyweight.mp4
ea_clap_curtsy_squat,Clap Curtsy Squat,Приседание-реверанс с хлопком,Legs,quads; glutes; shoulders,,beginner,female,exercises/men/Legs/Clap Curtsy Squat.mp4
ea_cossack_squat,Cossack Squat,Казачий присед,Legs,quads; glutes; hamstrings,,beginner,female,exercises/men/Legs/Cossack Squat.mp4
ea_counterbalanced_skater_squat,Counterbalanced Skater Squat,Присед конькобежца с противовесом,Legs,quads; glutes; hamstrings,,beginner,female,exercises/men/Legs/Counterbalanced Skater Squat.mp4
ea_crossed_arms_front_leg_kick,Crossed Arms Front Leg Kick,Удары ногой вперёд со скрещенными руками,Legs,quads; lower_back,,beginner,female,exercises/men/Legs/Crossed Arms Front Leg Kick.mp4
ea_curtsy_lunge_bodyweight,Curtsy Lunge Bodyweight,Выпады-реверанс с собственным весом,Legs,quads; glutes,,beginner,female,exercises/men/Legs/curtsy lunge bodyweight.mp4
ea_curtsy_lunge_slide_with_towel,Curtsy Lunge Slide with Towel,Выпады-реверанс со скольжением и полотенцем,Legs,quads; glutes,sliding_disc,beginner,female,exercises/men/Legs/Curtsy Lunge Slide with Towel.mp4
ea_curtsy_lunges_resistance_band,Curtsy Lunges Resistance Band,Выпады-реверанс с резиновой лентой,Legs,glutes,resistance_bands,beginner,female,exercises/men/Legs/Curtsy lunges resistance band.mp4
ea_curtsy_squat,Curtsy Squat,Приседания-реверанс,Legs,quads; glutes,,beginner,female,exercises/men/Legs/Curtsy Squat.mp4
ea_diagonal_lunge,Diagonal Lunge,Диагональный выпад,Legs,glutes; quads,,beginner,female,exercises/men/Legs/Diagonal Lunge.mp4
ea_donkey_calf_raise,Donkey Calf Raise,Подъём на носки в наклоне,Legs,calves,adjustable_bench,beginner,female,exercises/men/Legs/Donkey Calf Raise.mp4
ea_donkey_kicks_bodyweight,Donkey Kicks Bodyweight,Махи ногой назад на четвереньках,Legs,glutes,,beginner,female,exercises/men/Legs/Donkey kicks bodyweight.mp4
ea_double_jump_squat,Double Jump Squat,Двойной присед с выпрыгиванием,Legs,quads; glutes,,beginner,female,exercises/men/Legs/Double Jump Squat.mp4
ea_dumbbell_bar_grip_sumo_squat,Dumbbell Bar Grip Sumo Squat,Присед сумо с гантелью (хват как за гриф),Legs,quads; glutes,dumbbell,beginner,female,exercises/men/Legs/Dumbbell Bar Grip Sumo Squat.mp4
ea_dumbbell_bench_squat,Dumbbell Bench Squat,Присед на скамью с гантелями,Legs,quads; glutes,bench_press,beginner,female,exercises/men/Legs/Dumbbell Bench Squat.mp4
ea_dumbbell_bulgarian_box_split_squat,Dumbbell Bulgarian Box Split Squat,Болгарский сплит-присед с гантелями на тумбе,Legs,quads; glutes,dumbbell,beginner,female,exercises/men/Legs/dumbbell bulgarian box split squat.mp4
ea_dumbbell_bulgarian_split_squat,Dumbbell Bulgarian Split Squat,Болгарский сплит-присед с гантелями,Legs,quads; glutes,bench_press,beginner,female,exercises/men/Legs/Dumbbell Bulgarian Split Squat.mp4
ea_dumbbell_close_legs_deadlift,Dumbbell Close Legs Deadlift,Становая тяга гантели с узкой постановкой ног,Legs,hamstrings; glutes,dumbbell,beginner,female,exercises/men/Legs/Dumbbell close Legs Deadlift.mp4
ea_dumbbell_cossack_squats_version_2,Dumbbell Cossack Squats (version 2),Казачьи приседания с гантелью (вариант 2),Legs,quads,dumbbell,beginner,female,exercises/men/Legs/Dumbbell Cossack Squats (VERSION 2).mp4
ea_dumbbell_curtsy_lunge,Dumbbell Curtsy Lunge,Реверанс-выпады с гантелями,Legs,quads; glutes,dumbbell,beginner,female,exercises/men/Legs/Dumbbell Curtsy Lunge.mp4
ea_dumbbell_farmer_walks,Dumbbell Farmer Walks,Прогулка фермера с гантелями,Legs,forearms; traps; shoulders,dumbbell,beginner,female,exercises/men/Legs/dumbbell farmer walks.mp4
ea_dumbbell_front_rack_lunge,Dumbbell Front Rack Lunge,Выпады с гантелями на плечах,Legs,quads; glutes,dumbbell,beginner,female,exercises/men/Legs/Dumbbell Front Rack Lunge.mp4
ea_dumbbell_front_squat,Dumbbell Front Squat,Фронтальный присед с гантелями,Legs,quads; glutes,dumbbell,beginner,female,exercises/men/Legs/Dumbbell Front Squat.mp4
ea_dumbbell_glute_bridge,Dumbbell Glute Bridge,Ягодичный мост с гантелью,Legs,glutes; hamstrings,dumbbell,beginner,female,exercises/men/Legs/Dumbbell Glute Bridge.mp4
ea_dumbbell_goblet_2_sec_hold_squat,Dumbbell Goblet 2 Sec Hold Squat,Гоблет-присед с гантелью с 2-секундной задержкой,Legs,quads; glutes,dumbbell,beginner,female,exercises/men/Legs/Dumbbell Goblet 2 sec Hold Squat.mp4
ea_dumbbell_goblet_curtsy_lunge,Dumbbell Goblet Curtsy Lunge,Выпады-реверанс с гантелью у груди,Legs,quads; glutes,dumbbell,beginner,female,exercises/men/Legs/Dumbbell Goblet Curtsy Lunge.mp4
ea_dumbbell_goblet_split_squat,Dumbbell Goblet Split Squat,Сплит-присед с гантелью у груди,Legs,quads; glutes,dumbbell,beginner,female,exercises/men/Legs/Dumbbell Goblet Split Squat.mp4
ea_dumbbell_goblet_split_squat_front_foot_elevanted,Dumbbell Goblet Split Squat Front Foot Elevanted,Сплит-присед с гантелью у груди с поднятой передней стопой,Legs,quads; glutes,dumbbell,beginner,female,exercises/men/Legs/Dumbbell Goblet Split Squat Front Foot Elevanted.mp4
ea_dumbbell_goblet_squat,Dumbbell Goblet Squat,Гоблет-присед с гантелью,Legs,quads; glutes,dumbbell,beginner,female,exercises/men/Legs/Dumbbell Goblet Squat.mp4
ea_dumbbell_hip_thrust,Dumbbell Hip Thrust,Ягодичный мост с гантелями,Legs,glutes,bench_press,beginner,female,exercises/men/Legs/Dumbbell Hip Thrust.mp4
ea_dumbbell_hip_thrust_version_2,Dumbbell Hip Thrust (version 2),Ягодичный мост с гантелью (вариант 2),Legs,glutes,bench_press,beginner,female,exercises/men/Legs/Dumbbell Hip Thrust (VERSION 2).mp4
ea_dumbbell_jumping_squat,Dumbbell Jumping Squat,Присед в прыжке с гантелями,Legs,quads; glutes,dumbbell,beginner,female,exercises/men/Legs/Dumbbell Jumping Squat.mp4
ea_dumbbell_kneeling_hold_to_stand_clean_grip,Dumbbell Kneeling Hold to Stand Clean Grip,Подъем с колен в стойку с гантелями (нейтральный хват),Legs,quads; glutes,dumbbell,beginner,female,exercises/men/Legs/Dumbbell Kneeling Hold to Stand Clean grip.mp4
ea_dumbbell_kneeling_squat,Dumbbell Kneeling Squat,Присед с колен с гантелями,Legs,glutes; quads,dumbbell,beginner,female,exercises/men/Legs/Dumbbell Kneeling Squat.mp4
ea_dumbbell_lunge_alternating_on_the_spot,Dumbbell Lunge Alternating on the Spot,Выпады с гантелями на месте с чередованием ног,Legs,quads; glutes,dumbbell,beginner,female,exercises/men/Legs/Dumbbell Lunge Alternating on the spot.mp4
ea_dumbbell_lunge_pulse,Dumbbell Lunge Pulse,Пульсирующие выпады с гантелями,Legs,quads; glutes,dumbbell,beginner,female,exercises/men/Legs/Dumbbell Lunge Pulse.mp4
ea_dumbbell_lunge_to_overhead_press,Dumbbell Lunge to Overhead Press,Выпады с гантелями с жимом над головой,Legs,quads; glutes; shoulders,dumbbell,beginner,female,exercises/men/Legs/Dumbbell Lunge to Overhead Press.mp4
ea_dumbbell_narrow_stance_squats,Dumbbell Narrow Stance Squats,Приседания с гантелями узкой постановкой ног,Legs,quads; glutes,dumbbell,beginner,female,exercises/men/Legs/Dumbbell narrow stance squats.mp4
ea_dumbbell_overhead_lunge,Dumbbell Overhead Lunge,Выпад с гантелями над головой,Legs,quads; glutes,dumbbell,beginner,female,exercises/men/Legs/Dumbbell Overhead Lunge.mp4
ea_dumbbell_press_squat,Dumbbell Press Squat,Присед с жимом гантели,Legs,quads; shoulders; glutes,dumbbell,beginner,female,exercises/men/Legs/Dumbbell Press Squat.mp4
ea_dumbbell_rear_lunge,Dumbbell Rear Lunge,Выпады назад с гантелями,Legs,quads; glutes,dumbbell,beginner,female,exercises/men/Legs/Dumbbell Rear Lunge.mp4
ea_dumbbell_rear_lunge_from_step,Dumbbell Rear Lunge From Step,Выпады назад с гантелями со степа,Legs,quads; glutes,dumbbell,beginner,female,exercises/men/Legs/Dumbbell Rear Lunge from Step.mp4
ea_dumbbell_reverse_lunge_on_the_spot,Dumbbell Reverse Lunge on the Spot,Выпады назад с гантелями на месте,Legs,quads; glutes,dumbbell,beginner,female,exercises/men/Legs/Dumbbell Reverse Lunge on the spot.mp4
ea_dumbbell_reverse_lunges_pulses,Dumbbell Reverse Lunges Pulses,Пульсирующие выпады назад с гантелями,Legs,quads; glutes,dumbbell,beginner,female,exercises/men/Legs/Dumbbell reverse lunges pulses.mp4
ea_dumbbell_seated_calf_raise,Dumbbell Seated Calf Raise,Подъём на носки сидя с гантелями,Legs,calves,bench_press,beginner,female,exercises/men/Legs/Dumbbell Seated Calf Raise.mp4
ea_dumbbell_seated_one_leg_calf_raise_hammer_grip,Dumbbell Seated One Leg Calf Raise Hammer Grip,Подъёмы на носок одной ногой сидя с гантелью молотковым хватом,Legs,calves,bench_press,beginner,female,exercises/men/Legs/Dumbbell Seated One Leg Calf Raise Hammer Grip.mp4
ea_dumbbell_side_lunge_alternating,Dumbbell Side Lunge Alternating,Выпады в сторону с гантелями попеременно,Legs,quads; glutes,dumbbell,beginner,female,exercises/men/Legs/Dumbbell Side Lunge Alternating.mp4
ea_dumbbell_side_lunge_left_n_right,Dumbbell Side Lunge Left N Right,Выпады в сторону с гантелями (левая и правая),Legs,quads; glutes,dumbbell,beginner,female,exercises/men/Legs/dumbbell side lunge left n right.mp4
ea_dumbbell_side_lunge_single_leg,Dumbbell Side Lunge Single Leg,Выпад в сторону на одной ноге с гантелью,Legs,quads; glutes,dumbbell,beginner,female,exercises/men/Legs/Dumbbell Side Lunge Single Leg.mp4
ea_dumbbell_side_squat_side_to_side,Dumbbell Side Squat Side to Side,Приседания в сторону с гантелью (из стороны в сторону),Legs,quads; glutes,dumbbell,beginner,female,exercises/men/Legs/Dumbbell Side Squat Side to Side.mp4
ea_dumbbell_single_arm_overhead_lunge,Dumbbell Single Arm Overhead Lunge,Выпады с гантелью над головой одной рукой,Legs,quads; shoulders; glutes,dumbbell,beginner,female,exercises/men/Legs/Dumbbell Single Arm Overhead Lunge.mp4
ea_dumbbell_single_leg_calf_raise_wall_support,Dumbbell Single Leg Calf Raise Wall Support,Подъём на носки на одной ноге с гантелью и опорой у стены,Legs,calves,dumbbell,beginner,female,exercises/men/Legs/Dumbbell Single Leg Calf Raise Wall Support.mp4
ea_dumbbell_single_leg_deadlift,Dumbbell Single Leg Deadlift,Становая тяга на одной ноге с гантелью,Legs,hamstrings; glutes,dumbbell,beginner,female,exercises/men/Legs/Dumbbell Single Leg Deadlift.mp4
ea_dumbbell_single_leg_split_squat,Dumbbell Single Leg Split Squat,Болгарский сплит-присед на одной ноге с гантелями,Legs,quads; glutes,bench_press,beginner,female,exercises/men/Legs/Dumbbell Single Leg Split Squat.mp4
ea_dumbbell_single_leg_squat,Dumbbell Single Leg Squat,Присед на одной ноге с гантелями,Legs,quads,dumbbell,beginner,female,exercises/men/Legs/Dumbbell Single Leg Squat.mp4
ea_dumbbell_single_leg_squat_with_support_pistol,Dumbbell Single Leg Squat with Support (pistol),Присед на одной ноге с гантелью с опорой (пистолет),Legs,quads,squat_rack,beginner,female,exercises/men/Legs/Dumbbell Single Leg Squat with Support (pistol).mp4
ea_dumbbell_single_leg_step_up,Dumbbell Single Leg Step-up,Зашагивание на платформу на одной ноге с гантелями,Legs,quads; glutes,dumbbell,beginner,female,exercises/men/Legs/Dumbbell Single Leg Step-Up.mp4
ea_dumbbell_split_squat,Dumbbell Split Squat,Сплит-присед с гантелями,Legs,quads,dumbbell,beginner,female,exercises/men/Legs/Dumbbell Split Squat.mp4
ea_dumbbell_squats,Dumbbell Squats,Приседания с гантелями,Legs,quads; glutes,dumbbell,beginner,female,exercises/men/Legs/Dumbbell Squats.mp4
ea_dumbbell_squats_to_shoulder_press,Dumbbell Squats to Shoulder Press,Приседания с гантелями с жимом над головой,Legs,quads; shoulders,dumbbell,beginner,female,exercises/men/Legs/Dumbbell Squats to Shoulder Press.mp4
ea_dumbbell_standing_calf_raise,Dumbbell Standing Calf Raise,Подъём на носки с гантелями стоя,Legs,calves,dumbbell,beginner,female,exercises/men/Legs/dumbbell standing calf raise.mp4
ea_dumbbell_standing_calf_raise_on_step,Dumbbell Standing Calf Raise on Step,Подъём на носки с гантелями стоя на степе,Legs,calves,dumbbell,beginner,female,exercises/men/Legs/Dumbbell Standing Calf Raise on Step.mp4
ea_dumbbell_standing_single_leg_calf_raise,Dumbbell Standing Single Leg Calf Raise,Подъём на носки с гантелью стоя на одной ноге,Legs,calves,dumbbell,beginner,female,exercises/men/Legs/Dumbbell Standing Single Leg Calf Raise.mp4
ea_dumbbell_static_lunge,Dumbbell Static Lunge,Статический выпад с гантелями,Legs,quads; glutes,dumbbell,beginner,female,exercises/men/Legs/Dumbbell Static Lunge.mp4
ea_dumbbell_step_up_on_bench,Dumbbell Step Up on Bench,Зашагивания на скамью с гантелями,Legs,quads; glutes,bench_press,beginner,female,exercises/men/Legs/Dumbbell Step up on Bench.mp4
ea_dumbbell_step_up_with_knee_raise,Dumbbell Step-up with Knee Raise,Зашагивания на скамью с подъемом колена и гантелями,Legs,quads; glutes,bench_press,beginner,female,exercises/men/Legs/Dumbbell Step-up with Knee Raise.mp4
ea_dumbbell_stiff_leg_deadlift,Dumbbell Stiff Leg Deadlift,Становая тяга на прямых ногах с гантелями,Legs,hamstrings; glutes,dumbbell,beginner,female,exercises/men/Legs/Dumbbell Stiff Leg Deadlift.mp4
ea_dumbbell_straight_leg_deadlift,Dumbbell Straight Leg Deadlift,Становая тяга на прямых ногах с гантелями,Legs,hamstrings; glutes,dumbbell,beginner,female,exercises/men/Legs/Dumbbell Straight Leg Deadlift.mp4
ea_dumbbell_suitcase_carry,Dumbbell Suitcase Carry,Прогулка фермера с гантелью в одной руке,Legs,quads,dumbbell,beginner,female,exercises/men/Legs/Dumbbell Suitcase Carry.mp4
ea_dumbbell_sumo_squat_off_benches,Dumbbell Sumo Squat Off Benches,Приседания сумо с гантелью между скамьями,Legs,glutes; quads,dumbbell,beginner,female,exercises/men/Legs/Dumbbell Sumo Squat Off Benches.mp4
ea_dumbbell_supported_sissy_squat,Dumbbell Supported Sissy Squat,Приседания «Сисси» с гантелью с опорой,Legs,quads,sissy_squat_machine,beginner,female,exercises/men/Legs/Dumbbell Supported Sissy Squat.mp4
ea_elevated_standing_calf_raise,Elevated Standing Calf Raise,Подъёмы на носки стоя с опорой,Legs,calves,squat_rack,beginner,female,exercises/men/Legs/Elevated Standing Calf Raise.mp4
ea_exercise_ball_leg_curl,Exercise Ball Leg Curl,Сгибание ног на фитболе,Legs,hamstrings; glutes,stability_ball,beginner,female,exercises/men/Legs/Exercise Ball Leg Curl.mp4
ea_exercise_ball_one_legged_diagonal_kick_hamstring_curl,Exercise Ball One Legged Diagonal Kick Hamstring Curl,Сгибание ног на фитболе одной ногой с диагональным подъёмом,Legs,hamstrings; glutes,stability_ball,beginner,female,exercises/men/Legs/Exercise Ball One Legged Diagonal Kick Hamstring Curl.mp4
ea_exercise_ball_wall_squat,Exercise Ball Wall Squat,Присед у стены с фитболом,Legs,quads,stability_ball,beginner,female,exercises/men/Legs/Exercise Ball Wall Squat.mp4
ea_feet_together_barbell_squats,Feet Together Barbell Squats,"Присед со штангой, ноги вместе",Legs,quads; glutes,squat_rack,beginner,female,exercises/men/Legs/Feet Together barbell Squats.mp4
ea_fire_hydrant_bodyweight,Fire Hydrant Bodyweight,Отведение бедра в сторону на четвереньках,Legs,glutes,,beginner,female,exercises/men/Legs/fire hydrant bodyweight.mp4
ea_fire_hydrant_circle_bodyweight,Fire Hydrant Circle Bodyweight,Круговые движения ногой на четвереньках,Legs,glutes,,beginner,female,exercises/men/Legs/fire hydrant circle bodyweight.mp4
ea_front_squats_dumbbell_low,Front Squats Dumbbell Low,Приседания с гантелями на низких руках,Legs,quads,dumbbell,beginner,female,exercises/men/Legs/front squats dumbbell low.mp4
ea_front_squats_dumbbell_over_shoulders,Front Squats Dumbbell Over Shoulders,Приседания с гантелями на плечах,Legs,quads,dumbbell,beginner,female,exercises/men/Legs/front squats dumbbell over shoulders.mp4
ea_goblet_kettlebell_squats,Goblet Kettlebell Squats,Приседания с гирей (гоблет-присед),Legs,quads,kettlebell,beginner,female,exercises/men/Legs/goblet kettlebell squats.mp4
ea_hammer_strength_iso_lateral_leg_curl_alternate_legs,Hammer Strength Iso-lateral LEG Curl_alternate Legs,Hammer Strength Iso-Lateral сгибания ног лежа поочередно,Legs,hamstrings,leg_curl,beginner,female,exercises/men/Legs/HAMMER STRENGTH ISO-LATERAL LEG CURL_Alternate Legs.mp4
ea_in_and_out_squats_jump_bodyweight,In and Out Squats Jump Bodyweight,Приседания с прыжками внутрь и наружу (собственный вес),Legs,quads; glutes,,beginner,female,exercises/men/Legs/in and out squats jump bodyweight.mp4
ea_in_and_out_squats_jump_bodyweight_2,In and Out Squats Jump Bodyweight (2),Приседания с прыжками внутрь и наружу (собственный вес) (2),Legs,quads; glutes,,beginner,female,exercises/men/Legs/in and out squats jump bodyweight (2).mp4
ea_kettlebell_bulgarian_split_squat_right,Kettlebell Bulgarian Split Squat Right,Болгарский сплит-присед с гирями (правая нога),Legs,quads; glutes,kettlebell,beginner,female,exercises/men/Legs/kettlebell bulgarian split squat right.mp4
ea_kettlebell_bulgarian_split_squat_right_side_view,Kettlebell Bulgarian Split Squat Right Side View,"Болгарский сплит-присед с гирями (правая нога, вид сбоку)",Legs,quads; glutes,kettlebell,beginner,female,exercises/men/Legs/kettlebell bulgarian split squat right side view.mp4
ea_kettlebell_split_squat,Kettlebell Split Squat,Раздельный присед с гирями,Legs,quads; glutes,kettlebell,beginner,female,exercises/men/Legs/Kettlebell Split squat.mp4
ea_kettlebell_squats,Kettlebell Squats,Приседания с гирями,Legs,quads; glutes,kettlebell,beginner,female,exercises/men/Legs/kettlebell squats.mp4
ea_kettlebell_suitcase_squat,Kettlebell Suitcase Squat,Приседания с гирей в одной руке,Legs,quads; glutes,kettlebell,beginner,female,exercises/men/Legs/Kettlebell Suitcase Squat.mp4
ea_kettlebell_sumo_squat,Kettlebell Sumo Squat,Сумо приседания с гирей,Legs,quads; glutes; adductors,kettlebell,beginner,female,exercises/men/Legs/Kettlebell Sumo Squat.mp4
ea_kettlebell_sumo_squat_version_2,Kettlebell Sumo Squat (version 2),Сумо приседания с гирей (вариант 2),Legs,quads; glutes; adductors,kettlebell,beginner,female,exercises/men/Legs/Kettlebell Sumo Squat (VERSION 2).mp4
ea_kettlebell_sumo_squat_off_stepbox,Kettlebell Sumo Squat Off Stepbox,Сумо приседания с гирей на степ-платформах,Legs,quads; glutes; adductors,kettlebell,beginner,female,exercises/men/Legs/Kettlebell Sumo Squat off Stepbox.mp4
ea_kneeling_leg_curl_machine,Kneeling Leg Curl Machine,Сгибание ног на тренажёре на коленях,Legs,hamstrings,leg_curl,beginner,female,exercises/men/Legs/kneeling leg curl machine.mp4
ea_kneeling_squat_jumps_bodyweight,Kneeling Squat Jumps Bodyweight,Прыжки из приседа с колен (с собственным весом),Legs,quads; glutes,,beginner,female,exercises/men/Legs/Kneeling Squat Jumps bodyweight.mp4
ea_leg_press_machine_close_stance,Leg Press Machine Close Stance,Жим ногами в тренажёре с узкой постановкой стоп,Legs,quads,leg_press,beginner,female,exercises/men/Legs/leg press machine close stance.mp4
ea_leg_press_wide_high_stance,Leg Press Wide High Stance,Жим ногами в тренажёре с широкой и высокой постановкой стоп,Legs,quads,leg_press,beginner,female,exercises/men/Legs/leg press wide high stance.mp4
ea_leg_press_wide_high_stance_behind_view,Leg Press Wide High Stance Behind View,Жим ногами в тренажёре с широкой и высокой постановкой стоп (вид сзади),Legs,quads,leg_press,beginner,female,exercises/men/Legs/leg press wide high stance behind view.mp4
ea_lunge_front_kick,Lunge Front Kick,Выпад с ударом ногой вперед,Legs,quads; glutes,,beginner,female,exercises/men/Legs/lunge front kick.mp4
ea_lunge_pulses_bodyweight,Lunge Pulses Bodyweight,Пульсирующие выпады (собственный вес),Legs,quads; glutes,,beginner,female,exercises/men/Legs/lunge pulses bodyweight.mp4
ea_lunge_reverse_with_resistance_band,Lunge Reverse with Resistance Band,Обратный выпад с резиновой лентой,Legs,quads; glutes,resistance_bands,beginner,female,exercises/men/Legs/lunge reverse with resistance band.mp4
ea_lunge_rotation_left_and_right_bodyweight,Lunge Rotation Left and Right Bodyweight,Выпады с поворотами корпуса влево и вправо (собственный вес),Legs,quads; glutes; core,,beginner,female,exercises/men/Legs/lunge rotation left and right bodyweight.mp4
ea_lunge_to_knee_drive_left_bodyweight,Lunge to Knee Drive Left Bodyweight,Выпад с подъемом левого колена (собственный вес),Legs,quads; glutes; lower_back,,beginner,female,exercises/men/Legs/Lunge to Knee Drive left bodyweight.mp4
ea_lunge_to_knee_drive_right_bodyweight,Lunge to Knee Drive Right Bodyweight,Выпад с подъемом правого колена (собственный вес),Legs,quads; glutes; lower_back,,beginner,female,exercises/men/Legs/Lunge to Knee Drive right bodyweight.mp4
ea_lunges_alternate_leg_with_pause_bodyweight,Lunges Alternate Leg with Pause Bodyweight,Выпады с чередованием ног и паузой (собственный вес),Legs,quads; glutes,,beginner,female,exercises/men/Legs/lunges alternate leg with pause bodyweight.mp4
ea_lunges_same_leg_side_view_bodyweight,Lunges Same Leg Side View Bodyweight,"Выпады на одну ногу (вид сбоку, собственный вес)",Legs,quads; glutes,,beginner,female,exercises/men/Legs/lunges same leg side view bodyweight.mp4
ea_lying_leg_curl_machine,Lying Leg Curl Machine,Сгибание ног лёжа в тренажёре,Legs,hamstrings,leg_curl,beginner,female,exercises/men/Legs/lying leg curl machine.mp4
ea_resistance_band_kneeling_leg_half_circle,Resistance Band Kneeling Leg Half Circle,Полукруг ногой на коленях с резиновой лентой,Legs,glutes,resistance_bands,beginner,female,exercises/men/Legs/Resistance Band Kneeling Leg Half Circle.mp4
ea_resistance_band_lying_bent_knee_hip_abduction,Resistance Band Lying Bent Knee Hip Abduction,Отведение бедра лежа с согнутыми коленями с резиновой лентой,Legs,,resistance_bands,beginner,female,exercises/men/Legs/Resistance Band Lying Bent Knee Hip Abduction.mp4
ea_reverse_lunge_left_resistance_band,Reverse Lunge Left Resistance Band,Обратный выпад левой ногой с резиновой лентой,Legs,quads; glutes,resistance_bands,beginner,female,exercises/men/Legs/reverse lunge left resistance band.mp4
ea_seated_calf_machine,Seated Calf Machine,Тренажер для подъемов на носки сидя,Legs,calves,calf_raise_machine,beginner,female,exercises/men/Legs/seated calf machine.mp4
ea_seated_calf_raises_dumbbell_on_knee,Seated Calf Raises Dumbbell on Knee,Подъемы на носки сидя с гантелью на колене,Legs,calves,bench_press,beginner,female,exercises/men/Legs/Seated calf raises dumbbell on knee.mp4
ea_seated_leg_curl_machine,Seated Leg Curl Machine,Сгибание ног в тренажёре сидя,Legs,hamstrings,leg_curl,beginner,female,exercises/men/Legs/Seated leg curl machine.mp4
ea_side_lunges_bodyweight,Side Lunges Bodyweight,Боковые выпады без отягощения,Legs,quads; glutes,,beginner,female,exercises/men/Legs/side lunges bodyweight.mp4
ea_side_lying_leg_lift_left,Side Lying Leg Lift Left,Подъём левой ноги лежа на боку,Legs,glutes,,beginner,female,exercises/men/Legs/side lying leg lift left.mp4
ea_side_lying_leg_lift_right,Side Lying Leg Lift Right,Подъём правой ноги лежа на боку,Legs,glutes,,beginner,female,exercises/men/Legs/side lying leg lift right.mp4
ea_single_leg_calf_raise_leg_press_machine,Single Leg Calf Raise Leg Press Machine,Подъём на носки одной ногой в тренажере для жима ногами,Legs,calves,leg_press,beginner,female,exercises/men/Legs/single leg calf raise leg press machine.mp4
ea_single_leg_incline_45_degree_leg_press_machine,Single Leg Incline 45 Degree Leg Press Machine,Жим ногами одной ногой под углом 45 градусов в тренажере,Legs,quads; glutes,leg_press,beginner,female,exercises/men/Legs/single leg incline 45 degree leg press machine.mp4
ea_single_leg_romanian_deadlift_dumbbell,Single Leg Romanian Deadlift Dumbbell,Румынская становая тяга на одной ноге с гантелью,Legs,hamstrings; glutes,dumbbell,beginner,female,exercises/men/Legs/single leg romanian deadlift dumbbell.mp4
ea_single_leg_romanian_deadlifts_right_cable_resistance_band,Single Leg Romanian Deadlifts Right Cable Resistance Band,Румынская становая тяга на одной ноге (правая) с резиновой лентой,Legs,hamstrings; glutes,cable_machine,beginner,female,exercises/men/Legs/single leg romanian deadlifts right cable resistance band.mp4
ea_smith_machine_bulgarian_split_squat,Smith Machine Bulgarian Split Squat,Машина Смита: Болгарский сплит-присед,Legs,quads; glutes,smith_machine,beginner,female,exercises/men/Legs/smith machine bulgarian split squat.mp4
ea_smith_machine_calf_raise,Smith Machine Calf Raise,Машина Смита: Подъём на носки,Legs,calves,smith_machine,beginner,female,exercises/men/Legs/smith machine calf raise.mp4
ea_standing_calf_raise_resistance_band,Standing Calf Raise Resistance Band,Подъёмы на носки стоя с резиновой лентой,Legs,calves,resistance_bands,beginner,female,exercises/men/Legs/standing calf raise resistance band.mp4
ea_standing_calf_raises_smith_machine,Standing Calf Raises Smith Machine,Подъёмы на носки в машине Смита стоя,Legs,calves,smith_machine,beginner,female,exercises/men/Legs/standing calf raises smith machine.mp4
ea_standing_side_leg_raises,Standing Side Leg Raises,Подъёмы ног в сторону стоя,Legs,glutes,,beginner,female,exercises/men/Legs/Standing Side leg raises.mp4
ea_step_up_on_chair_bodyweight,Step Up on Chair Bodyweight,Зашагивания на стул с собственным весом,Legs,quads; glutes,,beginner,female,exercises/men/Legs/step up on chair bodyweight.mp4
ea_sumo_squat_over_shoulder_resistance_band,Sumo Squat Over Shoulder Resistance Band,Присед сумо с резиновой лентой через плечо,Legs,quads; glutes,resistance_bands,beginner,female,exercises/men/Legs/Sumo squat over shoulder resistance band.mp4
ea_sumo_squat_in_between_legs_resistance_band,Sumo Squat in Between Legs Resistance Band,Присед сумо с резиновой лентой между ног,Legs,quads; glutes,resistance_bands,beginner,female,exercises/men/Legs/sumo squat in between legs resistance band.mp4
ea_suspension_trainer_with_grips_side_squat,Suspension Trainer with Grips Side Squat,Боковой присед в петлях для функционального тренинга,Legs,quads; glutes,trx,beginner,female,exercises/men/Legs/Suspension Trainer with Grips Side Squat.mp4
ea_wall_sit_bodyweight,Wall Sit Bodyweight,Стульчик у стены,Legs,quads; glutes,,beginner,female,exercises/men/Legs/wall sit bodyweight.mp4
ea_wall_squat_bodyweight,Wall Squat Bodyweight,Присед у стены,Legs,quads; glutes,,beginner,female,exercises/men/Legs/wall squat bodyweight.mp4
ea_wall_squat_with_pause_bodyweight,Wall Squat with Pause Bodyweight,Присед у стены с паузой,Legs,quads; glutes,,beginner,female,exercises/men/Legs/wall squat with pause bodyweight.mp4
ea_barbell_clean_and_jerk_split_squat,Barbell Clean and Jerk Split Squat,Рывок и толчок штанги с выпадом,Powerlifting,quads; glutes; shoulders,barbell,beginner,female,exercises/men/Powerlifting/Barbell clean and jerk split squat.mp4
ea_barbell_clean_and_press,Barbell Clean and Press,Взятие на грудь и жим штанги,Powerlifting,shoulders; quads; glutes,barbell,beginner,female,exercises/men/Powerlifting/Barbell clean and press.mp4
ea_barbell_power_clean,Barbell Power Clean,Силовой подъем штанги на грудь,Powerlifting,quads; glutes; hamstrings; traps; shoulders,barbell,beginner,female,exercises/men/Powerlifting/Barbell power clean.mp4
ea_barbell_power_clean_from_blocks,Barbell Power Clean From Blocks,Силовой подъем штанги на грудь с плинтов,Powerlifting,quads; glutes; hamstrings; traps; shoulders,barbell,beginner,female,exercises/men/Powerlifting/Barbell power clean from blocks.mp4
ea_barbell_power_jerk,Barbell Power Jerk,Силовой толчок штанги,Powerlifting,shoulders; quads; glutes,barbell,beginner,female,exercises/men/Powerlifting/Barbell power jerk.mp4
ea_barbell_power_snatch,Barbell Power Snatch,Силовой рывок штанги,Powerlifting,quads; glutes; hamstrings; shoulders,barbell,beginner,female,exercises/men/Powerlifting/Barbell power snatch.mp4
ea_barbell_rack_pull,Barbell Rack Pull,Тяга штанги с плинтов,Powerlifting,glutes; hamstrings; lats; lower_back,squat_rack,beginner,female,exercises/men/Powerlifting/Barbell rack pull.mp4
ea_barbell_snatch,Barbell Snatch,Рывок штанги,Powerlifting,shoulders; quads; glutes,barbell,beginner,female,exercises/men/Powerlifting/Barbell snatch.mp4
ea_barbell_snatch_balance,Barbell Snatch Balance,Рывковый баланс со штангой,Powerlifting,shoulders; quads; glutes,barbell,beginner,female,exercises/men/Powerlifting/Barbell snatch balance.mp4
ea_barbell_snatch_from_blocks,Barbell Snatch From Blocks,Рывок штанги с плинтов,Powerlifting,shoulders; quads; glutes,barbell,beginner,female,exercises/men/Powerlifting/Barbell snatch from blocks.mp4
ea_barbell_snatch_pull,Barbell Snatch Pull,Рывковая тяга штанги,Powerlifting,quads; glutes,barbell,beginner,female,exercises/men/Powerlifting/Barbell snatch pull.mp4
ea_barbell_split_clean,Barbell Split Clean,Взятие штанги на грудь в ножницы,Powerlifting,shoulders; quads; glutes,barbell,beginner,female,exercises/men/Powerlifting/Barbell split clean.mp4
ea_barbell_split_jerk,Barbell Split Jerk,Толчок штанги в ножницы,Powerlifting,shoulders; quads; glutes,barbell,beginner,female,exercises/men/Powerlifting/Barbell split jerk.mp4
ea_barbell_thruster,Barbell Thruster,Трастер со штангой,Powerlifting,quads; shoulders,barbell,beginner,female,exercises/men/Powerlifting/Barbell Thruster.mp4
ea_cluster,Cluster,Кластер,Powerlifting,quads; glutes,barbell,beginner,female,exercises/men/Powerlifting/cluster.mp4
ea_dumbbell_hang_power_clean,Dumbbell Hang Power Clean,Взятие гантелей на грудь в стойку с виса,Powerlifting,shoulders; quads; glutes,dumbbell,beginner,female,exercises/men/Powerlifting/Dumbbell Hang Power Clean.mp4
ea_dumbbell_one_arm_snatch,Dumbbell One Arm Snatch,Рывок гантели одной рукой,Powerlifting,shoulders; quads; glutes,dumbbell,beginner,female,exercises/men/Powerlifting/Dumbbell One Arm Snatch.mp4
ea_arm_circle,Arm Circle,Круговые вращения руками,Shoulders,shoulders,,beginner,female,exercises/men/Shoulders/arm circle.mp4
ea_arm_circles_backward,Arm Circles Backward,Круговые вращения руками назад,Shoulders,shoulders,,beginner,female,exercises/men/Shoulders/Arm circles backward.mp4
ea_arm_swing_side_to_side,Arm Swing Side to Side,Махи руками из стороны в сторону,Shoulders,shoulders,,beginner,female,exercises/men/Shoulders/arm swing side to side.mp4
ea_arms_behind_back_shoulder_flexor_stretch,Arms Behind Back Shoulder Flexor Stretch,Растяжка сгибателей плеча с руками за спиной,Shoulders,shoulders,,beginner,female,exercises/men/Shoulders/arms behind back shoulder flexor stretch.mp4
ea_arnold_press_cable_resistance_band_standing,Arnold Press Cable Resistance Band Standing,Жим Арнольда с резиновой лентой стоя,Shoulders,shoulders,resistance_bands,beginner,female,exercises/men/Shoulders/arnold press cable resistance band standing.mp4
ea_arnold_press_dumbbell,Arnold Press Dumbbell,Жим Арнольда с гантелями,Shoulders,,bench_press,beginner,female,exercises/men/Shoulders/arnold press dumbbell.mp4
ea_barbell_back_wide_shrugs,Barbell Back Wide Shrugs,Шраги со штангой за спиной широким хватом,Shoulders,traps,barbell,beginner,female,exercises/men/Shoulders/Barbell back wide shrugs.mp4
ea_barbell_behind_neck_push_press,Barbell Behind Neck Push Press,Жим штанги из-за головы с толчком ногами,Shoulders,,barbell,beginner,female,exercises/men/Shoulders/Barbell behind neck push press.mp4
ea_barbell_overhead_shrug,Barbell Overhead Shrug,Шраги со штангой над головой,Shoulders,traps,barbell,beginner,female,exercises/men/Shoulders/Barbell overhead shrug.mp4
ea_barbell_rear_delt_raise,Barbell Rear Delt Raise,Подъём штанги на задние дельты,Shoulders,shoulders,barbell,beginner,female,exercises/men/Shoulders/Barbell rear delt raise.mp4
ea_barbell_seated_behind_neck_military_press,Barbell Seated Behind Neck Military Press,Жим штанги из-за головы сидя,Shoulders,shoulders,bench_press,beginner,female,exercises/men/Shoulders/Barbell seated behind neck military press.mp4
ea_barbell_seated_military_press,Barbell Seated Military Press,Жим штанги сидя,Shoulders,,squat_rack,beginner,female,exercises/men/Shoulders/Barbell seated military press.mp4
ea_barbell_seated_overhead_press,Barbell Seated Overhead Press,Жим штанги сидя над головой,Shoulders,shoulders,bench_press,beginner,female,exercises/men/Shoulders/Barbell seated overhead press.mp4
ea_barbell_shrugs,Barbell Shrugs,Шраги со штангой,Shoulders,traps,barbell,beginner,female,exercises/men/Shoulders/barbell shrugs.mp4
ea_barbell_standing_close_grip_military_press,Barbell Standing Close Grip Military Press,Жим штанги стоя узким хватом,Shoulders,shoulders,barbell,beginner,female,exercises/men/Shoulders/Barbell standing close grip military press.mp4
ea_barbell_standing_military_press,Barbell Standing Military Press,Армейский жим со штангой стоя,Shoulders,shoulders; triceps,barbell,beginner,female,exercises/men/Shoulders/Barbell Standing Military Press.mp4
ea_barbell_standing_shoulder_press,Barbell Standing Shoulder Press,Жим штанги стоя,Shoulders,shoulders; triceps,barbell,beginner,female,exercises/men/Shoulders/Barbell standing shoulder press.mp4
ea_barbell_standing_wide_grip_military_press,Barbell Standing Wide Grip Military Press,Жим штанги стоя широким хватом,Shoulders,shoulders; triceps,barbell,beginner,female,exercises/men/Shoulders/Barbell standing wide grip military press.mp4
ea_barbell_wide_shrug,Barbell Wide Shrug,Шраги со штангой широким хватом,Shoulders,traps,barbell,beginner,female,exercises/men/Shoulders/Barbell Wide Shrug.mp4
ea_behind_neck_press_resistance_band_cable,Behind Neck Press Resistance Band Cable,Жим за голову с резиновой лентой,Shoulders,shoulders,resistance_bands,beginner,female,exercises/men/Shoulders/behind neck press resistance band cable.mp4
ea_bent_over_rear_delt_fly_dumbbell,Bent Over Rear Delt Fly Dumbbell,Разведение гантелей в наклоне на задние дельты,Shoulders,shoulders,dumbbell,beginner,female,exercises/men/Shoulders/bent over rear delt fly dumbbell.mp4
ea_bent_over_rear_deltoid_fly_resistance_band,Bent Over Rear Deltoid Fly Resistance Band,Разведение рук с резиновой лентой в наклоне на задние дельты,Shoulders,shoulders,resistance_bands,beginner,female,exercises/men/Shoulders/bent over rear deltoid fly resistance band.mp4
ea_bodyweight_bent_over_rear_delt_fly,Bodyweight Bent Over Rear Delt Fly,Разведение рук в наклоне на задние дельты (с собственным весом),Shoulders,shoulders,,beginner,female,exercises/men/Shoulders/bodyweight bent over rear delt fly.mp4
ea_bodyweight_standing_around_world_wall_supported,Bodyweight Standing Around World Wall Supported,Подъемы рук вокруг света стоя с опорой на стену собственным весом,Shoulders,shoulders; traps,,beginner,female,exercises/men/Shoulders/Bodyweight Standing Around World Wall Supported.mp4
ea_bodyweight_standing_military_press,Bodyweight Standing Military Press,Жим над головой стоя с собственным весом,Shoulders,shoulders,,beginner,female,exercises/men/Shoulders/Bodyweight Standing Military Press.mp4
ea_bodyweight_standing_military_press_wall_supported,Bodyweight Standing Military Press Wall Supported,Жим над головой стоя с собственным весом с опорой на стену,Shoulders,shoulders,,beginner,female,exercises/men/Shoulders/Bodyweight Standing Military Press Wall Supported.mp4
ea_bodyweight_standing_shrug,Bodyweight Standing Shrug,Шраги стоя с собственным весом,Shoulders,traps; shoulders,,beginner,female,exercises/men/Shoulders/Bodyweight Standing Shrug.mp4
ea_cable_bent_over_one_arm_lateral_raise,Cable Bent Over One Arm Lateral Raise,Подъём руки в сторону в наклоне одной рукой с блоком,Shoulders,shoulders,cable_machine,beginner,female,exercises/men/Shoulders/Cable Bent Over One Arm Lateral Raise.mp4
ea_cable_front_raises_straight_bar,Cable Front Raises Straight Bar,Подъёмы рук вперёд с прямым грифом на блоке,Shoulders,shoulders,cable_machine,beginner,female,exercises/men/Shoulders/cable front raises straight bar.mp4
ea_cable_lateral_raises,Cable Lateral Raises,Разведение рук в стороны в блоке,Shoulders,shoulders,cable_machine,beginner,female,exercises/men/Shoulders/cable lateral raises.mp4
ea_cable_leaning_lateral_raise,Cable Leaning Lateral Raise,Разведение рук в стороны в блоке с наклоном,Shoulders,shoulders,cable_machine,beginner,female,exercises/men/Shoulders/cable leaning lateral raise.mp4
ea_cable_one_arm_front_raise,Cable One Arm Front Raise,Подъём руки вперёд одной рукой в блоке,Shoulders,shoulders,cable_machine,beginner,female,exercises/men/Shoulders/Cable One Arm Front Raise.mp4
ea_cable_rear_delt_fly,Cable Rear Delt Fly,Разведение рук на блоке для задних дельт,Shoulders,,cable_machine,beginner,female,exercises/men/Shoulders/cable rear delt fly.mp4
ea_cable_rear_drive_bent_arm,Cable Rear Drive Bent Arm,Отведение руки назад на блоке (согнутой рукой),Shoulders,traps,cable_machine,beginner,female,exercises/men/Shoulders/Cable rear drive bent arm.mp4
ea_cable_reverse_fly_on_crossover,Cable Reverse Fly on Crossover,Обратное разведение рук на кроссовере,Shoulders,traps,cable_machine,beginner,female,exercises/men/Shoulders/cable reverse fly on crossover.mp4
ea_cable_seated_rear_lateral_raise,Cable Seated Rear Lateral Raise,Разведение рук в стороны сидя на блоке (на заднюю дельту),Shoulders,shoulders,cable_machine,beginner,female,exercises/men/Shoulders/Cable Seated rear lateral raise.mp4
ea_cable_upright_row_with_ez_bar,Cable Upright Row with EZ Bar,Тяга EZ-грифа к подбородку на блоке,Shoulders,shoulders,cable_machine,beginner,female,exercises/men/Shoulders/cable upright row with EZ bar.mp4
ea_cable_upright_row_with_straight_bar,Cable Upright Row with Straight Bar,Тяга прямого грифа к подбородку на блоке,Shoulders,shoulders; traps,cable_machine,beginner,female,exercises/men/Shoulders/cable upright row with straight bar.mp4
ea_cable_y_raise,Cable Y Raise,Подъём рук в форме Y на блоке,Shoulders,shoulders,cable_machine,beginner,female,exercises/men/Shoulders/Cable Y raise.mp4
ea_cross_over_shoulder_stretch,Cross Over Shoulder Stretch,Перекрёстная растяжка плеча,Shoulders,shoulders; traps,,beginner,female,exercises/men/Shoulders/cross over shoulder stretch.mp4
ea_dumbbell_alternate_shoulder_press,Dumbbell Alternate Shoulder Press,Жим гантелей над головой попеременно,Shoulders,shoulders,dumbbell,beginner,female,exercises/men/Shoulders/Dumbbell Alternate Shoulder Press.mp4
ea_dumbbell_alternate_side_press,Dumbbell Alternate Side Press,Жим гантелей поочерёдно в сторону,Shoulders,shoulders,dumbbell,beginner,female,exercises/men/Shoulders/Dumbbell Alternate Side Press.mp4
ea_dumbbell_armpit_row,Dumbbell Armpit Row,Тяга гантелей к подмышкам,Shoulders,shoulders; traps,dumbbell,beginner,female,exercises/men/Shoulders/dumbbell armpit row.mp4
ea_dumbbell_arnold_press_version_2,Dumbbell Arnold Press (version 2),Жим Арнольда с гантелями (версия 2),Shoulders,shoulders,dumbbell,beginner,female,exercises/men/Shoulders/Dumbbell Arnold Press (version 2).mp4
ea_dumbbell_arnold_press_seated,Dumbbell Arnold Press Seated,Жим Арнольда с гантелями сидя,Shoulders,shoulders,bench_press,beginner,female,exercises/men/Shoulders/Dumbbell Arnold Press Seated.mp4
ea_dumbbell_around_the_world,Dumbbell Around the World,"Разведение гантелей ""Вокруг света""",Shoulders,shoulders; traps,dumbbell,beginner,female,exercises/men/Shoulders/Dumbbell Around The World.mp4
ea_dumbbell_bench_seated_press,Dumbbell Bench Seated Press,Жим гантелей сидя на скамье,Shoulders,shoulders,bench_press,beginner,female,exercises/men/Shoulders/Dumbbell Bench Seated Press.mp4
ea_dumbbell_bent_arm_lateral_raise,Dumbbell Bent Arm Lateral Raise,Разведение гантелей в стороны согнутыми руками,Shoulders,shoulders,dumbbell,beginner,female,exercises/men/Shoulders/dumbbell bent arm lateral raise.mp4
ea_dumbbell_bent_over_face_pull,Dumbbell Bent Over Face Pull,Тяга гантелей к лицу в наклоне,Shoulders,shoulders; traps,dumbbell,beginner,female,exercises/men/Shoulders/Dumbbell Bent Over Face Pull.mp4
ea_dumbbell_bicep_curl_to_shoulder_press,Dumbbell Bicep Curl to Shoulder Press,Сгибание на бицепс с гантелями с переходом в жим над головой,Shoulders,biceps; shoulders,dumbbell,beginner,female,exercises/men/Shoulders/dumbbell bicep curl to shoulder press.mp4
ea_dumbbell_chest_supported_lateral_raises,Dumbbell Chest Supported Lateral Raises,Подъёмы гантелей в стороны лёжа на наклонной скамье,Shoulders,traps; lats,bench_press,beginner,female,exercises/men/Shoulders/Dumbbell Chest Supported Lateral Raises.mp4
ea_dumbbell_close_grip_shoulder_press_sit_up,Dumbbell Close Grip Shoulder Press Sit Up,Жим гантелей узким хватом с подъёмом корпуса,Shoulders,shoulders,dumbbell,beginner,female,exercises/men/Shoulders/dumbbell close grip shoulder press sit up.mp4
ea_dumbbell_cuban_press_version_2,Dumbbell Cuban Press (version 2),Кубинский жим с гантелями (вариант 2),Shoulders,shoulders,dumbbell,beginner,female,exercises/men/Shoulders/Dumbbell Cuban Press (version 2).mp4
ea_dumbbell_decline_shrug,Dumbbell Decline Shrug,Шраги с гантелями на наклонной скамье (лицом вниз),Shoulders,traps,bench_press,beginner,female,exercises/men/Shoulders/Dumbbell Decline Shrug.mp4
ea_dumbbell_external_rotatio,Dumbbell External Rotatio,Внешняя ротация с гантелью,Shoulders,shoulders,dumbbell,beginner,female,exercises/men/Shoulders/dumbbell external rotatio.mp4
ea_dumbbell_external_rotation,Dumbbell External Rotation,Внешняя ротация с гантелью,Shoulders,shoulders,dumbbell,beginner,female,exercises/men/Shoulders/Dumbbell External Rotation.mp4
ea_dumbbell_face_down_lying_shoulder_pres,Dumbbell Face Down Lying Shoulder Pres,Жим гантелей лёжа лицом вниз,Shoulders,shoulders,bench_press,beginner,female,exercises/men/Shoulders/dumbbell face down lying shoulder pres.mp4
ea_dumbbell_face_down_lying_shoulder_press,Dumbbell Face Down Lying Shoulder Press,Жим гантелей лёжа лицом вниз,Shoulders,shoulders,bench_press,beginner,female,exercises/men/Shoulders/Dumbbell Face Down Lying Shoulder Press.mp4
ea_dumbbell_front_raise,Dumbbell Front Raise,Подъём гантелей перед собой,Shoulders,shoulders,dumbbell,beginner,female,exercises/men/Shoulders/Dumbbell Front Raise.mp4
ea_dumbbell_front_raise_version_2,Dumbbell Front Raise (version 2),Подъём гантели перед собой (вариант 2),Shoulders,shoulders,dumbbell,beginner,female,exercises/men/Shoulders/Dumbbell Front Raise (version 2).mp4
ea_dumbbell_half_kneeling_military_press,Dumbbell Half Kneeling Military Press,Жим гантелей с колена,Shoulders,shoulders,dumbbell,beginner,female,exercises/men/Shoulders/dumbbell half kneeling military press.mp4
ea_dumbbell_incline_breeding,Dumbbell Incline Breeding,Разведение гантелей на наклонной скамье,Shoulders,shoulders; chest,bench_press,beginner,female,exercises/men/Shoulders/Dumbbell Incline Breeding.mp4
ea_dumbbell_incline_front_raise,Dumbbell Incline Front Raise,Подъём гантелей вперёд на наклонной скамье,Shoulders,shoulders,bench_press,beginner,female,exercises/men/Shoulders/Dumbbell Incline Front Raise.mp4
ea_dumbbell_incline_hammer_shoulder_press,Dumbbell Incline Hammer Shoulder Press,Жим гантелей на наклонной скамье молотковым хватом,Shoulders,shoulders,bench_press,beginner,female,exercises/men/Shoulders/Dumbbell Incline Hammer Shoulder Press.mp4
ea_dumbbell_incline_lying_front_raise,Dumbbell Incline Lying Front Raise,Подъём гантелей вперёд лёжа на наклонной скамье,Shoulders,shoulders,bench_press,beginner,female,exercises/men/Shoulders/Dumbbell Incline Lying Front Raise.mp4
ea_dumbbell_incline_one_arm_lateral_raise,Dumbbell Incline One Arm Lateral Raise,Подъём гантели в сторону одной рукой на наклонной скамье,Shoulders,shoulders,bench_press,beginner,female,exercises/men/Shoulders/Dumbbell Incline One Arm Lateral Raise.mp4
ea_dumbbell_incline_rear_lateral_raise,Dumbbell Incline Rear Lateral Raise,Разведение гантелей в стороны в наклоне на наклонной скамье,Shoulders,shoulders,bench_press,beginner,female,exercises/men/Shoulders/Dumbbell Incline Rear Lateral Raise.mp4
ea_dumbbell_incline_shrug,Dumbbell Incline Shrug,Шраги с гантелями на наклонной скамье,Shoulders,traps,bench_press,beginner,female,exercises/men/Shoulders/Dumbbell Incline Shrug.mp4
ea_dumbbell_kneeling_arnold_press,Dumbbell Kneeling Arnold Press,Жим Арнольда с гантелями с колен,Shoulders,shoulders,dumbbell,beginner,female,exercises/men/Shoulders/Dumbbell Kneeling Arnold Press.mp4
ea_dumbbell_lateral_to_front_raise,Dumbbell Lateral to Front Raise,"Подъём гантелей в стороны, затем вперёд",Shoulders,shoulders,dumbbell,beginner,female,exercises/men/Shoulders/Dumbbell Lateral to Front Raise.mp4
ea_dumbbell_leaning_fly,Dumbbell Leaning Fly,Разведение гантелей в наклоне,Shoulders,shoulders,bench_press,beginner,female,exercises/men/Shoulders/Dumbbell Leaning Fly.mp4
ea_dumbbell_lying_external_shoulder_rotation,Dumbbell Lying External Shoulder Rotation,Внешнее вращение плеча с гантелью лежа,Shoulders,,dumbbell,beginner,female,exercises/men/Shoulders/dumbbell lying external shoulder rotation.mp4
ea_dumbbell_lying_one_arm_rear_lateral_raise,Dumbbell Lying One Arm Rear Lateral Raise,Разведение гантели в наклоне одной рукой лежа,Shoulders,shoulders,bench_press,beginner,female,exercises/men/Shoulders/Dumbbell Lying One Arm Rear Lateral Raise.mp4
ea_dumbbell_lying_rear_delt_row,Dumbbell Lying Rear Delt Row,Тяга гантелей лёжа на задние дельты,Shoulders,lats; shoulders,bench_press,beginner,female,exercises/men/Shoulders/Dumbbell Lying Rear Delt Row.mp4
ea_dumbbell_lying_rear_lateral_raise,Dumbbell Lying Rear Lateral Raise,Разведение гантелей лёжа на задние дельты,Shoulders,shoulders,bench_press,beginner,female,exercises/men/Shoulders/Dumbbell Lying Rear Lateral Raise.mp4
ea_dumbbell_one_arm_front_raise,Dumbbell One Arm Front Raise,Подъём гантели одной рукой перед собой,Shoulders,shoulders,dumbbell,beginner,female,exercises/men/Shoulders/Dumbbell One Arm Front Raise.mp4
ea_dumbbell_one_arm_lateral_raise,Dumbbell One Arm Lateral Raise,Подъём гантели одной рукой в сторону,Shoulders,shoulders,dumbbell,beginner,female,exercises/men/Shoulders/Dumbbell One Arm Lateral Raise.mp4
ea_dumbbell_one_arm_low_fly,Dumbbell One Arm Low Fly,Разведение гантели одной рукой снизу,Shoulders,shoulders,dumbbell,beginner,female,exercises/men/Shoulders/Dumbbell One Arm Low Fly.mp4
ea_dumbbell_one_arm_shoulder_press_version_2,Dumbbell One Arm Shoulder Press (version 2),Жим гантели одной рукой от плеча (вариант 2),Shoulders,shoulders,dumbbell,beginner,female,exercises/men/Shoulders/Dumbbell One Arm Shoulder Press (VERSION 2).mp4
ea_dumbbell_push_press,Dumbbell Push Press,Жим гантелей с толчком,Shoulders,shoulders; quads,dumbbell,beginner,female,exercises/men/Shoulders/Dumbbell Push Press.mp4
ea_dumbbell_rear_delt_row,Dumbbell Rear Delt Row,Тяга гантели на заднюю дельту,Shoulders,shoulders; traps,bench_press,beginner,female,exercises/men/Shoulders/Dumbbell Rear Delt Row.mp4
ea_dumbbell_rear_full_shrugs,Dumbbell Rear Full Shrugs,Шраги с гантелями за спиной,Shoulders,traps,dumbbell,beginner,female,exercises/men/Shoulders/Dumbbell Rear Full Shrugs.mp4
ea_dumbbell_rear_lateral_raise,Dumbbell Rear Lateral Raise,Разведение гантелей в наклоне на заднюю дельту,Shoulders,shoulders,dumbbell,beginner,female,exercises/men/Shoulders/Dumbbell Rear Lateral Raise.mp4
ea_dumbbell_reverse_fly,Dumbbell Reverse Fly,Разведение гантелей в наклоне (обратные разведения),Shoulders,traps,bench_press,beginner,female,exercises/men/Shoulders/Dumbbell Reverse Fly.mp4
ea_dumbbell_scott_press,Dumbbell Scott Press,Жим Скотта с гантелями,Shoulders,shoulders,dumbbell,beginner,female,exercises/men/Shoulders/Dumbbell Scott Press.mp4
ea_dumbbell_scott_press_360_degrees,Dumbbell Scott Press (360 Degrees),Жим Скотта с гантелями (360 градусов),Shoulders,shoulders,dumbbell,beginner,female,exercises/men/Shoulders/Dumbbell Scott Press (360 degrees).mp4
ea_dumbbell_seated_alternate_front_raise,Dumbbell Seated Alternate Front Raise,Попеременный подъём гантелей перед собой сидя,Shoulders,shoulders,bench_press,beginner,female,exercises/men/Shoulders/Dumbbell Seated Alternate Front Raise.mp4
ea_dumbbell_seated_alternate_press,Dumbbell Seated Alternate Press,Попеременный жим гантелей сидя,Shoulders,shoulders,bench_press,beginner,female,exercises/men/Shoulders/Dumbbell Seated Alternate Press.mp4
ea_dumbbell_seated_alternate_shoulder_press,Dumbbell Seated Alternate Shoulder Press,Попеременный жим гантелей сидя на плечи,Shoulders,shoulders,bench_press,beginner,female,exercises/men/Shoulders/Dumbbell Seated Alternate Shoulder Press.mp4
ea_dumbbell_seated_front_raise,Dumbbell Seated Front Raise,Подъём гантелей перед собой сидя,Shoulders,shoulders,bench_press,beginner,female,exercises/men/Shoulders/Dumbbell Seated Front Raise.mp4
ea_dumbbell_seated_lateral_raise,Dumbbell Seated Lateral Raise,Разведение гантелей в стороны сидя,Shoulders,shoulders,bench_press,beginner,female,exercises/men/Shoulders/Dumbbell Seated Lateral Raise.mp4
ea_dumbbell_seated_reverse_close_grip_press,Dumbbell Seated Reverse Close Grip Press,Жим гантелей обратным узким хватом сидя,Shoulders,shoulders,bench_press,beginner,female,exercises/men/Shoulders/Dumbbell Seated Reverse Close Grip Press.mp4
ea_dumbbell_seated_shoulder_press,Dumbbell Seated Shoulder Press,Жим гантелей на плечи сидя,Shoulders,shoulders,bench_press,beginner,female,exercises/men/Shoulders/Dumbbell Seated Shoulder Press.mp4
ea_dumbbell_seated_shoulder_press_parallel_grip,Dumbbell Seated Shoulder Press Parallel Grip,Жим гантелей на плечи сидя параллельным хватом,Shoulders,shoulders,bench_press,beginner,female,exercises/men/Shoulders/dumbbell seated shoulder press parallel grip.mp4
ea_dumbbell_seated_on_exercise_ball_shoulder_press,Dumbbell Seated on Exercise Ball Shoulder Press,Жим гантелей на плечи сидя на фитболе,Shoulders,shoulders,dumbbell,beginner,female,exercises/men/Shoulders/dumbbell seated on exercise ball shoulder press.mp4
ea_dumbbell_shrugs,Dumbbell Shrugs,Шраги с гантелями,Shoulders,traps,dumbbell,beginner,female,exercises/men/Shoulders/dumbbell shrugs.mp4
ea_dumbbell_side_lying_one_hand_raise,Dumbbell Side Lying One Hand Raise,Подъём гантели одной рукой лёжа на боку,Shoulders,shoulders,bench_press,beginner,female,exercises/men/Shoulders/Dumbbell Side Lying One Hand Raise.mp4
ea_dumbbell_single_arm_underhand_front_raise,Dumbbell Single Arm Underhand Front Raise,Подъём гантели перед собой одной рукой обратным хватом,Shoulders,shoulders,dumbbell,beginner,female,exercises/men/Shoulders/Dumbbell Single Arm Underhand Front Raise.mp4
ea_dumbbell_standing_alternate_overhead_press,Dumbbell Standing Alternate Overhead Press,Жим гантелей над головой стоя попеременно,Shoulders,shoulders,dumbbell,beginner,female,exercises/men/Shoulders/Dumbbell Standing Alternate Overhead Press.mp4
ea_dumbbell_standing_alternate_raise,Dumbbell Standing Alternate Raise,Подъёмы гантелей перед собой стоя попеременно,Shoulders,shoulders,dumbbell,beginner,female,exercises/men/Shoulders/Dumbbell Standing Alternate Raise.mp4
ea_dumbbell_standing_alternate_vertical_front_raises,Dumbbell Standing Alternate Vertical Front Raises,Вертикальные подъёмы гантелей перед собой стоя попеременно,Shoulders,shoulders,dumbbell,beginner,female,exercises/men/Shoulders/Dumbbell Standing Alternate Vertical Front Raises.mp4
ea_dumbbell_standing_behind_back_shoulders_press,Dumbbell Standing Behind Back Shoulders Press,Жим гантелей из-за головы стоя,Shoulders,shoulders; traps,dumbbell,beginner,female,exercises/men/Shoulders/Dumbbell Standing Behind Back Shoulders Press.mp4
ea_dumbbell_standing_curl_arnold_press,Dumbbell Standing Curl Arnold Press,Сгибание на бицепс и жим Арнольда с гантелями стоя,Shoulders,shoulders,dumbbell,beginner,female,exercises/men/Shoulders/Dumbbell Standing Curl Arnold Press.mp4
ea_dumbbell_standing_front_raise_above_head,Dumbbell Standing Front Raise Above Head,Подъём гантелей перед собой стоя над головой,Shoulders,shoulders,dumbbell,beginner,female,exercises/men/Shoulders/Dumbbell Standing Front Raise Above Head.mp4
ea_dumbbell_standing_overhead_press,Dumbbell Standing Overhead Press,Жим гантелей над головой стоя,Shoulders,shoulders,dumbbell,beginner,female,exercises/men/Shoulders/Dumbbell Standing Overhead Press.mp4
ea_dumbbell_standing_palms_in_press,Dumbbell Standing Palms in Press,Жим гантелей стоя нейтральным хватом,Shoulders,shoulders,dumbbell,beginner,female,exercises/men/Shoulders/Dumbbell Standing Palms In Press.mp4
ea_dumbbell_upright_shoulder_external_rotatio,Dumbbell Upright Shoulder External Rotatio,Внешнее вращение плеча с гантелью стоя,Shoulders,shoulders,dumbbell,beginner,female,exercises/men/Shoulders/dumbbell upright shoulder external rotatio.mp4
ea_dumbbell_upright_shoulder_external_rotation,Dumbbell Upright Shoulder External Rotation,Внешнее вращение плеча с гантелью стоя,Shoulders,shoulders,dumbbell,beginner,female,exercises/men/Shoulders/Dumbbell Upright Shoulder External Rotation.mp4
ea_dumbbell_w_press,Dumbbell W Press,Жим гантелей в форме W,Shoulders,shoulders,dumbbell,beginner,female,exercises/men/Shoulders/dumbbell w press.mp4
ea_ez_bar_standing_front_raise,EZ Bar Standing Front Raise,Подъём EZ-грифа перед собой стоя,Shoulders,shoulders,ez_curl_bar,beginner,female,exercises/men/Shoulders/EZ Bar Standing Front Raise.mp4
ea_ez_barbell_anti_gravity_press,EZ Barbell Anti Gravity Press,Жим EZ-штанги против гравитации,Shoulders,shoulders,bench_press,beginner,female,exercises/men/Shoulders/EZ Barbell Anti Gravity Press.mp4
ea_ez_bar_seated_close_grip_shoulder_press,Ez Bar Seated Close Grip Shoulder Press,Жим EZ-грифа сидя узким хватом,Shoulders,shoulders,ez_curl_bar,beginner,female,exercises/men/Shoulders/ez bar seated close grip shoulder press.mp4
ea_front_raise_resistance_bands,Front Raise Resistance Bands,Подъем рук вперед с резиновой лентой,Shoulders,shoulders,resistance_bands,beginner,female,exercises/men/Shoulders/front raise resistance bands.mp4
ea_front_raises_barbell,Front Raises Barbell,Подъёмы штанги перед собой,Shoulders,shoulders,barbell,beginner,female,exercises/men/Shoulders/front raises barbell.mp4
ea_handstand_push_on_chair,Handstand Push on Chair,Отжимания в стойке на руках с ногами на стуле,Shoulders,shoulders; triceps,,beginner,female,exercises/men/Shoulders/handstand push on chair.mp4
ea_incline_lateral_raises_dumbbell,Incline Lateral Raises Dumbbell,Подъемы гантелей в стороны на наклонной скамье,Shoulders,shoulders,bench_press,beginner,female,exercises/men/Shoulders/incline lateral raises dumbbell.mp4
ea_kettlebell_half_kneeling_shoulder_press,Kettlebell Half Kneeling Shoulder Press,Жим гири над головой с полуколена,Shoulders,shoulders,kettlebell,beginner,female,exercises/men/Shoulders/kettlebell half kneeling shoulder press.mp4
ea_kettlebell_kneeling_one_arm_shoulder_press,Kettlebell Kneeling One Arm Shoulder Press,Жим гири одной рукой с колен,Shoulders,shoulders,kettlebell,beginner,female,exercises/men/Shoulders/kettlebell kneeling one arm shoulder press.mp4
ea_kettlebell_long_lever_lateral_raise,Kettlebell Long Lever Lateral Raise,Подъём гири в сторону с длинным рычагом,Shoulders,,kettlebell,beginner,female,exercises/men/Shoulders/Kettlebell Long Lever Lateral Raise.mp4
ea_kettlebell_seesaw_press,Kettlebell Seesaw Press,Жим гирь «качели»,Shoulders,shoulders,kettlebell,beginner,female,exercises/men/Shoulders/Kettlebell Seesaw Press.mp4
ea_kettlebell_standing_bottoms_up_one_arm_shoulder_press,Kettlebell Standing Bottoms-up One Arm Shoulder Press,Жим гири одной рукой стоя дном вверх,Shoulders,shoulders,kettlebell,beginner,female,exercises/men/Shoulders/Kettlebell Standing Bottoms-up One Arm Shoulder Press.mp4
ea_lateral_raise_bodyweight,Lateral Raise Bodyweight,Подъёмы рук в стороны без веса,Shoulders,shoulders,,beginner,female,exercises/men/Shoulders/lateral raise bodyweight.mp4
ea_lateral_raise_to_shoulder_press_resistance_band_cable,Lateral Raise to Shoulder Press Resistance Band Cable,Подъём рук в стороны с переходом в жим над головой с резиновой лентой/блоком,Shoulders,shoulders,resistance_bands,beginner,female,exercises/men/Shoulders/lateral raise to shoulder press resistance band cable.mp4
ea_lateral_raises_dumbbell,Lateral Raises Dumbbell,Подъёмы гантелей в стороны,Shoulders,shoulders,dumbbell,beginner,female,exercises/men/Shoulders/lateral raises dumbbell.mp4
ea_lateral_raises_dumbbell_seated_with_swing,Lateral Raises Dumbbell Seated with Swing,Подъёмы гантелей в стороны сидя с махом,Shoulders,shoulders,bench_press,beginner,female,exercises/men/Shoulders/Lateral raises dumbbell seated with swing.mp4
ea_lateral_raises_on_cable_machine,Lateral Raises on Cable Machine,Подъёмы рук в стороны на блочном тренажере,Shoulders,shoulders,cable_machine,beginner,female,exercises/men/Shoulders/lateral raises on cable machine.mp4
ea_leaning_dumbbell_lateral_raise,Leaning Dumbbell Lateral Raise,Подъём гантели в сторону в наклоне с опорой,Shoulders,shoulders,squat_rack,beginner,female,exercises/men/Shoulders/Leaning Dumbbell lateral raise.mp4
ea_low_cable_overhead_flyes,Low Cable Overhead Flyes,Разведение рук на блоках над головой,Shoulders,shoulders,cable_machine,beginner,female,exercises/men/Shoulders/Low Cable Overhead Flyes.mp4
ea_lying_bench_external_shoulder_rotation,Lying Bench External Shoulder Rotation,Внешнее вращение плеча лежа на скамье,Shoulders,shoulders,bench_press,beginner,female,exercises/men/Shoulders/lying bench external shoulder rotation.mp4
ea_lying_bench_internal_rotation_stretch,Lying Bench Internal Rotation Stretch,Растяжка внутреннего вращения плеча лежа на скамье,Shoulders,shoulders,bench_press,beginner,female,exercises/men/Shoulders/lying bench internal rotation stretch.mp4
ea_lying_lateral_raises_bodyweight,Lying Lateral Raises Bodyweight,Подъёмы рук в стороны лёжа (с собственным весом),Shoulders,shoulders,,beginner,female,exercises/men/Shoulders/lying lateral raises bodyweight.mp4
ea_military_press_bodyweight,Military Press Bodyweight,Жим над головой собственным весом,Shoulders,shoulders,,beginner,female,exercises/men/Shoulders/military press bodyweight.mp4
ea_one_arm_reverse_dumbbell_fly,One Arm Reverse Dumbbell Fly,Разведение гантели одной рукой в наклоне,Shoulders,shoulders,bench_press,beginner,female,exercises/men/Shoulders/one arm reverse dumbbell fly.mp4
ea_overhand_clap,Overhand Clap,Хлопки над головой,Shoulders,shoulders,,beginner,female,exercises/men/Shoulders/overhand clap.mp4
ea_palm_up_palm_down_rotation,Palm Up Palm Down Rotation,Вращение предплечий ладонями вверх-вниз,Shoulders,shoulders,,beginner,female,exercises/men/Shoulders/palm up palm down rotation.mp4
ea_plank_reverse_fly_with_bottle,Plank Reverse Fly with Bottle,Обратные разведения в планке с бутылкой,Shoulders,shoulders,,beginner,female,exercises/men/Shoulders/plank reverse fly with bottle.mp4
ea_plate_front_raise,Plate Front Raise,Подъём диска перед собой,Shoulders,shoulders,weight_plates,beginner,female,exercises/men/Shoulders/plate front raise.mp4
ea_prone_front_raises_barbell_on_bench,Prone Front Raises Barbell on Bench,Подъёмы штанги перед собой лёжа на скамье,Shoulders,shoulders,bench_press,beginner,female,exercises/men/Shoulders/prone front raises barbell on bench.mp4
ea_prone_front_raises_dumbbell_on_bench,Prone Front Raises Dumbbell on Bench,Подъёмы гантелей перед собой лёжа на скамье,Shoulders,shoulders,bench_press,beginner,female,exercises/men/Shoulders/prone front raises dumbbell on bench.mp4
ea_pull_apart_cable_resistance_band,Pull Apart Cable Resistance Band,Разведение рук с резиновой лентой,Shoulders,shoulders; traps,resistance_bands,beginner,female,exercises/men/Shoulders/pull apart cable resistance band.mp4
ea_reaching_up_shoulder_stretch,Reaching Up Shoulder Stretch,Растяжка плеча с подъемом руки,Shoulders,shoulders,,beginner,female,exercises/men/Shoulders/reaching up shoulder stretch.mp4
ea_rear_deltoid_fly_cable_resistance_band,Rear Deltoid Fly Cable Resistance Band,Разведение рук на задние дельты с блоком/резиновой лентой,Shoulders,shoulders,resistance_bands,beginner,female,exercises/men/Shoulders/rear deltoid fly cable resistance band.mp4
ea_resistance_band_face_pull,Resistance Band Face Pull,Тяга к лицу с резиновой лентой,Shoulders,traps,resistance_bands,beginner,female,exercises/men/Shoulders/Resistance band face pull.mp4
ea_resistance_bands_facepull,Resistance Bands Facepull,Тяга к лицу с резиновыми лентами,Shoulders,traps; shoulders,resistance_bands,beginner,female,exercises/men/Shoulders/resistance bands facepull.mp4
ea_reverse_shoulder_stretch,Reverse Shoulder Stretch,Растяжка плеч назад,Shoulders,shoulders,plyo_box,beginner,female,exercises/men/Shoulders/reverse shoulder stretch.mp4
ea_seated_dumbbell_one_arm_shoulder_press,Seated Dumbbell One Arm Shoulder Press,Жим гантели одной рукой над головой сидя,Shoulders,shoulders,bench_press,beginner,female,exercises/men/Shoulders/seated dumbbell one arm shoulder press.mp4
ea_seated_dumbbell_rear_delt_fly,Seated Dumbbell Rear Delt Fly,Разведение гантелей для задних дельт сидя,Shoulders,shoulders,bench_press,beginner,female,exercises/men/Shoulders/seated dumbbell rear delt fly.mp4
ea_seated_shoulder_flexor_depressor_retractor_stretch,Seated Shoulder Flexor Depressor Retractor Stretch,Растяжка плеч с отведением рук назад сидя,Shoulders,shoulders,,beginner,female,exercises/men/Shoulders/seated shoulder flexor depressor retractor stretch.mp4
ea_seated_shoulder_press_barbell,Seated Shoulder Press Barbell,Жим штанги над головой сидя,Shoulders,shoulders,bench_press,beginner,female,exercises/men/Shoulders/seated shoulder press barbell.mp4
ea_shoulder_abduction,Shoulder Abduction,Отведение плеча,Shoulders,shoulders,,beginner,female,exercises/men/Shoulders/shoulder abduction.mp4
ea_shoulder_circle,Shoulder Circle,Вращения плечами,Shoulders,traps,,beginner,female,exercises/men/Shoulders/shoulder circle.mp4
ea_shoulder_extension,Shoulder Extension,Разгибание плеча,Shoulders,shoulders,,beginner,female,exercises/men/Shoulders/shoulder extension.mp4
ea_side_lateral_raise_resistance_band,Side Lateral Raise Resistance Band,Подъёмы рук в стороны с резиновой лентой,Shoulders,shoulders,resistance_bands,beginner,female,exercises/men/Shoulders/side lateral raise resistance band.mp4
ea_smith_machine_shoulder_press,Smith Machine Shoulder Press,Жим штанги над головой в машине Смита,Shoulders,shoulders,smith_machine,beginner,female,exercises/men/Shoulders/smith machine shoulder press.mp4
ea_standing_arnold_press_dumbbell,Standing Arnold Press Dumbbell,Жим Арнольда стоя с гантелями,Shoulders,shoulders,dumbbell,beginner,female,exercises/men/Shoulders/standing arnold press dumbbell.mp4
ea_standing_dumbbell_alternate_shoulder_press,Standing Dumbbell Alternate Shoulder Press,Жим гантелей над головой поочередно стоя,Shoulders,shoulders,dumbbell,beginner,female,exercises/men/Shoulders/standing dumbbell alternate shoulder press.mp4
ea_standing_front_raise_dumbbell,Standing Front Raise Dumbbell,Подъёмы гантелей перед собой стоя,Shoulders,shoulders,dumbbell,beginner,female,exercises/men/Shoulders/standing front raise dumbbell.mp4
ea_standing_overhand_shoulder_stretch,Standing Overhand Shoulder Stretch,Растяжка плеч над головой стоя,Shoulders,shoulders,,beginner,female,exercises/men/Shoulders/standing overhand shoulder stretch.mp4
ea_standing_reverse_shoulder_stretch,Standing Reverse Shoulder Stretch,Обратная растяжка плеч стоя,Shoulders,shoulders,,beginner,female,exercises/men/Shoulders/standing reverse shoulder stretch.mp4
ea_standing_shoulder_press_dumbbell,Standing Shoulder Press Dumbbell,Жим гантелей стоя,Shoulders,shoulders,dumbbell,beginner,female,exercises/men/Shoulders/Standing shoulder press dumbbell.mp4
ea_standing_swimmer,Standing Swimmer,Пловец стоя,Shoulders,shoulders; traps,,beginner,female,exercises/men/Shoulders/standing swimmer.mp4
ea_standing_y_raise,Standing Y Raise,Подъёмы рук в форме Y стоя,Shoulders,shoulders,,beginner,female,exercises/men/Shoulders/standing y raise.mp4
ea_upright_row_cable_resistance_band,Upright Row Cable Resistance Band,Тяга к подбородку с резиновой лентой,Shoulders,shoulders,resistance_bands,beginner,female,exercises/men/Shoulders/upright row cable resistance band.mp4
ea_upright_row_dumbbell,Upright Row Dumbbell,Тяга гантелей к подбородку,Shoulders,shoulders,dumbbell,beginner,female,exercises/men/Shoulders/upright row dumbbell.mp4
ea_upright_row_ez_bar,Upright Row Ez Bar,Тяга EZ-грифа к подбородку,Shoulders,shoulders,ez_curl_bar,beginner,female,exercises/men/Shoulders/upright row ez bar.mp4
ea_upward_rotation_bent_arms,Upward Rotation Bent Arms,Вращение рук вверх согнутыми локтями,Shoulders,shoulders; traps,,beginner,female,exercises/men/Shoulders/upward rotation bent arms.mp4
ea_weighted_standing_shoulder_press_with_plate,Weighted Standing Shoulder Press with Plate,Жим плиты стоя с отягощением,Shoulders,shoulders,weight_plates,beginner,female,exercises/men/Shoulders/weighted standing shoulder press with plate.mp4
ea_back_pec_stretch,Back Pec Stretch,Растяжка грудных мышц и спины,Stretching - Mobility,chest; shoulders; back,bench_press,beginner,female,exercises/men/Stretching - Mobility/back pec stretch.mp4
ea_back_stretch_dynamic,Back Stretch Dynamic,Динамическая растяжка спины,Stretching - Mobility,back; shoulders,adjustable_bench,beginner,female,exercises/men/Stretching - Mobility/back stretch dynamic.mp4
ea_back_stretch_standing_with_bench,Back Stretch Standing with Bench,Растяжка спины стоя со скамьей,Stretching - Mobility,back; shoulders,bench_press,beginner,female,exercises/men/Stretching - Mobility/back stretch standing with bench.mp4
ea_backward_abdominal_stretch,Backward Abdominal Stretch,Растяжка пресса назад,Stretching - Mobility,core,,beginner,female,exercises/men/Stretching - Mobility/Backward abdominal stretch.mp4
ea_bent_arm_chest_stretch,Bent Arm Chest Stretch,Растяжка груди согнутой рукой,Stretching - Mobility,chest,,beginner,female,exercises/men/Stretching - Mobility/Bent Arm Chest Stretch.mp4
ea_biceps_stretch_behind_the_back,Biceps Stretch Behind the Back,Растяжка бицепса за спиной,Stretching - Mobility,biceps,,beginner,female,exercises/men/Stretching - Mobility/biceps stretch behind the back.mp4
ea_boat_stretch,Boat Stretch,Поза лодки (растяжка),Stretching - Mobility,lower_back; hamstrings,,beginner,female,exercises/men/Stretching - Mobility/Boat Stretch.mp4
ea_bodyweight_standing_back_stretch,Bodyweight Standing Back Stretch,Растяжка спины стоя собственным весом,Stretching - Mobility,lower_back,,beginner,female,exercises/men/Stretching - Mobility/Bodyweight Standing Back Stretch.mp4
ea_butterfly_yoga_flaps,Butterfly Yoga Flaps,Махи ногами в позе бабочки,Stretching - Mobility,adductors,,beginner,female,exercises/men/Stretching - Mobility/Butterfly Yoga Flaps.mp4
ea_calf_push_stretch_with_hands_against_wall_v_2,Calf Push Stretch with Hands Against Wall V.2,Растяжка икроножных мышц с упором рук в стену V.2,Stretching - Mobility,,,beginner,female,exercises/men/Stretching - Mobility/Calf Push Stretch With Hands Against Wall V.2.mp4
ea_calf_stretch_with_hands_against_wall,Calf Stretch with Hands Against Wall,Растяжка икр с руками на стене,Stretching - Mobility,calves,,beginner,female,exercises/men/Stretching - Mobility/Calf Stretch With Hands Against Wall.mp4
ea_calf_stretch_with_rope,Calf Stretch with Rope,Растяжка икр с верёвкой,Stretching - Mobility,calves,resistance_bands,beginner,female,exercises/men/Stretching - Mobility/Calf Stretch with Rope.mp4
ea_calves_stretch_on_stairs,Calves Stretch on Stairs,Растяжка икр на лестнице,Stretching - Mobility,calves,,beginner,female,exercises/men/Stretching - Mobility/Calves stretch on stairs.mp4
ea_ceiling_look_stretch,Ceiling Look Stretch,Растяжка с взглядом в потолок,Stretching - Mobility,lower_back; core,,beginner,female,exercises/men/Stretching - Mobility/Ceiling Look Stretch.mp4
ea_chest_out_hands_behind_hold,Chest Out Hands Behind (hold),"Грудь вперёд, руки за спиной (удержание)",Stretching - Mobility,chest; shoulders,,beginner,female,exercises/men/Stretching - Mobility/chest out hands behind (hold).mp4
ea_chest_stretch_with_exercise_ball,Chest Stretch with Exercise Ball,Растяжка груди с фитболом,Stretching - Mobility,chest,stability_ball,beginner,female,exercises/men/Stretching - Mobility/chest stretch with exercise ball.mp4
ea_circles_knee_stretch,Circles Knee Stretch,Круговая растяжка коленей,Stretching - Mobility,quads; hamstrings,,beginner,female,exercises/men/Stretching - Mobility/circles knee stretch.mp4
ea_cocoons,Cocoons,Коконы,Stretching - Mobility,core,,beginner,female,exercises/men/Stretching - Mobility/cocoons.mp4
ea_corner_wall_chest_stretch,Corner Wall Chest Stretch,Растяжка груди в углу стены,Stretching - Mobility,chest,,beginner,female,exercises/men/Stretching - Mobility/Corner Wall Chest Stretch.mp4
ea_crescent_moon_pose_quad_stretch,Crescent Moon Pose Quad Stretch,Растяжка квадрицепса в позе полумесяца,Stretching - Mobility,,,beginner,female,exercises/men/Stretching - Mobility/Crescent Moon Pose Quad Stretch.mp4
ea_crossover_kneeling_hip_flexor_stretch,Crossover Kneeling Hip Flexor Stretch,Перекрёстная растяжка сгибателей бедра на коленях,Stretching - Mobility,lower_back; quads,,beginner,female,exercises/men/Stretching - Mobility/Crossover Kneeling Hip Flexor Stretch.mp4
ea_crouching_heel_back_calf_stretch,Crouching Heel Back Calf Stretch,Растяжка икроножных мышц с приседанием и отведением пятки назад,Stretching - Mobility,calves,,beginner,female,exercises/men/Stretching - Mobility/Crouching Heel Back Calf Stretch.mp4
ea_dead_hang_stretch,Dead Hang Stretch,Вис на перекладине (растяжка),Stretching - Mobility,lower_back; back; shoulders,squat_rack,beginner,female,exercises/men/Stretching - Mobility/dead hang stretch.mp4
ea_dumbbell_rdl_stretch_isometric,Dumbbell Rdl Stretch Isometric,Изометрическая растяжка в румынской тяге с гантелью,Stretching - Mobility,hamstrings; glutes,dumbbell,beginner,female,exercises/men/Stretching - Mobility/dumbbell rdl stretch isometric.mp4
ea_elbow_back_stretch,Elbow Back Stretch,Растяжка спины с локтями,Stretching - Mobility,chest; shoulders,,beginner,female,exercises/men/Stretching - Mobility/elbow back stretch.mp4
ea_elbow_extension_and_supination_pronation_forearm_stretch,Elbow Extension and Supination Pronation Forearm Stretch,"Растяжка предплечий: разгибание локтя, супинация и пронация",Stretching - Mobility,forearms,,beginner,female,exercises/men/Stretching - Mobility/Elbow Extension And Supination Pronation Forearm Stretch.mp4
ea_elbow_flexor_stretch,Elbow Flexor Stretch,Растяжка сгибателей локтя,Stretching - Mobility,forearms; chest,,beginner,female,exercises/men/Stretching - Mobility/Elbow Flexor Stretch.mp4
ea_elbows_back_stretch,Elbows Back Stretch,Растяжка с локтями назад,Stretching - Mobility,chest; shoulders,,beginner,female,exercises/men/Stretching - Mobility/Elbows Back Stretch.mp4
ea_exercise_ball_back_stretch,Exercise Ball Back Stretch,Растяжка спины на фитболе,Stretching - Mobility,lower_back; traps,stability_ball,beginner,female,exercises/men/Stretching - Mobility/exercise ball back stretch.mp4
ea_exercise_ball_hip_flexor_stretch,Exercise Ball Hip Flexor Stretch,Растяжка сгибателей бедра на фитболе,Stretching - Mobility,lower_back,stability_ball,beginner,female,exercises/men/Stretching - Mobility/exercise ball hip flexor stretch.mp4
ea_exercise_ball_lat_stretch,Exercise Ball Lat Stretch,Растяжка широчайших на фитболе,Stretching - Mobility,lats,stability_ball,beginner,female,exercises/men/Stretching - Mobility/exercise ball lat stretch.mp4
ea_exercise_ball_lower_back_dynamic_stretch,Exercise Ball Lower Back Dynamic Stretch,Динамическая растяжка поясницы на фитболе,Stretching - Mobility,lower_back,stability_ball,beginner,female,exercises/men/Stretching - Mobility/exercise ball lower back dynamic stretch.mp4
ea_exercise_ball_lower_back_prone_stretch,Exercise Ball Lower Back Prone Stretch,Растяжка поясницы лёжа на фитболе,Stretching - Mobility,lower_back,stability_ball,beginner,female,exercises/men/Stretching - Mobility/exercise ball lower back prone stretch.mp4
ea_exercise_ball_lying_side_lat_stretch,Exercise Ball Lying Side Lat Stretch,Растяжка широчайших лёжа на боку на фитболе,Stretching - Mobility,lats,stability_ball,beginner,female,exercises/men/Stretching - Mobility/exercise ball lying side lat stretch.mp4
ea_exercise_ball_lying_side_lat_stretch_v_2,Exercise Ball Lying Side Lat Stretch V.2,"Растяжка широчайших лёжа на боку на фитболе, вариант 2",Stretching - Mobility,lats,stability_ball,beginner,female,exercises/men/Stretching - Mobility/Exercise Ball Lying Side Lat Stretch V.2.mp4
ea_exercise_ball_seated_hamstring_stretch,Exercise Ball Seated Hamstring Stretch,Растяжка бицепса бедра сидя на фитболе,Stretching - Mobility,hamstrings,stability_ball,beginner,female,exercises/men/Stretching - Mobility/exercise ball seated hamstring stretch.mp4
ea_exercise_ball_seated_quad_stretch,Exercise Ball Seated Quad Stretch,Растяжка квадрицепса сидя на фитболе,Stretching - Mobility,quads,stability_ball,beginner,female,exercises/men/Stretching - Mobility/exercise ball seated quad stretch.mp4
ea_extension_and_inclination_neck_stretch,Extension and Inclination Neck Stretch,Растяжка шеи с разгибанием и наклоном,Stretching - Mobility,,,beginner,female,exercises/men/Stretching - Mobility/Extension And Inclination Neck Stretch.mp4
ea_extension_of_arms_in_vertical_stretch,Extension of Arms in Vertical Stretch,Вертикальная растяжка с вытягиванием рук,Stretching - Mobility,shoulders; traps,,beginner,female,exercises/men/Stretching - Mobility/Extension Of Arms In Vertical Stretch.mp4
ea_fixed_bar_stretch,Fixed Bar Stretch,Растяжка на фиксированной перекладине,Stretching - Mobility,shoulders; traps; lats,vertical_pole,beginner,female,exercises/men/Stretching - Mobility/fixed bar stretch.mp4
ea_front_shoulder_stretch_with_bar,Front Shoulder Stretch with Bar,Растяжка передней дельты со штангой,Stretching - Mobility,shoulders,barbell,beginner,female,exercises/men/Stretching - Mobility/front shoulder stretch with bar.mp4
ea_hamstring_lying_curl_up_stretch,Hamstring Lying Curl Up Stretch,"Растяжка бицепса бедра лежа, сгибая ногу",Stretching - Mobility,hamstrings,,beginner,female,exercises/men/Stretching - Mobility/hamstring lying curl up stretch.mp4
ea_hamstring_lying_straight_leg_stretch,Hamstring Lying Straight Leg Stretch,Растяжка бицепса бедра лежа с прямой ногой,Stretching - Mobility,hamstrings,,beginner,female,exercises/men/Stretching - Mobility/hamstring lying straight leg stretch.mp4
ea_intermediate_hip_flexor_and_quad_stretch,Intermediate Hip Flexor and Quad Stretch,Растяжка сгибателей бедра и квадрицепсов (средний уровень),Stretching - Mobility,quads; lower_back,resistance_bands,beginner,female,exercises/men/Stretching - Mobility/intermediate hip flexor and quad stretch.mp4
ea_iron_cross_stretch,Iron Cross Stretch,Растяжка «Железный крест»,Stretching - Mobility,lower_back; glutes,,beginner,female,exercises/men/Stretching - Mobility/iron cross stretch.mp4
ea_knee_to_chest_stretch,Knee to Chest Stretch,Растяжка колено к груди,Stretching - Mobility,lower_back; glutes,,beginner,female,exercises/men/Stretching - Mobility/knee to chest stretch.mp4
ea_kneeling_hip_flexor_stretch,Kneeling Hip Flexor Stretch,Растяжка сгибателей бедра на коленях,Stretching - Mobility,lower_back,,beginner,female,exercises/men/Stretching - Mobility/kneeling hip flexor stretch.mp4
ea_kneeling_lat_floor_stretch,Kneeling Lat Floor Stretch,Растяжка широчайших на полу на коленях,Stretching - Mobility,lats,,beginner,female,exercises/men/Stretching - Mobility/kneeling lat floor stretch.mp4
ea_kneeling_wrist_flexor_stretch,Kneeling Wrist Flexor Stretch,Растяжка сгибателей запястья на коленях,Stretching - Mobility,,,beginner,female,exercises/men/Stretching - Mobility/kneeling wrist flexor stretch.mp4
ea_leg_extended_stretch_on_bench,Leg Extended Stretch on Bench,Растяжка ноги на скамье,Stretching - Mobility,hamstrings,adjustable_bench,beginner,female,exercises/men/Stretching - Mobility/Leg extended stretch on bench.mp4
ea_legs_hand_reach_spine_stretch,Legs Hand Reach Spine Stretch,Растяжка позвоночника с касанием стоп,Stretching - Mobility,lower_back; hamstrings,,beginner,female,exercises/men/Stretching - Mobility/Legs hand reach spine stretch.mp4
ea_lunging_straight_leg_calf_stretch,Lunging Straight Leg Calf Stretch,Растяжка икроножной мышцы в выпаде с прямой ногой,Stretching - Mobility,calves,,beginner,female,exercises/men/Stretching - Mobility/lunging straight leg calf stretch.mp4
ea_lying_prone_abdominal_stretch,Lying (prone) Abdominal Stretch,Растяжка мышц живота лежа на животе,Stretching - Mobility,core,,beginner,female,exercises/men/Stretching - Mobility/lying (prone) abdominal stretch.mp4
ea_lying_crossover_stretch,Lying Crossover Stretch,Растяжка с перекрещиванием ног лёжа,Stretching - Mobility,lower_back; glutes,,beginner,female,exercises/men/Stretching - Mobility/lying crossover stretch.mp4
ea_lying_glute_stretch,Lying Glute Stretch,Растяжка ягодичных мышц лёжа,Stretching - Mobility,glutes,,beginner,female,exercises/men/Stretching - Mobility/lying glute stretch.mp4
ea_lying_hip_flexor_stretch,Lying Hip Flexor Stretch,Растяжка сгибателей бедра лёжа,Stretching - Mobility,lower_back,,beginner,female,exercises/men/Stretching - Mobility/lying hip flexor stretch.mp4
ea_lying_quadriceps_stretch,Lying Quadriceps Stretch,Растяжка квадрицепсов лёжа,Stretching - Mobility,quads,,beginner,female,exercises/men/Stretching - Mobility/lying quadriceps stretch.mp4
ea_lying_side_quadriceps_stretch,Lying Side Quadriceps Stretch,Растяжка квадрицепсов лёжа на боку,Stretching - Mobility,quads,,beginner,female,exercises/men/Stretching - Mobility/lying side quadriceps stretch.mp4
ea_middle_back_rotation_stretch,Middle Back Rotation Stretch,Растяжка на вращение среднего отдела спины,Stretching - Mobility,lats; core,,beginner,female,exercises/men/Stretching - Mobility/middle back rotation stretch.mp4
ea_overhead_triceps_stretch_side_angle,Overhead Triceps Stretch Side Angle,Растяжка трицепса над головой в боковом наклоне,Stretching - Mobility,triceps,,beginner,female,exercises/men/Stretching - Mobility/overhead triceps stretch side angle.mp4
ea_plyo_side_lunge_stretch,Plyo Side Lunge Stretch,Плиометрическая боковая растяжка с выпадами,Stretching - Mobility,quads; glutes; adductors,,beginner,female,exercises/men/Stretching - Mobility/plyo side lunge stretch.mp4
ea_pretzel_stretch,Pretzel Stretch,Растяжка «Крендель»,Stretching - Mobility,lats; lower_back; core,,beginner,female,exercises/men/Stretching - Mobility/pretzel stretch.mp4
ea_rear_deltoid_stretch,Rear Deltoid Stretch,Растяжка задней дельтовидной мышцы,Stretching - Mobility,,,beginner,female,exercises/men/Stretching - Mobility/rear deltoid stretch.mp4
ea_resistance_band_assisted_front_rack_stretch,Resistance Band Assisted Front Rack Stretch,Растяжка в положении фронт-рэк с помощью резиновой ленты,Stretching - Mobility,shoulders,squat_rack,beginner,female,exercises/men/Stretching - Mobility/Resistance Band Assisted Front Rack Stretch.mp4
ea_runner_stretch,Runner Stretch,Растяжка бегуна,Stretching - Mobility,hamstrings,,beginner,female,exercises/men/Stretching - Mobility/runner stretch.mp4
ea_seated_calf_stretch,Seated Calf Stretch,Растяжка икроножных мышц сидя,Stretching - Mobility,calves,,beginner,female,exercises/men/Stretching - Mobility/seated calf stretch.mp4
ea_seated_single_leg_hamstring_stretch,Seated Single Leg Hamstring Stretch,Растяжка задней поверхности бедра сидя одной ногой,Stretching - Mobility,hamstrings,,beginner,female,exercises/men/Stretching - Mobility/seated single leg hamstring stretch.mp4
ea_seated_straight_leg_calf_stretch,Seated Straight Leg Calf Stretch,Растяжка икроножной мышцы сидя с прямыми ногами,Stretching - Mobility,calves,,beginner,female,exercises/men/Stretching - Mobility/seated straight leg calf stretch.mp4
ea_side_lying_floor_stretch,Side Lying Floor Stretch,Растяжка на полу лежа на боку,Stretching - Mobility,lats,,beginner,female,exercises/men/Stretching - Mobility/side lying floor stretch.mp4
ea_side_wrist_pull_stretch,Side Wrist Pull Stretch,Растяжка запястья в сторону,Stretching - Mobility,,,beginner,female,exercises/men/Stretching - Mobility/side wrist pull stretch.mp4
ea_standing_adductor_stretch,Standing Adductor Stretch,Растяжка приводящих мышц стоя,Stretching - Mobility,adductors,,beginner,female,exercises/men/Stretching - Mobility/standing adductor stretch.mp4
ea_standing_bow_hamstring_stretch,Standing Bow Hamstring Stretch,Растяжка подколенных сухожилий стоя,Stretching - Mobility,hamstrings,,beginner,female,exercises/men/Stretching - Mobility/standing bow hamstring stretch.mp4
ea_standing_gastrocnemius_stretch,Standing Gastrocnemius Stretch,Растяжка икроножной мышцы стоя,Stretching - Mobility,calves,adjustable_bench,beginner,female,exercises/men/Stretching - Mobility/standing gastrocnemius stretch.mp4
ea_standing_hamstring_calf_stretch_with_resistance_band,Standing Hamstring Calf Stretch with Resistance Band,Растяжка бицепса бедра и икроножной мышцы стоя с резиновой лентой,Stretching - Mobility,hamstrings,resistance_bands,beginner,female,exercises/men/Stretching - Mobility/standing hamstring calf stretch with resistance band.mp4
ea_standing_lateral_stretch,Standing Lateral Stretch,Растяжка боковых мышц стоя,Stretching - Mobility,core,,beginner,female,exercises/men/Stretching - Mobility/standing lateral stretch.mp4
ea_standing_leg_elevated_hamstring_stretch,Standing Leg Elevated Hamstring Stretch,Растяжка бицепса бедра стоя с поднятой ногой,Stretching - Mobility,hamstrings,adjustable_bench,beginner,female,exercises/men/Stretching - Mobility/standing leg elevated hamstring stretch.mp4
ea_standing_one_arm_chest_stretch,Standing One Arm Chest Stretch,Растяжка грудных мышц одной рукой стоя,Stretching - Mobility,chest,,beginner,female,exercises/men/Stretching - Mobility/standing one arm chest stretch.mp4
ea_standing_quadriceps_stretch_side_angle,Standing Quadriceps Stretch Side Angle,"Растяжка квадрицепса стоя, вид сбоку",Stretching - Mobility,quads,,beginner,female,exercises/men/Stretching - Mobility/Standing quadriceps stretch side angle.mp4
ea_standing_side_slope_stretch,Standing Side Slope Stretch,Растяжка боковых мышц стоя с наклоном,Stretching - Mobility,core,,beginner,female,exercises/men/Stretching - Mobility/standing side slope stretch.mp4
ea_triceps_light_stretch,Triceps Light Stretch,Легкая растяжка трицепса,Stretching - Mobility,triceps,,beginner,female,exercises/men/Stretching - Mobility/triceps light stretch.mp4
ea_upper_back_stretch,Upper Back Stretch,Растяжка верхней части спины,Stretching - Mobility,traps,,beginner,female,exercises/men/Stretching - Mobility/upper back stretch.mp4
ea_band_skullcrusher,Band Skullcrusher,Разгибание рук с резиновой лентой лежа (череподробилка),Triceps,,smith_machine,beginner,female,exercises/men/Triceps/Band Skullcrusher.mp4
ea_barbell_close_grip_press,Barbell Close Grip Press,Жим штанги узким хватом,Triceps,triceps,bench_press,beginner,female,exercises/men/Triceps/Barbell close grip press.mp4
ea_barbell_lying_triceps_extension,Barbell Lying Triceps Extension,Французский жим со штангой лёжа,Triceps,triceps,bench_press,beginner,female,exercises/men/Triceps/Barbell lying triceps extension.mp4
ea_barbell_lying_triceps_skull_crushers,Barbell Lying Triceps Skull Crushers,Французский жим со штангой лёжа,Triceps,triceps,bench_press,beginner,female,exercises/men/Triceps/Barbell lying triceps skull crushers.mp4
ea_barbell_seated_overhead_triceps_press,Barbell Seated Overhead Triceps Press,Жим штанги сидя над головой на трицепс,Triceps,triceps,bench_press,beginner,female,exercises/men/Triceps/barbell seated overhead triceps press.mp4
ea_barbell_standing_overhead_triceps_extension,Barbell Standing Overhead Triceps Extension,Разгибание рук со штангой над головой стоя,Triceps,triceps,barbell,beginner,female,exercises/men/Triceps/Barbell standing overhead triceps extension.mp4
ea_bench_dip_knees_bent,Bench Dip (knees Bent),Отжимания от скамьи (согнутые колени),Triceps,triceps,bench_press,beginner,female,exercises/men/Triceps/Bench Dip (knees bent).mp4
ea_bench_dip_on_floor,Bench Dip on Floor,Отжимания от скамьи на полу,Triceps,triceps,bench_press,beginner,female,exercises/men/Triceps/Bench dip on floor.mp4
ea_bench_triceps_dip_leg_curls,Bench Triceps Dip Leg Curls,Отжимания на трицепс от скамьи со сгибанием ног,Triceps,triceps,bench_press,beginner,female,exercises/men/Triceps/bench triceps dip leg curls.mp4
ea_bench_triceps_dip_straight_legs,Bench Triceps Dip Straight Legs,Отжимания на трицепс от скамьи с прямыми ногами,Triceps,triceps,bench_press,beginner,female,exercises/men/Triceps/bench triceps dip straight legs.mp4
ea_body_up,Body-up,Отжимания от пола,Triceps,shoulders,,beginner,female,exercises/men/Triceps/Body-Up.mp4
ea_bodyweight_kneeling_triceps_extension,Bodyweight Kneeling Triceps Extension,Разгибание на трицепс с колен собственным весом,Triceps,triceps,,beginner,female,exercises/men/Triceps/Bodyweight kneeling triceps extension.mp4
ea_bodyweight_overhead_triceps_extension,Bodyweight Overhead Triceps Extension,Разгибание рук над головой на трицепс собственным весом,Triceps,triceps,,beginner,female,exercises/men/Triceps/Bodyweight Overhead Triceps Extension.mp4
ea_bodyweight_triceps_extension,Bodyweight Triceps Extension,Разгибания на трицепс с собственным весом,Triceps,triceps,,beginner,female,exercises/men/Triceps/bodyweight triceps extension.mp4
ea_cable_alternate_triceps_extension,Cable Alternate Triceps Extension,Разгибание рук на трицепс поочередно с блоком,Triceps,triceps,cable_machine,beginner,female,exercises/men/Triceps/Cable Alternate Triceps Extension.mp4
ea_cable_lying_triceps_extension,Cable Lying Triceps Extension,Разгибание рук на трицепс лежа в блоке,Triceps,triceps,cable_machine,beginner,female,exercises/men/Triceps/cable lying triceps extension.mp4
ea_cable_lying_triceps_extension_low,Cable Lying Triceps Extension (LOW),Разгибание рук на трицепс лежа в блоке (НИЗКИЙ),Triceps,triceps,cable_machine,beginner,female,exercises/men/Triceps/cable lying triceps extension (LOW).mp4
ea_cable_neutral_grip_kickback,Cable Neutral Grip Kickback,Разгибание руки назад в блоке нейтральным хватом,Triceps,triceps,cable_machine,beginner,female,exercises/men/Triceps/Cable Neutral Grip Kickback.mp4
ea_cable_overhead_extension_rope,Cable Overhead Extension Rope,Разгибание рук над головой с канатом на блоке,Triceps,triceps,cable_machine,beginner,female,exercises/men/Triceps/cable overhead extension rope.mp4
ea_cable_pushdown,Cable Pushdown,Разгибание рук на блоке,Triceps,triceps,cable_machine,beginner,female,exercises/men/Triceps/Cable Pushdown.mp4
ea_cable_rear_drive,Cable Rear Drive,Отведение руки назад на блоке,Triceps,shoulders; traps,cable_machine,beginner,female,exercises/men/Triceps/Cable Rear Drive.mp4
ea_cable_reverse_grip_pushdown,Cable Reverse Grip Pushdown,Разгибание рук на блоке обратным хватом,Triceps,triceps,cable_machine,beginner,female,exercises/men/Triceps/cable reverse grip pushdown.mp4
ea_cable_reverse_grip_triceps_push_down_straight_bar_on_crossover,Cable Reverse Grip Triceps Push Down Straight Bar on Crossover,Разгибания на трицепс обратным хватом с прямым грифом на блоке,Triceps,triceps,cable_machine,beginner,female,exercises/men/Triceps/Cable reverse grip triceps push down straight bar on crossover.mp4
ea_cable_reverse_grip_triceps_pushdown_ez_bar,Cable Reverse Grip Triceps Pushdown (ez-bar),Разгибания на трицепс обратным хватом с EZ-грифом на блоке,Triceps,triceps,cable_machine,beginner,female,exercises/men/Triceps/Cable Reverse Grip Triceps Pushdown (EZ-bar).mp4
ea_cable_reverse_grip_triceps_pushdown_back_side_pov,Cable Reverse Grip Triceps Pushdown Back Side Pov,Разгибания на трицепс обратным хватом на блоке (вид сзади),Triceps,triceps,cable_machine,beginner,female,exercises/men/Triceps/cable reverse grip triceps pushdown back side pov.mp4
ea_cable_triceps_overhead_extension_ez_bar,Cable Triceps Overhead Extension (ez Bar),Разгибания на трицепс над головой с EZ-грифом на блоке,Triceps,triceps,cable_machine,beginner,female,exercises/men/Triceps/cable triceps overhead extension (ez bar).mp4
ea_cable_triceps_push_down_elbow_out_v_bar,Cable Triceps Push Down Elbow Out (v Bar),Разгибания на трицепс с V-грифом на блоке (локти в стороны),Triceps,triceps,cable_machine,beginner,female,exercises/men/Triceps/cable triceps push down elbow out (v bar).mp4
ea_cable_triceps_push_down_ez_bar,Cable Triceps Push Down Ez Bar,Разгибания на трицепс с EZ-грифом на блоке,Triceps,triceps,cable_machine,beginner,female,exercises/men/Triceps/cable triceps push down ez bar.mp4
ea_cable_triceps_push_down_ez_bar_close_grip,Cable Triceps Push Down Ez Bar Close Grip,Разгибания на трицепс с EZ-грифом на блоке узким хватом,Triceps,triceps,cable_machine,beginner,female,exercises/men/Triceps/cable triceps push down ez bar close grip.mp4
ea_cable_triceps_push_down_ez_bar_wide_grip,Cable Triceps Push Down Ez Bar Wide Grip,Разгибание рук на трицепс на блоке с EZ-грифом широким хватом,Triceps,triceps,cable_machine,beginner,female,exercises/men/Triceps/cable triceps push down ez bar wide grip.mp4
ea_cable_triceps_push_down_straight_bar,Cable Triceps Push Down Straight Bar,Разгибание рук на трицепс на блоке с прямым грифом,Triceps,triceps,cable_machine,beginner,female,exercises/men/Triceps/cable triceps push down straight bar.mp4
ea_cable_triceps_push_down_v_bar,Cable Triceps Push Down V Bar,Разгибание рук на трицепс на блоке с V-образным грифом,Triceps,triceps,cable_machine,beginner,female,exercises/men/Triceps/cable triceps push down v bar.mp4
ea_chair_triceps_dips,Chair Triceps Dips,Обратные отжимания от стула на трицепс,Triceps,triceps,,beginner,female,exercises/men/Triceps/chair triceps dips.mp4
ea_decline_chair_push_up_diamond,Decline Chair Push Up Diamond,Отжимания от стула с отрицательным наклоном (алмазный хват),Triceps,chest; triceps,,beginner,female,exercises/men/Triceps/decline chair push up diamond.mp4
ea_decline_diamond_pike_push_up,Decline Diamond Pike Push-up,Отжимания щучкой с отрицательным наклоном (алмазный хват),Triceps,shoulders; triceps,bench_press,beginner,female,exercises/men/Triceps/Decline Diamond Pike Push-up.mp4
ea_diamond_push_up,Diamond Push Up,Алмазные отжимания,Triceps,triceps; chest,,beginner,female,exercises/men/Triceps/diamond push up.mp4
ea_diamond_push_up_on_knees,Diamond Push-up (on Knees),Алмазные отжимания (с колен),Triceps,triceps; chest,,beginner,female,exercises/men/Triceps/Diamond Push-up (on knees).mp4
ea_dip_leg_raise_on_couch,Dip Leg Raise on Couch,Отжимания на диване с подъемом ног,Triceps,triceps,,beginner,female,exercises/men/Triceps/Dip Leg Raise on couch.mp4
ea_dip_on_floor_with_chair,Dip on Floor with Chair,Отжимания от пола со стулом,Triceps,triceps,,beginner,female,exercises/men/Triceps/Dip on Floor with Chair.mp4
ea_dips_between_chairs,Dips Between Chairs,Отжимания между стульями,Triceps,chest; triceps,,beginner,female,exercises/men/Triceps/Dips between Chairs.mp4
ea_dumbbell_decline_triceps_pull_over_extension,Dumbbell Decline Triceps Pull-over Extension,Пуловер-разгибание гантели на трицепс на наклонной скамье вниз головой,Triceps,triceps,bench_press,beginner,female,exercises/men/Triceps/Dumbbell Decline triceps pull-over extension.mp4
ea_dumbbell_incline_triceps_extension,Dumbbell Incline Triceps Extension,Французский жим с гантелями на наклонной скамье,Triceps,triceps,bench_press,beginner,female,exercises/men/Triceps/Dumbbell Incline Triceps Extension.mp4
ea_dumbbell_incline_two_arm_extension,Dumbbell Incline Two Arm Extension,Французский жим с одной гантелью двумя руками на наклонной скамье,Triceps,triceps,bench_press,beginner,female,exercises/men/Triceps/Dumbbell Incline Two Arm Extension.mp4
ea_dumbbell_kickback,Dumbbell Kickback,Разгибание рук назад с гантелью,Triceps,triceps,bench_press,beginner,female,exercises/men/Triceps/Dumbbell Kickback.mp4
ea_dumbbell_lying_one_arm_neutral_triceps_extension,Dumbbell Lying One Arm Neutral Triceps Extension,Разгибание руки с гантелью лежа нейтральным хватом,Triceps,triceps,bench_press,beginner,female,exercises/men/Triceps/Dumbbell Lying One Arm Neutral Triceps Extension.mp4
ea_dumbbell_lying_triceps_extension,Dumbbell Lying Triceps Extension,Разгибание рук с гантелями лёжа,Triceps,triceps,bench_press,beginner,female,exercises/men/Triceps/Dumbbell Lying Triceps Extension.mp4
ea_dumbbell_lying_triceps_extension_on_floor,Dumbbell Lying Triceps Extension on Floor,Разгибание рук с гантелью лёжа на полу,Triceps,triceps,dumbbell,beginner,female,exercises/men/Triceps/Dumbbell Lying Triceps Extension on Floor.mp4
ea_dumbbell_one_arm_kickback,Dumbbell One Arm Kickback,Разгибание руки с гантелью в наклоне одной рукой,Triceps,triceps,dumbbell,beginner,female,exercises/men/Triceps/Dumbbell One Arm Kickback.mp4
ea_dumbbell_one_arm_triceps_extension_on_bench,Dumbbell One Arm Triceps Extension (on Bench),Разгибание на трицепс одной рукой с гантелью (на скамье),Triceps,triceps,bench_press,beginner,female,exercises/men/Triceps/Dumbbell One Arm Triceps Extension (on bench).mp4
ea_dumbbell_overhead_extension_seated,Dumbbell Overhead Extension Seated,Разгибание рук с гантелью над головой сидя,Triceps,triceps,bench_press,beginner,female,exercises/men/Triceps/dumbbell overhead extension seated.mp4
ea_dumbbell_overhead_extension_standing,Dumbbell Overhead Extension Standing,Разгибание рук с гантелью над головой стоя,Triceps,triceps,dumbbell,beginner,female,exercises/men/Triceps/Dumbbell overhead extension standing.mp4
ea_dumbbell_pronate_grip_triceps_extension,Dumbbell Pronate-grip Triceps Extension,Разгибание на трицепс с гантелями пронированным хватом,Triceps,triceps,bench_press,beginner,female,exercises/men/Triceps/Dumbbell Pronate-grip Triceps Extension.mp4
ea_dumbbell_seated_bench_extension,Dumbbell Seated Bench Extension,Разгибание рук с гантелью сидя на скамье,Triceps,triceps,bench_press,beginner,female,exercises/men/Triceps/Dumbbell Seated Bench Extension.mp4
ea_dumbbell_seated_kickback,Dumbbell Seated Kickback,Разгибание рук назад с гантелями сидя,Triceps,triceps,bench_press,beginner,female,exercises/men/Triceps/Dumbbell Seated Kickback.mp4
ea_dumbbell_standing_both_arms_kickback,Dumbbell Standing Both Arms Kickback,Разгибание рук с гантелями стоя двумя руками,Triceps,triceps,dumbbell,beginner,female,exercises/men/Triceps/Dumbbell Standing Both Arms Kickback.mp4
ea_dumbbell_standing_one_arm_extension,Dumbbell Standing One Arm Extension,Разгибание руки с гантелью стоя одной рукой,Triceps,triceps,dumbbell,beginner,female,exercises/men/Triceps/Dumbbell Standing One Arm Extension.mp4
ea_dumbbell_standing_triceps_extension,Dumbbell Standing Triceps Extension,Разгибание на трицепс с гантелью стоя,Triceps,triceps,dumbbell,beginner,female,exercises/men/Triceps/Dumbbell Standing Triceps Extension.mp4
ea_dumbbell_tate_press,Dumbbell Tate Press,Жим Тейта с гантелями,Triceps,triceps,bench_press,beginner,female,exercises/men/Triceps/Dumbbell Tate Press.mp4
ea_dumbbell_triceps_kick_back_single_arm,Dumbbell Triceps Kick Back Single Arm,Разгибание рук на трицепс в наклоне с гантелью одной рукой,Triceps,triceps,dumbbell,beginner,female,exercises/men/Triceps/Dumbbell triceps kick back single arm.mp4
ea_dumbbells_triceps_kick_back_both_arms,Dumbbells Triceps Kick Back Both Arms,Разгибание рук с гантелями назад в наклоне,Triceps,triceps,dumbbell,beginner,female,exercises/men/Triceps/dumbbells triceps kick back both arms.mp4
ea_ez_bar_overhead_extensions_standing,Ez Bar Overhead Extensions Standing,Разгибания рук с EZ-грифом над головой стоя,Triceps,triceps,ez_curl_bar,beginner,female,exercises/men/Triceps/ez bar overhead extensions standing.mp4
ea_incline_diamond_push_up_on_bench,Incline Diamond Push Up on Bench,Отжимания узким хватом от скамьи (наклонные),Triceps,triceps; chest,bench_press,beginner,female,exercises/men/Triceps/incline diamond push up On Bench.mp4
ea_incline_push_ups_on_chair,Incline Push Ups on Chair,Отжимания от стула (наклонные),Triceps,triceps,,beginner,female,exercises/men/Triceps/incline push ups on chair.mp4
ea_overhand_tricep_stretching_single_arm,Overhand Tricep Stretching Single Arm,Растяжка трицепса одной рукой над головой,Triceps,triceps,,beginner,female,exercises/men/Triceps/Overhand tricep stretching single arm.mp4
ea_overhead_extension_resistance_band_both_arms,Overhead Extension Resistance Band Both Arms,Разгибание рук над головой с резиновой лентой обеими руками,Triceps,triceps,resistance_bands,beginner,female,exercises/men/Triceps/overhead extension resistance band both arms.mp4
ea_pike_push_up,Pike Push Up,Отжимания в позе щуки,Triceps,shoulders,,beginner,female,exercises/men/Triceps/Pike push up.mp4
ea_single_arm_overhead_extension_resistance_band,Single Arm Overhead Extension Resistance Band,Разгибание одной руки над головой с резиновой лентой,Triceps,triceps,resistance_bands,beginner,female,exercises/men/Triceps/single arm overhead extension resistance band.mp4
ea_triceps_dip_machine,Triceps Dip Machine,Жим на трицепс в тренажере,Triceps,triceps,seated_dip_machine,beginner,female,exercises/men/Triceps/triceps dip machine.mp4
ea_alternating_lunge_with_rotation,Alternating Lunge with Rotation,Попеременный выпад с поворотом,Yoga,quads; glutes; hamstrings,,beginner,female,exercises/men/Yoga/Alternating Lunge with Rotation.mp4
ea_archer_step_back,Archer Step Back,Выпад лучника назад,Yoga,quads; glutes; hamstrings; shoulders,,beginner,female,exercises/men/Yoga/Archer step back.mp4
ea_basic_toe_touch,Basic Toe Touch,Наклоны к носкам,Yoga,hamstrings,,beginner,female,exercises/men/Yoga/Basic Toe Touch.mp4
ea_bench_reverse_plank_hold,Bench Reverse Plank Hold,Обратная планка на скамье,Yoga,triceps; shoulders,bench_press,beginner,female,exercises/men/Yoga/Bench Reverse Plank Hold.mp4
ea_bicycle_air_legs,Bicycle Air Legs,Велосипед ногами в воздухе,Yoga,core; lower_back,,beginner,female,exercises/men/Yoga/Bicycle air legs.mp4
ea_bird_dog,Bird Dog,Поза «Птица-собака»,Yoga,lower_back; glutes,,beginner,female,exercises/men/Yoga/bird dog.mp4
ea_bird_dog_version_2,Bird Dog (version 2),Бёрд-дог (вариант 2),Yoga,lower_back; glutes,,beginner,female,exercises/men/Yoga/Bird Dog (VERSION 2).mp4
ea_body_saw_plank,Body Saw Plank,Планка-пила,Yoga,shoulders,,beginner,female,exercises/men/Yoga/Body Saw Plank.mp4
ea_bodyweight_kneeling_push_up_row,Bodyweight Kneeling Push-up Row,Отжимания с тягой в положении на коленях (с собственным весом),Yoga,chest; triceps; back,,beginner,female,exercises/men/Yoga/Bodyweight Kneeling Push-Up Row.mp4
ea_bridge_hip_abduction,Bridge Hip Abduction,Ягодичный мост с отведением бедер,Yoga,glutes,,beginner,female,exercises/men/Yoga/Bridge Hip Abduction.mp4
ea_bridge_pose_setu_bandhasana,Bridge Pose Setu Bandhasana,Поза моста (Сету Бандхасана),Yoga,glutes; hamstrings,,beginner,female,exercises/men/Yoga/bridge pose setu bandhasana.mp4
ea_bridge_with_alternating_leg_raise,Bridge with Alternating Leg Raise,Ягодичный мост с поочередным подъемом ног,Yoga,glutes; hamstrings,,beginner,female,exercises/men/Yoga/Bridge with Alternating Leg Raise.mp4
ea_butterfly_yoga_pose,Butterfly Yoga Pose,Поза бабочки в йоге,Yoga,adductors,,beginner,female,exercises/men/Yoga/Butterfly Yoga Pose.mp4
ea_cat_stretch,Cat Stretch,Растяжка кошки,Yoga,lower_back; core,,beginner,female,exercises/men/Yoga/Cat Stretch.mp4
ea_child_pose_up,Child Pose Up,Поза ребенка вверх,Yoga,lower_back,,beginner,female,exercises/men/Yoga/child pose up.mp4
ea_cobra_full_push_up,Cobra Full Push Up,Полное отжимание «Кобра»,Yoga,chest; shoulders; triceps,,beginner,female,exercises/men/Yoga/Cobra Full Push up.mp4
ea_cobra_push_up,Cobra Push Up,Отжимание «Кобра»,Yoga,chest; shoulders; triceps,,beginner,female,exercises/men/Yoga/cobra push up.mp4
ea_cobra_side_ab_stretch,Cobra Side Ab Stretch,Растяжка боковых мышц живота в позе кобры,Yoga,chest; shoulders; triceps,,beginner,female,exercises/men/Yoga/Cobra Side Ab Stretch.mp4
ea_cobra_yoga_pose_hold,Cobra Yoga Pose Hold,Удержание позы йоги «Кобра»,Yoga,chest; shoulders; triceps,,beginner,female,exercises/men/Yoga/cobra yoga pose hold.mp4
ea_crab_pose,Crab Pose,Поза краба,Yoga,glutes; hamstrings; shoulders,,beginner,female,exercises/men/Yoga/Crab Pose.mp4
ea_dumbbell_single_leg_glute_bridge,Dumbbell Single Leg Glute Bridge,Ягодичный мост на одной ноге с гантелью,Yoga,glutes; hamstrings,dumbbell,beginner,female,exercises/men/Yoga/Dumbbell Single Leg Glute Bridge.mp4
ea_extended_side_angle,Extended Side Angle,Поза вытянутого бокового угла,Yoga,lats; lower_back; quads; glutes,,beginner,female,exercises/men/Yoga/Extended Side Angle.mp4
ea_high_plank,High Plank,Высокая планка,Yoga,core,,beginner,female,exercises/men/Yoga/High plank.mp4
ea_modified_hindu_push_up,Modified Hindu Push Up,Модифицированные индусские отжимания,Yoga,chest; shoulders; triceps,,beginner,female,exercises/men/Yoga/Modified Hindu Push up.mp4
ea_scapula_push_up,Scapula Push Up,Отжимания на лопатках,Yoga,traps,,beginner,female,exercises/men/Yoga/Scapula push up.mp4
ea_seated_cross_leg_glute_stretch,Seated Cross Leg Glute Stretch,Растяжка ягодичных мышц сидя со скрещенными ногами,Yoga,glutes,,beginner,female,exercises/men/Yoga/seated cross leg glute stretch.mp4
ea_seated_side_stretch,Seated Side Stretch,Боковая растяжка сидя,Yoga,core; lats,bench_press,beginner,female,exercises/men/Yoga/seated side stretch.mp4
ea_side_plank_with_hip_lift,Side Plank with Hip Lift,Боковая планка с подъемом бедра,Yoga,core,,beginner,female,exercises/men/Yoga/Side plank with hip lift.mp4
ea_superman_holds,Superman Holds,Супермен (удержание),Yoga,lower_back; glutes,,beginner,female,exercises/men/Yoga/superman holds.mp4
ea_3_4_sit_up,3-4 Sit-up,Скручивания на 3/4,Abdominals,core,,beginner,male,exercises/girl/Abdominals/3-4 Sit-up.mp4
ea_45_degree_bicycle_twisting,45 Degree Bicycle Twisting,Скручивания «велосипед» под углом 45 градусов,Abdominals,core,back_extension,beginner,male,exercises/girl/Abdominals/45 Degree Bicycle Twisting.mp4
ea_45_degree_bicycle_twisting_crunch,45 Degree Bicycle Twisting Crunch,Скручивания «велосипед» с поворотом под углом 45 градусов,Abdominals,core,back_extension,beginner,male,exercises/girl/Abdominals/45 degree Bicycle Twisting Crunch.mp4
ea_90_degree_heels_touch,90 Degree Heels Touch,Касание пяток под углом 90 градусов,Abdominals,core,,beginner,male,exercises/girl/Abdominals/90 Degree Heels Touch.mp4
ea_ab_mat_sit_up,Ab Mat Sit-up,Скручивания на пресс с ковриком,Abdominals,core,ab_mat,beginner,male,exercises/girl/Abdominals/Ab Mat Sit-up.mp4
ea_ab_tuck,Ab Tuck,Подтягивание коленей к груди в висе,Abdominals,core,dip_station,beginner,male,exercises/girl/Abdominals/Ab Tuck.mp4
ea_air_bike,Air Bike,Скручивания «велосипед»,Abdominals,core,,beginner,male,exercises/girl/Abdominals/air bike.mp4
ea_air_bike_version_2,Air Bike (version 2),Скручивания «велосипед» (вариант 2),Abdominals,core,,beginner,male,exercises/girl/Abdominals/Air Bike (VERSION 2).mp4
ea_assisted_sit_up,Assisted Sit-up,Скручивание с поддержкой,Abdominals,core,,beginner,male,exercises/girl/Abdominals/Assisted Sit-Up.mp4
ea_ball_sit_up,Ball Sit-up,Скручивания на фитболе,Abdominals,core,stability_ball,beginner,male,exercises/girl/Abdominals/Ball Sit-up.mp4
ea_band_decline_sit_up,Band Decline Sit Up,Скручивания на наклонной скамье с резиновой лентой,Abdominals,core,bench_press,beginner,male,exercises/girl/Abdominals/Band Decline Sit up.mp4
ea_band_kneeling_crunch,Band Kneeling Crunch,Скручивания на коленях с резиновой лентой,Abdominals,core,resistance_bands,beginner,male,exercises/girl/Abdominals/band kneeling crunch.mp4
ea_band_side_bend,Band Side Bend,Наклоны в сторону с резиновой лентой,Abdominals,core,resistance_bands,beginner,male,exercises/girl/Abdominals/Band side bend.mp4
ea_hanging_leg_raises,Hanging Leg Raises,Подъемы ног в висе,Abdominals,,squat_rack,beginner,male,exercises/girl/Abdominals/Hanging Leg Raises.mp4
ea_45_degree_hyperextension_arms_in_front_of_chest,45 Degree Hyperextension (arms in Front of Chest),Гиперэкстензия под углом 45 градусов (руки перед грудью),Back,lower_back; glutes,back_extension,beginner,male,exercises/girl/Back/45 degree hyperextension (arms in front of chest).mp4
ea_alternating_superman,Alternating Superman,Попеременный Супермен,Back,glutes,,beginner,male,exercises/girl/Back/Alternating Superman.mp4
ea_assisted_chin_up_on_a_bench,Assisted Chin-up on a Bench,Подтягивания обратным хватом с поддержкой на скамье,Back,biceps,pullup_bar,beginner,male,exercises/girl/Back/Assisted Chin-up on a bench.mp4
ea_band_assisted_chin_up_from_knee,Band Assisted Chin Up (from Knee),Подтягивания с помощью резиновой ленты (с колена),Back,lats,pullup_bar,beginner,male,exercises/girl/Back/Band Assisted Chin Up (From Knee).mp4
ea_band_fixed_back_underhand_pulldown,Band Fixed Back Underhand Pulldown,Тяга резиновой ленты верхнего блока обратным хватом (с фиксированной спиной),Back,lats,resistance_bands,beginner,male,exercises/girl/Back/Band Fixed Back Underhand Pulldown.mp4
ea_band_kneeling_lat_pulldown,Band Kneeling Lat Pulldown,Тяга верхнего блока на коленях с резиновой лентой,Back,lats,squat_rack,beginner,male,exercises/girl/Back/band kneeling lat pulldown.mp4
ea_band_lying_reverse_grip_row,Band Lying Reverse Grip Row,Тяга лежа обратным хватом с резиновой лентой,Back,lats,bench_press,beginner,male,exercises/girl/Back/Band Lying Reverse Grip Row.mp4
ea_band_rotating_hammer_grip_incline_bench_row,Band Rotating Hammer Grip Incline Bench Row,Тяга на наклонной скамье с вращением и молотковым хватом с резиновой лентой,Back,lats; traps,bench_press,beginner,male,exercises/girl/Back/Band Rotating Hammer Grip Incline Bench Row.mp4
ea_barbell_zercher_good_morning,Barbell Zercher Good Morning,Наклоны со штангой Зерчера,Back,,barbell,beginner,male,exercises/girl/Back/Barbell Zercher Good Morning.mp4
ea_band_concentration_curl,Band Concentration Curl,Концентрированное сгибание на бицепс с резиновой лентой,Biceps,biceps,bench_press,beginner,male,exercises/girl/Biceps/Band Concentration Curl.mp4
ea_band_cross_chest_biceps_curl,Band Cross Chest Biceps Curl,Сгибание на бицепс с резиновой лентой через грудь,Biceps,biceps,resistance_bands,beginner,male,exercises/girl/Biceps/Band Cross Chest Biceps Curl.mp4
ea_band_incline_alternate_hammer_curl,Band Incline Alternate Hammer Curl,Попеременное сгибание рук с резиновой лентой на наклонной скамье молотковым хватом,Biceps,biceps,bench_press,beginner,male,exercises/girl/Biceps/Band Incline Alternate Hammer Curl.mp4
ea_band_incline_biceps_curl,Band Incline Biceps Curl,Сгибание рук на бицепс с резиновой лентой на наклонной скамье,Biceps,biceps,bench_press,beginner,male,exercises/girl/Biceps/Band Incline Biceps Curl.mp4
ea_band_incline_hammer_curl,Band Incline Hammer Curl,Сгибание рук с резиновой лентой на наклонной скамье молотковым хватом,Biceps,biceps,bench_press,beginner,male,exercises/girl/Biceps/Band Incline Hammer Curl.mp4
ea_band_kneeling_preacher_curl,Band Kneeling Preacher Curl,Сгибание рук на бицепс на коленях с резиновой лентой,Biceps,biceps,resistance_bands,beginner,male,exercises/girl/Biceps/band kneeling preacher curl.mp4
ea_band_prone_incline_curl,Band Prone Incline Curl,Сгибание рук на бицепс лежа на наклонной скамье с резиновой лентой,Biceps,biceps,bench_press,beginner,male,exercises/girl/Biceps/Band Prone Incline Curl.mp4
ea_band_prone_incline_hammer_curl,Band Prone Incline Hammer Curl,Сгибание рук молотковым хватом лежа на наклонной скамье с резиновой лентой,Biceps,biceps,bench_press,beginner,male,exercises/girl/Biceps/Band Prone Incline Hammer Curl.mp4
ea_band_reverse_spider_curl,Band Reverse Spider Curl,Обратные сгибания рук на бицепс лежа на наклонной скамье с резиновой лентой,Biceps,biceps,bench_press,beginner,male,exercises/girl/Biceps/Band Reverse Spider Curl.mp4
ea_barbell_alternate_biceps_curl,Barbell Alternate Biceps Curl,Сгибание на бицепс со штангой попеременно,Biceps,biceps,barbell,beginner,male,exercises/girl/Biceps/Barbell Alternate Biceps Curl.mp4
ea_barbell_curl,Barbell Curl,Сгибание на бицепс со штангой,Biceps,biceps,barbell,beginner,male,exercises/girl/Biceps/Barbell Curl.mp4
ea_hammer_strength_mts_iso_lateral_biceps_curl_alternate_arm,Hammer Strength MTS Iso-lateral Biceps Curl Alternate Arm,Hammer Strength MTS Iso-Lateral сгибания на бицепс поочередно,Biceps,biceps,bicep_curl_machine,beginner,male,exercises/girl/Biceps/Hammer Strength MTS Iso-Lateral Biceps Curl Alternate Arm.mp4
ea_4_corners_curtsy,4 Corners Curtsy,Реверанс в четыре стороны,Calisthenics-Cardio-Plyo-Functional,glutes; quads; shoulders,,beginner,male,exercises/girl/Calisthenics-Cardio-Plyo-Functional/4 Corners Curtsy.mp4
ea_4_corners_side_step,4 Corners Side Step,Боковые шаги в четыре стороны,Calisthenics-Cardio-Plyo-Functional,quads; hamstrings; glutes,,beginner,male,exercises/girl/Calisthenics-Cardio-Plyo-Functional/4 Corners Side Step.mp4
ea_4_punches_side_squat,4 Punches Side Squat,Боковой присед с четырьмя ударами,Calisthenics-Cardio-Plyo-Functional,quads; glutes,,beginner,male,exercises/girl/Calisthenics-Cardio-Plyo-Functional/4 Punches Side Squat.mp4
ea_alternate_front_kick_in_place,Alternate Front Kick in Place,Попеременные удары ногой вперёд на месте,Calisthenics-Cardio-Plyo-Functional,quads; lower_back,,beginner,male,exercises/girl/Calisthenics-Cardio-Plyo-Functional/alternate front kick in place.mp4
ea_balloon_drill,Balloon Drill,Упражнение с воздушным шаром,Calisthenics-Cardio-Plyo-Functional,quads; glutes,,beginner,male,exercises/girl/Calisthenics-Cardio-Plyo-Functional/Balloon Drill.mp4
ea_ski_ergometer_cross_country_ski_alternating_arm_pulls,Ski Ergometer Cross Country Ski Alternating Arm Pulls,Ски-эргометр: Попеременные тяги руками,Calisthenics-Cardio-Plyo-Functional,shoulders; traps,ski_erg,beginner,male,exercises/girl/Calisthenics-Cardio-Plyo-Functional/Ski Ergometer Cross Country Ski Alternating Arm Pulls.mp4
ea_band_bench_press,Band Bench Press,Жим резиновой ленты лёжа,Chest,chest,bench_press,beginner,male,exercises/girl/Chest/Band Bench Press.mp4
ea_band_chest_fly,Band Chest Fly,Разведение рук с резиновой лентой для груди,Chest,chest,resistance_bands,beginner,male,exercises/girl/Chest/Band Chest Fly.mp4
ea_band_cross_body_one_arm_chest_press,Band Cross Body One Arm Chest Press,Жим резиновой ленты одной рукой через тело,Chest,chest,resistance_bands,beginner,male,exercises/girl/Chest/Band Cross Body One Arm Chest Press.mp4
ea_band_high_fly,Band High Fly,Разведение рук с резиновой лентой вверх,Chest,chest,resistance_bands,beginner,male,exercises/girl/Chest/Band high fly.mp4
ea_band_incline_bench_press,Band Incline Bench Press,Жим лёжа на наклонной скамье с резиновой лентой,Chest,chest,bench_press,beginner,male,exercises/girl/Chest/Band Incline Bench Press.mp4
ea_band_incline_fly,Band Incline Fly,Разведение рук с резиновой лентой на наклонной скамье,Chest,chest,bench_press,beginner,male,exercises/girl/Chest/Band Incline Fly.mp4
ea_band_incline_hammer_press,Band Incline Hammer Press,Жим с резиновой лентой на наклонной скамье молотковым хватом,Chest,chest,bench_press,beginner,male,exercises/girl/Chest/Band Incline Hammer Press.mp4
ea_band_incline_palms_back_press,Band Incline Palms Back Press,Жим с резиновой лентой на наклонной скамье ладонями назад,Chest,chest,resistance_bands,beginner,male,exercises/girl/Chest/Band Incline Palms back Press.mp4
ea_band_low_alternate_chest_press,Band Low Alternate Chest Press,Попеременный жим от груди вниз с резиновой лентой,Chest,chest,resistance_bands,beginner,male,exercises/girl/Chest/band low alternate chest press.mp4
ea_band_low_chest_fly,Band Low Chest Fly,Разведение рук от груди вниз с резиновой лентой,Chest,chest,resistance_bands,beginner,male,exercises/girl/Chest/band low chest fly.mp4
ea_band_low_chest_press,Band Low Chest Press,Жим от груди вниз с резиновой лентой,Chest,chest,resistance_bands,beginner,male,exercises/girl/Chest/band low chest press.mp4
ea_band_palloff_press,Band Palloff Press,Жим Паллофа с резиновой лентой,Chest,chest,resistance_bands,beginner,male,exercises/girl/Chest/Band Palloff Press.mp4
ea_band_push_up,Band Push-up,Отжимания с резиновой лентой,Chest,chest,resistance_bands,beginner,male,exercises/girl/Chest/Band Push-up.mp4
ea_barbell_hooklying_bench_press,Barbell Hooklying Bench Press,Жим штанги лежа (ноги на скамье),Chest,,bench_press,beginner,male,exercises/girl/Chest/Barbell Hooklying Bench Press.mp4
ea_barbell_inclined_bench_press,Barbell Inclined Bench Press,Жим штанги на наклонной скамье,Chest,,bench_press,beginner,male,exercises/girl/Chest/Barbell Inclined Bench Press.mp4
ea_barbell_pause_incline_bench_press,Barbell Pause Incline Bench Press,Жим штанги на наклонной скамье с паузой,Chest,,bench_press,beginner,male,exercises/girl/Chest/Barbell Pause Incline Bench Press.mp4
ea_barbell_smith_chest_press,Barbell Smith Chest Press,Жим штанги в машине Смита на грудь,Chest,chest,smith_machine,beginner,male,exercises/girl/Chest/Barbell Smith Chest Press.mp4
ea_dumbbell_hex_press,Dumbbell Hex Press,Гекс-жим гантелей,Chest,,bench_press,beginner,male,exercises/girl/Chest/Dumbbell Hex Press.mp4
ea_hammer_strength_mts_iso_lateral_decline_press_alternating_arms,Hammer Strength MTS Iso-lateral Decline Press Alternating Arms,Hammer Strength MTS Iso-Lateral жим вниз поочередно,Chest,chest,chest_press_machine,beginner,male,exercises/girl/Chest/HAMMER STRENGTH MTS ISO-LATERAL DECLINE PRESS Alternating Arms.mp4
ea_hammer_strength_plate_loaded_combination_iso_lateral_chest_chest_press_alternate_arm,Hammer Strength Plate-loaded Combination Iso-lateral Chest - Chest Press Alternate Arm,Hammer Strength Жим груди Iso-Lateral с дисками поочередно руками,Chest,chest,chest_press_machine,beginner,male,exercises/girl/Chest/HAMMER STRENGTH Plate-Loaded Combination Iso-Lateral Chest - Chest Press Alternate Arm.mp4
ea_band_wrist_curl_single_arm,Band Wrist Curl Single Arm,Сгибание запястья одной рукой с резиновой лентой,Forearms,,resistance_bands,beginner,male,exercises/girl/Forearms/Band Wrist Curl Single Arm.mp4
ea_barbell_palm_down_wrist_curl_over_a_bench,Barbell Palm Down Wrist Curl Over a Bench,Сгибание запястий со штангой прямым хватом на скамье,Forearms,forearms,bench_press,beginner,male,exercises/girl/Forearms/barbell palm down wrist curl over a bench.mp4
ea_4_reverse_lunge_and_4_side_taps,4 Reverse Lunge and 4 Side Taps,4 обратных выпада и 4 боковых касания,Legs,quads; glutes,,beginner,male,exercises/girl/Legs/4 Reverse Lunge and 4 Side Taps.mp4
ea_45_degrees_step_out,45 Degrees Step Out,Шаг в сторону под углом 45 градусов,Legs,quads; glutes,,beginner,male,exercises/girl/Legs/45 degrees Step Out.mp4
ea_balance_board_version_2,Balance Board (version 2),Балансировочная доска (версия 2),Legs,,balance_board,beginner,male,exercises/girl/Legs/Balance Board (VERSION 2).mp4
ea_band_bent_over_hip_extension,Band Bent-over Hip Extension,Разгибание бедра с резиновой лентой в наклоне,Legs,glutes,resistance_bands,beginner,male,exercises/girl/Legs/Band Bent-over Hip Extension.mp4
ea_band_kneeling_rear_kick,Band Kneeling Rear Kick,Отведение ноги назад на коленях с резиновой лентой,Legs,glutes,resistance_bands,beginner,male,exercises/girl/Legs/band kneeling rear kick.mp4
ea_band_single_leg_split_squat,Band Single Leg Split Squat,Сплит-присед на одной ноге с резиновой лентой,Legs,quads; glutes,resistance_bands,beginner,male,exercises/girl/Legs/Band single leg split squat.mp4
ea_band_standing_leg_curl,Band Standing Leg Curl,Сгибание ног стоя с резиновой лентой,Legs,hamstrings,resistance_bands,beginner,male,exercises/girl/Legs/Band Standing Leg Curl.mp4
ea_band_two_legs_calf_raise_band_under_both_legs_version_2,Band Two Legs Calf Raise - (band Under Both Legs) Version 2,Подъёмы на носки на двух ногах с резиновой лентой (лента под обеими ногами) Версия 2,Legs,calves,resistance_bands,beginner,male,exercises/girl/Legs/Band Two Legs Calf Raise - (Band under both legs) VERSION 2.mp4
ea_barbell_bench_lateral_step_up,Barbell Bench Lateral Step-up,Зашагивание на скамью со штангой сбоку,Legs,quads; glutes,barbell,beginner,male,exercises/girl/Legs/Barbell Bench Lateral Step-up.mp4
ea_barbell_front_bench_squat,Barbell Front Bench Squat,Присед со штангой на груди на скамью,Legs,quads; glutes,adjustable_bench,beginner,male,exercises/girl/Legs/barbell front bench squat.mp4
ea_barbell_front_rack_lunge,Barbell Front Rack Lunge,Выпады со штангой на груди (фронтальный хват),Legs,quads; glutes,barbell,beginner,male,exercises/girl/Legs/barbell front rack lunge.mp4
ea_barbell_full_squat_wide,Barbell Full Squat Wide,Полный присед со штангой (широкая постановка ног),Legs,quads; glutes,squat_rack,beginner,male,exercises/girl/Legs/barbell full squat wide.mp4
ea_barbell_full_squat_back,Barbell Full Squat(back),Полный присед со штангой (вид сзади),Legs,quads; glutes,squat_rack,beginner,male,exercises/girl/Legs/barbell full squat(back).mp4
ea_barbell_full_squat_with_rack,Barbell Full Squat(with Rack),Полный присед со штангой (со стойкой),Legs,quads; glutes,smith_machine,beginner,male,exercises/girl/Legs/barbell full squat(with rack).mp4
ea_barbell_glute_bridge_hands_on_bar,Barbell Glute Bridge (hands on Bar),Ягодичный мост со штангой (руки на грифе),Legs,glutes,barbell,beginner,male,exercises/girl/Legs/Barbell Glute Bridge (hands on bar).mp4
ea_barbell_narrow_stance_full_squat,Barbell Narrow Stance Full Squat,Присед со штангой с узкой постановкой ног,Legs,quads; glutes,squat_rack,beginner,male,exercises/girl/Legs/barbell narrow stance full squat.mp4
ea_barbell_pause_lunge,Barbell Pause Lunge,Выпады со штангой с паузой,Legs,quads; glutes,barbell,beginner,male,exercises/girl/Legs/Barbell Pause Lunge.mp4
ea_cable_standing_leg_extension,Cable Standing Leg Extension,Разгибание ног стоя на блоке,Legs,quads,cable_machine,beginner,male,exercises/girl/Legs/Cable Standing Leg Extension.mp4
ea_hammer_strength_iso_lateral_leg_curl_alternating_legs,Hammer Strength Iso-lateral LEG CURL Alternating Legs,Hammer Strength Iso-Lateral сгибания ног лежа поочередно,Legs,hamstrings,leg_curl,beginner,male,exercises/girl/Legs/HAMMER STRENGTH ISO-LATERAL LEG CURL Alternating Legs.mp4
ea_kettlebell_single_leg_deadlift,Kettlebell Single Leg Deadlift,Становая тяга на одной ноге с гирей,Legs,,kettlebell,beginner,male,exercises/girl/Legs/Kettlebell Single Leg Deadlift.mp4
ea_barbell_clean_and_jerk,Barbell Clean and Jerk,Рывок и толчок штанги,Powerlifting,quads; glutes; shoulders,barbell,beginner,male,exercises/girl/Powerlifting/Barbell Clean and Jerk.mp4
ea_barbell_deadlift,Barbell Deadlift,Становая тяга со штангой,Powerlifting,glutes; quads; hamstrings,barbell,beginner,male,exercises/girl/Powerlifting/Barbell Deadlift.mp4
ea_barbell_deadlift_front_pov,Barbell Deadlift (front POV),Становая тяга со штангой (вид спереди),Powerlifting,glutes; quads; hamstrings,barbell,beginner,male,exercises/girl/Powerlifting/Barbell Deadlift (front POV).mp4
ea_barbell_deadlift_side_pov,Barbell Deadlift (side POV),Становая тяга со штангой (вид сбоку),Powerlifting,glutes; quads; hamstrings,barbell,beginner,male,exercises/girl/Powerlifting/Barbell Deadlift (side POV).mp4
ea_arm_tuck_side_bend,Arm Tuck Side Bend,Наклон в сторону с заведением руки за спину,Shoulders,shoulders,,beginner,male,exercises/girl/Shoulders/Arm Tuck Side Bend.mp4
ea_band_behind_neck_shoulder_press,Band Behind Neck Shoulder Press,Жим резиновой ленты из-за головы,Shoulders,shoulders,resistance_bands,beginner,male,exercises/girl/Shoulders/Band Behind Neck Shoulder Press.mp4
ea_band_close_grip_row,Band Close Grip Row,Тяга резиновой ленты узким хватом,Shoulders,shoulders; traps,resistance_bands,beginner,male,exercises/girl/Shoulders/Band Close Grip Row.mp4
ea_band_face_pull,Band Face Pull,Тяга резиновой ленты к лицу,Shoulders,traps; shoulders,resistance_bands,beginner,male,exercises/girl/Shoulders/Band Face Pull.mp4
ea_band_front_face_pull,Band Front Face Pull,Тяга резиновой ленты к лицу (спереди),Shoulders,shoulders; traps,resistance_bands,beginner,male,exercises/girl/Shoulders/Band front Face Pull.mp4
ea_band_front_raise,Band Front Raise,Подъём рук с резиновой лентой вперёд,Shoulders,shoulders,resistance_bands,beginner,male,exercises/girl/Shoulders/Band front raise.mp4
ea_band_incline_row,Band Incline Row,Тяга с резиновой лентой на наклонной скамье,Shoulders,traps,bench_press,beginner,male,exercises/girl/Shoulders/Band Incline Row.mp4
ea_band_incline_t_raise,Band Incline T Raise,Подъём рук в стороны с резиновой лентой на наклонной скамье,Shoulders,shoulders,bench_press,beginner,male,exercises/girl/Shoulders/Band Incline T Raise.mp4
ea_band_incline_y_raise,Band Incline Y Raise,Подъём рук в форме «Y» с резиновой лентой на наклонной скамье,Shoulders,shoulders,bench_press,beginner,male,exercises/girl/Shoulders/Band Incline Y Raise.mp4
ea_band_reverse_fly,Band Reverse Fly,Обратные разведения лежа с резиновой лентой,Shoulders,shoulders,bench_press,beginner,male,exercises/girl/Shoulders/Band Reverse Fly.mp4
ea_band_seated_lateral_raise,Band Seated Lateral Raise,Подъёмы рук в стороны сидя с резиновой лентой,Shoulders,shoulders,resistance_bands,beginner,male,exercises/girl/Shoulders/Band Seated Lateral Raise.mp4
ea_band_seated_neutral_grip_shoulders_press,Band Seated Neutral Grip Shoulders Press,Жим плечами сидя нейтральным хватом с резиновой лентой,Shoulders,shoulders,resistance_bands,beginner,male,exercises/girl/Shoulders/Band Seated Neutral Grip Shoulders Press.mp4
ea_band_seated_shoulder_press,Band Seated Shoulder Press,Жим плечами сидя с резиновой лентой,Shoulders,shoulders,resistance_bands,beginner,male,exercises/girl/Shoulders/Band Seated Shoulder Press.mp4
ea_band_standing_rear_delt_row,Band Standing Rear Delt Row,Тяга на задние дельты стоя с резиновой лентой,Shoulders,shoulders,resistance_bands,beginner,male,exercises/girl/Shoulders/Band standing rear delt row.mp4
ea_band_y_raise,Band Y Raise,Подъём рук в форме буквы Y с резиновой лентой,Shoulders,shoulders,resistance_bands,beginner,male,exercises/girl/Shoulders/Band Y Raise.mp4
ea_barbell_back_wide_shrug,Barbell Back Wide Shrug,Шраги со штангой за спиной широким хватом,Shoulders,traps,barbell,beginner,male,exercises/girl/Shoulders/Barbell Back Wide Shrug.mp4
ea_barbell_behind_the_back_push_press_single_arm_balance,Barbell Behind the Back Push Press Single Arm Balance,Жим штанги из-за спины одной рукой с толчком ногами (на баланс),Shoulders,shoulders,barbell,beginner,male,exercises/girl/Shoulders/Barbell Behind the Back Push Press Single Arm Balance.mp4
ea_barbell_bent_over_reverse_raise_skier,Barbell Bent Over Reverse Raise (skier),Подъём штанги назад в наклоне (лыжник),Shoulders,traps,barbell,beginner,male,exercises/girl/Shoulders/Barbell Bent Over Reverse Raise (skier).mp4
ea_barbell_decline_shrug,Barbell Decline Shrug,Шраги со штангой на наклонной скамье вниз головой,Shoulders,traps,bench_press,beginner,male,exercises/girl/Shoulders/Barbell Decline Shrug.mp4
ea_barbell_incline_shoulders_press,Barbell Incline Shoulders Press,Жим штанги на наклонной скамье,Shoulders,shoulders,bench_press,beginner,male,exercises/girl/Shoulders/Barbell Incline Shoulders Press.mp4
ea_barbell_incline_shoulders_press_inside_squat_cage,Barbell Incline Shoulders Press (inside Squat Cage),Жим штанги на наклонной скамье для плеч (в силовой раме),Shoulders,shoulders,squat_rack,beginner,male,exercises/girl/Shoulders/Barbell Incline Shoulders Press (inside squat cage).mp4
ea_cable_single_arm_reverse_fly,Cable Single Arm Reverse Fly,Разведение рук в стороны одной рукой на блоке (на заднюю дельту),Shoulders,,cable_machine,beginner,male,exercises/girl/Shoulders/Cable Single Arm Reverse Fly.mp4
ea_5_sec_fist_against_chin,5 Sec Fist Against Chin,Сопротивление кулаком подбородку (5 секунд),Stretching - Mobility,,,beginner,male,exercises/girl/Stretching - Mobility/5 Sec Fist Against Chin.mp4
ea_90_to_90_stretch,90 to 90 Stretch,Растяжка 90 на 90,Stretching - Mobility,,,beginner,male,exercises/girl/Stretching - Mobility/90 to 90 Stretch.mp4
ea_abdominal_stretch_version2,Abdominal Stretch ( Version2 ),Растяжка мышц живота (Вариант 2),Stretching - Mobility,core,,beginner,male,exercises/girl/Stretching - Mobility/Abdominal Stretch ( Version2 ).mp4
ea_armless_prayer_stretch,Armless Prayer Stretch,Растяжка молитвы без рук,Stretching - Mobility,shoulders; traps,adjustable_bench,beginner,male,exercises/girl/Stretching - Mobility/Armless Prayer Stretch.mp4
ea_band_warm_up_shoulder_stretch,Band Warm Up Shoulder Stretch,Разминка плеч с резиновой лентой,Stretching - Mobility,shoulders,resistance_bands,beginner,male,exercises/girl/Stretching - Mobility/Band Warm up Shoulder Stretch.mp4
ea_band_bent_over_one_arm_kickback,Band Bent Over One Arm Kickback,Разгибание руки с резиновой лентой в наклоне (одной рукой),Triceps,triceps,resistance_bands,beginner,male,exercises/girl/Triceps/Band Bent over One Arm Kickback.mp4
ea_band_incline_triceps_extension,Band Incline Triceps Extension,Разгибание рук на трицепс с резиновой лентой на наклонной скамье,Triceps,triceps,bench_press,beginner,male,exercises/girl/Triceps/Band Incline Triceps Extension.mp4
ea_band_lying_press_down,Band Lying Press Down,Жим вниз лежа с резиновой лентой,Triceps,,resistance_bands,beginner,male,exercises/girl/Triceps/Band Lying Press Down.mp4
ea_barbell_lying_extension,Barbell Lying Extension,Разгибание рук со штангой лёжа,Triceps,triceps,bench_press,beginner,male,exercises/girl/Triceps/Barbell Lying extension.mp4
ea_barbell_lying_triceps_skull_crusher,Barbell Lying Triceps Skull Crusher,Французский жим со штангой лёжа,Triceps,triceps,bench_press,beginner,male,exercises/girl/Triceps/barbell lying triceps skull crusher.mp4
ea_3_leg_chatarunga_pose,3 Leg Chatarunga Pose,Чатуранга на трёх точках опоры,Yoga,chest; shoulders; triceps,,beginner,male,exercises/girl/Yoga/3 Leg Chatarunga Pose.mp4
ea_3_leg_dog_pose,3 Leg Dog Pose,Собака мордой вниз на трёх точках опоры,Yoga,glutes; hamstrings; shoulders,,beginner,male,exercises/girl/Yoga/3 Leg Dog Pose.mp4
ea_archer_stepback,Archer Stepback,Выпад лучника назад,Yoga,quads; glutes; hamstrings; shoulders,,beginner,male,exercises/girl/Yoga/Archer Stepback.mp4
ea_resistance_band_glute_bridge,Resistance Band Glute Bridge,Ягодичный мост с резиновой лентой,Yoga,glutes,resistance_bands,beginner,male,exercises/girl/Yoga/Resistance Band Glute Bridge.mp4
