id,title,sheet_claim,equipment_seen,confidence,matches_sheet_claim,registry_machine,status,note
ea_180_jump_turns,180 Jump Turns,,none,1.0,,none,confirmed_no_equipment,
ea_3_4_sit_up,3-4 Sit-up,,none,1.0,,none,confirmed_no_equipment,
ea_3_leg_chatarunga_pose,3 Leg Chatarunga Pose,,none,1.0,,none,confirmed_no_equipment,
ea_3_leg_dog_pose,3 Leg Dog Pose,,none,1.0,,none,confirmed_no_equipment,
ea_45_degree_bicycle_twist_knee_to_elbow,45 Degree Bicycle Twist Knee to Elbow,Hyperextension Bench,Hyperextension Bench,1.0,True,Back extension bench,resolved,
ea_45_degree_bicycle_twisting,45 Degree Bicycle Twisting,Hyperextension Bench,Hyperextension Bench,1.0,True,Back extension bench,resolved,
ea_45_degree_bicycle_twisting_crunch,45 Degree Bicycle Twisting Crunch,Hyperextension Bench,Hyperextension Bench,1.0,True,Back extension bench,resolved,
ea_45_degree_hyperextension_arms_in_front_of_chest,45 Degree Hyperextension (arms in Front of Chest),Hyperextension Bench,Hyperextension Bench,1.0,True,Back extension bench,resolved,
ea_45_degree_hyperextension_arms_to_chest,45 Degree Hyperextension Arms to Chest,Hyperextension Bench,Hyperextension Bench,1.0,True,Back extension bench,resolved,
ea_45_degree_side_bend,45 Degree Side Bend,Hyperextension Bench,Hyperextension Bench,1.0,True,Back extension bench,resolved,
ea_45_degree_twisting_hyperextension,45 Degree Twisting Hyperextension,Hyperextension Bench,Hyperextension Bench,1.0,True,Back extension bench,resolved,
ea_45_degrees_step_out,45 Degrees Step Out,,none,1.0,,none,confirmed_no_equipment,
ea_4_corners_curtsy,4 Corners Curtsy,,none,1.0,,none,confirmed_no_equipment,
ea_4_corners_side_step,4 Corners Side Step,,none,1.0,,none,confirmed_no_equipment,
ea_4_punches_side_squat,4 Punches Side Squat,,none,1.0,,none,confirmed_no_equipment,
ea_4_reverse_lunge_and_4_side_taps,4 Reverse Lunge and 4 Side Taps,,none,1.0,,none,confirmed_no_equipment,
ea_5_sec_fist_against_chin,5 Sec Fist Against Chin,,none,1.0,,none,confirmed_no_equipment,
ea_90_degree_heel_touch,90 Degree Heel Touch,,none,1.0,,none,confirmed_no_equipment,
ea_90_degree_heels_touch,90 Degree Heels Touch,,none,1.0,,none,confirmed_no_equipment,
ea_90_to_90_stretch,90 to 90 Stretch,,none,1.0,,none,confirmed_no_equipment,
ea_ab_mat_sit_up,Ab Mat Sit-up,,Ab mat,1.0,,Ab mat,resolved,"batch 3, registry expansion (52->67): "
ea_ab_tuck,Ab Tuck,Dip Station,Dip Station,1.0,True,Dip station,resolved,
ea_ab_wheel_all_the_way_out,AB Wheel All the Way Out,Ab wheel,Ab wheel,1.0,True,Ab wheel,resolved,
ea_ab_wheel_halfway_out,AB Wheel Halfway Out,Ab wheel,Ab wheel,1.0,True,Ab wheel,resolved,
ea_ab_wheel_left_out,AB Wheel Left Out,Ab wheel,Ab wheel,1.0,True,Ab wheel,resolved,
ea_ab_wheel_plank,Ab Wheel Plank,Ab wheel,Ab wheel,1.0,True,Ab wheel,resolved,
ea_ab_wheel_pulses,AB Wheel Pulses,Ab wheel,Ab wheel,1.0,True,Ab wheel,resolved,
ea_ab_wheel_right_out,AB Wheel Right Out,Ab wheel,Ab wheel,1.0,True,Ab wheel,resolved,
ea_ab_wheel_take_it_or_leave_it,AB Wheel Take It or Leave It,Ab roller,Ab roller,1.0,True,Ab wheel,resolved,
ea_abdominal_crunches,Abdominal Crunches,,none,1.0,,none,confirmed_no_equipment,
ea_abdominal_crunches_machine,Abdominal Crunches Machine,,Abdominal crunch machine,1.0,,Ab crunch machine,resolved,
ea_abdominal_crunches_with_hold,Abdominal Crunches with Hold,,none,1.0,,none,confirmed_no_equipment,
ea_abdominal_stretch,Abdominal Stretch,,none,1.0,,none,confirmed_no_equipment,
ea_abdominal_stretch_version2,Abdominal Stretch ( Version2 ),,none,1.0,,none,confirmed_no_equipment,
ea_above_head_chest_stretch,Above Head Chest Stretch,,none,1.0,,none,confirmed_no_equipment,
ea_abs_snails,Abs Snails,,none,1.0,,none,confirmed_no_equipment,
ea_across_chest_shoulder_stretch,Across Chest Shoulder Stretch,,none,1.0,,none,confirmed_no_equipment,
ea_adductor_dynamic_stretch,Adductor Dynamic Stretch,,none,1.0,,none,confirmed_no_equipment,
ea_adductor_stretch,Adductor Stretch,,none,1.0,,none,confirmed_no_equipment,
ea_adductor_stretch_side_standing,Adductor Stretch Side Standing,,none,1.0,,none,confirmed_no_equipment,
ea_agility_ladder_advanced_hop_position,Agility Ladder Advanced Hop Position,,Agility ladder,1.0,,Agility ladder,resolved,"batch 3, registry expansion (52->67): "
ea_agility_ladder_advanced_single_leg,Agility Ladder Advanced Single-leg,,agility ladder,1.0,,Agility ladder,resolved,"batch 3, registry expansion (52->67): "
ea_agility_ladder_advancing_laterally_switching_base,Agility Ladder Advancing Laterally Switching Base,,agility ladder,1.0,,Agility ladder,resolved,"batch 3, registry expansion (52->67): "
ea_agility_ladder_in_in_out_out,Agility Ladder in in Out Out,,agility ladder,1.0,,Agility ladder,resolved,"batch 3, registry expansion (52->67): "
ea_agility_ladder_in_in_out_out_moving_laterally,Agility Ladder in in Out Out Moving Laterally,,agility ladder,1.0,,Agility ladder,resolved,"batch 3, registry expansion (52->67): "
ea_agility_ladder_in_in_out_out_with_knee_lift,Agility Ladder in in Out Out with Knee Lift,,agility ladder,1.0,,Agility ladder,resolved,"batch 3, registry expansion (52->67): "
ea_agility_ladder_lateral_movement_in_in_out,Agility Ladder Lateral Movement in in Out,,agility ladder,1.0,,Agility ladder,resolved,"batch 3, registry expansion (52->67): "
ea_agility_ladder_lateral_movement_with_double_hop,Agility Ladder Lateral Movement with Double Hop,,agility ladder,1.0,,Agility ladder,resolved,"batch 3, registry expansion (52->67): "
ea_agility_ladder_skipping_1_touch,Agility Ladder Skipping 1 Touch,,agility ladder,1.0,,Agility ladder,resolved,"batch 3, registry expansion (52->67): "
ea_agility_ladder_skipping_2_touches,Agility Ladder Skipping 2 Touches,,agility ladder,1.0,,Agility ladder,resolved,"batch 3, registry expansion (52->67): "
ea_air_bike,Air Bike,,none,1.0,,none,confirmed_no_equipment,
ea_air_bike_crunch,Air Bike Crunch,,none,1.0,,none,confirmed_no_equipment,
ea_air_bike_version_2,Air Bike (version 2),,none,1.0,,none,confirmed_no_equipment,
ea_air_punches_march,Air Punches March,,none,1.0,,none,confirmed_no_equipment,
ea_air_swing_running,Air Swing Running,,Air walker / outdoor elliptical machine,0.9,,none,unresolved,
ea_air_swing_side_to_side_swing,Air Swing Side to Side Swing,,outdoor air swing machine,0.9,,none,unresolved,
ea_air_swing_walking,Air Swing Walking,,outdoor air walker machine,0.9,,none,unresolved,
ea_air_twisting_crunch,Air Twisting Crunch,,none,1.0,,none,confirmed_no_equipment,
ea_all_fours_quad_stretch,All Fours Quad Stretch,,none,1.0,,none,confirmed_no_equipment,
ea_alternate_arm_leg_plank,Alternate Arm Leg Plank,,none,1.0,,none,confirmed_no_equipment,
ea_alternate_arm_leg_plank_hold,Alternate Arm Leg Plank Hold,,none,1.0,,none,confirmed_no_equipment,
ea_alternate_arm_leg_plank_rest_pause,Alternate Arm Leg Plank Rest Pause,,none,1.0,,none,confirmed_no_equipment,
ea_alternate_biceps_curl_resistance_band,Alternate Biceps Curl Resistance Band,,resistance bands,1.0,,Resistance bands,resolved,
ea_alternate_biceps_curl_standing_dumbbells,Alternate Biceps Curl Standing Dumbbells,,Dumbbells,1.0,,Dumbbells,resolved,
ea_alternate_front_kick_in_place,Alternate Front Kick in Place,,none,1.0,,none,confirmed_no_equipment,
ea_alternate_hammer_curl_standing_dumbbells,Alternate Hammer Curl Standing Dumbbells,Dumbbells,Dumbbells,1.0,True,Dumbbells,resolved,
ea_alternate_heel_touch_side_kick_squat,Alternate Heel Touch Side Kick Squat,,none,1.0,,none,confirmed_no_equipment,
ea_alternate_heel_touches,Alternate Heel Touches,,none,1.0,,none,confirmed_no_equipment,
ea_alternate_leg_pull,Alternate Leg Pull,,none,1.0,,none,confirmed_no_equipment,
ea_alternate_leg_raise,Alternate Leg Raise,,none,1.0,,none,confirmed_no_equipment,
ea_alternate_leg_raise_from_reverse_plank_position,Alternate Leg Raise From Reverse Plank Position,,none,1.0,,none,confirmed_no_equipment,
ea_alternate_leg_raise_with_head_up,Alternate Leg Raise with Head Up,,none,1.0,,none,confirmed_no_equipment,
ea_alternate_lying_floor_leg_raise,Alternate Lying Floor Leg Raise,,none,1.0,,none,confirmed_no_equipment,
ea_alternate_oblique_crunch,Alternate Oblique Crunch,,none,1.0,,none,confirmed_no_equipment,
ea_alternate_punching,Alternate Punching,,none,1.0,,none,confirmed_no_equipment,
ea_alternate_single_leg_raises_plank,Alternate Single Leg Raises Plank,,none,1.0,,none,confirmed_no_equipment,
ea_alternate_sprinter_lunge,Alternate Sprinter Lunge,,none,1.0,,none,confirmed_no_equipment,
ea_alternate_superman,Alternate Superman,,none,1.0,,none,confirmed_no_equipment,
ea_alternate_toe_tap_leg_lift,Alternate Toe Tap Leg Lift,,none,1.0,,none,confirmed_no_equipment,
ea_alternating_biceps_curl_seated_dumbbells,Alternating Biceps Curl Seated Dumbbells,Dumbbells,"Dumbbells, Weight bench",1.0,True,Weight bench,resolved,
ea_alternating_biceps_hammer_curl_resistance_band,Alternating Biceps Hammer Curl Resistance Band,,resistance bands,1.0,,Resistance bands,resolved,
ea_alternating_hamstring_curl,Alternating Hamstring Curl,,none,1.0,,none,confirmed_no_equipment,
ea_alternating_hamstring_curl_with_punch,Alternating Hamstring Curl with Punch,,none,1.0,,none,confirmed_no_equipment,
ea_alternating_leg_downward_dog,Alternating Leg Downward Dog,,none,1.0,,none,confirmed_no_equipment,
ea_alternating_leg_lifts,Alternating Leg Lifts,,none,1.0,,none,confirmed_no_equipment,
ea_alternating_lunge_with_rotation,Alternating Lunge with Rotation,,none,1.0,,none,confirmed_no_equipment,
ea_alternating_oblique_sit_ups,Alternating Oblique Sit-ups,,none,1.0,,none,confirmed_no_equipment,
ea_alternating_plank_lunge,Alternating Plank Lunge,,none,1.0,,none,confirmed_no_equipment,
ea_alternating_step_out,Alternating Step Out,,none,1.0,,none,confirmed_no_equipment,
ea_alternating_superman,Alternating Superman,,none,1.0,,none,confirmed_no_equipment,
ea_alternating_toe_tap,Alternating Toe Tap,,none,1.0,,none,confirmed_no_equipment,
ea_ankle_circles,Ankle Circles,,none,1.0,,none,confirmed_no_equipment,
ea_ankle_dorsal_flexion,Ankle Dorsal Flexion,,none,1.0,,none,confirmed_no_equipment,
ea_ankle_plantar_flexion,Ankle Plantar Flexion,,none,1.0,,none,confirmed_no_equipment,
ea_ankle_pumps,Ankle Pumps,,none,1.0,,none,confirmed_no_equipment,
ea_archer_pull_up,Archer Pull Up,Pull Up Bar,Pull up bar,1.0,True,Pull-up bar,resolved,
ea_archer_push_up,Archer Push Up,,none,1.0,,none,confirmed_no_equipment,
ea_archer_step_back,Archer Step Back,,none,1.0,,none,confirmed_no_equipment,
ea_archer_stepback,Archer Stepback,,none,1.0,,none,confirmed_no_equipment,
ea_arm_circle,Arm Circle,,none,1.0,,none,confirmed_no_equipment,
ea_arm_circles_backward,Arm Circles Backward,,none,1.0,,none,confirmed_no_equipment,
ea_arm_crossover,Arm Crossover,,none,1.0,,none,confirmed_no_equipment,
ea_arm_crossover_chest_out,Arm Crossover Chest Out,,none,1.0,,none,confirmed_no_equipment,
ea_arm_double_crossover,Arm Double Crossover,,none,1.0,,none,confirmed_no_equipment,
ea_arm_pulses,Arm Pulses,,none,1.0,,none,confirmed_no_equipment,
ea_arm_pulses_cross,Arm Pulses Cross,,none,1.0,,none,confirmed_no_equipment,
ea_arm_pulses_palms_downwards,Arm Pulses Palms Downwards,,none,1.0,,none,confirmed_no_equipment,
ea_arm_pulses_palms_upwards,Arm Pulses Palms Upwards,,none,1.0,,none,confirmed_no_equipment,
ea_arm_rotation_knee_lift,Arm Rotation Knee Lift,,none,1.0,,none,confirmed_no_equipment,
ea_arm_swing_side_to_side,Arm Swing Side to Side,,none,1.0,,none,confirmed_no_equipment,
ea_arm_tuck_side_bend,Arm Tuck Side Bend,,none,1.0,,none,confirmed_no_equipment,
ea_armless_prayer_stretch,Armless Prayer Stretch,,bench,0.9,,Bench (flat / adjustable),resolved,
ea_arms_behind_back_chest_stretch,Arms Behind Back Chest Stretch,,none,1.0,,none,confirmed_no_equipment,
ea_arms_behind_back_shoulder_flexor_stretch,Arms Behind Back Shoulder Flexor Stretch,Yoga Mat,none,1.0,False,none,DISAGREEMENT,
ea_arms_lateral_raise_and_rotation_up,Arms Lateral Raise and Rotation Up,,none,1.0,,none,confirmed_no_equipment,
ea_arms_up_and_down,Arms Up and Down,,none,1.0,,none,confirmed_no_equipment,
ea_arms_wide_chest_stretch,Arms Wide Chest Stretch,,none,1.0,,none,confirmed_no_equipment,
ea_arnold_press_cable_resistance_band_standing,Arnold Press Cable Resistance Band Standing,Resistance Band,Resistance Band,1.0,True,Resistance bands,resolved,
ea_arnold_press_dumbbell,Arnold Press Dumbbell,Dumbbells,"Dumbbells, Adjustable Weight Bench",1.0,True,Weight bench,resolved,
ea_around_the_world_superman_hold,Around the World Superman Hold,,none,1.0,,none,confirmed_no_equipment,
ea_assault_airbike_fast_speed,Assault Airbike Fast Speed,Airbike,Airbike,1.0,True,Air bike,resolved,
ea_assault_airbike_normal_speed,Assault Airbike Normal Speed,Airbike,Airbike,1.0,True,Air bike,resolved,
ea_assault_airbike_sprint_speed,Assault Airbike Sprint Speed,Airbike,Airbike,1.0,True,Air bike,resolved,
ea_assisted_bulgarian_split_squat,Assisted Bulgarian Split Squat,"Box, Barbell","Box, Barbell",1.0,True,Barbell,resolved,
ea_assisted_chin_up_normal_width_reverse_grip,Assisted Chin Up Normal Width Reverse Grip,Assisted Pull Up Machine,Assisted pull-up machine,1.0,True,Assisted pull-up machine,resolved,
ea_assisted_chin_up_on_a_bench,Assisted Chin-up on a Bench,"Bench, Pull Up Bar","Pull-up bar, Bench",1.0,True,Pull-up bar,resolved,
ea_assisted_chin_up_reverse_close_grip,Assisted Chin Up Reverse Close Grip,Assisted Pull Up Machine,Assisted pull-up machine,1.0,True,Assisted pull-up machine,resolved,
ea_assisted_chin_up_reverse_wide_grip,Assisted Chin Up Reverse Wide Grip,Assisted Pull Up Machine,Assisted pull-up machine,1.0,True,Assisted pull-up machine,resolved,
ea_assisted_close_grip_underhand_chin_up,Assisted Close Grip Underhand Chin Up,Assisted Pull Up Machine,Assisted pull-up machine,1.0,True,Assisted pull-up machine,resolved,
ea_assisted_parallel_close_grip_pull_up,Assisted Parallel Close Grip Pull Up,Assisted Pull Up Machine,Assisted pull-up machine,1.0,True,Assisted pull-up machine,resolved,
ea_assisted_pistol_squats,Assisted Pistol Squats,Sturdy Equipment,Squat rack,1.0,True,Squat rack,resolved,
ea_assisted_pull_up,Assisted Pull Up,Assisted Pull Up Machine,Assisted Pull Up Machine,1.0,True,Assisted pull-up machine,resolved,
ea_assisted_pull_up_close_grip,Assisted Pull Up Close Grip,Assisted Pull Up Machine,Assisted pull-up machine,1.0,True,Assisted pull-up machine,resolved,
ea_assisted_pull_up_normal_grip,Assisted Pull Up Normal Grip,Assisted Pull Up Machine,Assisted pull-up machine,1.0,True,Assisted pull-up machine,resolved,
ea_assisted_pull_up_wide_grip,Assisted Pull Up Wide Grip,Assisted Pull Up Machine,Assisted Pull Up Machine,1.0,True,Assisted pull-up machine,resolved,
ea_assisted_sit_up,Assisted Sit-up,,none,1.0,,none,confirmed_no_equipment,
ea_assisted_sit_ups,Assisted Sit Ups,,none,1.0,,none,confirmed_no_equipment,
ea_assisted_weighted_push_up,Assisted Weighted Push Up,,Weight plate,1.0,,Weight plates,resolved,
ea_back_and_forward_leg_swings,Back and Forward Leg Swings,,Squat rack,1.0,,Squat rack,resolved,
ea_back_and_shoulder_stretch,Back and Shoulder Stretch,,bench,1.0,,Bench (flat / adjustable),resolved,
ea_back_extension_machine,Back Extension Machine,Hyperextension Bench,Hyperextension Bench,1.0,True,Back extension bench,resolved,
ea_back_extension_on_exercise_ball,Back Extension on Exercise Ball,Exercise Ball,Exercise Ball,1.0,True,Stability ball,resolved,
ea_back_lever,Back Lever,,power rack and pull-up bar,1.0,,Squat rack,resolved,
ea_back_pec_stretch,Back Pec Stretch,,adjustable weight bench,1.0,,Weight bench,resolved,
ea_back_slaps_wrap_around_stretch,Back Slaps Wrap Around Stretch,,none,1.0,,none,confirmed_no_equipment,
ea_back_squeeze,Back Squeeze,,Plyo box,1.0,,Plyo box,resolved,
ea_back_stretch_dynamic,Back Stretch Dynamic,,adjustable weight bench,1.0,,Bench (flat / adjustable),resolved,
ea_back_stretch_standing_with_bench,Back Stretch Standing with Bench,,adjustable weight bench,1.0,,Weight bench,resolved,
ea_backhand_raise,Backhand Raise,,none,1.0,,none,confirmed_no_equipment,
ea_backward_abdominal_stretch,Backward Abdominal Stretch,,none,1.0,,none,confirmed_no_equipment,
ea_backward_forward_turn_to_side_neck_stretch,Backward Forward Turn to Side Neck Stretch,,none,1.0,,none,confirmed_no_equipment,
ea_balance_board_lateral_squat,Balance Board Lateral Squat,Balance Board,Balance Board,1.0,True,Balance board,resolved,"batch 3, registry expansion (52->67): "
ea_balance_board_version_2,Balance Board (version 2),Balance Board,Balance Board,1.0,True,Balance board,resolved,"batch 3, registry expansion (52->67): "
ea_ball_headlock_squat,Ball Headlock Squat,Exercise Ball,Exercise ball,1.0,True,Stability ball,resolved,
ea_ball_sit_up,Ball Sit-up,Exercise Ball,Exercise Ball,1.0,True,Stability ball,resolved,
ea_ball_slams,Ball Slams,,medicine ball,1.0,,Medicine ball,resolved,
ea_balloon_drill,Balloon Drill,Balloon,Balloon,1.0,True,none,unresolved,
ea_band_assisted_chin_up_from_knee,Band Assisted Chin Up (from Knee),"Pull Up Bar, Resistance Band","Pull up bar, resistance band",1.0,True,Pull-up bar,resolved,
ea_band_behind_neck_shoulder_press,Band Behind Neck Shoulder Press,,resistance band,1.0,,Resistance bands,resolved,
ea_band_bench_press,Band Bench Press,,"weight bench, resistance band",1.0,,Weight bench,resolved,
ea_band_bent_over_hip_extension,Band Bent-over Hip Extension,,"resistance band, squat rack",1.0,,Resistance bands,resolved,
ea_band_bent_over_one_arm_kickback,Band Bent Over One Arm Kickback,,resistance band,1.0,,Resistance bands,resolved,
ea_band_bent_over_row,Band Bent-over Row,Resistance Band,resistance band,1.0,True,Resistance bands,resolved,
ea_band_bicycle_crunch,Band Bicycle Crunch,Resistance Band,"Resistance band, squat rack",1.0,True,Resistance bands,resolved,
ea_band_chest_fly,Band Chest Fly,Resistance Band,"Resistance bands, metal frame",1.0,True,Resistance bands,resolved,
ea_band_close_grip_biceps_curl,Band Close-grip Biceps Curl,Resistance Band,Resistance Band,1.0,True,Resistance bands,resolved,
ea_band_close_grip_row,Band Close Grip Row,Resistance Band,"resistance band, power rack",1.0,True,Resistance bands,resolved,
ea_band_concentration_curl,Band Concentration Curl,Resistance Band,"resistance band, weight bench",1.0,True,Weight bench,resolved,
ea_band_cross_abduction,Band Cross Abduction,Resistance Band,Resistance Band,1.0,True,Resistance bands,resolved,
ea_band_cross_body_one_arm_chest_press,Band Cross Body One Arm Chest Press,,"resistance band, power rack",1.0,,Resistance bands,resolved,
ea_band_cross_chest_biceps_curl,Band Cross Chest Biceps Curl,,"resistance bands, power rack",1.0,,Resistance bands,resolved,
ea_band_deadlift,Band Deadlift,Resistance Band,resistance band,1.0,True,Resistance bands,resolved,
ea_band_decline_sit_up,Band Decline Sit Up,,"Decline bench, resistance band",1.0,,Weight bench,resolved,
ea_band_face_pull,Band Face Pull,,"Resistance band, squat rack",1.0,,Resistance bands,resolved,
ea_band_fixed_back_underhand_pulldown,Band Fixed Back Underhand Pulldown,,"resistance bands, plyo box",1.0,,Resistance bands,resolved,
ea_band_front_face_pull,Band Front Face Pull,,"resistance band, squat rack",1.0,,Resistance bands,resolved,
ea_band_front_raise,Band Front Raise,,resistance band,1.0,,Resistance bands,resolved,
ea_band_high_fly,Band High Fly,,"resistance bands, squat rack",1.0,,Resistance bands,resolved,
ea_band_hip_adduction,Band Hip Adduction,,cable machine with ankle strap,1.0,,Cable machine,resolved,
ea_band_horizontal_shrug,Band Horizontal Shrug,,"Resistance bands, Smith machine",1.0,,Resistance bands,resolved,
ea_band_incline_alternate_hammer_curl,Band Incline Alternate Hammer Curl,,"Resistance band, adjustable weight bench",1.0,,Weight bench,resolved,
ea_band_incline_bench_press,Band Incline Bench Press,,"Resistance bands, incline weight bench",1.0,,Weight bench,resolved,
ea_band_incline_biceps_curl,Band Incline Biceps Curl,,"Incline bench, resistance band",1.0,,Weight bench,resolved,
ea_band_incline_fly,Band Incline Fly,,"Resistance bands, incline weight bench",1.0,,Weight bench,resolved,
ea_band_incline_hammer_curl,Band Incline Hammer Curl,,"Weight bench, resistance band",1.0,,Weight bench,resolved,
ea_band_incline_hammer_press,Band Incline Hammer Press,,"Resistance band, incline weight bench",1.0,,Weight bench,resolved,
ea_band_incline_palms_back_press,Band Incline Palms Back Press,,"Resistance band, incline weight bench",1.0,,Resistance bands,resolved,
ea_band_incline_row,Band Incline Row,,"resistance band, incline bench",1.0,,Weight bench,resolved,
ea_band_incline_t_raise,Band Incline T Raise,,"incline weight bench, resistance band",1.0,,Weight bench,resolved,
ea_band_incline_triceps_extension,Band Incline Triceps Extension,Resistance Band,"Resistance band, incline weight bench",1.0,True,Weight bench,resolved,
ea_band_incline_y_raise,Band Incline Y Raise,,"Incline weight bench, resistance bands",1.0,,Weight bench,resolved,
ea_band_kneeling_crunch,Band Kneeling Crunch,,"Resistance band, squat rack",1.0,,Resistance bands,resolved,
ea_band_kneeling_lat_pulldown,Band Kneeling Lat Pulldown,,"Squat rack, resistance bands, handles",1.0,,Squat rack,resolved,
ea_band_kneeling_preacher_curl,Band Kneeling Preacher Curl,,"resistance band, squat rack",1.0,,Resistance bands,resolved,
ea_band_kneeling_rear_kick,Band Kneeling Rear Kick,,resistance band,1.0,,Resistance bands,resolved,
ea_band_kneeling_single_arm_high_row,Band Kneeling Single Arm High Row,,"Resistance band, Smith machine",1.0,,Smith machine,resolved,
ea_band_leg_press,Band Leg Press,,"Resistance band, Smith machine",1.0,,Resistance bands,resolved,
ea_band_low_alternate_chest_press,Band Low Alternate Chest Press,,"resistance bands, squat rack",1.0,,Resistance bands,resolved,
ea_band_low_chest_fly,Band Low Chest Fly,,"Resistance bands, Squat rack",1.0,,Resistance bands,resolved,
ea_band_low_chest_press,Band Low Chest Press,,"Resistance bands, Squat rack",1.0,,Resistance bands,resolved,
ea_band_lying_press_down,Band Lying Press Down,,"Resistance band, squat rack",1.0,,Resistance bands,resolved,
ea_band_lying_reverse_grip_row,Band Lying Reverse Grip Row,,"Incline bench, resistance bands",1.0,,Weight bench,resolved,
ea_band_pallof_press,Band Pallof Press,,"Resistance band, Squat rack",1.0,,Resistance bands,resolved,
ea_band_palloff_press,Band Palloff Press,,"Resistance band, Squat rack",1.0,,Resistance bands,resolved,
ea_band_prone_incline_curl,Band Prone Incline Curl,,"Resistance bands, adjustable weight bench",1.0,,Weight bench,resolved,
ea_band_prone_incline_hammer_curl,Band Prone Incline Hammer Curl,,"Adjustable weight bench, resistance bands",1.0,,Weight bench,resolved,
ea_band_pull_up,Band Pull Up,,"Squat rack, pull-up bar, resistance band",1.0,,Squat rack,resolved,
ea_band_pullthrough,Band Pullthrough,,"resistance band, smith machine",1.0,,Resistance bands,resolved,
ea_band_push_up,Band Push-up,,resistance band,1.0,,Resistance bands,resolved,
ea_band_reverse_fly,Band Reverse Fly,,"Resistance band, adjustable weight bench",1.0,,Weight bench,resolved,
ea_band_reverse_spider_curl,Band Reverse Spider Curl,,"Resistance bands, adjustable weight bench",1.0,,Weight bench,resolved,
ea_band_rotating_hammer_grip_incline_bench_row,Band Rotating Hammer Grip Incline Bench Row,,"Incline weight bench, resistance bands",1.0,,Weight bench,resolved,
ea_band_seated_lateral_raise,Band Seated Lateral Raise,,"Resistance bands, weight bench",1.0,,Resistance bands,resolved,
ea_band_seated_neutral_grip_shoulders_press,Band Seated Neutral Grip Shoulders Press,,"resistance bands, weight bench",1.0,,Resistance bands,resolved,
ea_band_seated_shoulder_press,Band Seated Shoulder Press,,"resistance bands, weight bench",1.0,,Resistance bands,resolved,
ea_band_side_bend,Band Side Bend,,"Resistance band, Squat rack",1.0,,Resistance bands,resolved,
ea_band_single_arm_overhead_press,Band Single Arm Overhead Press,,resistance band,1.0,,Resistance bands,resolved,
ea_band_single_arm_pec_fly,Band Single Arm Pec Fly,,"Resistance band, squat rack",1.0,,Resistance bands,resolved,
ea_band_single_leg_split_squat,Band Single Leg Split Squat,,"resistance band, weight bench",1.0,,Resistance bands,resolved,
ea_band_skullcrusher,Band Skullcrusher,,"Resistance band, Smith machine",1.0,,Smith machine,resolved,
ea_band_spanish_split_squat,Band Spanish Split Squat,,"Resistance band, Smith machine",1.0,,Resistance bands,resolved,
ea_band_squat_row,Band Squat Row,,"Resistance band, Smith machine",1.0,,Resistance bands,resolved,
ea_band_standing_leg_curl,Band Standing Leg Curl,,"Resistance band, squat rack",1.0,,Resistance bands,resolved,
ea_band_standing_rear_delt_row,Band Standing Rear Delt Row,,"resistance band, squat rack",1.0,,Resistance bands,resolved,
ea_band_triceps_pushdown_single_arm,Band Triceps Pushdown Single Arm,,"Resistance band, Squat rack",1.0,,Resistance bands,resolved,
ea_band_two_legs_calf_raise_band_under_both_legs_version_2,Band Two Legs Calf Raise - (band Under Both Legs) Version 2,,resistance bands,1.0,,Resistance bands,resolved,
ea_band_warm_up_shoulder_stretch,Band Warm Up Shoulder Stretch,,resistance band,1.0,,Resistance bands,resolved,
ea_band_wrist_curl_single_arm,Band Wrist Curl Single Arm,,"resistance band, weight bench",1.0,,Resistance bands,resolved,
ea_band_y_raise,Band Y Raise,,"Resistance band, squat rack",1.0,,Resistance bands,resolved,
ea_banded_feet_elevated_hip_thrusters,Banded Feet Elevated Hip Thrusters,,"Resistance band, plyo box",1.0,,Resistance bands,resolved,
ea_barbell_alternate_biceps_curl,Barbell Alternate Biceps Curl,,barbell,1.0,,Barbell,resolved,
ea_barbell_back_wide_shrug,Barbell Back Wide Shrug,Barbell,Barbell,1.0,True,Barbell,resolved,
ea_barbell_back_wide_shrugs,Barbell Back Wide Shrugs,Barbell,Barbell,1.0,True,Barbell,resolved,
ea_barbell_behind_neck_push_press,Barbell Behind Neck Push Press,Barbell,Barbell,1.0,True,Barbell,resolved,
ea_barbell_behind_the_back_push_press_single_arm_balance,Barbell Behind the Back Push Press Single Arm Balance,Barbell,Barbell,1.0,True,Barbell,resolved,
ea_barbell_bench_lateral_step_up,Barbell Bench Lateral Step-up,Bench,"Barbell, Weight plates, Bench",1.0,True,Barbell,resolved,
ea_barbell_bench_press,Barbell Bench Press,Barbell,"Barbell, Weight plates, Weight bench",1.0,True,Weight bench,resolved,
ea_barbell_bench_press_decline,Barbell Bench Press Decline,Barbell,"Barbell, decline weight bench",1.0,True,Weight bench,resolved,
ea_barbell_bench_press_incline,Barbell Bench Press Incline,Barbell,"Barbell, Incline Weight Bench",1.0,True,Weight bench,resolved,
ea_barbell_bench_squats,Barbell Bench Squats,Barbell,"Barbell, Weight bench",1.0,True,Weight bench,resolved,
ea_barbell_bent_over_reverse_raise_skier,Barbell Bent Over Reverse Raise (skier),Barbell,Barbell,1.0,True,Barbell,resolved,
ea_barbell_bent_over_row_pronated_grip,Barbell Bent Over Row Pronated Grip,Barbell,Barbell,1.0,True,Barbell,resolved,
ea_barbell_bent_over_row_supinated_grip,Barbell Bent Over Row Supinated Grip,Barbell,Barbell,1.0,True,Barbell,resolved,
ea_barbell_bicep_curl_close_grip,Barbell Bicep Curl Close Grip,Barbell,Barbell,1.0,True,Barbell,resolved,
ea_barbell_bicep_curl_normal_grip,Barbell Bicep Curl Normal Grip,Barbell,Barbell,1.0,True,Barbell,resolved,
ea_barbell_bicep_curl_wide_grip,Barbell Bicep Curl Wide Grip,Barbell,Barbell,1.0,True,Barbell,resolved,
ea_barbell_biceps_curl,Barbell Biceps Curl,Barbell,Barbell,1.0,True,Barbell,resolved,
ea_barbell_box_squat,Barbell Box Squat,Barbell,"Barbell, Plyo box",1.0,True,Squat rack,resolved,
ea_barbell_bulgarian_split_squat,Barbell Bulgarian Split Squat,Barbell,"Barbell, Weight plates, Weight bench",1.0,True,Barbell,resolved,
ea_barbell_bulgarian_split_squat_left_front_back_view,Barbell Bulgarian Split Squat Left Front-back View,Barbell,"Barbell, Plyo box",1.0,True,Barbell,resolved,
ea_barbell_bulgarian_split_squat_left_side_view,Barbell Bulgarian Split Squat Left Side View,Barbell,"Barbell, Plyo box",1.0,True,Barbell,resolved,
ea_barbell_calf_jump,Barbell Calf Jump,Barbell,Barbell,1.0,True,Barbell,resolved,
ea_barbell_clean_and_jerk,Barbell Clean and Jerk,Barbell,Barbell,1.0,True,Barbell,resolved,
ea_barbell_clean_and_jerk_split_squat,Barbell Clean and Jerk Split Squat,Barbell,Barbell,1.0,True,Barbell,resolved,
ea_barbell_clean_and_press,Barbell Clean and Press,Barbell,Barbell,1.0,True,Barbell,resolved,
ea_barbell_clean_deadlift,Barbell Clean Deadlift,Barbell,Barbell,1.0,True,Barbell,resolved,
ea_barbell_clean_grip_front_squat,Barbell Clean Grip Front Squat,Barbell,Barbell,1.0,True,Barbell,resolved,
ea_barbell_clean_pull,Barbell Clean Pull,Barbell,Barbell,1.0,True,Barbell,resolved,
ea_barbell_close_grip_press,Barbell Close Grip Press,Barbell,"Barbell, Weight bench, Weight plates",1.0,True,Weight bench,resolved,
ea_barbell_coan_deadlift,Barbell Coan Deadlift,,barbell,1.0,,Barbell,resolved,
ea_barbell_curl,Barbell Curl,Barbell,Barbell,1.0,True,Barbell,resolved,
ea_barbell_curtsy_lunges,Barbell Curtsy Lunges,Barbell,Barbell,1.0,True,Barbell,resolved,
ea_barbell_deadlift,Barbell Deadlift,Barbell,Barbell,1.0,True,Barbell,resolved,
ea_barbell_deadlift_360_degrees,Barbell Deadlift 360 Degrees,Barbell,Barbell,1.0,True,Barbell,resolved,
ea_barbell_deadlift_front_pov,Barbell Deadlift (front POV),Barbell,Barbell,1.0,True,Barbell,resolved,
ea_barbell_deadlift_high_pull,Barbell Deadlift High Pull,Barbell,Barbell,1.0,True,Barbell,resolved,
ea_barbell_deadlift_side_pov,Barbell Deadlift (side POV),Barbell,Barbell,1.0,True,Barbell,resolved,
ea_barbell_decline_shrug,Barbell Decline Shrug,Barbell,"Barbell, Weight bench",1.0,True,Weight bench,resolved,
ea_barbell_drag_biceps_curl,Barbell Drag Biceps Curl,Barbell,Barbell,1.0,True,Barbell,resolved,
ea_barbell_drag_curl,Barbell Drag Curl,Barbell,Barbell,1.0,True,Barbell,resolved,
ea_barbell_feet_elevated_figure_four_glute_bridge,Barbell Feet Elevated Figure Four Glute Bridge,"Barbell, Box","Barbell, Box",1.0,True,Barbell,resolved,
ea_barbell_feet_elevated_glute_bridge,Barbell Feet Elevated Glute Bridge,"Barbell, Box","Barbell, Box",1.0,True,Barbell,resolved,
ea_barbell_feet_elevated_single_leg_glute_bridge,Barbell Feet Elevated Single Leg Glute Bridge,"Barbell, Box","Barbell, Weight plates, Box",1.0,True,Barbell,resolved,
ea_barbell_feet_elevated_staggered_glute_bridge,Barbell Feet Elevated Staggered Glute Bridge,"Barbell, Box","Barbell, Box",1.0,True,Barbell,resolved,
ea_barbell_floor_chest_press,Barbell Floor Chest Press,Barbell,Barbell,1.0,True,Barbell,resolved,
ea_barbell_front_bench_squat,Barbell Front Bench Squat,Barbell,"Barbell, Weight Plates, Bench",1.0,True,Bench (flat / adjustable),resolved,
ea_barbell_front_chest_bench_squat,Barbell Front Chest Bench Squat,Barbell,"Barbell, Weight plates, Weight bench",1.0,True,Weight bench,resolved,
ea_barbell_front_chest_lunges,Barbell Front Chest Lunges,Barbell,Barbell,1.0,True,Barbell,resolved,
ea_barbell_front_chest_squat,Barbell Front Chest Squat,Barbell,Barbell,1.0,True,Squat rack,resolved,
ea_barbell_front_lunges_with_small_pause,Barbell Front Lunges with Small Pause,Barbell,Barbell,1.0,True,Barbell,resolved,
ea_barbell_front_rack_lunge,Barbell Front Rack Lunge,Barbell,Barbell,1.0,True,Barbell,resolved,
ea_barbell_front_squats,Barbell Front Squats,Barbell,Barbell,1.0,True,Squat rack,resolved,
ea_barbell_full_clean,Barbell Full Clean,Barbell,Barbell,1.0,True,Barbell,resolved,
ea_barbell_full_squat,Barbell Full Squat,Barbell,Barbell,1.0,True,Squat rack,resolved,
ea_barbell_full_squat_back,Barbell Full Squat(back),Barbell,Barbell,1.0,True,Squat rack,resolved,
ea_barbell_full_squat_side_pov,Barbell Full Squat Side Pov,Barbell,Barbell,1.0,True,Squat rack,resolved,
ea_barbell_full_squat_wide,Barbell Full Squat Wide,Barbell,Barbell,1.0,True,Squat rack,resolved,
ea_barbell_full_squat_with_rack,Barbell Full Squat(with Rack),Barbell,"Smith machine, barbell, weight plates",1.0,True,Smith machine,resolved,
ea_barbell_full_zercher_squat,Barbell Full Zercher Squat,Barbell,Barbell,1.0,True,Barbell,resolved,
ea_barbell_glute_bridge,Barbell Glute Bridge,Barbell,Barbell,1.0,True,Barbell,resolved,
ea_barbell_glute_bridge_hands_on_bar,Barbell Glute Bridge (hands on Bar),Barbell,Barbell,1.0,True,Barbell,resolved,
ea_barbell_good_morning,Barbell Good Morning,Barbell,Barbell,1.0,True,Barbell,resolved,
ea_barbell_hang_clean,Barbell Hang Clean,,barbell and weight plates,1.0,,Barbell,resolved,
ea_barbell_hip_thrust,Barbell Hip Thrust,Barbell,"Barbell, weight plates, weight bench, plyo box",1.0,True,Weight bench,resolved,
ea_barbell_hooklying_bench_press,Barbell Hooklying Bench Press,,"Barbell, Weight plates, Weight bench",1.0,,Weight bench,resolved,
ea_barbell_hooklying_bench_press_close_elbows,Barbell Hooklying Bench Press Close Elbows,,Barbell and weight bench,1.0,,Weight bench,resolved,
ea_barbell_incline_shoulders_press,Barbell Incline Shoulders Press,Barbell,"Barbell, Weight Plates, Weight Bench",1.0,True,Weight bench,resolved,
ea_barbell_incline_shoulders_press_inside_squat_cage,Barbell Incline Shoulders Press (inside Squat Cage),Barbell,"Barbell, Squat Cage, Weight Bench, Weight Plates",1.0,True,Squat rack,resolved,
ea_barbell_inclined_bench_press,Barbell Inclined Bench Press,Barbell,"Barbell, Weight bench",1.0,True,Weight bench,resolved,
ea_barbell_jefferson_split_squat,Barbell Jefferson Split Squat,Barbell,Barbell,1.0,True,Barbell,resolved,
ea_barbell_jefferson_squat,Barbell Jefferson Squat,Barbell,Barbell,1.0,True,Barbell,resolved,
ea_barbell_jm_bench_press,Barbell JM Bench Press,Barbell,"Barbell, Weight bench, Weight plates",1.0,True,Weight bench,resolved,
ea_barbell_jump_shrug,Barbell Jump Shrug,,barbell,1.0,,Barbell,resolved,
ea_barbell_jump_squat,Barbell Jump Squat,Barbell,Barbell,1.0,True,Barbell,resolved,
ea_barbell_kas_glute_bridge,Barbell KAS Glute Bridge,Barbell,"Barbell, Plyo box",1.0,True,Barbell,resolved,
ea_barbell_kneeling_squat,Barbell Kneeling Squat,Barbell,"Barbell, Weight plates, Weight bench",1.0,True,Weight bench,resolved,
ea_barbell_landmine_chest_press,Barbell Landmine Chest Press,,"Barbell, Weight plate, Landmine attachment",1.0,,Barbell,resolved,
ea_barbell_landmine_side_bend,Barbell Landmine Side Bend,,barbell,1.0,,Barbell,resolved,
ea_barbell_lap_curl,Barbell Lap Curl,Barbell,"Barbell, Weight bench",1.0,True,Weight bench,resolved,
ea_barbell_larsen_bench_press,Barbell Larsen Bench Press,,"Barbell, Weight plates, Weight bench",1.0,,Weight bench,resolved,
ea_barbell_lateral_lunges,Barbell Lateral Lunges,Barbell,Barbell,1.0,True,Barbell,resolved,
ea_barbell_long_landmine_row,Barbell Long Landmine Row,,"barbell, weight plates",1.0,,Barbell,resolved,
ea_barbell_low_bar_squat,Barbell Low Bar Squat,Barbell,Barbell,1.0,True,Squat rack,resolved,
ea_barbell_lunges,Barbell Lunges,Barbell,Barbell,1.0,True,Barbell,resolved,
ea_barbell_lunges_on_the_spot,Barbell Lunges on the Spot,Barbell,Barbell,1.0,True,Barbell,resolved,
ea_barbell_lying_extension,Barbell Lying Extension,Barbell,"Barbell, Weight bench",1.0,True,Weight bench,resolved,
ea_barbell_lying_row,Barbell Lying Row,Barbell,"Barbell, Weight bench",1.0,True,Weight bench,resolved,
ea_barbell_lying_triceps_extension,Barbell Lying Triceps Extension,Barbell,"Barbell, Weight bench",1.0,True,Weight bench,resolved,
ea_barbell_lying_triceps_skull_crusher,Barbell Lying Triceps Skull Crusher,Barbell,"Barbell, Weight bench",1.0,True,Weight bench,resolved,
ea_barbell_lying_triceps_skull_crushers,Barbell Lying Triceps Skull Crushers,Barbell,"Barbell, Weight bench",1.0,True,Weight bench,resolved,
ea_barbell_meadows_row,Barbell Meadows Row,,"barbell, weight plates",1.0,,Barbell,resolved,
ea_barbell_muscle_clean,Barbell Muscle Clean,Barbell,Barbell,1.0,True,Barbell,resolved,
ea_barbell_narrow_stance_full_squat,Barbell Narrow Stance Full Squat,Barbell,Barbell,1.0,True,Squat rack,resolved,
ea_barbell_narrow_stance_squat,Barbell Narrow Stance Squat,Barbell,Barbell,1.0,True,Squat rack,resolved,
ea_barbell_one_arm_single_deadlift,Barbell One Arm Single Deadlift,Barbell,Barbell,1.0,True,Barbell,resolved,
ea_barbell_one_leg_hip_thrust,Barbell One Leg Hip Thrust,Barbell,"Barbell, Weight plates, Weight bench",1.0,True,Weight bench,resolved,
ea_barbell_overhead_lunges,Barbell Overhead Lunges,Barbell,Barbell,1.0,True,Barbell,resolved,
ea_barbell_overhead_shrug,Barbell Overhead Shrug,Barbell,Barbell,1.0,True,Barbell,resolved,
ea_barbell_overhead_squat,Barbell Overhead Squat,Barbell,Barbell,1.0,True,Barbell,resolved,
ea_barbell_palm_down_wrist_curl_over_a_bench,Barbell Palm Down Wrist Curl Over a Bench,Barbell,"Barbell, Weight bench",1.0,True,Weight bench,resolved,
ea_barbell_pause_incline_bench_press,Barbell Pause Incline Bench Press,Barbell,"Barbell, Weight Bench",1.0,True,Weight bench,resolved,
ea_barbell_pause_lunge,Barbell Pause Lunge,Barbell,Barbell,1.0,True,Barbell,resolved,
ea_barbell_pendlay_row,Barbell Pendlay Row,Barbell,Barbell,1.0,True,Barbell,resolved,
ea_barbell_power_clean,Barbell Power Clean,Barbell,Barbell,1.0,True,Barbell,resolved,
ea_barbell_power_clean_from_blocks,Barbell Power Clean From Blocks,Barbell,"Barbell, Weight plates, Blocks",1.0,True,Barbell,resolved,
ea_barbell_power_jerk,Barbell Power Jerk,Barbell,Barbell,1.0,True,Barbell,resolved,
ea_barbell_power_snatch,Barbell Power Snatch,Barbell,Barbell,1.0,True,Barbell,resolved,
ea_barbell_preacher_curl,Barbell Preacher Curl,Barbell,"Barbell, Preacher curl bench",1.0,True,Preacher curl bench,resolved,
ea_barbell_press_under,Barbell Press Under,,barbell,1.0,,Barbell,resolved,
ea_barbell_pullover_to_triceps_extension,Barbell Pullover to Triceps Extension,Barbell,"Barbell, Weight bench",1.0,True,Weight bench,resolved,
ea_barbell_push_bent_over_row,Barbell Push Bent Over Row,Barbell,Barbell,1.0,True,Barbell,resolved,
ea_barbell_quarter_squat,Barbell Quarter Squat,Barbell,Barbell,1.0,True,Squat rack,resolved,
ea_barbell_rack_pull,Barbell Rack Pull,Barbell,"Barbell, Weight plates, Squat rack",1.0,True,Squat rack,resolved,
ea_barbell_rear_delt_raise,Barbell Rear Delt Raise,Barbell,Barbell,1.0,True,Barbell,resolved,
ea_barbell_rear_lunge_on_box,Barbell Rear Lunge on Box,Barbell,"Barbell, Weight plates, Box",1.0,True,Barbell,resolved,
ea_barbell_rear_lunges,Barbell Rear Lunges,Barbell,Barbell,1.0,True,Barbell,resolved,
ea_barbell_reverse_biceps_curl,Barbell Reverse Biceps Curl,Barbell,Barbell,1.0,True,Barbell,resolved,
ea_barbell_reverse_close_grip_bench_press,Barbell Reverse Close Grip Bench Press,Barbell,"Barbell, Weight Bench",1.0,True,Weight bench,resolved,
ea_barbell_reverse_deadlift,Barbell Reverse Deadlift,,barbell,1.0,,Barbell,resolved,
ea_barbell_reverse_grip_bench_press,Barbell Reverse Grip Bench Press,Barbell,"Barbell, weight bench, weight plates",1.0,True,Weight bench,resolved,
ea_barbell_reverse_grip_bent_over_row,Barbell Reverse Grip Bent Over Row,Barbell,Barbell,1.0,True,Barbell,resolved,
ea_barbell_reverse_spider_curl,Barbell Reverse Spider Curl,Barbell,"Barbell, Weight bench",1.0,True,Weight bench,resolved,
ea_barbell_rollout,Barbell Rollout,Barbell,Barbell,1.0,True,Barbell,resolved,
ea_barbell_seated_behind_neck_military_press,Barbell Seated Behind Neck Military Press,Barbell,"Barbell, Weight bench",1.0,True,Weight bench,resolved,
ea_barbell_seated_concentration_biceps_curl,Barbell Seated Concentration Biceps Curl,Barbell,"Barbell, Weight bench",1.0,True,Weight bench,resolved,
ea_barbell_seated_good_morning,Barbell Seated Good Morning,Barbell,"Barbell, Weight plates, Weight bench",1.0,True,Weight bench,resolved,
ea_barbell_seated_military_press,Barbell Seated Military Press,Barbell,"Barbell, Weight plates, Squat rack, Weight bench",1.0,True,Squat rack,resolved,
ea_barbell_seated_on_knee_calve_raises,Barbell Seated on Knee Calve Raises,Barbell,"Barbell, Weight bench",1.0,True,Weight bench,resolved,
ea_barbell_seated_overhead_press,Barbell Seated Overhead Press,Barbell,"Barbell, Weight bench",1.0,True,Weight bench,resolved,
ea_barbell_seated_overhead_triceps_press,Barbell Seated Overhead Triceps Press,Barbell,"Barbell, Weight plates, Weight bench",1.0,True,Weight bench,resolved,
ea_barbell_seated_twist,Barbell Seated Twist,Barbell,"Barbell, Weight bench",1.0,True,Weight bench,resolved,
ea_barbell_seated_twist_on_exercise_ball,Barbell Seated Twist on Exercise Ball,Barbell,"Barbell, Stability ball, Weight plates",1.0,True,Barbell,resolved,
ea_barbell_shrugs,Barbell Shrugs,Barbell,Barbell,1.0,True,Barbell,resolved,
ea_barbell_side_bends,Barbell Side Bends,Barbell,Barbell,1.0,True,Barbell,resolved,
ea_barbell_side_split_squat,Barbell Side Split Squat,Barbell,Barbell,1.0,True,Barbell,resolved,
ea_barbell_side_step_up,Barbell Side Step Up,"Box, Barbell","Barbell, Box",1.0,True,Barbell,resolved,
ea_barbell_silverback_shrug,Barbell Silverback Shrug,,barbell,1.0,,Barbell,resolved,
ea_barbell_single_arm_biceps_curl,Barbell Single Arm Biceps Curl,Barbell,Barbell,1.0,True,Barbell,resolved,
ea_barbell_single_leg_deadlift,Barbell Single Leg Deadlift,Barbell,Barbell,1.0,True,Barbell,resolved,
ea_barbell_single_leg_split_squat,Barbell Single Leg Split Squat,Barbell,"Barbell, Weight plates, Weight bench",1.0,True,Weight bench,resolved,
ea_barbell_situp,Barbell Situp,,barbell,1.0,,Barbell,resolved,
ea_barbell_smith_chest_press,Barbell Smith Chest Press,Smith machine,"Smith machine, weight bench, weight plates",1.0,True,Smith machine,resolved,
ea_barbell_snatch,Barbell Snatch,Barbell,Barbell,1.0,True,Barbell,resolved,
ea_barbell_snatch_balance,Barbell Snatch Balance,Barbell,"Barbell, Weight plates",1.0,True,Barbell,resolved,
ea_barbell_snatch_deadlift_close_grip,Barbell Snatch Deadlift Close Grip,Barbell,Barbell,1.0,True,Barbell,resolved,
ea_barbell_snatch_deadlift_wide_grip,Barbell Snatch Deadlift Wide Grip,Barbell,Barbell,1.0,True,Barbell,resolved,
ea_barbell_snatch_from_blocks,Barbell Snatch From Blocks,Barbell,"Barbell, Weight plates, Blocks",1.0,True,Barbell,resolved,
ea_barbell_snatch_pull,Barbell Snatch Pull,Barbell,Barbell,1.0,True,Barbell,resolved,
ea_barbell_split_clean,Barbell Split Clean,Barbell,Barbell,1.0,True,Barbell,resolved,
ea_barbell_split_jerk,Barbell Split Jerk,Barbell,Barbell,1.0,True,Barbell,resolved,
ea_barbell_split_squat,Barbell Split Squat,Barbell,Barbell,1.0,True,Squat rack,resolved,
ea_barbell_spoto_press,Barbell Spoto Press,,"Barbell, Weight plates, Weight bench",1.0,,Weight bench,resolved,
ea_barbell_squat_back_pov,Barbell Squat Back POV,,barbell and weight plates,1.0,,Squat rack,resolved,
ea_barbell_squat_to_grass,Barbell Squat to Grass,Barbell,Barbell,1.0,True,Squat rack,resolved,
ea_barbell_squat_with_2_sec_hold,Barbell Squat with 2 Sec Hold,Barbell,Barbell,1.0,True,Squat rack,resolved,
ea_barbell_staggered_deadlift,Barbell Staggered Deadlift,Barbell,Barbell,1.0,True,Barbell,resolved,
ea_barbell_standing_back_wrist_curl,Barbell Standing Back Wrist Curl,Barbell,Barbell,1.0,True,Barbell,resolved,
ea_barbell_standing_close_grip_curl,Barbell Standing Close Grip Curl,Barbell,Barbell,1.0,True,Barbell,resolved,
ea_barbell_standing_close_grip_military_press,Barbell Standing Close Grip Military Press,Barbell,Barbell,1.0,True,Barbell,resolved,
ea_barbell_standing_concentration_curl,Barbell Standing Concentration Curl,Barbell,Barbell,1.0,True,Barbell,resolved,
ea_barbell_standing_leg_calf_raises,Barbell Standing Leg Calf Raises,Barbell,"Barbell, Weight plates, Step platform",1.0,True,Barbell,resolved,
ea_barbell_standing_military_press,Barbell Standing Military Press,Barbell,Barbell,1.0,True,Barbell,resolved,
ea_barbell_standing_overhead_triceps_extension,Barbell Standing Overhead Triceps Extension,Barbell,Barbell,1.0,True,Barbell,resolved,
ea_barbell_standing_shoulder_press,Barbell Standing Shoulder Press,Barbell,Barbell,1.0,True,Barbell,resolved,
ea_barbell_standing_twist,Barbell Standing Twist,Barbell,Barbell,1.0,True,Barbell,resolved,
ea_barbell_standing_wide_grip_biceps_curls,Barbell Standing Wide Grip Biceps Curls,Barbell,Barbell,1.0,True,Barbell,resolved,
ea_barbell_standing_wide_grip_military_press,Barbell Standing Wide Grip Military Press,Barbell,Barbell,1.0,True,Barbell,resolved,
ea_barbell_step_up_balance_on_box,Barbell Step Up Balance on Box,Barbell,"Barbell, Plyo box",1.0,True,Barbell,resolved,
ea_barbell_step_up_on_bench,Barbell Step Up on Bench,Barbell,"Barbell, Weight plates, Bench",1.0,True,Barbell,resolved,
ea_barbell_stiff_leg_deadlift,Barbell Stiff Leg Deadlift,Barbell,Barbell,1.0,True,Barbell,resolved,
ea_barbell_straight_leg_deadlift,Barbell Straight Leg Deadlift,Barbell,Barbell,1.0,True,Barbell,resolved,
ea_barbell_sumo_deadlift,Barbell Sumo Deadlift,Barbell,Barbell,1.0,True,Barbell,resolved,
ea_barbell_sumo_romanian_deadlift,Barbell Sumo Romanian Deadlift,Barbell,Barbell,1.0,True,Barbell,resolved,
ea_barbell_thruster,Barbell Thruster,Barbell,Barbell,1.0,True,Barbell,resolved,
ea_barbell_underhand_bent_over_row,Barbell Underhand Bent Over Row,Barbell,Barbell,1.0,True,Barbell,resolved,
ea_barbell_wide_bench_press,Barbell Wide Bench Press,Barbell,"Barbell, Weight bench",1.0,True,Weight bench,resolved,
ea_barbell_wide_grip_biceps_curl,Barbell Wide Grip Biceps Curl,Barbell,Barbell,1.0,True,Barbell,resolved,
ea_barbell_wide_grip_upright_row,Barbell Wide Grip Upright Row,Barbell,Barbell,1.0,True,Barbell,resolved,
ea_barbell_wide_shrug,Barbell Wide Shrug,Barbell,Barbell,1.0,True,Barbell,resolved,
ea_barbell_wrist_curl_on_knees,Barbell Wrist Curl on Knees,Barbell,"Barbell, Weight bench",1.0,True,Weight bench,resolved,
ea_barbell_wrist_curl_wide_legs,Barbell Wrist Curl Wide Legs,Barbell,"Barbell, Weight bench",1.0,True,Weight bench,resolved,
ea_barbell_wrist_extension_on_knees,Barbell Wrist Extension on Knees,Barbell,"Barbell, Weight bench",1.0,True,Weight bench,resolved,
ea_barbell_z_press,Barbell Z Press,Barbell,Barbell,1.0,True,Barbell,resolved,
ea_barbell_zercher_good_morning,Barbell Zercher Good Morning,,"barbell, weight plates",1.0,,Barbell,resolved,
ea_basic_toe_touch,Basic Toe Touch,,none,1.0,,none,confirmed_no_equipment,
ea_basketball_shot_jump,Basketball Shot Jump,,none,1.0,,none,confirmed_no_equipment,
ea_battle_rope_alternating_arm_waves,Battle Rope Alternating Arm Waves,,Battle ropes,1.0,,Battle ropes,resolved,
ea_battle_rope_double_arm_slams,Battle Rope Double Arm Slams,,Battle ropes,1.0,,Battle ropes,resolved,
ea_bear_crawls,Bear Crawls,,none,1.0,,none,confirmed_no_equipment,
ea_behind_neck_lat_pull_down_machine,Behind Neck Lat Pull Down Machine,Lat Pull Down Machine (Cable),Lat pulldown machine,1.0,True,Lat pulldown,resolved,
ea_behind_neck_press_resistance_band_cable,Behind Neck Press Resistance Band Cable,Resistance Band,resistance band,1.0,True,Resistance bands,resolved,
ea_bench_alternating_step_ups,Bench Alternating Step Ups,,weight bench,1.0,,Weight bench,resolved,
ea_bench_bulgarian_split_squats_left,Bench Bulgarian Split Squats Left,,weight bench,1.0,,Weight bench,resolved,
ea_bench_bulgarian_split_squats_right,Bench Bulgarian Split Squats Right,,weight bench,1.0,,Weight bench,resolved,
ea_bench_decline_ab_sit_ups,Bench Decline Ab Sit-ups,,decline bench,1.0,,Weight bench,resolved,
ea_bench_dip_knees_bent,Bench Dip (knees Bent),,Weight bench,1.0,,Weight bench,resolved,
ea_bench_dip_on_floor,Bench Dip on Floor,,Weight bench,1.0,,Weight bench,resolved,
ea_bench_knee_tucks,Bench Knee Tucks,,Weight bench,1.0,,Weight bench,resolved,
ea_bench_pull_ups,Bench Pull-ups,Pull Up Bar,"Pull-up bar, Weight bench",1.0,True,Pull-up bar,resolved,
ea_bench_reverse_plank_hold,Bench Reverse Plank Hold,,Weight bench,1.0,,Weight bench,resolved,
ea_bench_triceps_dip_leg_curls,Bench Triceps Dip Leg Curls,,Weight bench,1.0,,Weight bench,resolved,
ea_bench_triceps_dip_straight_legs,Bench Triceps Dip Straight Legs,,weight bench,1.0,,Weight bench,resolved,
ea_bent_arm_chest_stretch,Bent Arm Chest Stretch,,wall,1.0,,none,unresolved,
ea_bent_knee_back_to_side_kick,Bent Knee Back to Side Kick,,none,1.0,,none,confirmed_no_equipment,
ea_bent_knee_lying_twist,Bent Knee Lying Twist,,none,1.0,,none,confirmed_no_equipment,
ea_bent_knee_lying_twist_on_stability_ball,Bent Knee Lying Twist (on Stability Ball),Exercise Ball,Stability ball,1.0,True,Stability ball,resolved,
ea_bent_leg_side_kick_kneeling,Bent Leg Side Kick (kneeling),,none,1.0,,none,confirmed_no_equipment,
ea_bent_over_barbell_row,Bent Over Barbell Row,Barbell,Barbell,1.0,True,Barbell,resolved,
ea_bent_over_rear_delt_fly_dumbbell,Bent Over Rear Delt Fly Dumbbell,Dumbbells,Dumbbells,1.0,True,Dumbbells,resolved,
ea_bent_over_rear_deltoid_fly_resistance_band,Bent Over Rear Deltoid Fly Resistance Band,Resistance Band,Resistance Band,1.0,True,Resistance bands,resolved,
ea_bent_over_row_resistance_band,Bent Over Row Resistance Band,Resistance Band,Resistance Band,1.0,True,Resistance bands,resolved,
ea_bent_over_row_with_bar,Bent-over Row with Bar,Bar,Bar,1.0,True,Barbell,resolved,
ea_bent_over_twist,Bent Over Twist,,barbell,1.0,,Barbell,resolved,
ea_bicep_curl_low_cable_machine_normal_grip,Bicep Curl Low Cable Machine Normal Grip,Crossover machine,Crossover machine,1.0,True,Cable machine,resolved,
ea_biceps_curl_cable,Biceps Curl Cable,Cable Pulley Machine,Cable Pulley Machine,1.0,True,Cable machine,resolved,
ea_biceps_curl_cable_wide_grip,Biceps Curl Cable Wide Grip,Cable Pulley Machine,Cable Pulley Machine,1.0,True,Cable machine,resolved,
ea_biceps_curl_cable_wide_grip_crossover_machine,Biceps Curl Cable Wide Grip Crossover Machine,Cable Pulley Machine,Cable Pulley Machine,1.0,True,Cable machine,resolved,
ea_biceps_curl_front_step,Biceps Curl Front Step,,none,1.0,,none,confirmed_no_equipment,
ea_biceps_curl_resistance_band,Biceps Curl Resistance Band,Resistance Band,Resistance Band,1.0,True,Resistance bands,resolved,
ea_biceps_curl_to_shoulder_press_resistance_band,Biceps Curl to Shoulder Press Resistance Band,Resistance Band,Resistance Band,1.0,True,Resistance bands,resolved,
ea_biceps_leg_concentration_curl,Biceps Leg Concentration Curl,,Weight bench,1.0,,Weight bench,resolved,
ea_biceps_stretch_behind_the_back,Biceps Stretch Behind the Back,,none,1.0,,none,confirmed_no_equipment,
ea_bicycle_air_legs,Bicycle Air Legs,,none,1.0,,none,confirmed_no_equipment,
ea_bicycle_twisting_crunch,Bicycle Twisting Crunch,,none,1.0,,none,confirmed_no_equipment,
ea_bicycles,Bicycles,,none,1.0,,none,confirmed_no_equipment,
ea_bicycles_crunches,Bicycles Crunches,,none,1.0,,none,confirmed_no_equipment,
ea_bird_dog,Bird Dog,,none,1.0,,none,confirmed_no_equipment,
ea_bird_dog_version_2,Bird Dog (version 2),,none,1.0,,none,confirmed_no_equipment,
ea_boat_stretch,Boat Stretch,,none,1.0,,none,confirmed_no_equipment,
ea_body_saw_plank,Body Saw Plank,,none,1.0,,none,confirmed_no_equipment,
ea_body_slide,Body Slide,,none,1.0,,none,confirmed_no_equipment,
ea_body_throw,Body Throw,,none,1.0,,none,confirmed_no_equipment,
ea_body_up,Body-up,,none,1.0,,none,confirmed_no_equipment,
ea_bodyweight_bent_over_rear_delt_fly,Bodyweight Bent Over Rear Delt Fly,,none,1.0,,none,confirmed_no_equipment,
ea_bodyweight_calf_raises,Bodyweight Calf Raises,,none,1.0,,none,confirmed_no_equipment,
ea_bodyweight_feet_elevated_figure_four_glute_bridge,Bodyweight Feet Elevated Figure Four Glute Bridge,Box,Box,1.0,True,Plyo box,resolved,
ea_bodyweight_feet_elevated_staggered_glute_bridge,Bodyweight Feet Elevated Staggered Glute Bridge,Box,Box,1.0,True,Plyo box,resolved,
ea_bodyweight_forward_lunge,Bodyweight Forward Lunge,,none,1.0,,none,confirmed_no_equipment,
ea_bodyweight_front_slam,Bodyweight Front Slam,,none,1.0,,none,confirmed_no_equipment,
ea_bodyweight_full_squat_with_overhead_front_raise,Bodyweight Full Squat with Overhead Front Raise,,none,1.0,,none,confirmed_no_equipment,
ea_bodyweight_full_squat_with_overhead_press,Bodyweight Full Squat with Overhead Press,,none,1.0,,none,confirmed_no_equipment,
ea_bodyweight_hip_thrust,Bodyweight Hip Thrust,Bench,Bench,1.0,True,Bench (flat / adjustable),resolved,
ea_bodyweight_knee_thrust,Bodyweight Knee Thrust,,none,1.0,,none,confirmed_no_equipment,
ea_bodyweight_knee_to_hand_tap,Bodyweight Knee to Hand Tap,,none,1.0,,none,confirmed_no_equipment,
ea_bodyweight_kneeling_hold_to_stand,Bodyweight Kneeling Hold to Stand,,none,1.0,,none,confirmed_no_equipment,
ea_bodyweight_kneeling_push_up_row,Bodyweight Kneeling Push-up Row,,none,1.0,,none,confirmed_no_equipment,
ea_bodyweight_kneeling_sissy_squat,Bodyweight Kneeling Sissy Squat,,none,1.0,,none,confirmed_no_equipment,
ea_bodyweight_kneeling_triceps_extension,Bodyweight Kneeling Triceps Extension,,none,1.0,,none,confirmed_no_equipment,
ea_bodyweight_lying_leg_curl,Bodyweight Lying Leg Curl,,none,1.0,,none,confirmed_no_equipment,
ea_bodyweight_muscle_up,Bodyweight Muscle-up,Pull Up Bar,Pull Up Bar,1.0,True,Pull-up bar,resolved,
ea_bodyweight_overhead_squat,Bodyweight Overhead Squat,,none,1.0,,none,confirmed_no_equipment,
ea_bodyweight_overhead_triceps_extension,Bodyweight Overhead Triceps Extension,,none,1.0,,none,confirmed_no_equipment,
ea_bodyweight_pulse_forward_lunge,Bodyweight Pulse Forward Lunge,,none,1.0,,none,confirmed_no_equipment,
ea_bodyweight_pulse_squat,Bodyweight Pulse Squat,,none,1.0,,none,confirmed_no_equipment,
ea_bodyweight_pulse_squat_arms_to_chest,Bodyweight Pulse Squat Arms to Chest,,none,1.0,,none,confirmed_no_equipment,
ea_bodyweight_rear_lunge,Bodyweight Rear Lunge,,none,1.0,,none,confirmed_no_equipment,
ea_bodyweight_rear_lunge_front_raise,Bodyweight Rear Lunge Front Raise,,none,1.0,,none,confirmed_no_equipment,
ea_bodyweight_single_leg_deadlift,Bodyweight Single Leg Deadlift,,none,1.0,,none,confirmed_no_equipment,
ea_bodyweight_squat_to_front_leg,Bodyweight Squat to Front Leg,,none,1.0,,none,confirmed_no_equipment,
ea_bodyweight_squat_to_side_leg,Bodyweight Squat to Side Leg,,none,1.0,,none,confirmed_no_equipment,
ea_bodyweight_squat_to_side_to_front_leg,Bodyweight Squat to Side to Front Leg,,none,1.0,,none,confirmed_no_equipment,
ea_bodyweight_squats,Bodyweight Squats,,none,1.0,,none,confirmed_no_equipment,
ea_bodyweight_squats_hold,Bodyweight Squats Hold,,none,1.0,,none,confirmed_no_equipment,
ea_bodyweight_standing_around_world_wall_supported,Bodyweight Standing Around World Wall Supported,,wall,1.0,,none,unresolved,
ea_bodyweight_standing_back_stretch,Bodyweight Standing Back Stretch,,none,1.0,,none,confirmed_no_equipment,
ea_bodyweight_standing_calf_raise,Bodyweight Standing Calf Raise,,none,1.0,,none,confirmed_no_equipment,
ea_bodyweight_standing_fly,Bodyweight Standing Fly,,none,1.0,,none,confirmed_no_equipment,
ea_bodyweight_standing_military_press,Bodyweight Standing Military Press,,none,1.0,,none,confirmed_no_equipment,
ea_bodyweight_standing_military_press_wall_supported,Bodyweight Standing Military Press Wall Supported,,none,1.0,,none,confirmed_no_equipment,
ea_bodyweight_standing_shrug,Bodyweight Standing Shrug,,none,1.0,,none,confirmed_no_equipment,
ea_bodyweight_standing_triangle_fly,Bodyweight Standing Triangle Fly,,none,1.0,,none,confirmed_no_equipment,
ea_bodyweight_step_up_on_step_box,Bodyweight Step-up on Step Box,,step box,1.0,,Plyo box,resolved,
ea_bodyweight_svend_press,Bodyweight Svend Press,,none,1.0,,none,confirmed_no_equipment,
ea_bodyweight_triceps_extension,Bodyweight Triceps Extension,,none,1.0,,none,confirmed_no_equipment,
ea_bodyweight_windmill,Bodyweight Windmill,,none,1.0,,none,confirmed_no_equipment,
ea_bodyweight_windmill_cut,Bodyweight Windmill Cut,,none,1.0,,none,confirmed_no_equipment,
ea_both_arms_behind_on_wall_biceps_stretch,Both Arms Behind on Wall Biceps Stretch,,wall,1.0,,none,unresolved,
ea_bottoms_up_half_rep,Bottoms-up Half Rep,,none,1.0,,none,confirmed_no_equipment,
ea_bouncing_circle_draw,Bouncing Circle Draw,,none,1.0,,none,confirmed_no_equipment,
ea_bouncing_inner_thigh_tap,Bouncing Inner Thigh Tap,,none,1.0,,none,confirmed_no_equipment,
ea_bow_pose,Bow Pose,,none,1.0,,none,confirmed_no_equipment,
ea_box_jump,Box Jump,,plyo box,1.0,,Plyo box,resolved,
ea_box_jump_squats,Box Jump Squats,,plyo box,1.0,,Plyo box,resolved,
ea_box_sled_push,Box Sled Push,,"sled, plyo box",0.9,,Plyo box,resolved,
ea_boxing_jab,Boxing Jab,,none,1.0,,none,confirmed_no_equipment,
ea_boxing_left_hook,Boxing Left Hook,,none,1.0,,none,confirmed_no_equipment,
ea_boxing_left_uppercut,Boxing Left Uppercut,,none,1.0,,none,confirmed_no_equipment,
ea_boxing_right_cross,Boxing Right Cross,,none,1.0,,none,confirmed_no_equipment,
ea_boxing_right_hook,Boxing Right Hook,,none,1.0,,none,confirmed_no_equipment,
ea_boxing_right_uppercut,Boxing Right Uppercut,,none,1.0,,none,confirmed_no_equipment,
ea_brazilian_crunches,Brazilian Crunches,,none,1.0,,none,confirmed_no_equipment,
ea_bridge_hip_abduction,Bridge Hip Abduction,,none,1.0,,none,confirmed_no_equipment,
ea_bridge_mountain_climber_cross_body,Bridge - Mountain Climber (cross Body),,none,1.0,,none,confirmed_no_equipment,
ea_bridge_pose_setu_bandhasana,Bridge Pose Setu Bandhasana,,none,1.0,,none,confirmed_no_equipment,
ea_bridge_with_alternating_leg_raise,Bridge with Alternating Leg Raise,,none,1.0,,none,confirmed_no_equipment,
ea_briskly_walking,Briskly Walking,,none,1.0,,none,confirmed_no_equipment,
ea_briskly_walking_360_degrees,Briskly Walking (360 Degrees),,none,1.0,,none,confirmed_no_equipment,
ea_bulgarian_split_squat,Bulgarian Split Squat,,weight bench,1.0,,Weight bench,resolved,
ea_bulgarian_split_squat_bodyweight_left,Bulgarian Split Squat Bodyweight Left,,plyo box,1.0,,Plyo box,resolved,
ea_bulgarian_split_squat_bodyweight_right,Bulgarian Split Squat Bodyweight Right,,plyo box,1.0,,Plyo box,resolved,
ea_bulgarian_split_squat_cable_resistance_band,Bulgarian Split Squat Cable Resistance Band,Resistance Band,"Resistance band, weight bench",1.0,True,Resistance bands,resolved,
ea_bulgarian_split_squat_left_bodyweight_side_view,Bulgarian Split Squat Left Bodyweight Side View,,Plyo box,1.0,,Plyo box,resolved,
ea_bulgarian_split_squat_right_bodyweight_side_view,Bulgarian Split Squat Right Bodyweight Side View,,plyo box,1.0,,Plyo box,resolved,
ea_bulgarian_split_squat_stretch,Bulgarian Split Squat Stretch,,wall,1.0,,none,unresolved,
ea_burpee,Burpee,,none,1.0,,none,confirmed_no_equipment,
ea_burpee_squat,Burpee Squat,,none,1.0,,none,confirmed_no_equipment,
ea_butt_kick_with_row,Butt Kick with Row,,none,1.0,,none,confirmed_no_equipment,
ea_butt_kicks,Butt Kicks,,none,1.0,,none,confirmed_no_equipment,
ea_butt_kicks_slow,Butt Kicks Slow,,none,1.0,,none,confirmed_no_equipment,
ea_butterfly_yoga_flaps,Butterfly Yoga Flaps,,none,1.0,,none,confirmed_no_equipment,
ea_butterfly_yoga_pose,Butterfly Yoga Pose,,none,1.0,,none,confirmed_no_equipment,
ea_cable_30_degree_shrug,Cable 30 Degree Shrug,,cable machine,1.0,,Cable machine,resolved,
ea_cable_alternate_triceps_extension,Cable Alternate Triceps Extension,Cable Pulley Machine,Cable Pulley Machine,1.0,True,Cable machine,resolved,
ea_cable_assisted_inverse_leg_curl,Cable Assisted Inverse Leg Curl,,Cable machine with a bench and knee pads,1.0,,Cable machine,resolved,
ea_cable_bar_lateral_pulldown,Cable Bar Lateral Pulldown,Lat Pull Down Machine (Cable),Lat pulldown machine,1.0,True,Lat pulldown,resolved,
ea_cable_bench_fly_press,Cable Bench Fly Press,Dual Cable Pulley Machine,"Dual cable pulley machine, flat weight bench",1.0,True,Cable machine,resolved,
ea_cable_bent_over_one_arm_lateral_raise,Cable Bent Over One Arm Lateral Raise,Cable Pulley Machine,Cable Pulley Machine,1.0,True,Cable machine,resolved,
ea_cable_bent_over_reverse_grip_row,Cable Bent Over Reverse Grip Row,Cable Pulley Machine,Cable Pulley Machine,1.0,True,Cable machine,resolved,
ea_cable_bent_over_row,Cable Bent Over Row,Cable Pulley Machine,Cable Pulley Machine,1.0,True,Cable machine,resolved,
ea_cable_biceps_curl_ez_bar,Cable Biceps Curl (ez-bar),Cable Pulley Machine,"Cable Pulley Machine, EZ-bar attachment",1.0,True,Cable machine,resolved,
ea_cable_calve_raise,Cable Calve Raise,Cable Pulley Machine,Cable Pulley Machine,1.0,True,Cable machine,resolved,
ea_cable_close_grip_curl,Cable Close Grip Curl,Cable Pulley Machine,Cable Pulley Machine,1.0,True,Cable machine,resolved,
ea_cable_close_grip_front_lat_pulldown,Cable Close Grip Front Lat Pulldown,Cable Pulley Machine,Cable Pulley Machine with Lat Pulldown Bar and Bench,1.0,True,Lat pulldown,resolved,
ea_cable_core_palloff_press,Cable Core Palloff Press,,cable machine,1.0,,Cable machine,resolved,
ea_cable_cross_pushdown,Cable Cross Pushdown,,cable machine,1.0,,Cable machine,resolved,
ea_cable_face_pull_with_rope,Cable Face Pull with Rope,,cable machine with rope attachment,1.0,,Cable machine,resolved,
ea_cable_front_raises_straight_bar,Cable Front Raises Straight Bar,,"cable machine, straight bar attachment",1.0,,Cable machine,resolved,
ea_cable_goblet_squat,Cable Goblet Squat,Cable Pulley Machine,Cable Pulley Machine,1.0,True,Cable machine,resolved,
ea_cable_hamstring_curl,Cable Hamstring Curl,Cable Pulley Machine,Cable Pulley Machine,1.0,True,Cable machine,resolved,
ea_cable_individual_glute_kickbacks,Cable Individual Glute Kickbacks,Cable Pulley Machine,Cable Pulley Machine,1.0,True,Cable machine,resolved,
ea_cable_lat_prayer,Cable Lat Prayer,,cable machine,1.0,,Cable machine,resolved,
ea_cable_lateral_raises,Cable Lateral Raises,,cable machine,1.0,,Cable machine,resolved,
ea_cable_leaning_lateral_raise,Cable Leaning Lateral Raise,,cable machine,1.0,,Cable machine,resolved,
ea_cable_low_fly,Cable Low Fly,Dual Cable Pulley Machine,Dual Cable Pulley Machine,1.0,True,Cable machine,resolved,
ea_cable_low_seated_row,Cable Low Seated Row,Cable Pulley Machine,Cable Pulley Machine,1.0,True,Cable machine,resolved,
ea_cable_lying_extension_pullover_with_cables_attachment,Cable Lying Extension Pullover (with Cables Attachment),Cable Pulley Machine,"Cable machine, weight bench",1.0,True,Cable machine,resolved,
ea_cable_lying_fly,Cable Lying Fly,Dual Cable Pulley Machine,Dual cable pulley machine and flat weight bench,1.0,True,Cable machine,resolved,
ea_cable_lying_triceps_extension,Cable Lying Triceps Extension,Cable Pulley Machine,"Cable pulley machine, weight bench, straight bar attachment",1.0,True,Cable machine,resolved,
ea_cable_lying_triceps_extension_low,Cable Lying Triceps Extension (LOW),Cable Pulley Machine,"Cable pulley machine, weight bench, straight bar attachment",1.0,True,Cable machine,resolved,
ea_cable_machine_low_to_high,Cable Machine Low to High,,cable machine,1.0,,Cable machine,resolved,
ea_cable_middle_fly,Cable Middle Fly,Dual Cable Pulley Machine,Dual Cable Pulley Machine,1.0,True,Cable machine,resolved,
ea_cable_narrow_chair_stand_up,Cable Narrow Chair Stand-up,,cable machine,1.0,,Cable machine,resolved,
ea_cable_neutral_grip_kickback,Cable Neutral Grip Kickback,Cable Pulley Machine,Cable Pulley Machine,1.0,True,Cable machine,resolved,
ea_cable_one_arm_bent_over_row,Cable One Arm Bent Over Row,,cable machine,1.0,,Cable machine,resolved,
ea_cable_one_arm_chest_fly_bent,Cable One Arm Chest Fly Bent,,cable machine,1.0,,Cable machine,resolved,
ea_cable_one_arm_curl,Cable One Arm Curl,Cable Pulley Machine,Cable Pulley Machine,1.0,True,Cable machine,resolved,
ea_cable_one_arm_front_raise,Cable One Arm Front Raise,,cable machine,1.0,,Cable machine,resolved,
ea_cable_one_arm_inner_biceps_curl,Cable One Arm Inner Biceps Curl,Cable Pulley Machine,Cable Pulley Machine,1.0,True,Cable machine,resolved,
ea_cable_one_arm_lat_pulldown,Cable One Arm Lat Pulldown,Cable Pulley Machine,"Cable pulley machine, weight bench",1.0,True,Lat pulldown,resolved,
ea_cable_overhead_curl,Cable Overhead Curl,Cable Pulley Machine,Cable Pulley Machine,1.0,True,Cable machine,resolved,
ea_cable_overhead_extension_rope,Cable Overhead Extension Rope,Cable Pulley Machine,Cable Pulley Machine,1.0,True,Cable machine,resolved,
ea_cable_palm_rotational_row,Cable Palm Rotational Row,,cable machine,1.0,,Cable machine,resolved,
ea_cable_preacher_curl,Cable Preacher Curl,"Cable Pulley Machine, Rope Attachment","Cable machine, preacher curl bench, EZ bar attachment",1.0,False,Cable machine,resolved,promoted on manual review: 
ea_cable_pull_in_kneeling,Cable Pull in Kneeling,,cable machine,1.0,,Cable machine,resolved,
ea_cable_pull_through,Cable Pull Through,Cable Pulley Machine,Cable Pulley Machine,1.0,True,Cable machine,resolved,
ea_cable_pulldown,Cable Pulldown,Lat Pull Down Machine (Cable),Lat pulldown machine,1.0,True,Lat pulldown,resolved,
ea_cable_pulldown_pro_lat_bar,Cable Pulldown (pro Lat Bar),Lat Pull Down Machine (Cable),Lat pulldown machine,1.0,True,Lat pulldown,resolved,
ea_cable_pushdown,Cable Pushdown,Cable Pulley Machine,Cable Pulley Machine,1.0,True,Cable machine,resolved,
ea_cable_pushdown_straight_arm,Cable Pushdown (straight Arm),Cable Pulley Machine,Cable Pulley Machine,1.0,True,Cable machine,resolved,
ea_cable_rear_delt_fly,Cable Rear Delt Fly,,cable machine,1.0,,Cable machine,resolved,
ea_cable_rear_drive,Cable Rear Drive,,cable machine,1.0,,Cable machine,resolved,
ea_cable_rear_drive_bent_arm,Cable Rear Drive Bent Arm,,cable machine,1.0,,Cable machine,resolved,
ea_cable_rear_pulldown,Cable Rear Pulldown,Lat Pull Down Machine (Cable),Lat pulldown machine,1.0,True,Lat pulldown,resolved,
ea_cable_reverse_curl,Cable Reverse Curl,Cable Pulley Machine,Cable pulley machine with straight bar attachment,1.0,True,Cable machine,resolved,
ea_cable_reverse_fly_on_crossover,Cable Reverse Fly on Crossover,,cable machine,1.0,,Cable machine,resolved,
ea_cable_reverse_grip_pushdown,Cable Reverse Grip Pushdown,Cable Pulley Machine,Cable Pulley Machine,1.0,True,Cable machine,resolved,
ea_cable_reverse_grip_straight_back_seated_high_row,Cable Reverse Grip Straight Back Seated High Row,Lat Pull Down Machine (Cable),Lat pulldown machine,1.0,True,Lat pulldown,resolved,
ea_cable_reverse_grip_triceps_push_down_straight_bar_on_crossover,Cable Reverse Grip Triceps Push Down Straight Bar on Crossover,Cable Pulley Machine,Cable Pulley Machine,1.0,True,Cable machine,resolved,
ea_cable_reverse_grip_triceps_pushdown_back_side_pov,Cable Reverse Grip Triceps Pushdown Back Side Pov,Cable Pulley Machine,Cable Pulley Machine,1.0,True,Cable machine,resolved,
ea_cable_reverse_grip_triceps_pushdown_ez_bar,Cable Reverse Grip Triceps Pushdown (ez-bar),Cable Pulley Machine,"Cable Pulley Machine, EZ-bar attachment",1.0,True,Cable machine,resolved,
ea_cable_seated_on_floor_row,Cable Seated on Floor Row,Cable Pulley Machine,Cable Pulley Machine,1.0,True,Cable machine,resolved,
ea_cable_seated_one_arm_alternate_row,Cable Seated One Arm Alternate Row,Cable Pulley Machine,Cable Pulley Machine,1.0,True,Cable machine,resolved,
ea_cable_seated_rear_lateral_raise,Cable Seated Rear Lateral Raise,,"cable machine, weight bench",1.0,,Cable machine,resolved,
ea_cable_seated_row,Cable Seated Row,Lat Pull Down Machine (Cable),Cable machine with bench,1.0,True,Cable machine,resolved,
ea_cable_seated_supine_grip_row,Cable Seated Supine Grip Row,Lat Pull Down Machine (Cable),Cable machine with seat and footrest,1.0,True,Cable machine,resolved,
ea_cable_silverback_shrug,Cable Silverback Shrug,,cable machine,1.0,,Cable machine,resolved,
ea_cable_single_arm_reverse_fly,Cable Single Arm Reverse Fly,,cable machine,1.0,,Cable machine,resolved,
ea_cable_single_leg_deadlift,Cable Single Leg Deadlift,Cable Pulley Machine,Cable Pulley Machine,1.0,True,Cable machine,resolved,
ea_cable_split_squat,Cable Split Squat,Cable Pulley Machine,Cable Pulley Machine,1.0,True,Cable machine,resolved,
ea_cable_standing_crunch,Cable Standing Crunch,,cable machine,1.0,,Cable machine,resolved,
ea_cable_standing_leg_extension,Cable Standing Leg Extension,Cable Pulley Machine,Cable Pulley Machine,1.0,True,Cable machine,resolved,
ea_cable_standing_up_straight_crossovers,Cable Standing Up Straight Crossovers,Dual Cable Pulley Machine,Dual Cable Pulley Machine,1.0,True,Cable machine,resolved,
ea_cable_straight_arm_pulldown,Cable Straight Arm Pulldown,Lat Pull Down Machine (Cable),Cable machine with straight bar attachment,1.0,True,Cable machine,resolved,
ea_cable_triceps_overhead_extension_ez_bar,Cable Triceps Overhead Extension (ez Bar),Cable Pulley Machine,"Cable Pulley Machine, EZ Bar attachment",1.0,True,Cable machine,resolved,
ea_cable_triceps_push_down_elbow_out_v_bar,Cable Triceps Push Down Elbow Out (v Bar),Cable Pulley Machine,Cable Pulley Machine,1.0,True,Cable machine,resolved,
ea_cable_triceps_push_down_ez_bar,Cable Triceps Push Down Ez Bar,Cable Pulley Machine,Cable Pulley Machine,1.0,True,Cable machine,resolved,
ea_cable_triceps_push_down_ez_bar_close_grip,Cable Triceps Push Down Ez Bar Close Grip,Cable Pulley Machine,"Cable machine, EZ bar attachment",1.0,True,Cable machine,resolved,
ea_cable_triceps_push_down_ez_bar_wide_grip,Cable Triceps Push Down Ez Bar Wide Grip,Cable Pulley Machine,Cable Pulley Machine,1.0,True,Cable machine,resolved,
ea_cable_triceps_push_down_straight_bar,Cable Triceps Push Down Straight Bar,Cable Pulley Machine,Cable Pulley Machine,1.0,True,Cable machine,resolved,
ea_cable_triceps_push_down_v_bar,Cable Triceps Push Down V Bar,Cable Pulley Machine,Cable Pulley Machine,1.0,True,Cable machine,resolved,
ea_cable_twin_handle_parallel_grip_lat_pulldown,Cable Twin Handle Parallel Grip Lat Pulldown,Cable Pulley Machine,"Cable pulley machine, weight bench",1.0,True,Cable machine,resolved,
ea_cable_twist,Cable Twist,,cable machine,1.0,,Cable machine,resolved,
ea_cable_twist_up_down,Cable Twist (up-down),,cable machine,1.0,,Cable machine,resolved,
ea_cable_twisting_biceps_curl,Cable Twisting Biceps Curl,,cable machine,1.0,,Cable machine,resolved,
ea_cable_twisting_overhead_press,Cable Twisting Overhead Press,Cable Pulley Machine,Cable Pulley Machine,1.0,True,Cable machine,resolved,
ea_cable_twisting_pull,Cable Twisting Pull,Cable Pulley Machine,Cable Pulley Machine,1.0,True,Cable machine,resolved,
ea_cable_underhand_pulldown_wide_grips,Cable Underhand Pulldown Wide Grips,Cable Pulley Machine,Cable Pulley Machine with Lat Pulldown Bar and Bench,1.0,True,Lat pulldown,resolved,
ea_cable_upper_chest_crossover,Cable Upper Chest Crossover,Dual Cable Pulley Machine,Dual Cable Pulley Machine,1.0,True,Cable machine,resolved,
ea_cable_upright_row_with_ez_bar,Cable Upright Row with EZ Bar,,"Cable machine, EZ bar attachment, weight stack",1.0,,Cable machine,resolved,
ea_cable_upright_row_with_straight_bar,Cable Upright Row with Straight Bar,,cable machine with straight bar attachment,1.0,,Cable machine,resolved,
ea_cable_wrist_curl,Cable Wrist Curl,Cable Pulley Machine,"Cable pulley machine, weight bench",1.0,True,Cable machine,resolved,
ea_cable_wrist_extension,Cable Wrist Extension,,cable machine,1.0,,Cable machine,resolved,
ea_cable_y_raise,Cable Y Raise,,cable machine,1.0,,Cable machine,resolved,
ea_calf_push_stretch_with_hands_against_wall_v_2,Calf Push Stretch with Hands Against Wall V.2,,wall,1.0,,none,unresolved,
ea_calf_raise_clap,Calf Raise Clap,,none,1.0,,none,confirmed_no_equipment,
ea_calf_raise_from_deficit_with_chair_supported,Calf Raise From Deficit with Chair Supported,,"chair, step platform",1.0,,none,unresolved,
ea_calf_raise_leg_press_machine,Calf Raise Leg Press Machine,,"Leg press machine, weight plates",1.0,,Leg press,resolved,
ea_calf_raise_on_hack_squat_machine,Calf Raise on Hack Squat Machine,,Hack squat machine,1.0,,Hack squat machine,resolved,
ea_calf_raise_with_wall_support,Calf Raise with Wall Support,,wall,1.0,,none,unresolved,
ea_calf_stretch_with_hands_against_wall,Calf Stretch with Hands Against Wall,Yoga Mat,Wall,1.0,False,none,DISAGREEMENT,
ea_calf_stretch_with_rope,Calf Stretch with Rope,Yoga Mat,resistance band,1.0,False,Resistance bands,resolved,"batch 2, promoted on manual review (poster frame hides the held implement; title + sheet agree): "
ea_calve_stretch_foot_on_wall,Calve Stretch Foot on Wall,,wall,1.0,,none,unresolved,
ea_calve_stretch_from_wall_to_floor,Calve Stretch From Wall to Floor,,wall,1.0,,none,unresolved,
ea_calves_stretch_on_stairs,Calves Stretch on Stairs,Yoga Mat,stairs,1.0,False,none,DISAGREEMENT,
ea_calves_stretch_on_step,Calves Stretch on Step,,"step, wall",1.0,,none,unresolved,
ea_captains_chair_leg_raise,Captains Chair Leg Raise,,Captain's chair,1.0,,Captain's chair,resolved,
ea_captains_chair_straight_leg_raise,Captains Chair Straight Leg Raise,,Captain's chair,1.0,,Captain's chair,resolved,
ea_cardio_lunge,Cardio Lunge,,none,1.0,,none,confirmed_no_equipment,
ea_cat_pose,Cat Pose,,none,1.0,,none,confirmed_no_equipment,
ea_cat_stretch,Cat Stretch,Yoga Mat,none,1.0,False,none,DISAGREEMENT,
ea_ceiling_look_stretch,Ceiling Look Stretch,Yoga Mat,none,1.0,False,none,DISAGREEMENT,
ea_celebratory_hip_thrust,Celebratory Hip Thrust,,none,1.0,,none,confirmed_no_equipment,
ea_chair_back_lunge_left_resistance_band,Chair Back Lunge Left Resistance Band,Resistance Band,"chair, resistance band",1.0,True,Resistance bands,resolved,
ea_chair_back_lunge_right_resistance_band,Chair Back Lunge Right Resistance Band,,"chair, resistance band, ankle strap",1.0,,Resistance bands,resolved,
ea_chair_bulgarian_split_squats_bodyweight_left,Chair Bulgarian Split Squats Bodyweight Left,,chair,1.0,,none,unresolved,
ea_chair_bulgarian_split_squats_bodyweight_right,Chair Bulgarian Split Squats Bodyweight Right,,chair,1.0,,none,unresolved,
ea_chair_elevated_single_leg_glute_bridge,Chair Elevated Single Leg Glute Bridge,chair,chair,1.0,True,none,unresolved,
ea_chair_feet_elevated_glute_bridge,Chair Feet Elevated Glute Bridge,chair,chair,1.0,True,none,unresolved,
ea_chair_frog_feet_elevated_glute_bridge_bodyweight,Chair Frog Feet Elevated Glute Bridge Bodyweight,chair,chair,1.0,True,none,unresolved,
ea_chair_pose,Chair Pose,,none,1.0,,none,confirmed_no_equipment,
ea_chair_triceps_dips,Chair Triceps Dips,Chair,Chair,1.0,True,none,unresolved,
ea_chest_bench_press_correct_stance,Chest Bench Press Correct Stance,,"Barbell, Weight plates, Weight bench",1.0,,Weight bench,resolved,
ea_chest_dip,Chest Dip,Chair,Power tower / Dip station,1.0,False,Dip station,resolved,promoted on manual review: 
ea_chest_dip_machine,Chest Dip Machine,Seated Dip Machine,Seated Dip Machine,1.0,True,Seated dip machine,resolved,"batch 3, registry expansion (52->67): "
ea_chest_dip_on_bench,Chest Dip on Bench,,bench,1.0,,Bench (flat / adjustable),resolved,
ea_chest_dip_on_dip_station,Chest Dip (on Dip Station),Dip stand,Dip station,1.0,True,Dip station,resolved,
ea_chest_dip_weighted,Chest Dip Weighted,Dip Pull Up Station,Dip station and dumbbell,1.0,True,Dip station,resolved,
ea_chest_dip_weighted_slow,Chest Dip Weighted Slow,Dip Pull Up Station,"Dip Pull Up Station, Weight Plate",1.0,True,Dip station,resolved,
ea_chest_dip_with_pause_bodyweight,Chest Dip with Pause Bodyweight,Dip Pull Up Station,Dip Pull Up Station,1.0,True,Dip station,resolved,
ea_chest_fly_low_to_high_resistance_band,Chest Fly Low to High Resistance Band,Resistance Band,Resistance bands,1.0,True,Resistance bands,resolved,
ea_chest_fly_side_step,Chest Fly Side Step,,none,1.0,,none,confirmed_no_equipment,
ea_chest_lift_with_rotation,Chest Lift with Rotation,,none,1.0,,none,confirmed_no_equipment,
ea_chest_out_hands_behind_hold,Chest Out Hands Behind (hold),,none,1.0,,none,confirmed_no_equipment,
ea_chest_press_front_resistance_band,Chest Press Front Resistance Band,Resistance Band,Resistance Band,1.0,True,Resistance bands,resolved,
ea_chest_press_high_to_low_cable_resistance_band,Chest Press High to Low Cable Resistance Band,Resistance Band,Cable machine,1.0,False,Cable machine,resolved,promoted on manual review: 
ea_chest_press_low_to_high_resistance_band,Chest Press Low to High Resistance Band,Resistance Band,Resistance bands,1.0,True,Resistance bands,resolved,
ea_chest_press_machine,Chest Press Machine,,Chest press machine,1.0,,Chest press machine,resolved,
ea_chest_pull_back,Chest Pull Back,,none,1.0,,none,confirmed_no_equipment,
ea_chest_raise_and_rotate,Chest Raise and Rotate,,none,1.0,,none,confirmed_no_equipment,
ea_chest_stretch_with_exercise_ball,Chest Stretch with Exercise Ball,Exercise Ball,Exercise Ball,1.0,True,Stability ball,resolved,
ea_chest_tap_push_up,Chest Tap Push Up,,none,1.0,,none,confirmed_no_equipment,
ea_child_pose_arms_extended_left_right,Child Pose Arms Extended Left Right,,none,1.0,,none,confirmed_no_equipment,
ea_child_pose_arms_on_side,Child Pose Arms on Side,,none,1.0,,none,confirmed_no_equipment,
ea_child_pose_elbows_on_block,Child Pose Elbows on Block,,yoga blocks,1.0,,Yoga blocks,resolved,"batch 3, registry expansion (52->67): "
ea_child_pose_lower_back_stretch,Child Pose Lower Back Stretch,,none,1.0,,none,confirmed_no_equipment,
ea_child_pose_up,Child Pose Up,,none,1.0,,none,confirmed_no_equipment,
ea_chin_up,Chin Up,Pull Up Bar,Pull up bar,1.0,True,Pull-up bar,resolved,
ea_chin_up_isometric_and_negative,Chin-up (isometric and Negative),Pull Up Bar,Pull-up bar,1.0,True,Pull-up bar,resolved,
ea_chin_up_reverse_close_grip,Chin Up Reverse Close Grip,Pull Up Bar,Pull-up bar,1.0,True,Pull-up bar,resolved,
ea_chin_up_reverse_normal_grip,Chin Up Reverse Normal Grip,Pull Up Bar,Pull up bar,1.0,True,Pull-up bar,resolved,
ea_chin_up_reverse_wide_grip,Chin Up Reverse Wide Grip,Pull Up Bar,Pull Up Bar,1.0,True,Pull-up bar,resolved,
ea_chin_ups_narrow_parallel_grip,Chin Ups (narrow Parallel Grip),Pull Up Bar,Pull-up bar with parallel grip handles,1.0,True,Pull-up bar,resolved,
ea_circle_elbow_arm,Circle Elbow Arm,,none,1.0,,none,confirmed_no_equipment,
ea_circles_knee_stretch,Circles Knee Stretch,Yoga Mat,none,1.0,False,none,DISAGREEMENT,
ea_clamshell,Clamshell,,none,1.0,,none,confirmed_no_equipment,
ea_clap_curtsy_squat,Clap Curtsy Squat,,none,1.0,,none,confirmed_no_equipment,
ea_clap_jack,Clap Jack,,none,1.0,,none,confirmed_no_equipment,
ea_clap_push_ups,Clap Push Ups,,none,1.0,,none,confirmed_no_equipment,
ea_climber_a_padded_stool_supported,Climber a Padded Stool Supported,,padded stool,0.9,,none,unresolved,
ea_clock_push_ups,Clock Push Ups,,none,1.0,,none,confirmed_no_equipment,
ea_close_grip_barbell_bench_press,Close Grip Barbell Bench Press,Barbell,"Barbell, Weight bench",1.0,True,Weight bench,resolved,
ea_close_grip_push_up,Close Grip Push Up,,none,1.0,,none,confirmed_no_equipment,
ea_cluster,Cluster,Barbell,barbell,1.0,True,Barbell,resolved,
ea_cobra_full_push_up,Cobra Full Push Up,,none,1.0,,none,confirmed_no_equipment,
ea_cobra_push_up,Cobra Push Up,,none,1.0,,none,confirmed_no_equipment,
ea_cobra_side_ab_stretch,Cobra Side Ab Stretch,Yoga Mat,none,1.0,False,none,DISAGREEMENT,
ea_cobra_stretch,Cobra Stretch,,none,1.0,,none,confirmed_no_equipment,
ea_cobra_yoga_pose_hold,Cobra Yoga Pose Hold,,none,1.0,,none,confirmed_no_equipment,
ea_cocoons,Cocoons,,none,1.0,,none,confirmed_no_equipment,
ea_commando_pull_up,Commando Pull-up,Pull Up Bar,Squat rack with pull-up bar,1.0,True,Squat rack,resolved,
ea_concentration_curls_dumbbell,Concentration Curls Dumbbell,Dumbbells,"Dumbbell, Weight bench",1.0,True,Weight bench,resolved,
ea_control_balance,Control Balance,,none,1.0,,none,confirmed_no_equipment,
ea_copenhagen_plank,Copenhagen Plank,,Weight bench,1.0,,Weight bench,resolved,
ea_corner_touch,Corner Touch,,none,1.0,,none,confirmed_no_equipment,
ea_corner_wall_chest_stretch,Corner Wall Chest Stretch,,wall,1.0,,none,unresolved,
ea_cossack_squat,Cossack Squat,,none,1.0,,none,confirmed_no_equipment,
ea_counterbalanced_skater_squat,Counterbalanced Skater Squat,,none,1.0,,none,confirmed_no_equipment,
ea_crab_pose,Crab Pose,,none,1.0,,none,confirmed_no_equipment,
ea_crab_twist_toe_touch,Crab Twist Toe Touch,,none,1.0,,none,confirmed_no_equipment,
ea_crawl_with_sled_drag,Crawl with Sled Drag,,"Sled, harness, weight plates",1.0,,Weight plates,resolved,
ea_crescent_moon_pose,Crescent Moon Pose,,none,1.0,,none,confirmed_no_equipment,
ea_crescent_moon_pose_quad_stretch,Crescent Moon Pose Quad Stretch,,none,1.0,,none,confirmed_no_equipment,
ea_crescent_moon_pose_quad_stretch_with_block,Crescent Moon Pose Quad Stretch with Block,,Yoga block,1.0,,Yoga blocks,resolved,"batch 3, registry expansion (52->67): "
ea_criss_cross_arms_lift,Criss Cross Arms Lift,,none,1.0,,none,confirmed_no_equipment,
ea_criss_cross_bow_tie_pose,Criss Cross Bow Tie Pose,,none,1.0,,none,confirmed_no_equipment,
ea_criss_cross_elbow_to_knee,Criss Cross Elbow to Knee,,none,1.0,,none,confirmed_no_equipment,
ea_criss_cross_jack,Criss Cross Jack,,none,1.0,,none,confirmed_no_equipment,
ea_criss_cross_jump,Criss Cross Jump,,none,1.0,,none,confirmed_no_equipment,
ea_criss_cross_leg_raises,Criss Cross Leg Raises,,none,1.0,,none,confirmed_no_equipment,
ea_cross_body_elbow_pull_shoulder_stretch,Cross Body Elbow Pull Shoulder Stretch,,none,1.0,,none,confirmed_no_equipment,
ea_cross_body_shoulder_stretch,Cross Body Shoulder Stretch,,none,1.0,,none,confirmed_no_equipment,
ea_cross_over_shoulder_stretch,Cross Over Shoulder Stretch,Yoga Mat,none,1.0,False,none,DISAGREEMENT,
ea_crossed_arms_front_leg_kick,Crossed Arms Front Leg Kick,,none,1.0,,none,confirmed_no_equipment,
ea_crossover_kneeling_hip_flexor_stretch,Crossover Kneeling Hip Flexor Stretch,Yoga Mat,none,1.0,False,none,DISAGREEMENT,
ea_crouching_heel_back_calf_stretch,Crouching Heel Back Calf Stretch,Yoga Mat,none,1.0,False,none,DISAGREEMENT,
ea_crow_pose,Crow Pose,,none,1.0,,none,confirmed_no_equipment,
ea_crunch_arms_straight,Crunch (arms Straight),,none,1.0,,none,confirmed_no_equipment,
ea_crunch_floor,Crunch Floor,,none,1.0,,none,confirmed_no_equipment,
ea_crunch_frog_on_floor,Crunch Frog on Floor,,none,1.0,,none,confirmed_no_equipment,
ea_crunch_hands_overhead,Crunch (hands Overhead),,none,1.0,,none,confirmed_no_equipment,
ea_crunch_leg_raise,Crunch Leg Raise,,none,1.0,,none,confirmed_no_equipment,
ea_crunch_legs_on_stability_ball,Crunch (legs on Stability Ball),,Stability ball,1.0,,Stability ball,resolved,
ea_crunch_on_bosu_ball,Crunch (on Bosu Ball),,Bosu Ball,1.0,,Bosu ball,resolved,"batch 3, registry expansion (52->67): "
ea_crunch_on_stability_ball,Crunch (on Stability Ball),,stability ball,1.0,,Stability ball,resolved,
ea_crunch_straight_leg_up,Crunch (straight Leg Up),,none,1.0,,none,confirmed_no_equipment,
ea_crunch_with_medicine_ball,Crunch with Medicine Ball,,medicine ball,1.0,,Medicine ball,resolved,
ea_curtsy_lunge_bodyweight,Curtsy Lunge Bodyweight,,none,1.0,,none,confirmed_no_equipment,
ea_curtsy_lunge_slide_with_towel,Curtsy Lunge Slide with Towel,,sliding disc,0.9,,Sliding discs,resolved,"batch 3, registry expansion (52->67): "
ea_curtsy_lunges_resistance_band,Curtsy Lunges Resistance Band,Resistance Band,Resistance Band,1.0,True,Resistance bands,resolved,
ea_curtsy_squat,Curtsy Squat,,none,1.0,,none,confirmed_no_equipment,
ea_dead_bug,Dead Bug,,none,1.0,,none,confirmed_no_equipment,
ea_dead_bug_extended_arms,Dead Bug Extended Arms,,none,1.0,,none,confirmed_no_equipment,
ea_dead_hang_stretch,Dead Hang Stretch,Yoga Mat,"Squat rack, Pull-up bar",1.0,False,Squat rack,resolved,promoted on manual review: 
ea_decline_bench_full_sit_up,Decline Bench Full Sit Up,,decline bench,1.0,,Weight bench,resolved,
ea_decline_bent_leg_reverse_crunch,Decline Bent Leg Reverse Crunch,,Decline bench,1.0,,Weight bench,resolved,
ea_decline_chair_push_up_diamond,Decline Chair Push Up Diamond,Chair,Chair,1.0,True,none,unresolved,
ea_decline_diamond_pike_push_up,Decline Diamond Pike Push-up,,flat bench,1.0,,Weight bench,resolved,
ea_decline_kneeling_push_up,Decline Kneeling Push Up,,aerobic step bench,1.0,,none,unresolved,
ea_decline_kneeling_push_up_on_box,Decline Kneeling Push Up on Box,,Plyo box,1.0,,Plyo box,resolved,
ea_decline_levitating_sit_ups_bodyweight,Decline Levitating Sit Ups Bodyweight,,decline bench,1.0,,Weight bench,resolved,
ea_decline_push_up,Decline Push Up,,weight bench,1.0,,Weight bench,resolved,
ea_decline_push_up_against_wall,Decline Push Up Against Wall,,wall,1.0,,none,unresolved,
ea_decline_shoulder_tap,Decline Shoulder Tap,,bench,1.0,,Weight bench,resolved,
ea_decline_sit_up,Decline Sit Up,,Decline bench,1.0,,Weight bench,resolved,
ea_decline_sit_ups_dumbbells,Decline Sit Ups Dumbbells,Dumbbells,"Dumbbells, Decline Bench",1.0,True,Weight bench,resolved,
ea_deep_push_up,Deep Push-up,,Dumbbells,1.0,,Dumbbells,resolved,
ea_diagonal_chop_cable,Diagonal Chop Cable,,cable machine,1.0,,Cable machine,resolved,
ea_diagonal_chop_left,Diagonal Chop Left,,none,0.9,,none,confirmed_no_equipment,
ea_diagonal_chop_right,Diagonal Chop Right,,none,0.9,,none,confirmed_no_equipment,
ea_diagonal_lunge,Diagonal Lunge,,none,1.0,,none,confirmed_no_equipment,
ea_diagonal_opens,Diagonal Opens,,none,1.0,,none,confirmed_no_equipment,
ea_diagonal_punch,Diagonal Punch,,none,1.0,,none,confirmed_no_equipment,
ea_diamond_push_up,Diamond Push Up,,none,1.0,,none,confirmed_no_equipment,
ea_diamond_push_up_on_knees,Diamond Push-up (on Knees),,none,1.0,,none,confirmed_no_equipment,
ea_dip_leg_raise_on_couch,Dip Leg Raise on Couch,Couch,couch,1.0,True,none,unresolved,
ea_dip_on_floor_with_chair,Dip on Floor with Chair,Chair,Chair,1.0,True,none,unresolved,
ea_dips_between_chairs,Dips Between Chairs,Chair,Chair,1.0,True,none,unresolved,
ea_donkey_calf_raise,Donkey Calf Raise,,"bench, aerobic step",1.0,,Bench (flat / adjustable),resolved,
ea_donkey_kicks_bodyweight,Donkey Kicks Bodyweight,,none,1.0,,none,confirmed_no_equipment,
ea_doorway_biceps_curl,Doorway Biceps Curl,,doorway,1.0,,none,unresolved,
ea_double_jump_squat,Double Jump Squat,,none,1.0,,none,confirmed_no_equipment,
ea_double_kettlebell_sled_push,Double Kettlebell Sled Push,,Kettlebells,1.0,,Kettlebell,resolved,
ea_double_knee_drive,Double Knee Drive,,none,1.0,,none,confirmed_no_equipment,
ea_double_pigeon_pose,Double Pigeon Pose,,none,1.0,,none,confirmed_no_equipment,
ea_double_punch_front_leg_lift,Double Punch Front Leg Lift,,none,1.0,,none,confirmed_no_equipment,
ea_downward_dog_sprint,Downward Dog Sprint,,none,1.0,,none,confirmed_no_equipment,
ea_downward_dog_toe_to_heel,Downward Dog Toe to Heel,,none,1.0,,none,confirmed_no_equipment,
ea_downward_dog_with_fingers_facing_feet,Downward Dog with Fingers Facing Feet,,none,1.0,,none,confirmed_no_equipment,
ea_drag_curl_dumbbell,Drag Curl Dumbbell,Dumbbells,Dumbbells,1.0,True,Dumbbells,resolved,
ea_drag_curl_resistance_band,Drag Curl Resistance Band,Resistance Band,resistance band,1.0,True,Resistance bands,resolved,
ea_dragonfly,Dragonfly,,vertical pole,0.9,,none,unresolved,
ea_dumbbell_ab_crunch,Dumbbell Ab Crunch,Dumbbells,Dumbbell,1.0,True,Dumbbells,resolved,
ea_dumbbell_alternate_bench_press_high_start,Dumbbell Alternate Bench Press (high Start),Dumbbells,"Dumbbells, Flat Bench",1.0,True,Weight bench,resolved,
ea_dumbbell_alternate_biceps_curl,Dumbbell Alternate Biceps Curl,Dumbbells,Dumbbells,1.0,True,Dumbbells,resolved,
ea_dumbbell_alternate_biceps_curl_version_2,Dumbbell Alternate Biceps Curl (version 2),Dumbbells,"Dumbbells, Weight bench",1.0,True,Weight bench,resolved,
ea_dumbbell_alternate_seated_hammer_curl,Dumbbell Alternate Seated Hammer Curl,Dumbbells,"Dumbbells, Adjustable Weight Bench",1.0,True,Weight bench,resolved,
ea_dumbbell_alternate_shoulder_press,Dumbbell Alternate Shoulder Press,Dumbbells,Dumbbells,1.0,True,Dumbbells,resolved,
ea_dumbbell_alternate_side_press,Dumbbell Alternate Side Press,Dumbbells,Dumbbells,1.0,True,Dumbbells,resolved,
ea_dumbbell_alternating_arnold_press,Dumbbell Alternating Arnold Press,,Dumbbells,1.0,,Dumbbells,resolved,
ea_dumbbell_alternating_pendlay_row,Dumbbell Alternating Pendlay Row,,dumbbells,1.0,,Dumbbells,resolved,
ea_dumbbell_armpit_row,Dumbbell Armpit Row,Dumbbells,Dumbbells,1.0,True,Dumbbells,resolved,
ea_dumbbell_arnold_press_seated,Dumbbell Arnold Press Seated,Dumbbells,"Dumbbells, Weight bench",1.0,True,Weight bench,resolved,
ea_dumbbell_arnold_press_version_2,Dumbbell Arnold Press (version 2),Dumbbells,"Dumbbells, Flat bench",1.0,True,Dumbbells,resolved,
ea_dumbbell_around_pullover,Dumbbell Around Pullover,Dumbbells,"Dumbbells, Weight bench",1.0,True,Weight bench,resolved,
ea_dumbbell_around_the_world,Dumbbell Around the World,Dumbbells,Dumbbells,1.0,True,Dumbbells,resolved,
ea_dumbbell_bar_grip_sumo_squat,Dumbbell Bar Grip Sumo Squat,Dumbbells,Dumbbell,1.0,True,Dumbbells,resolved,
ea_dumbbell_bench_press,Dumbbell Bench Press,Dumbbells,"Dumbbells, Weight bench",1.0,True,Weight bench,resolved,
ea_dumbbell_bench_seated_press,Dumbbell Bench Seated Press,Dumbbells,"Dumbbells, Weight bench",1.0,True,Weight bench,resolved,
ea_dumbbell_bench_squat,Dumbbell Bench Squat,,"Dumbbells, Weight bench",1.0,,Weight bench,resolved,
ea_dumbbell_bent_arm_lateral_raise,Dumbbell Bent Arm Lateral Raise,Dumbbells,Dumbbells,1.0,True,Dumbbells,resolved,
ea_dumbbell_bent_arm_pullover,Dumbbell Bent Arm Pullover,Dumbbells,"Dumbbell, Weight bench",1.0,True,Weight bench,resolved,
ea_dumbbell_bent_over_face_pull,Dumbbell Bent Over Face Pull,Dumbbells,Dumbbells,1.0,True,Dumbbells,resolved,
ea_dumbbell_bent_over_reverse_row,Dumbbell Bent-over Reverse Row,Dumbbells,Dumbbells,1.0,True,Dumbbells,resolved,
ea_dumbbell_bicep_curl_to_shoulder_press,Dumbbell Bicep Curl to Shoulder Press,Dumbbells,Dumbbells,1.0,True,Dumbbells,resolved,
ea_dumbbell_biceps_curl_with_overhead_extension_on_stability_ball,Dumbbell Biceps Curl with Overhead Extension on Stability Ball,Dumbbells,"Dumbbells, Stability ball",1.0,True,Dumbbells,resolved,
ea_dumbbell_bulgarian_box_split_squat,Dumbbell Bulgarian Box Split Squat,Dumbbells,"Dumbbells, Plyo box",1.0,True,Dumbbells,resolved,
ea_dumbbell_bulgarian_split_squat,Dumbbell Bulgarian Split Squat,Dumbbells,"Dumbbells, Weight bench",1.0,True,Weight bench,resolved,
ea_dumbbell_chest_press_decline,Dumbbell Chest Press Decline,Dumbbells,"Dumbbells, Decline Weight Bench",1.0,True,Weight bench,resolved,
ea_dumbbell_chest_press_flat,Dumbbell Chest Press Flat,Dumbbells,"Dumbbells, Weight bench",1.0,True,Weight bench,resolved,
ea_dumbbell_chest_press_incline_bench,Dumbbell Chest Press Incline Bench,Dumbbells,"Dumbbells, Incline Weight Bench",1.0,True,Weight bench,resolved,
ea_dumbbell_chest_pull_over,Dumbbell Chest Pull Over,Dumbbells,"Dumbbell, Weight bench",1.0,True,Weight bench,resolved,
ea_dumbbell_chest_supported_lateral_raises,Dumbbell Chest Supported Lateral Raises,Dumbbells,"Dumbbells, adjustable weight bench",1.0,True,Weight bench,resolved,
ea_dumbbell_chest_supported_y_raise,Dumbbell Chest Supported Y Raise,,"Dumbbells, adjustable weight bench",1.0,,Weight bench,resolved,
ea_dumbbell_close_grip_shoulder_press_sit_up,Dumbbell Close Grip Shoulder Press Sit Up,Dumbbells,Dumbbells,1.0,True,Dumbbells,resolved,
ea_dumbbell_close_grip_simultaneous_curl,Dumbbell Close-grip Simultaneous Curl,Dumbbells,Dumbbells,1.0,True,Dumbbells,resolved,
ea_dumbbell_close_legs_deadlift,Dumbbell Close Legs Deadlift,Dumbbells,Dumbbells,1.0,True,Dumbbells,resolved,
ea_dumbbell_cossack_squats_version_2,Dumbbell Cossack Squats (version 2),Dumbbells,Dumbbell,1.0,True,Dumbbells,resolved,
ea_dumbbell_cross_body_hammer_curl_version_2,Dumbbell Cross Body Hammer Curl (version 2),Dumbbells,Dumbbells,1.0,True,Dumbbells,resolved,
ea_dumbbell_crunch_hold_with_legs_off,Dumbbell Crunch Hold with Legs Off,Dumbbells,Dumbbell,1.0,True,Dumbbells,resolved,
ea_dumbbell_cuban_press_version_2,Dumbbell Cuban Press (version 2),Dumbbells,Dumbbells,1.0,True,Dumbbells,resolved,
ea_dumbbell_curl_press_extend,Dumbbell Curl Press Extend,,Dumbbells,1.0,,Dumbbells,resolved,
ea_dumbbell_curls,Dumbbell Curls,Dumbbells,Dumbbells,1.0,True,Dumbbells,resolved,
ea_dumbbell_curls_alternating,Dumbbell Curls Alternating,Dumbbells,Dumbbells,1.0,True,Dumbbells,resolved,
ea_dumbbell_curtsy_lunge,Dumbbell Curtsy Lunge,Dumbbells,Dumbbells,1.0,True,Dumbbells,resolved,
ea_dumbbell_decline_alternate_bench_press,Dumbbell Decline Alternate Bench Press,Dumbbells,"Dumbbells, Decline Weight Bench",1.0,True,Weight bench,resolved,
ea_dumbbell_decline_bench_press,Dumbbell Decline Bench Press,Dumbbells,"Dumbbells, Decline Weight Bench",1.0,True,Weight bench,resolved,
ea_dumbbell_decline_close_neutral_grip_press,Dumbbell Decline Close Neutral Grip Press,,"Dumbbells, Weight bench",1.0,,Weight bench,resolved,
ea_dumbbell_decline_fly,Dumbbell Decline Fly,Dumbbells,"Dumbbells, Decline Weight Bench",1.0,True,Weight bench,resolved,
ea_dumbbell_decline_hammer_press,Dumbbell Decline Hammer Press,Dumbbells,"Dumbbells, Decline Weight Bench",1.0,True,Weight bench,resolved,
ea_dumbbell_decline_one_arm_hammer_press,Dumbbell Decline One Arm Hammer Press,Dumbbells,"Dumbbells, Decline Weight Bench",1.0,True,Weight bench,resolved,
ea_dumbbell_decline_overhead_sit_up,Dumbbell Decline Overhead Sit-up,Dumbbells,"Dumbbells, Weight bench",1.0,True,Weight bench,resolved,
ea_dumbbell_decline_shrug,Dumbbell Decline Shrug,Dumbbells,"Dumbbells, Adjustable Weight Bench",1.0,True,Weight bench,resolved,
ea_dumbbell_decline_sit_up,Dumbbell Decline Sit-up,Dumbbells,"Dumbbells, Decline Bench",1.0,True,Weight bench,resolved,
ea_dumbbell_decline_triceps_pull_over_extension,Dumbbell Decline Triceps Pull-over Extension,Dumbbells,"Dumbbells, Decline Weight Bench",1.0,True,Weight bench,resolved,
ea_dumbbell_decline_twist_fly,Dumbbell Decline Twist Fly,Dumbbells,"Dumbbells, Decline Weight Bench",1.0,True,Weight bench,resolved,
ea_dumbbell_diagonal_chop,Dumbbell Diagonal Chop,Dumbbells,Dumbbell,1.0,True,Dumbbells,resolved,
ea_dumbbell_drag_over_shoulder_bicep_curl,Dumbbell Drag Over Shoulder Bicep Curl,Dumbbells,Dumbbells,1.0,True,Dumbbells,resolved,
ea_dumbbell_elbow_side_plank,Dumbbell Elbow Side Plank,,Dumbbell,1.0,,Dumbbells,resolved,
ea_dumbbell_external_rotatio,Dumbbell External Rotatio,Dumbbells,Dumbbell,1.0,True,Dumbbells,resolved,
ea_dumbbell_external_rotation,Dumbbell External Rotation,Dumbbells,Dumbbell,1.0,True,Dumbbells,resolved,
ea_dumbbell_face_down_lying_shoulder_pres,Dumbbell Face Down Lying Shoulder Pres,Dumbbells,"Dumbbells, Weight bench",1.0,True,Weight bench,resolved,
ea_dumbbell_face_down_lying_shoulder_press,Dumbbell Face Down Lying Shoulder Press,Dumbbells,"Dumbbells, Weight bench",1.0,True,Weight bench,resolved,
ea_dumbbell_farmer_walks,Dumbbell Farmer Walks,Dumbbells,Dumbbells,1.0,True,Dumbbells,resolved,
ea_dumbbell_feet_elevated_figure_four_glute_bridge,Dumbbell Feet Elevated Figure Four Glute Bridge,,"Dumbbell, Plyo box",1.0,,Dumbbells,resolved,
ea_dumbbell_feet_elevated_glute_bridge,Dumbbell Feet Elevated Glute Bridge,"Dumbbell, Box","Dumbbell, Box",1.0,True,Dumbbells,resolved,
ea_dumbbell_feet_elevated_single_leg_glute_bridge,Dumbbell Feet Elevated Single Leg Glute Bridge,"Dumbbell, Box",Box,1.0,False,Plyo box,resolved,promoted on manual review: 
ea_dumbbell_feet_elevated_staggered_glute_bridge,Dumbbell Feet Elevated Staggered Glute Bridge,"Dumbbell, Box",Box,0.9,False,Plyo box,resolved,promoted on manual review: 
ea_dumbbell_figure_four_glute_bridge,Dumbbell Figure Four Glute Bridge,Dumbbell,none,1.0,False,Dumbbells,resolved,"batch 2, promoted on manual review (poster frame hides the held implement; title + sheet agree): "
ea_dumbbell_figure_four_hip_thrust,Dumbbell Figure Four Hip Thrust,"Bench, Dumbbell",Bench,0.95,False,Weight bench,resolved,promoted on manual review: 
ea_dumbbell_floor_fly,Dumbbell Floor Fly,Dumbbells,Dumbbells,1.0,True,Dumbbells,resolved,
ea_dumbbell_fly_flat_bench,Dumbbell Fly Flat Bench,Dumbbells,"Dumbbells, Weight bench",1.0,True,Weight bench,resolved,
ea_dumbbell_fly_flat_bench_slow,Dumbbell Fly Flat Bench Slow,Dumbbells,"Dumbbells, Flat Bench",1.0,True,Weight bench,resolved,
ea_dumbbell_fly_incline_bench,Dumbbell Fly Incline Bench,Dumbbells,"Dumbbells, Incline Weight Bench",1.0,True,Weight bench,resolved,
ea_dumbbell_frog_jumps,Dumbbell Frog Jumps,Dumbbells,Dumbbells,1.0,True,Dumbbells,resolved,
ea_dumbbell_front_rack_lunge,Dumbbell Front Rack Lunge,Dumbbells,Dumbbells,1.0,True,Dumbbells,resolved,
ea_dumbbell_front_raise,Dumbbell Front Raise,Dumbbells,Dumbbells,1.0,True,Dumbbells,resolved,
ea_dumbbell_front_raise_version_2,Dumbbell Front Raise (version 2),Dumbbells,Dumbbells,1.0,True,Dumbbells,resolved,
ea_dumbbell_front_squat,Dumbbell Front Squat,Dumbbells,Dumbbells,1.0,True,Dumbbells,resolved,
ea_dumbbell_glute_bridge,Dumbbell Glute Bridge,Dumbbells,Dumbbell,1.0,True,Dumbbells,resolved,
ea_dumbbell_goblet_2_sec_hold_squat,Dumbbell Goblet 2 Sec Hold Squat,Dumbbells,Dumbbell,1.0,True,Dumbbells,resolved,
ea_dumbbell_goblet_curtsy_lunge,Dumbbell Goblet Curtsy Lunge,Dumbbells,none,0.9,False,Dumbbells,resolved,"batch 2, promoted on manual review (poster frame hides the held implement; title + sheet agree): "
ea_dumbbell_goblet_forward_lunge,Dumbbell Goblet Forward Lunge,Dumbbells,Dumbbell,1.0,True,Dumbbells,resolved,
ea_dumbbell_goblet_good_morning,Dumbbell Goblet Good Morning,,none,0.9,,none,confirmed_no_equipment,
ea_dumbbell_goblet_reverse_lunge,Dumbbell Goblet Reverse Lunge,,dumbbell,1.0,,Dumbbells,resolved,
ea_dumbbell_goblet_split_squat,Dumbbell Goblet Split Squat,Dumbbells,none,0.95,False,Dumbbells,resolved,"batch 2, promoted on manual review (poster frame hides the held implement; title + sheet agree): "
ea_dumbbell_goblet_split_squat_front_foot_elevanted,Dumbbell Goblet Split Squat Front Foot Elevanted,Dumbbells,"Dumbbell, Step platform",1.0,True,Dumbbells,resolved,
ea_dumbbell_goblet_squat,Dumbbell Goblet Squat,Dumbbells,Dumbbell,1.0,True,Dumbbells,resolved,
ea_dumbbell_half_biceps_curl_for_21s,Dumbbell Half Biceps Curl For 21s,Dumbbells,Dumbbells,1.0,True,Dumbbells,resolved,
ea_dumbbell_half_kneeling_military_press,Dumbbell Half Kneeling Military Press,Dumbbells,Dumbbells,1.0,True,Dumbbells,resolved,
ea_dumbbell_half_kneeling_wood_chopper,Dumbbell Half Kneeling Wood Chopper,,Dumbbell,1.0,,Dumbbells,resolved,
ea_dumbbell_hammer_curl,Dumbbell Hammer Curl,Dumbbells,Dumbbells,1.0,True,Dumbbells,resolved,
ea_dumbbell_hammer_curl_simultaneous_arms,Dumbbell Hammer Curl Simultaneous Arms,Dumbbells,Dumbbells,1.0,True,Dumbbells,resolved,
ea_dumbbell_hammer_grip_incline_bench_two_arm_row,Dumbbell Hammer Grip Incline Bench Two Arm Row,Dumbbells,"Dumbbells, Incline Weight Bench",1.0,True,Weight bench,resolved,
ea_dumbbell_hammer_preacher_curl_simultaneous_arms,Dumbbell Hammer Preacher Curl Simultaneous Arms,Dumbbells,"Dumbbells, Preacher curl bench, EZ curl bar",1.0,True,Preacher curl bench,resolved,
ea_dumbbell_hammer_strict_curl,Dumbbell Hammer Strict Curl,Dumbbells,Dumbbells,1.0,True,Dumbbells,resolved,
ea_dumbbell_hand_side_plank,Dumbbell Hand Side Plank,,Dumbbell,1.0,,Dumbbells,resolved,
ea_dumbbell_hang_power_clean,Dumbbell Hang Power Clean,Dumbbells,Dumbbells,1.0,True,Dumbbells,resolved,
ea_dumbbell_hex_press,Dumbbell Hex Press,,"Dumbbells, Weight bench",1.0,,Weight bench,resolved,
ea_dumbbell_high_curl,Dumbbell High Curl,Dumbbells,Dumbbells,1.0,True,Dumbbells,resolved,
ea_dumbbell_hip_thrust,Dumbbell Hip Thrust,Dumbbells,"Dumbbell, Weight bench",1.0,True,Weight bench,resolved,
ea_dumbbell_hip_thrust_version_2,Dumbbell Hip Thrust (version 2),Dumbbells,"Dumbbell, Weight bench",1.0,True,Weight bench,resolved,
ea_dumbbell_incline_alternate_bicep_curl,Dumbbell Incline Alternate Bicep Curl,Dumbbells,"Dumbbells, Incline Weight Bench",1.0,True,Weight bench,resolved,
ea_dumbbell_incline_alternate_curl,Dumbbell Incline Alternate Curl,Dumbbells,"Dumbbells, Incline Weight Bench",1.0,True,Weight bench,resolved,
ea_dumbbell_incline_alternate_hammer_curl,Dumbbell Incline Alternate Hammer Curl,Dumbbells,"Dumbbells, Incline Weight Bench",1.0,True,Weight bench,resolved,
ea_dumbbell_incline_alternate_press,Dumbbell Incline Alternate Press,Dumbbells,"Dumbbells, Incline Weight Bench",1.0,True,Weight bench,resolved,
ea_dumbbell_incline_bench_press,Dumbbell Incline Bench Press,Dumbbells,"Dumbbells, Incline Weight Bench",1.0,True,Weight bench,resolved,
ea_dumbbell_incline_biceps_simultaneous_curl,Dumbbell Incline Biceps Simultaneous Curl,Dumbbells,"Dumbbells, Adjustable Weight Bench",1.0,True,Weight bench,resolved,
ea_dumbbell_incline_breeding,Dumbbell Incline Breeding,Dumbbells,"Dumbbells, Incline Weight Bench",1.0,True,Weight bench,resolved,
ea_dumbbell_incline_fly,Dumbbell Incline Fly,Dumbbells,"Dumbbells, Incline Weight Bench",1.0,True,Weight bench,resolved,
ea_dumbbell_incline_fly_on_exercise_ball,Dumbbell Incline Fly on Exercise Ball,Dumbbells,"Dumbbells, Stability ball",1.0,True,Dumbbells,resolved,
ea_dumbbell_incline_front_raise,Dumbbell Incline Front Raise,Dumbbells,"Dumbbells, Incline Weight Bench",1.0,True,Weight bench,resolved,
ea_dumbbell_incline_hammer_shoulder_press,Dumbbell Incline Hammer Shoulder Press,Dumbbells,"Dumbbells, Incline Weight Bench",1.0,True,Weight bench,resolved,
ea_dumbbell_incline_hammer_simultaneous_curl,Dumbbell Incline Hammer Simultaneous Curl,Dumbbells,"Dumbbells, Incline Weight Bench",1.0,True,Weight bench,resolved,
ea_dumbbell_incline_lying_front_raise,Dumbbell Incline Lying Front Raise,Dumbbells,"Dumbbells, Incline Bench",1.0,True,Weight bench,resolved,
ea_dumbbell_incline_one_arm_lateral_raise,Dumbbell Incline One Arm Lateral Raise,Dumbbells,"Dumbbell, Incline Weight Bench",1.0,True,Weight bench,resolved,
ea_dumbbell_incline_one_arm_press,Dumbbell Incline One Arm Press,Dumbbells,"Dumbbell, Incline Weight Bench",1.0,True,Weight bench,resolved,
ea_dumbbell_incline_palms_back_press,Dumbbell Incline Palms Back Press,Dumbbells,"Dumbbells, Incline Bench",1.0,True,Weight bench,resolved,
ea_dumbbell_incline_rear_lateral_raise,Dumbbell Incline Rear Lateral Raise,Dumbbells,"Dumbbells, Incline Bench",1.0,True,Weight bench,resolved,
ea_dumbbell_incline_row,Dumbbell Incline Row,Dumbbells,Dumbbells and an incline weight bench,1.0,True,Weight bench,resolved,
ea_dumbbell_incline_shrug,Dumbbell Incline Shrug,Dumbbells,"Dumbbells, Incline Bench",1.0,True,Weight bench,resolved,
ea_dumbbell_incline_simultaneous_curl,Dumbbell Incline Simultaneous Curl,Dumbbells,"Dumbbells, Incline Weight Bench",1.0,True,Weight bench,resolved,
ea_dumbbell_incline_squeeze_press,Dumbbell Incline Squeeze Press,Dumbbells,"Dumbbells, Incline Weight Bench",1.0,True,Weight bench,resolved,
ea_dumbbell_incline_svend_close_grip_press,Dumbbell Incline Svend Close Grip Press,Dumbbells,"Dumbbells, Incline Weight Bench",1.0,True,Weight bench,resolved,
ea_dumbbell_incline_triceps_extension,Dumbbell Incline Triceps Extension,Dumbbells,"Dumbbells, Incline Bench",1.0,True,Weight bench,resolved,
ea_dumbbell_incline_twisted_fly,Dumbbell Incline Twisted Fly,Dumbbells,"Dumbbells, Incline Weight Bench",1.0,True,Weight bench,resolved,
ea_dumbbell_incline_two_arm_extension,Dumbbell Incline Two Arm Extension,Dumbbells,"Dumbbell, Weight bench",0.95,True,Weight bench,resolved,
ea_dumbbell_iron_cross,Dumbbell Iron Cross,Dumbbells,Dumbbells,1.0,True,Dumbbells,resolved,
ea_dumbbell_jumping_squat,Dumbbell Jumping Squat,Dumbbells,Dumbbells,1.0,True,Dumbbells,resolved,
ea_dumbbell_kickback,Dumbbell Kickback,Dumbbells,"Dumbbell, Weight bench",1.0,True,Weight bench,resolved,
ea_dumbbell_knee_lawnmower_row,Dumbbell Knee Lawnmower Row,,dumbbell,1.0,,Dumbbells,resolved,
ea_dumbbell_kneeling_arnold_press,Dumbbell Kneeling Arnold Press,Dumbbells,Dumbbells,1.0,True,Dumbbells,resolved,
ea_dumbbell_kneeling_hold_to_stand_clean_grip,Dumbbell Kneeling Hold to Stand Clean Grip,Dumbbells,Dumbbells,1.0,True,Dumbbells,resolved,
ea_dumbbell_kneeling_squat,Dumbbell Kneeling Squat,Dumbbells,Dumbbells,1.0,True,Dumbbells,resolved,
ea_dumbbell_kneeling_wood_chopper,Dumbbell Kneeling Wood Chopper,,Dumbbell,1.0,,Dumbbells,resolved,
ea_dumbbell_lateral_to_front_raise,Dumbbell Lateral to Front Raise,Dumbbells,Dumbbells,1.0,True,Dumbbells,resolved,
ea_dumbbell_laying_30_degree_shrug,Dumbbell Laying 30 Degree Shrug,,"Dumbbell, Weight bench, Weight plates",1.0,,Weight bench,resolved,
ea_dumbbell_laying_silverback_shrug,Dumbbell Laying Silverback Shrug,,"Dumbbells, Weight bench",1.0,,Weight bench,resolved,
ea_dumbbell_leaning_fly,Dumbbell Leaning Fly,Dumbbells,"Dumbbells, Weight bench",1.0,True,Weight bench,resolved,
ea_dumbbell_low_windmill,Dumbbell Low Windmill,Dumbbells,Dumbbell,1.0,True,Dumbbells,resolved,
ea_dumbbell_lunge_alternating_on_the_spot,Dumbbell Lunge Alternating on the Spot,Dumbbells,Dumbbells,1.0,True,Dumbbells,resolved,
ea_dumbbell_lunge_pulse,Dumbbell Lunge Pulse,Dumbbells,Dumbbells,1.0,True,Dumbbells,resolved,
ea_dumbbell_lunge_to_overhead_press,Dumbbell Lunge to Overhead Press,Dumbbells,Dumbbells,1.0,True,Dumbbells,resolved,
ea_dumbbell_lying_external_shoulder_rotation,Dumbbell Lying External Shoulder Rotation,Dumbbells,Dumbbell,1.0,True,Dumbbells,resolved,
ea_dumbbell_lying_on_floor_chest_press,Dumbbell Lying on Floor Chest Press,,Dumbbells,1.0,,Dumbbells,resolved,
ea_dumbbell_lying_one_arm_neutral_triceps_extension,Dumbbell Lying One Arm Neutral Triceps Extension,Dumbbells,"Dumbbell, Weight bench",1.0,True,Weight bench,resolved,
ea_dumbbell_lying_one_arm_rear_lateral_raise,Dumbbell Lying One Arm Rear Lateral Raise,Dumbbells,"Dumbbell, Weight bench",1.0,True,Weight bench,resolved,
ea_dumbbell_lying_pronation_rotation_on_floor,Dumbbell Lying Pronation Rotation on Floor,Dumbbells,Dumbbell,1.0,True,Dumbbells,resolved,
ea_dumbbell_lying_rear_delt_row,Dumbbell Lying Rear Delt Row,Dumbbells,"Dumbbells, Incline Bench",1.0,True,Weight bench,resolved,
ea_dumbbell_lying_rear_lateral_raise,Dumbbell Lying Rear Lateral Raise,Dumbbells,"Dumbbells, Weight bench",1.0,True,Weight bench,resolved,
ea_dumbbell_lying_supine_curl,Dumbbell Lying Supine Curl,Dumbbells,"Dumbbells, Weight bench",1.0,True,Weight bench,resolved,
ea_dumbbell_lying_triceps_extension,Dumbbell Lying Triceps Extension,Dumbbells,"Dumbbells, Weight bench",1.0,True,Weight bench,resolved,
ea_dumbbell_lying_triceps_extension_on_floor,Dumbbell Lying Triceps Extension on Floor,Dumbbells,Dumbbells,1.0,True,Dumbbells,resolved,
ea_dumbbell_narrow_stance_squats,Dumbbell Narrow Stance Squats,Dumbbells,Dumbbells,1.0,True,Dumbbells,resolved,
ea_dumbbell_offset_squat,Dumbbell Offset Squat,,Dumbbell,1.0,,Dumbbells,resolved,
ea_dumbbell_one_arm_floor_fly,Dumbbell One Arm Floor Fly,Dumbbells,Dumbbell,1.0,True,Dumbbells,resolved,
ea_dumbbell_one_arm_floor_press,Dumbbell One Arm Floor Press,Dumbbells,Dumbbells,1.0,True,Dumbbells,resolved,
ea_dumbbell_one_arm_front_raise,Dumbbell One Arm Front Raise,Dumbbells,Dumbbells,1.0,True,Dumbbells,resolved,
ea_dumbbell_one_arm_hammer_preacher_curl,Dumbbell One Arm Hammer Preacher Curl,Dumbbells,"Dumbbell, Preacher curl bench",1.0,True,Preacher curl bench,resolved,
ea_dumbbell_one_arm_kickback,Dumbbell One Arm Kickback,Dumbbells,Dumbbells,1.0,True,Dumbbells,resolved,
ea_dumbbell_one_arm_lateral_raise,Dumbbell One Arm Lateral Raise,Dumbbells,Dumbbell,1.0,True,Dumbbells,resolved,
ea_dumbbell_one_arm_low_fly,Dumbbell One Arm Low Fly,Dumbbells,Dumbbell,1.0,True,Dumbbells,resolved,
ea_dumbbell_one_arm_reverse_preacher_curl,Dumbbell One Arm Reverse Preacher Curl,Dumbbells,"Dumbbell, Preacher curl bench",1.0,True,Preacher curl bench,resolved,
ea_dumbbell_one_arm_reverse_wrist_curl,Dumbbell One Arm Reverse Wrist Curl,Dumbbells,"Dumbbell, Weight bench",1.0,True,Weight bench,resolved,
ea_dumbbell_one_arm_row_rack_support,Dumbbell One Arm Row (rack Support),Dumbbells,"Dumbbell, Power rack",1.0,True,Squat rack,resolved,
ea_dumbbell_one_arm_seated_neutral_wrist_curl,Dumbbell One Arm Seated Neutral Wrist Curl,Dumbbells,"Dumbbell, Weight bench",1.0,True,Weight bench,resolved,
ea_dumbbell_one_arm_shoulder_press_version_2,Dumbbell One Arm Shoulder Press (version 2),Dumbbells,Dumbbell,1.0,True,Dumbbells,resolved,
ea_dumbbell_one_arm_snatch,Dumbbell One Arm Snatch,Dumbbells,Dumbbell,1.0,True,Dumbbells,resolved,
ea_dumbbell_one_arm_triceps_extension_on_bench,Dumbbell One Arm Triceps Extension (on Bench),Dumbbells,"Dumbbell, Weight bench",1.0,True,Weight bench,resolved,
ea_dumbbell_one_arm_wide_grip_bench_press,Dumbbell One Arm Wide Grip Bench Press,Dumbbells,"Dumbbells, Weight bench",1.0,True,Weight bench,resolved,
ea_dumbbell_one_arm_wrist_curl,Dumbbell One Arm Wrist Curl,Dumbbells,"Dumbbell, Weight bench",1.0,True,Weight bench,resolved,
ea_dumbbell_one_arm_zottman_preacher_curl,Dumbbell One Arm Zottman Preacher Curl,Dumbbells,"Dumbbell, Weight bench",1.0,True,Weight bench,resolved,
ea_dumbbell_over_bench_reverse_wrist_curl,Dumbbell Over Bench Reverse Wrist Curl,Dumbbells,"Dumbbells, Weight bench",1.0,True,Weight bench,resolved,
ea_dumbbell_over_bench_wrist_curl,Dumbbell Over Bench Wrist Curl,Dumbbells,"Dumbbells, Flat Bench",1.0,True,Weight bench,resolved,
ea_dumbbell_overhead_extension_seated,Dumbbell Overhead Extension Seated,Dumbbells,"Dumbbell, Weight bench",1.0,True,Weight bench,resolved,
ea_dumbbell_overhead_extension_standing,Dumbbell Overhead Extension Standing,Dumbbells,Dumbbell,1.0,True,Dumbbells,resolved,
ea_dumbbell_overhead_lunge,Dumbbell Overhead Lunge,Dumbbells,Dumbbells,1.0,True,Dumbbells,resolved,
ea_dumbbell_overhead_side_bend,Dumbbell Overhead Side Bend,,Dumbbell,1.0,,Dumbbells,resolved,
ea_dumbbell_overhead_sit_up,Dumbbell Overhead Sit-up,Dumbbells,Dumbbells,1.0,True,Dumbbells,resolved,
ea_dumbbell_pendlay_row,Dumbbell Pendlay Row,,Dumbbells,1.0,,Dumbbells,resolved,
ea_dumbbell_plank_pullthrough,Dumbbell Plank Pullthrough,,dumbbells,1.0,,Dumbbells,resolved,
ea_dumbbell_preacher_curl,Dumbbell Preacher Curl,Dumbbells,"Dumbbell, Preacher curl bench",1.0,True,Preacher curl bench,resolved,
ea_dumbbell_preacher_curl_over_exercise_ball,Dumbbell Preacher Curl Over Exercise Ball,Dumbbells,"Dumbbells, Stability ball",1.0,True,Dumbbells,resolved,
ea_dumbbell_preacher_curl_turned_torso,Dumbbell Preacher Curl (turned Torso),Dumbbells,"Dumbbell, Preacher curl bench",1.0,True,Preacher curl bench,resolved,
ea_dumbbell_press_squat,Dumbbell Press Squat,Dumbbells,Dumbbell,1.0,True,Dumbbells,resolved,
ea_dumbbell_pronate_grip_triceps_extension,Dumbbell Pronate-grip Triceps Extension,Dumbbells,"Dumbbells, Weight bench",1.0,True,Weight bench,resolved,
ea_dumbbell_prone_incline_curl,Dumbbell Prone Incline Curl,Dumbbells,"Dumbbells, Incline Weight Bench",1.0,True,Weight bench,resolved,
ea_dumbbell_prone_incline_hammer_curl,Dumbbell Prone Incline Hammer Curl,Dumbbells,"Dumbbells, Adjustable Weight Bench",1.0,True,Weight bench,resolved,
ea_dumbbell_pullover,Dumbbell Pullover,Dumbbells,"Dumbbell, Weight bench",1.0,True,Weight bench,resolved,
ea_dumbbell_pullover_hip_extension_on_exercise_ball,Dumbbell Pullover Hip Extension on Exercise Ball,Dumbbells,"Dumbbell, Stability ball",1.0,True,Dumbbells,resolved,
ea_dumbbell_pullover_on_floor,Dumbbell Pullover on Floor,Dumbbells,Dumbbell,1.0,True,Dumbbells,resolved,
ea_dumbbell_pullover_version_2,Dumbbell Pullover (version 2),Dumbbells,"Dumbbell, Weight bench",1.0,True,Weight bench,resolved,
ea_dumbbell_push_press,Dumbbell Push Press,Dumbbells,Dumbbells,1.0,True,Dumbbells,resolved,
ea_dumbbell_rdl_stretch_isometric,Dumbbell Rdl Stretch Isometric,Dumbbells,Dumbbells,1.0,True,Dumbbells,resolved,
ea_dumbbell_rear_delt_row,Dumbbell Rear Delt Row,Dumbbells,"Dumbbell, Weight bench",1.0,True,Weight bench,resolved,
ea_dumbbell_rear_full_shrugs,Dumbbell Rear Full Shrugs,Dumbbells,Dumbbells,1.0,True,Dumbbells,resolved,
ea_dumbbell_rear_lateral_raise,Dumbbell Rear Lateral Raise,Dumbbells,Dumbbells,1.0,True,Dumbbells,resolved,
ea_dumbbell_rear_lunge,Dumbbell Rear Lunge,Dumbbells,Dumbbells,1.0,True,Dumbbells,resolved,
ea_dumbbell_rear_lunge_from_step,Dumbbell Rear Lunge From Step,Dumbbells,"Dumbbells, Step platform",1.0,True,Dumbbells,resolved,
ea_dumbbell_renegade_row,Dumbbell Renegade Row,Dumbbells,Dumbbells,1.0,True,Dumbbells,resolved,
ea_dumbbell_reverse_fly,Dumbbell Reverse Fly,Dumbbells,"Dumbbells, Incline Bench",1.0,True,Weight bench,resolved,
ea_dumbbell_reverse_grip_biceps_curl,Dumbbell Reverse Grip Biceps Curl,Dumbbells,Dumbbells,1.0,True,Dumbbells,resolved,
ea_dumbbell_reverse_lunge_on_the_spot,Dumbbell Reverse Lunge on the Spot,Dumbbells,Dumbbells,1.0,True,Dumbbells,resolved,
ea_dumbbell_reverse_lunges_pulses,Dumbbell Reverse Lunges Pulses,Dumbbells,Dumbbells,1.0,True,Dumbbells,resolved,
ea_dumbbell_reverse_spider_curl,Dumbbell Reverse Spider Curl,Dumbbells,"Dumbbells, Incline Bench",1.0,True,Weight bench,resolved,
ea_dumbbell_reverse_wrist_curl,Dumbbell Reverse Wrist Curl,Dumbbells,"Dumbbells, Weight bench",1.0,True,Weight bench,resolved,
ea_dumbbell_romanian_deadlift,Dumbbell Romanian Deadlift,Dumbbells,Dumbbells,1.0,True,Dumbbells,resolved,
ea_dumbbell_russian_twist_with_legs_floor_off,Dumbbell Russian Twist with Legs Floor Off,Dumbbells,Dumbbell,0.95,True,Dumbbells,resolved,
ea_dumbbell_scott_press,Dumbbell Scott Press,Dumbbells,Dumbbells,1.0,True,Dumbbells,resolved,
ea_dumbbell_scott_press_360_degrees,Dumbbell Scott Press (360 Degrees),Dumbbells,Dumbbells,1.0,True,Dumbbells,resolved,
ea_dumbbell_seated_alternate_front_raise,Dumbbell Seated Alternate Front Raise,Dumbbells,"Dumbbells, Weight bench",1.0,True,Weight bench,resolved,
ea_dumbbell_seated_alternate_press,Dumbbell Seated Alternate Press,Dumbbells,"Dumbbells, Weight bench",1.0,True,Weight bench,resolved,
ea_dumbbell_seated_alternate_shoulder_press,Dumbbell Seated Alternate Shoulder Press,Dumbbells,"Dumbbells, Weight bench",1.0,True,Weight bench,resolved,
ea_dumbbell_seated_bench_extension,Dumbbell Seated Bench Extension,Dumbbells,"Dumbbell, Weight bench",1.0,True,Weight bench,resolved,
ea_dumbbell_seated_calf_raise,Dumbbell Seated Calf Raise,Dumbbells,"Dumbbells, weight bench, weight plate",1.0,True,Weight bench,resolved,
ea_dumbbell_seated_curl,Dumbbell Seated Curl,Dumbbells,"Dumbbells, Flat Bench",1.0,True,Weight bench,resolved,
ea_dumbbell_seated_front_raise,Dumbbell Seated Front Raise,Dumbbells,"Dumbbells, Weight bench",1.0,True,Weight bench,resolved,
ea_dumbbell_seated_hammer_curl,Dumbbell Seated Hammer Curl,Dumbbells,"Dumbbells, Weight bench",1.0,True,Weight bench,resolved,
ea_dumbbell_seated_kickback,Dumbbell Seated Kickback,Dumbbells,"Dumbbells, Weight bench",1.0,True,Weight bench,resolved,
ea_dumbbell_seated_lateral_raise,Dumbbell Seated Lateral Raise,Dumbbells,"Dumbbells, Weight bench",1.0,True,Weight bench,resolved,
ea_dumbbell_seated_neutral_wrist_curl,Dumbbell Seated Neutral Wrist Curl,Dumbbells,"Dumbbells, Weight bench",1.0,True,Weight bench,resolved,
ea_dumbbell_seated_on_exercise_ball_shoulder_press,Dumbbell Seated on Exercise Ball Shoulder Press,Dumbbells,"Dumbbells, Stability ball",1.0,True,Dumbbells,resolved,
ea_dumbbell_seated_one_leg_calf_raise_hammer_grip,Dumbbell Seated One Leg Calf Raise Hammer Grip,Dumbbells,"Weight bench, weight plate, dumbbell",1.0,True,Weight bench,resolved,
ea_dumbbell_seated_preacher_curl,Dumbbell Seated Preacher Curl,Dumbbells,"Dumbbells, Preacher curl bench",1.0,True,Preacher curl bench,resolved,
ea_dumbbell_seated_reverse_close_grip_press,Dumbbell Seated Reverse Close Grip Press,Dumbbells,"Dumbbells, Weight bench",1.0,True,Weight bench,resolved,
ea_dumbbell_seated_reverse_grip_concentration_curl,Dumbbell Seated Reverse Grip Concentration Curl,Dumbbells,"Dumbbell, Weight bench",1.0,True,Weight bench,resolved,
ea_dumbbell_seated_shoulder_press,Dumbbell Seated Shoulder Press,Dumbbells,"Dumbbells, Weight bench",1.0,True,Weight bench,resolved,
ea_dumbbell_seated_shoulder_press_parallel_grip,Dumbbell Seated Shoulder Press Parallel Grip,Dumbbells,"Dumbbells, Weight bench",1.0,True,Weight bench,resolved,
ea_dumbbell_seated_zottman_curl,Dumbbell Seated Zottman Curl,,"Dumbbells, Weight bench",1.0,,Weight bench,resolved,
ea_dumbbell_shoulder_extension,Dumbbell Shoulder Extension,,dumbbells,1.0,,Dumbbells,resolved,
ea_dumbbell_shrugs,Dumbbell Shrugs,Dumbbells,Dumbbells,1.0,True,Dumbbells,resolved,
ea_dumbbell_side_bend,Dumbbell Side Bend,Dumbbells,Dumbbell,1.0,True,Dumbbells,resolved,
ea_dumbbell_side_lunge_alternating,Dumbbell Side Lunge Alternating,Dumbbells,Dumbbells,1.0,True,Dumbbells,resolved,
ea_dumbbell_side_lunge_left_n_right,Dumbbell Side Lunge Left N Right,Dumbbells,Dumbbells,1.0,True,Dumbbells,resolved,
ea_dumbbell_side_lunge_single_leg,Dumbbell Side Lunge Single Leg,Dumbbells,Dumbbell,1.0,True,Dumbbells,resolved,
ea_dumbbell_side_lying_one_hand_raise,Dumbbell Side Lying One Hand Raise,Dumbbells,"Dumbbell, Weight bench",1.0,True,Weight bench,resolved,
ea_dumbbell_side_plank_up_down,Dumbbell Side Plank Up Down,,Dumbbell,1.0,,Dumbbells,resolved,
ea_dumbbell_side_plank_with_rear_fly,Dumbbell Side Plank with Rear Fly,Dumbbells,Dumbbells,1.0,True,Dumbbells,resolved,
ea_dumbbell_side_squat_side_to_side,Dumbbell Side Squat Side to Side,Dumbbells,Dumbbell,1.0,True,Dumbbells,resolved,
ea_dumbbell_silverback_shrug,Dumbbell Silverback Shrug,,dumbbells,1.0,,Dumbbells,resolved,
ea_dumbbell_simultaneous_biceps_curl,Dumbbell Simultaneous Biceps Curl,Dumbbells,Dumbbells,1.0,True,Dumbbells,resolved,
ea_dumbbell_single_arm_floor_press,Dumbbell Single Arm Floor Press,Dumbbells,Dumbbells,1.0,True,Dumbbells,resolved,
ea_dumbbell_single_arm_floor_press_from_close_elbow,Dumbbell Single Arm Floor Press From Close Elbow,Dumbbells,Dumbbell,1.0,True,Dumbbells,resolved,
ea_dumbbell_single_arm_overhead_carry,Dumbbell Single Arm Overhead Carry,Dumbbells,Dumbbell,1.0,True,Dumbbells,resolved,
ea_dumbbell_single_arm_overhead_lunge,Dumbbell Single Arm Overhead Lunge,Kettlebells,Dumbbell,1.0,False,Dumbbells,resolved,"promoted on manual review: sheet said Kettlebells, poster clearly shows a dumbbell"
ea_dumbbell_single_arm_starfish_crunch,Dumbbell Single Arm Starfish Crunch,Dumbbells,Dumbbells,1.0,True,Dumbbells,resolved,
ea_dumbbell_single_arm_underhand_front_raise,Dumbbell Single Arm Underhand Front Raise,Dumbbells,Dumbbell,1.0,True,Dumbbells,resolved,
ea_dumbbell_single_arm_upright_row,Dumbbell Single Arm Upright Row,,dumbbells,1.0,,Dumbbells,resolved,
ea_dumbbell_single_leg_calf_raise_wall_support,Dumbbell Single Leg Calf Raise Wall Support,Dumbbells,Dumbbell,1.0,True,Dumbbells,resolved,
ea_dumbbell_single_leg_deadlift,Dumbbell Single Leg Deadlift,Dumbbells,Dumbbells,1.0,True,Dumbbells,resolved,
ea_dumbbell_single_leg_glute_bridge,Dumbbell Single Leg Glute Bridge,Dumbbells,Dumbbell,1.0,True,Dumbbells,resolved,
ea_dumbbell_single_leg_hip_thrust,Dumbbell Single Leg Hip Thrust,,"Weight bench, dumbbell",1.0,,Weight bench,resolved,
ea_dumbbell_single_leg_single_arm_deadlift,Dumbbell Single Leg Single Arm Deadlift,,Dumbbells,1.0,,Dumbbells,resolved,
ea_dumbbell_single_leg_split_squat,Dumbbell Single Leg Split Squat,Dumbbells,"Dumbbells, Weight bench",1.0,True,Weight bench,resolved,
ea_dumbbell_single_leg_squat,Dumbbell Single Leg Squat,Dumbbells,Dumbbells,1.0,True,Dumbbells,resolved,
ea_dumbbell_single_leg_squat_with_support_pistol,Dumbbell Single Leg Squat with Support (pistol),Dumbbells,"Dumbbell, Squat rack",1.0,True,Squat rack,resolved,
ea_dumbbell_single_leg_step_up,Dumbbell Single Leg Step-up,Dumbbells,"Dumbbells, Plyo box",1.0,True,Dumbbells,resolved,
ea_dumbbell_skullcrusher,Dumbbell Skullcrusher,,"Dumbbells, Weight bench",1.0,,Weight bench,resolved,
ea_dumbbell_split_squat,Dumbbell Split Squat,Dumbbells,Dumbbells,1.0,True,Dumbbells,resolved,
ea_dumbbell_squats,Dumbbell Squats,Dumbbells,Dumbbells,1.0,True,Dumbbells,resolved,
ea_dumbbell_squats_to_shoulder_press,Dumbbell Squats to Shoulder Press,Dumbbells,Dumbbells,1.0,True,Dumbbells,resolved,
ea_dumbbell_staggered_deadlift,Dumbbell Staggered Deadlift,,dumbbells,1.0,,Dumbbells,resolved,
ea_dumbbell_staggered_glute_bridge,Dumbbell Staggered Glute Bridge,,none,0.95,,none,confirmed_no_equipment,
ea_dumbbell_staggered_hip_thrust,Dumbbell Staggered Hip Thrust,,"Dumbbell, Weight bench",1.0,,Weight bench,resolved,
ea_dumbbell_standing_alternate_overhead_press,Dumbbell Standing Alternate Overhead Press,Dumbbells,Dumbbells,1.0,True,Dumbbells,resolved,
ea_dumbbell_standing_alternate_raise,Dumbbell Standing Alternate Raise,Dumbbells,Dumbbells,1.0,True,Dumbbells,resolved,
ea_dumbbell_standing_alternate_vertical_front_raises,Dumbbell Standing Alternate Vertical Front Raises,Dumbbells,Dumbbells,1.0,True,Dumbbells,resolved,
ea_dumbbell_standing_behind_back_shoulders_press,Dumbbell Standing Behind Back Shoulders Press,Dumbbells,Dumbbells,1.0,True,Dumbbells,resolved,
ea_dumbbell_standing_both_arms_kickback,Dumbbell Standing Both Arms Kickback,Dumbbells,Dumbbells,1.0,True,Dumbbells,resolved,
ea_dumbbell_standing_calf_raise,Dumbbell Standing Calf Raise,Dumbbells,Dumbbells,1.0,True,Dumbbells,resolved,
ea_dumbbell_standing_calf_raise_on_step,Dumbbell Standing Calf Raise on Step,Dumbbells,"Dumbbells, Step platform",1.0,True,Dumbbells,resolved,
ea_dumbbell_standing_concentration_curl,Dumbbell Standing Concentration Curl,Dumbbells,Dumbbells,1.0,True,Dumbbells,resolved,
ea_dumbbell_standing_curl_arnold_press,Dumbbell Standing Curl Arnold Press,Dumbbells,Dumbbells,1.0,True,Dumbbells,resolved,
ea_dumbbell_standing_front_raise_above_head,Dumbbell Standing Front Raise Above Head,Dumbbells,Dumbbells,1.0,True,Dumbbells,resolved,
ea_dumbbell_standing_hammer_drag_curl,Dumbbell Standing Hammer Drag Curl,Dumbbells,Dumbbells,1.0,True,Dumbbells,resolved,
ea_dumbbell_standing_hip_abduction,Dumbbell Standing Hip Abduction,,dumbbell,1.0,,Dumbbells,resolved,
ea_dumbbell_standing_one_arm_concentration_curl,Dumbbell Standing One Arm Concentration Curl,Dumbbells,Dumbbell,1.0,True,Dumbbells,resolved,
ea_dumbbell_standing_one_arm_curl_over_incline_bench,Dumbbell Standing One Arm Curl Over Incline Bench,Dumbbells,"Dumbbell, Incline Weight Bench",1.0,True,Weight bench,resolved,
ea_dumbbell_standing_one_arm_extension,Dumbbell Standing One Arm Extension,Dumbbells,Dumbbell,1.0,True,Dumbbells,resolved,
ea_dumbbell_standing_overhead_press,Dumbbell Standing Overhead Press,Dumbbells,Dumbbells,1.0,True,Dumbbells,resolved,
ea_dumbbell_standing_palms_in_press,Dumbbell Standing Palms in Press,Dumbbells,Dumbbells,1.0,True,Dumbbells,resolved,
ea_dumbbell_standing_preacher_curl,Dumbbell Standing Preacher Curl,Dumbbells,"Dumbbell, Preacher curl bench",1.0,True,Preacher curl bench,resolved,
ea_dumbbell_standing_reverse_curl,Dumbbell Standing Reverse Curl,Dumbbells,Dumbbells,1.0,True,Dumbbells,resolved,
ea_dumbbell_standing_simultaneous_biceps_curl,Dumbbell Standing Simultaneous Biceps Curl,Dumbbells,Dumbbells,1.0,True,Dumbbells,resolved,
ea_dumbbell_standing_single_arm_cross_raise,Dumbbell Standing Single Arm Cross Raise,Dumbbells,Dumbbell,1.0,True,Dumbbells,resolved,
ea_dumbbell_standing_single_leg_calf_raise,Dumbbell Standing Single Leg Calf Raise,Dumbbells,Dumbbells,1.0,True,Dumbbells,resolved,
ea_dumbbell_standing_triceps_extension,Dumbbell Standing Triceps Extension,Dumbbells,Dumbbell,1.0,True,Dumbbells,resolved,
ea_dumbbell_standing_wide_simultaneous_biceps_curl,Dumbbell Standing Wide Simultaneous Biceps Curl,Dumbbells,Dumbbells,1.0,True,Dumbbells,resolved,
ea_dumbbell_standing_wrist_curl,Dumbbell Standing Wrist Curl,Dumbbells,Barbell,1.0,False,none,DISAGREEMENT,"REJECTED on manual review: poster clearly shows dumbbells, not a barbell"
ea_dumbbell_starfish_crunch_alternating,Dumbbell Starfish Crunch Alternating,Dumbbells,Dumbbells,1.0,True,Dumbbells,resolved,
ea_dumbbell_static_lunge,Dumbbell Static Lunge,Dumbbells,Dumbbells,1.0,True,Dumbbells,resolved,
ea_dumbbell_step_up_on_bench,Dumbbell Step Up on Bench,Dumbbells,"Dumbbells, Weight bench",1.0,True,Weight bench,resolved,
ea_dumbbell_step_up_with_knee_raise,Dumbbell Step-up with Knee Raise,Dumbbells,"Dumbbells, Weight bench",1.0,True,Weight bench,resolved,
ea_dumbbell_stiff_leg_deadlift,Dumbbell Stiff Leg Deadlift,Dumbbells,Dumbbells,1.0,True,Dumbbells,resolved,
ea_dumbbell_straight_arm_crunch,Dumbbell Straight Arm Crunch,Dumbbells,Dumbbell,1.0,True,Dumbbells,resolved,
ea_dumbbell_straight_arm_twisting_sit_up,Dumbbell Straight Arm Twisting Sit-up,Dumbbells,Dumbbell,1.0,True,Dumbbells,resolved,
ea_dumbbell_straight_leg_deadlift,Dumbbell Straight Leg Deadlift,Dumbbells,Dumbbells,1.0,True,Dumbbells,resolved,
ea_dumbbell_straight_leg_russian_twist,Dumbbell Straight Leg Russian Twist,Dumbbells,Dumbbell,1.0,True,Dumbbells,resolved,
ea_dumbbell_suitcase_carry,Dumbbell Suitcase Carry,Dumbbells,Dumbbell,1.0,True,Dumbbells,resolved,
ea_dumbbell_suitcase_crunch,Dumbbell Suitcase Crunch,,Dumbbell,1.0,,Dumbbells,resolved,
ea_dumbbell_sumo_squat_off_benches,Dumbbell Sumo Squat Off Benches,Dumbbells,"Dumbbell, Weight benches",1.0,True,Dumbbells,resolved,
ea_dumbbell_supported_sissy_squat,Dumbbell Supported Sissy Squat,Dumbbells,Sissy squat machine,1.0,False,Sissy squat machine,resolved,"batch 3, registry expansion (52->67): "
ea_dumbbell_svend_press,Dumbbell Svend Press,Dumbbells,Dumbbell,1.0,True,Dumbbells,resolved,
ea_dumbbell_swing,Dumbbell Swing,,Dumbbell,1.0,,Dumbbells,resolved,
ea_dumbbell_tate_press,Dumbbell Tate Press,Dumbbells,"Dumbbells, Weight bench",1.0,True,Weight bench,resolved,
ea_dumbbell_triceps_kick_back_single_arm,Dumbbell Triceps Kick Back Single Arm,Dumbbells,Dumbbells,1.0,True,Dumbbells,resolved,
ea_dumbbell_upright_shoulder_external_rotatio,Dumbbell Upright Shoulder External Rotatio,Dumbbells,Dumbbell,1.0,True,Dumbbells,resolved,
ea_dumbbell_upright_shoulder_external_rotation,Dumbbell Upright Shoulder External Rotation,Dumbbells,Dumbbell,1.0,True,Dumbbells,resolved,
ea_dumbbell_v_up,Dumbbell V-up,Dumbbells,Dumbbell,1.0,True,Dumbbells,resolved,
ea_dumbbell_w_press,Dumbbell W Press,Dumbbells,Dumbbells,1.0,True,Dumbbells,resolved,
ea_dumbbell_waiter_biceps_curl,Dumbbell Waiter Biceps Curl,Dumbbells,Dumbbell,1.0,True,Dumbbells,resolved,
ea_dumbbell_zottman_curl,Dumbbell Zottman Curl,Dumbbells,Dumbbells,1.0,True,Dumbbells,resolved,
ea_dumbbell_zottman_preacher_curl,Dumbbell Zottman Preacher Curl,Dumbbells,"Dumbbells, Preacher curl bench",1.0,True,Preacher curl bench,resolved,
ea_dumbbells_bent_over_row,Dumbbells Bent Over Row,Dumbbells,Dumbbells,1.0,True,Dumbbells,resolved,
ea_dumbbells_bent_over_row_pronated_grip,Dumbbells Bent Over Row Pronated Grip,Dumbbells,Dumbbells,1.0,True,Dumbbells,resolved,
ea_dumbbells_plank_to_alternating_row,Dumbbells Plank to Alternating Row,Dumbbells,Dumbbells,1.0,True,Dumbbells,resolved,
ea_dumbbells_single_arm_row,Dumbbells Single Arm Row,,"Dumbbell, Weight bench",1.0,,Weight bench,resolved,
ea_dumbbells_triceps_kick_back_both_arms,Dumbbells Triceps Kick Back Both Arms,Dumbbells,Dumbbells,1.0,True,Dumbbells,resolved,
ea_dumbell_burpee,Dumbell Burpee,Dumbbells,Dumbbells,1.0,True,Dumbbells,resolved,
ea_dynamic_leg_swing,Dynamic Leg Swing,,Squat rack,1.0,,Squat rack,resolved,
ea_eagle_arms_chin_into_chest,Eagle Arms Chin Into Chest,,none,1.0,,none,confirmed_no_equipment,
ea_easy_pose_neck_stretch,Easy Pose Neck Stretch,,none,1.0,,none,confirmed_no_equipment,
ea_easy_seated_twist_pose,Easy Seated Twist Pose,,none,1.0,,none,confirmed_no_equipment,
ea_elbow_back_stretch,Elbow Back Stretch,,none,1.0,,none,confirmed_no_equipment,
ea_elbow_extension,Elbow-extension,,none,1.0,,none,confirmed_no_equipment,
ea_elbow_extension_and_supination_pronation_forearm_stretch,Elbow Extension and Supination Pronation Forearm Stretch,,none,1.0,,none,confirmed_no_equipment,
ea_elbow_flexor_stretch,Elbow Flexor Stretch,,wall,1.0,,none,unresolved,
ea_elbow_lift_reverse_push_up,Elbow Lift Reverse Push Up,,two weight benches,1.0,,Weight bench,resolved,
ea_elbow_push_plank_up,Elbow Push Plank Up,,none,1.0,,none,confirmed_no_equipment,
ea_elbow_up_and_down_dynamic_plank,Elbow-up and Down Dynamic Plank,,none,1.0,,none,confirmed_no_equipment,
ea_elbows_back_stretch,Elbows Back Stretch,,none,1.0,,none,confirmed_no_equipment,
ea_elevated_pike_shoulder_shrug,Elevated Pike Shoulder Shrug,,plyo box,1.0,,Plyo box,resolved,
ea_elevated_push_up,Elevated Push Up,,blocks,1.0,,none,unresolved,
ea_elevated_standing_calf_raise,Elevated Standing Calf Raise,,"squat rack, step platform",0.95,,Squat rack,resolved,
ea_exercise_ball_back_extension_with_hands_behind_head,Exercise Ball Back Extension with Hands Behind Head,,stability ball,1.0,,Stability ball,resolved,
ea_exercise_ball_back_stretch,Exercise Ball Back Stretch,Exercise Ball,Exercise Ball,1.0,True,Stability ball,resolved,
ea_exercise_ball_body_saw,Exercise Ball Body Saw,,stability ball,1.0,,Stability ball,resolved,
ea_exercise_ball_hip_flexor_stretch,Exercise Ball Hip Flexor Stretch,Yoga Mat,Stability ball,1.0,False,Stability ball,resolved,promoted on manual review: 
ea_exercise_ball_lat_stretch,Exercise Ball Lat Stretch,Exercise Ball,Exercise Ball,1.0,True,Stability ball,resolved,
ea_exercise_ball_leg_curl,Exercise Ball Leg Curl,,exercise ball,1.0,,Stability ball,resolved,
ea_exercise_ball_lower_back_dynamic_stretch,Exercise Ball Lower Back Dynamic Stretch,Exercise Ball,Exercise Ball,1.0,True,Stability ball,resolved,
ea_exercise_ball_lower_back_prone_stretch,Exercise Ball Lower Back Prone Stretch,Exercise Ball,Exercise Ball,1.0,True,Stability ball,resolved,
ea_exercise_ball_lying_side_lat_stretch,Exercise Ball Lying Side Lat Stretch,Exercise Ball,Exercise Ball,1.0,True,Stability ball,resolved,
ea_exercise_ball_lying_side_lat_stretch_v_2,Exercise Ball Lying Side Lat Stretch V.2,Exercise Ball,Exercise Ball,1.0,True,Stability ball,resolved,
ea_exercise_ball_one_legged_diagonal_kick_hamstring_curl,Exercise Ball One Legged Diagonal Kick Hamstring Curl,,exercise ball,1.0,,Stability ball,resolved,
ea_exercise_ball_seated_hamstring_stretch,Exercise Ball Seated Hamstring Stretch,Yoga Mat,Stability ball,1.0,False,Stability ball,resolved,promoted on manual review: 
ea_exercise_ball_seated_quad_stretch,Exercise Ball Seated Quad Stretch,Yoga Mat,Stability ball,1.0,False,Stability ball,resolved,promoted on manual review: 
ea_exercise_ball_sit_ups,Exercise Ball Sit Ups,,stability ball,1.0,,Stability ball,resolved,
ea_exercise_ball_wall_squat,Exercise Ball Wall Squat,,"stability ball, wall",1.0,,Stability ball,resolved,
ea_explosive_push_ups,Explosive Push Ups,,none,1.0,,none,confirmed_no_equipment,
ea_extended_side_angle,Extended Side Angle,,none,1.0,,none,confirmed_no_equipment,
ea_extended_side_angle_pose,Extended Side Angle Pose,,none,1.0,,none,confirmed_no_equipment,
ea_extended_side_angle_pose_with_block,Extended Side Angle Pose with Block,,Yoga block,1.0,,Yoga blocks,resolved,"batch 3, registry expansion (52->67): "
ea_extension_and_inclination_neck_stretch,Extension and Inclination Neck Stretch,,none,1.0,,none,confirmed_no_equipment,
ea_extension_of_arms_in_vertical_stretch,Extension of Arms in Vertical Stretch,,none,1.0,,none,confirmed_no_equipment,
ea_ez_bar_biceps_curl_close_grip,Ez Bar Biceps Curl Close Grip,Ez Bar,"EZ bar, weight plates",1.0,True,EZ curl bar,resolved,
ea_ez_bar_biceps_curl_normal_grip,Ez Bar Biceps Curl Normal Grip,Ez Bar,"Ez Bar, Weight plates",1.0,True,EZ curl bar,resolved,
ea_ez_bar_biceps_curl_wide_grip,Ez Bar Biceps Curl Wide Grip,Ez Bar,"Ez Bar, Weight plates",1.0,True,EZ curl bar,resolved,
ea_ez_bar_cable_curl_wide_grip,Ez Bar Cable Curl Wide Grip,Ez Bar,Cable machine with EZ bar attachment,1.0,True,Cable machine,resolved,
ea_ez_bar_cable_curl_wide_grip_crossover_machine,Ez Bar Cable Curl Wide Grip Crossover Machine,Ez Bar,"Cable machine, EZ bar attachment",1.0,True,Cable machine,resolved,
ea_ez_bar_overhead_extensions_standing,Ez Bar Overhead Extensions Standing,Ez Bar,"Ez Bar, Weight plates",1.0,True,EZ curl bar,resolved,
ea_ez_bar_seated_close_grip_shoulder_press,Ez Bar Seated Close Grip Shoulder Press,Ez Bar,"EZ bar, weight plates, weight bench",1.0,True,EZ curl bar,resolved,
ea_ez_bar_seated_wrist_curl,EZ Bar Seated Wrist Curl,Ez Bar,"EZ bar, weight bench",1.0,True,Weight bench,resolved,
ea_ez_bar_standing_front_raise,EZ Bar Standing Front Raise,Ez Bar,EZ Bar,1.0,True,EZ curl bar,resolved,
ea_ez_barbell_anti_gravity_press,EZ Barbell Anti Gravity Press,Ez Bar,"EZ bar, weight bench",1.0,True,Weight bench,resolved,
ea_ez_barbell_close_grip_curl,EZ Barbell Close Grip Curl,Ez Bar,EZ curl bar,1.0,True,EZ curl bar,resolved,
ea_ez_barbell_curl,EZ Barbell Curl,Ez Bar,EZ Bar,1.0,True,EZ curl bar,resolved,
ea_fast_feet,Fast Feet,,none,1.0,,none,confirmed_no_equipment,
ea_feet_together_barbell_squats,Feet Together Barbell Squats,Barbell,Barbell,1.0,True,Squat rack,resolved,
ea_fire_hydrant_bodyweight,Fire Hydrant Bodyweight,,none,1.0,,none,confirmed_no_equipment,
ea_fire_hydrant_circle_bodyweight,Fire Hydrant Circle Bodyweight,,none,1.0,,none,confirmed_no_equipment,
ea_fixed_bar_stretch,Fixed Bar Stretch,Fixed Pole Bar,Fixed Pole Bar,1.0,True,none,unresolved,
ea_flat_bench_cable_fly,Flat Bench Cable Fly,Dual Cable Pulley Machine,"Dual cable pulley machine, flat weight bench",1.0,True,Cable machine,resolved,
ea_flat_knee_raise,Flat Knee Raise,,none,1.0,,none,confirmed_no_equipment,
ea_floor_cable_resistance_band_press,Floor Cable Resistance Band Press,Resistance Cable,Resistance band,1.0,True,Resistance bands,resolved,
ea_floor_tricep_dip,Floor Tricep Dip,,none,1.0,,none,confirmed_no_equipment,
ea_flutter_kicks,Flutter Kicks,,none,1.0,,none,confirmed_no_equipment,
ea_foam_roller_back,Foam Roller Back,,foam roller,1.0,,Foam roller,resolved,
ea_foam_roller_calves,Foam Roller Calves,,Foam roller,1.0,,Foam roller,resolved,
ea_foam_roller_lateral_quads,Foam Roller Lateral Quads,,foam roller,1.0,,Foam roller,resolved,
ea_foam_roller_quads,Foam Roller Quads-,,foam roller,1.0,,Foam roller,resolved,
ea_forearms_pull_with_opposite_hand_stretch,Forearms Pull with Opposite Hand Stretch,,none,1.0,,none,confirmed_no_equipment,
ea_forearms_stretch_on_wall,Forearms Stretch on Wall,,wall,1.0,,none,unresolved,
ea_forearms_stretch_on_wall_fingers_facing_down,Forearms Stretch on Wall Fingers Facing Down,,wall,1.0,,none,unresolved,
ea_frog_jumps,Frog Jumps,,none,1.0,,none,confirmed_no_equipment,
ea_front_lever_raise,Front Lever Raise,,Squat rack with pull-up bar,1.0,,Squat rack,resolved,
ea_front_lever_raise_to_hold,Front Lever Raise to Hold,,Squat rack with pull-up bar,1.0,,Squat rack,resolved,
ea_front_raise_resistance_bands,Front Raise Resistance Bands,Resistance Band,resistance band,1.0,True,Resistance bands,resolved,
ea_front_raises_barbell,Front Raises Barbell,Barbell,Barbell,1.0,True,Barbell,resolved,
ea_front_shoulder_stretch_with_bar,Front Shoulder Stretch with Bar,Yoga Mat,barbell,1.0,False,Barbell,resolved,promoted on manual review: 
ea_front_squats_dumbbell_low,Front Squats Dumbbell Low,Dumbbells,Dumbbells,1.0,True,Dumbbells,resolved,
ea_front_squats_dumbbell_over_shoulders,Front Squats Dumbbell Over Shoulders,Dumbbells,Dumbbells,1.0,True,Dumbbells,resolved,
ea_full_planche_push_up,Full Planche Push Up,,none,1.0,,none,confirmed_no_equipment,
ea_gate_pose_rounding_spine_looking_up,Gate Pose Rounding Spine Looking Up,,none,1.0,,none,confirmed_no_equipment,
ea_gate_pose_variation_arm_extended_on_side,Gate Pose Variation Arm Extended on Side,,none,1.0,,none,confirmed_no_equipment,
ea_glute_bridge_bodyweight,Glute Bridge Bodyweight,,none,1.0,,none,confirmed_no_equipment,
ea_glute_bridge_with_abduction_bodyweight,Glute Bridge with Abduction Bodyweight,,none,1.0,,none,confirmed_no_equipment,
ea_goblet_kettlebell_squats,Goblet Kettlebell Squats,Kettlebells,Kettlebell,1.0,True,Kettlebell,resolved,
ea_good_morning_resistance_band,Good Morning Resistance Band,Resistance Band,Resistance Band,1.0,True,Resistance bands,resolved,
ea_good_mornings,Good Mornings,,none,1.0,,none,confirmed_no_equipment,
ea_good_mornings_barbell,Good Mornings Barbell,Barbell,Barbell,1.0,True,Barbell,resolved,
ea_good_mornings_dumbbells,Good Mornings Dumbbells,Dumbbells,Dumbbells,1.0,True,Dumbbells,resolved,
ea_good_mornings_kettlebell,Good Mornings Kettlebell,Kettlebells,Kettlebell,1.0,True,Kettlebell,resolved,
ea_gorilla_walk,Gorilla Walk,,none,1.0,,none,confirmed_no_equipment,
ea_gym_elliptical_machine_fast_speed,Gym Elliptical Machine Fast Speed,Elliptical Machine,Elliptical Machine,1.0,True,Elliptical trainer,resolved,
ea_gym_elliptical_machine_normal_speed,Gym Elliptical Machine Normal Speed,Elliptical Machine,Elliptical Machine,1.0,True,Elliptical trainer,resolved,
ea_gym_elliptical_machine_sprint_speed,Gym Elliptical Machine Sprint Speed,Elliptical Machine,Elliptical Machine,1.0,True,Elliptical trainer,resolved,
ea_gym_rowing_machine_fast_speed,Gym Rowing Machine Fast Speed,Rowing Machine,Rowing Machine,1.0,True,Rowing machine,resolved,
ea_gym_rowing_machine_normal_speed,Gym Rowing Machine Normal Speed,Rowing Machine,Rowing Machine,1.0,True,Rowing machine,resolved,
ea_gym_rowing_machine_sprint_speed,Gym Rowing Machine Sprint Speed,Rowing Machine,Rowing Machine,1.0,True,Rowing machine,resolved,
ea_hack_squat_machine_squat,Hack Squat Machine Squat,Hack Squat Machine,Hack Squat Machine,1.0,True,Hack squat machine,resolved,
ea_half_burpees,Half Burpees,,none,1.0,,none,confirmed_no_equipment,
ea_half_lotus,Half Lotus,,none,1.0,,none,confirmed_no_equipment,
ea_half_monkey_pose,Half Monkey Pose,,none,1.0,,none,confirmed_no_equipment,
ea_half_neck_rolls,Half Neck Rolls,,none,1.0,,none,confirmed_no_equipment,
ea_hammer_curl_resistance_band_simultaneous,Hammer Curl Resistance Band Simultaneous,Resistance Band,resistance band,1.0,True,Resistance bands,resolved,
ea_hammer_strength_iso_lateral_leg_curl_alternate_legs,Hammer Strength Iso-lateral LEG Curl_alternate Legs,Hammer Strength Iso-Lateral Leg Curl Machine,Hammer Strength Iso-Lateral Leg Curl Machine,1.0,True,Leg curl machine,resolved,
ea_hammer_strength_iso_lateral_leg_curl_alternating_legs,Hammer Strength Iso-lateral LEG CURL Alternating Legs,Hammer Strength Iso-Lateral Leg Curl Machine,Hammer Strength Iso-lateral Leg Curl Machine,1.0,True,Leg curl machine,resolved,
ea_hammer_strength_iso_lateral_leg_curl_both_leg,Hammer Strength Iso-lateral LEG Curl_both Leg,Hammer Strength Iso-Lateral Leg Curl Machine,Hammer Strength Iso-Lateral Leg Curl Machine,1.0,True,Leg curl machine,resolved,
ea_hammer_strength_iso_lateral_leg_curl_single_leg,Hammer Strength Iso-lateral LEG Curl_single Leg,Hammer Strength Iso-Lateral Leg Curl Machine,Hammer Strength Iso-Lateral Leg Curl Machine,1.0,True,Leg curl machine,resolved,
ea_hammer_strength_mts_iso_lateral_biceps_curl_alternate_arm,Hammer Strength MTS Iso-lateral Biceps Curl Alternate Arm,Hammer Strength MTS Iso-Lateral Biceps Curl Machine,Hammer Strength MTS Iso-Lateral Biceps Curl Machine,1.0,True,Biceps curl machine,resolved,
ea_hammer_strength_mts_iso_lateral_biceps_curl_arm_alternating,Hammer Strength MTS Iso-lateral Biceps Curl Arm Alternating,Hammer Strength MTS Iso-Lateral Biceps Curl Machine,Hammer Strength MTS Iso-Lateral Biceps Curl Machine,1.0,True,Biceps curl machine,resolved,
ea_hammer_strength_mts_iso_lateral_biceps_curl_both_arm,Hammer Strength MTS Iso-lateral Biceps Curl Both Arm,Hammer Strength MTS Iso-Lateral Biceps Curl Machine,Hammer Strength MTS Iso-lateral Biceps Curl Machine,1.0,True,Biceps curl machine,resolved,
ea_hammer_strength_mts_iso_lateral_biceps_curl_single_arm,Hammer Strength MTS Iso-lateral Biceps Curl Single Arm,Hammer Strength MTS Iso-Lateral Biceps Curl Machine,Hammer Strength MTS Iso-Lateral Biceps Curl Machine,1.0,True,Biceps curl machine,resolved,
ea_hammer_strength_mts_iso_lateral_decline_press_alternate_arms,Hammer Strength MTS Iso-lateral Decline Press Alternate Arms,Hammer Strength MTS Iso-Lateral Decline Press Machine,Hammer Strength MTS Iso-Lateral Decline Press Machine,1.0,True,Chest press machine,resolved,
ea_hammer_strength_mts_iso_lateral_decline_press_alternating_arms,Hammer Strength MTS Iso-lateral Decline Press Alternating Arms,Hammer Strength MTS Iso-Lateral Decline Press Machine,Hammer Strength MTS Iso-Lateral Decline Press Machine,1.0,True,Chest press machine,resolved,
ea_hammer_strength_mts_iso_lateral_decline_press_both_arms,Hammer Strength MTS Iso-lateral Decline Press Both Arms,Hammer Strength MTS Iso-Lateral Decline Press Machine,Hammer Strength MTS Iso-Lateral Decline Press Machine,1.0,True,Chest press machine,resolved,
ea_hammer_strength_mts_iso_lateral_decline_press_single_arm,Hammer Strength MTS Iso-lateral Decline Press Single Arm,Hammer Strength MTS Iso-Lateral Decline Press Machine,Hammer Strength MTS Iso-Lateral Decline Press Machine,1.0,True,Chest press machine,resolved,
ea_hammer_strength_plate_loaded_combination_iso_lateral_chest_chest_press,Hammer Strength Plate-loaded Combination Iso-lateral Chest - Chest Press,Hammer Strength Plate-Loaded Iso-Lateral Chest Press machine,Hammer Strength Plate-loaded Iso-lateral Chest Press machine,1.0,True,Chest press machine,resolved,
ea_hammer_strength_plate_loaded_combination_iso_lateral_chest_chest_press_alternate_arm,Hammer Strength Plate-loaded Combination Iso-lateral Chest - Chest Press Alternate Arm,Hammer Strength Plate-Loaded Iso-Lateral Chest Press machine,Hammer Strength Plate-Loaded Iso-Lateral Chest Press machine,1.0,True,Chest press machine,resolved,
ea_hammer_strength_plate_loaded_combination_iso_lateral_chest_chest_press_alternating_arms,Hammer Strength Plate-loaded Combination Iso-lateral Chest - Chest Press_alternating Arms,Hammer Strength Plate-Loaded Iso-Lateral Chest Press machine,Hammer Strength Plate-Loaded Iso-Lateral Chest Press machine,1.0,True,Chest press machine,resolved,
ea_hammer_strength_plate_loaded_combination_iso_lateral_chest_chest_press_single_arm,Hammer Strength Plate-loaded Combination Iso-lateral Chest - Chest Press_single Arm,Hammer Strength Plate-Loaded Iso-Lateral Chest Press machine,Hammer Strength Plate-Loaded Iso-Lateral Chest Press machine,1.0,True,Chest press machine,resolved,
ea_hammer_strength_plate_loaded_high_row_alternate_arms,Hammer Strength Plate Loaded High Row Alternate Arms,Hammer Strength Plate Loaded High Row Machine,Hammer Strength Plate Loaded High Row Machine,1.0,True,Seated row machine,resolved,
ea_hammer_strength_plate_loaded_high_row_both_arms,Hammer Strength Plate Loaded High Row Both Arms,Hammer Strength Plate Loaded High Row Machine,Hammer Strength Plate Loaded High Row Machine,1.0,True,Seated row machine,resolved,
ea_hammer_strength_plate_loaded_high_row_single_arm,Hammer Strength Plate Loaded High Row Single Arm,Hammer Strength Plate Loaded High Row Machine,Hammer Strength Plate Loaded High Row Machine,1.0,True,Seated row machine,resolved,
ea_hamstring_lying_curl_up_stretch,Hamstring Lying Curl Up Stretch,Yoga Mat,none,1.0,False,none,DISAGREEMENT,
ea_hamstring_lying_straight_leg_stretch,Hamstring Lying Straight Leg Stretch,Yoga Mat,none,1.0,False,none,DISAGREEMENT,
ea_hand_stand_hold,Hand Stand Hold,,none,1.0,,none,confirmed_no_equipment,
ea_hands_clapped_forearms_stretch,Hands Clapped Forearms Stretch,,none,1.0,,none,confirmed_no_equipment,
ea_handstand_push_on_chair,Handstand Push on Chair,,chair,1.0,,none,unresolved,
ea_hanging_knee_raises,Hanging Knee Raises,,Pull-up bar,1.0,,Pull-up bar,resolved,
ea_hanging_leg_raises,Hanging Leg Raises,,Squat rack with pull-up bar,1.0,,Squat rack,resolved,
ea_hanging_oblique_crunches,Hanging Oblique Crunches,,pull-up bar,1.0,,Pull-up bar,resolved,
ea_happy_baby,Happy Baby,,none,1.0,,none,confirmed_no_equipment,
ea_headstand,Headstand,,none,1.0,,none,confirmed_no_equipment,
ea_heavy_bag_sled_drag,Heavy Bag Sled Drag,,"heavy bag, sled harness",1.0,,Punching bag,resolved,
ea_heel_touches,Heel Touches,,none,1.0,,none,confirmed_no_equipment,
ea_high_cable_kneeling_crunch,High Cable Kneeling Crunch,Cable Machine,Cable machine with rope attachment,1.0,True,Cable machine,resolved,
ea_high_knee_twist,High Knee Twist,,none,1.0,,none,confirmed_no_equipment,
ea_high_knees,High Knees,,none,1.0,,none,confirmed_no_equipment,
ea_high_plank,High Plank,,none,1.0,,none,confirmed_no_equipment,
ea_high_resistance_band_kneeling_crunch,High Resistance Band Kneeling Crunch,Resistance Band,Resistance Band,1.0,True,Resistance bands,resolved,
ea_hip_thrust_in_smith_machine,Hip-thrust in Smith Machine,,"Smith machine, weight bench, weight plates",1.0,,Smith machine,resolved,
ea_hold_the_world_med_ball,Hold the World Med Ball,,medicine ball,1.0,,Medicine ball,resolved,
ea_hold_the_world_med_ball_chest_press,Hold the World Med Ball Chest Press,,"Medicine ball, Weight bench",1.0,,Weight bench,resolved,
ea_hollow_hold,Hollow Hold,,none,1.0,,none,confirmed_no_equipment,
ea_horizontal_leg_press,Horizontal Leg Press,,Horizontal leg press machine,1.0,,Leg press,resolved,
ea_horizontal_leg_press_calf_raise,Horizontal Leg Press Calf Raise,,Horizontal Leg Press Machine,1.0,,Leg press,resolved,
ea_horizontal_leg_press_calf_raise_single_leg,Horizontal Leg Press Calf Raise Single Leg,,Horizontal leg press machine,1.0,,Leg press,resolved,
ea_horizontal_leg_press_single_leg,Horizontal Leg Press Single Leg,,Horizontal leg press machine,1.0,,Leg press,resolved,
ea_in_and_out_squats,In and Out Squats,,none,1.0,,none,confirmed_no_equipment,
ea_in_and_out_squats_jump_bodyweight,In and Out Squats Jump Bodyweight,,none,1.0,,none,confirmed_no_equipment,
ea_in_and_out_squats_jump_bodyweight_2,In and Out Squats Jump Bodyweight (2),,none,1.0,,none,confirmed_no_equipment,
ea_incline_bench_cable_fly,Incline Bench Cable Fly,Dual Cable Pulley Machine,Dual cable pulley machine and adjustable weight bench,1.0,True,Cable machine,resolved,
ea_incline_diamond_push_up_on_bench,Incline Diamond Push Up on Bench,,Weight bench,1.0,,Weight bench,resolved,
ea_incline_dumbbell_curl,Incline Dumbbell Curl,Dumbbells,"Dumbbells, adjustable weight bench",1.0,True,Weight bench,resolved,
ea_incline_lateral_raises_dumbbell,Incline Lateral Raises Dumbbell,Dumbbells,"Dumbbells, Incline Bench",1.0,True,Weight bench,resolved,
ea_incline_push_up_on_box,Incline Push-up (on Box),Box,box,1.0,True,Plyo box,resolved,
ea_incline_push_ups_on_chair,Incline Push Ups on Chair,Chair,Chair,1.0,True,none,unresolved,
ea_intermediate_hip_flexor_and_quad_stretch,Intermediate Hip Flexor and Quad Stretch,Yoga Mat,Resistance bands,1.0,False,Resistance bands,resolved,promoted on manual review: 
ea_inverted_rows_on_smith_machine,Inverted Rows on Smith Machine,Smith Machine,Smith Machine,1.0,True,Smith machine,resolved,
ea_iron_cross_stretch,Iron Cross Stretch,,none,1.0,,none,confirmed_no_equipment,
ea_iso_lateral_shoulder_press_alternate_arms,Iso Lateral Shoulder Press Alternate Arms,Iso-Lateral Shoulder Press Machine,Iso-Lateral Shoulder Press Machine,1.0,True,Shoulder press machine,resolved,
ea_iso_lateral_shoulder_press_both_arms,Iso Lateral Shoulder Press Both Arms,Iso-Lateral Shoulder Press Machine,Iso-Lateral Shoulder Press Machine,1.0,True,Shoulder press machine,resolved,
ea_iso_lateral_shoulder_press_single_arm,Iso Lateral Shoulder Press Single Arm,Iso-Lateral Shoulder Press Machine,Iso-Lateral Shoulder Press Machine,1.0,True,Shoulder press machine,resolved,
ea_jack_knives,Jack Knives,,none,1.0,,none,confirmed_no_equipment,
ea_jogging,Jogging,,none,1.0,,none,confirmed_no_equipment,
ea_jump_rope_alternating_foot,Jump Rope Alternating Foot,Jump rope,jump rope,1.0,True,Skipping rope,resolved,
ea_jump_rope_basic_jump,Jump Rope Basic Jump,Jump rope,jump rope,1.0,True,Skipping rope,resolved,
ea_jump_rope_double_bounce,Jump Rope Double Bounce,Jump rope,Jump rope,1.0,True,Skipping rope,resolved,
ea_jump_rope_face_pull,Jump Rope Face Pull,Jump rope,"resistance band, pole",0.95,True,Resistance bands,resolved,
ea_jump_rope_row,Jump Rope Row,Jump rope,jump rope,1.0,True,Skipping rope,resolved,
ea_jumping_jack,Jumping Jack,,none,1.0,,none,confirmed_no_equipment,
ea_jumping_lunge,Jumping Lunge,,none,1.0,,none,confirmed_no_equipment,
ea_jumping_pistol_squat,Jumping Pistol Squat,,none,1.0,,none,confirmed_no_equipment,
ea_kettlebell_bulgarian_split_squat_right,Kettlebell Bulgarian Split Squat Right,Kettlebells,"Kettlebells, Plyo box",1.0,True,Kettlebell,resolved,
ea_kettlebell_bulgarian_split_squat_right_side_view,Kettlebell Bulgarian Split Squat Right Side View,Kettlebells,"Kettlebell, Plyo box",1.0,True,Kettlebell,resolved,
ea_kettlebell_calf_raise,Kettlebell Calf Raise,,Kettlebells,1.0,,Kettlebell,resolved,
ea_kettlebell_concentration_curl,Kettlebell Concentration Curl,,"Kettlebell, Weight bench",1.0,,Weight bench,resolved,
ea_kettlebell_curl,Kettlebell Curl,,Kettlebell,1.0,,Kettlebell,resolved,
ea_kettlebell_decline_skull_crusher,Kettlebell Decline Skull Crusher,,Kettlebell,1.0,,Kettlebell,resolved,
ea_kettlebell_front_raise,Kettlebell Front Raise,,Kettlebell,1.0,,Kettlebell,resolved,
ea_kettlebell_glute_bridge,Kettlebell Glute Bridge,,kettlebell,1.0,,Kettlebell,resolved,
ea_kettlebell_goblet_curl,Kettlebell Goblet Curl,,kettlebell,1.0,,Kettlebell,resolved,
ea_kettlebell_gorilla_row,Kettlebell Gorilla Row,,Kettlebells,1.0,,Kettlebell,resolved,
ea_kettlebell_half_kneeling_shoulder_press,Kettlebell Half Kneeling Shoulder Press,Kettlebells,Kettlebell,1.0,True,Kettlebell,resolved,
ea_kettlebell_hip_thrusts,Kettlebell Hip Thrusts,,Kettlebell,1.0,,Kettlebell,resolved,
ea_kettlebell_hip_thrusts_with_bench,Kettlebell Hip Thrusts with Bench,,"Kettlebell, Weight bench",1.0,,Weight bench,resolved,
ea_kettlebell_incline_shrug,Kettlebell Incline Shrug,,"Kettlebell, Incline Weight Bench",1.0,,Weight bench,resolved,
ea_kettlebell_kneeling_one_arm_shoulder_press,Kettlebell Kneeling One Arm Shoulder Press,Kettlebells,Kettlebell,1.0,True,Kettlebell,resolved,
ea_kettlebell_lateral_lunge,Kettlebell Lateral Lunge,,Kettlebells,1.0,,Kettlebell,resolved,
ea_kettlebell_long_lever_lateral_raise,Kettlebell Long Lever Lateral Raise,,kettlebell,1.0,,Kettlebell,resolved,
ea_kettlebell_preacher_curl,Kettlebell Preacher Curl,,"Kettlebell, Adjustable Weight Bench",1.0,,Weight bench,resolved,
ea_kettlebell_pullover,Kettlebell Pullover,,"Kettlebell, Weight bench",1.0,,Weight bench,resolved,
ea_kettlebell_rear_delt_row,Kettlebell Rear Delt Row,,Kettlebell,1.0,,Kettlebell,resolved,
ea_kettlebell_reverse_lunge,Kettlebell Reverse Lunge,,Kettlebells,1.0,,Kettlebell,resolved,
ea_kettlebell_row,Kettlebell Row,,kettlebell,1.0,,Kettlebell,resolved,
ea_kettlebell_seated_calf_raise,Kettlebell Seated Calf Raise,,"Kettlebell, Weight bench",1.0,,Weight bench,resolved,
ea_kettlebell_seesaw_press,Kettlebell Seesaw Press,Kettlebells,Kettlebells,1.0,True,Kettlebell,resolved,
ea_kettlebell_shoulder_extension,Kettlebell Shoulder Extension,,kettlebell,1.0,,Kettlebell,resolved,
ea_kettlebell_shrug,Kettlebell Shrug,,Kettlebells,1.0,,Kettlebell,resolved,
ea_kettlebell_silverback_shrug,Kettlebell Silverback Shrug,,kettlebells,1.0,,Kettlebell,resolved,
ea_kettlebell_single_arm_chest_fly,Kettlebell Single Arm Chest Fly,,"kettlebell, weight bench",1.0,,Weight bench,resolved,
ea_kettlebell_single_arm_clean_and_press,Kettlebell Single Arm Clean and Press,Kettlebells,Kettlebell,1.0,True,Kettlebell,resolved,
ea_kettlebell_single_arm_curl,Kettlebell Single Arm Curl,,kettlebell,1.0,,Kettlebell,resolved,
ea_kettlebell_single_arm_lateral_raise,Kettlebell Single Arm Lateral Raise,,Kettlebell,1.0,,Kettlebell,resolved,
ea_kettlebell_single_arm_rear_delt_fly,Kettlebell Single Arm Rear Delt Fly,,Kettlebell,1.0,,Kettlebell,resolved,
ea_kettlebell_single_arm_row,Kettlebell Single Arm Row,,kettlebell,1.0,,Kettlebell,resolved,
ea_kettlebell_single_leg_calf_raise,Kettlebell Single Leg Calf Raise,,kettlebell,1.0,,Kettlebell,resolved,
ea_kettlebell_single_leg_deadlift,Kettlebell Single Leg Deadlift,,kettlebell,1.0,,Kettlebell,resolved,
ea_kettlebell_single_leg_glute_bridge,Kettlebell Single Leg Glute Bridge,,Kettlebell,1.0,,Kettlebell,resolved,
ea_kettlebell_single_leg_glute_bridge_pullover,Kettlebell Single Leg Glute Bridge Pullover,Kettlebells,Kettlebell,1.0,True,Kettlebell,resolved,
ea_kettlebell_single_leg_hip_thrust,Kettlebell Single Leg Hip Thrust,,"weight bench, kettlebell",1.0,,Weight bench,resolved,
ea_kettlebell_single_leg_romanian_deadlifts,Kettlebell Single Leg Romanian Deadlifts,,Kettlebell,1.0,,Kettlebell,resolved,
ea_kettlebell_situp_press,Kettlebell Situp Press,Kettlebells,Kettlebell,1.0,True,Kettlebell,resolved,
ea_kettlebell_skull_crusher,Kettlebell Skull Crusher,,"Kettlebell, Weight bench",1.0,,Weight bench,resolved,
ea_kettlebell_sled_drag,Kettlebell Sled Drag,,"kettlebell, sled, rope",1.0,,Kettlebell,resolved,
ea_kettlebell_snatch,Kettlebell Snatch,,Kettlebell,1.0,,Kettlebell,resolved,
ea_kettlebell_split_squat,Kettlebell Split Squat,Kettlebells,Kettlebells,1.0,True,Kettlebell,resolved,
ea_kettlebell_squats,Kettlebell Squats,Kettlebells,none,1.0,False,Kettlebell,resolved,"batch 2, promoted on manual review (poster frame hides the held implement; title + sheet agree): "
ea_kettlebell_staggered_deadlift,Kettlebell Staggered Deadlift,,kettlebells,1.0,,Kettlebell,resolved,
ea_kettlebell_standing_bottoms_up_one_arm_shoulder_press,Kettlebell Standing Bottoms-up One Arm Shoulder Press,Kettlebells,Kettlebell,1.0,True,Kettlebell,resolved,
ea_kettlebell_standing_tricep_extension,Kettlebell Standing Tricep Extension,,Kettlebell,1.0,,Kettlebell,resolved,
ea_kettlebell_step_up,Kettlebell Step-up,Kettlebells,"Kettlebell, Weight bench",1.0,True,Kettlebell,resolved,
ea_kettlebell_strict_press,Kettlebell Strict Press,Kettlebells,Kettlebell,1.0,True,Kettlebell,resolved,
ea_kettlebell_suitcase_squat,Kettlebell Suitcase Squat,Kettlebells,Kettlebell,1.0,True,Kettlebell,resolved,
ea_kettlebell_sumo_deadlift,Kettlebell Sumo Deadlift,Kettlebells,Kettlebell,1.0,True,Kettlebell,resolved,
ea_kettlebell_sumo_deadlift_with_high_pull,Kettlebell Sumo Deadlift with High Pull,Kettlebells,Kettlebell,1.0,True,Kettlebell,resolved,
ea_kettlebell_sumo_squat,Kettlebell Sumo Squat,Kettlebells,Kettlebell,1.0,True,Kettlebell,resolved,
ea_kettlebell_sumo_squat_off_stepbox,Kettlebell Sumo Squat Off Stepbox,Kettlebells,"Kettlebell, Step boxes",1.0,True,Kettlebell,resolved,
ea_kettlebell_sumo_squat_version_2,Kettlebell Sumo Squat (version 2),Kettlebells,Kettlebell,1.0,True,Kettlebell,resolved,
ea_kettlebell_swing,Kettlebell Swing,Kettlebells,Kettlebell,1.0,True,Kettlebell,resolved,
ea_kettlebell_swing_version_2,Kettlebell Swing (version 2),Kettlebells,Kettlebell,1.0,True,Kettlebell,resolved,
ea_kettlebell_thruster,Kettlebell Thruster,Kettlebells,Kettlebells,1.0,True,Kettlebell,resolved,
ea_kettlebell_turkish_get_up,Kettlebell Turkish Get Up,,none,0.9,,none,confirmed_no_equipment,
ea_kettlebell_upright_row,Kettlebell Upright Row,,Kettlebells,1.0,,Kettlebell,resolved,
ea_kettlebell_walkover_pushup,Kettlebell Walkover Pushup,,Kettlebell,1.0,,Kettlebell,resolved,
ea_kettlebell_windmill,Kettlebell Windmill,,Kettlebell,1.0,,Kettlebell,resolved,
ea_kettlebell_wrist_curl,Kettlebell Wrist Curl,,Kettlebell,1.0,,Kettlebell,resolved,
ea_kettlebell_wrist_extension,Kettlebell Wrist Extension,,Kettlebell,1.0,,Kettlebell,resolved,
ea_kipping_handstand_push_up,Kipping Handstand Push-up,,wall,1.0,,none,unresolved,
ea_kipping_pull_up,Kipping Pull Up,,Squat rack with pull-up bar,1.0,,Squat rack,resolved,
ea_knee_to_chest_stretch,Knee to Chest Stretch,Yoga Mat,none,1.0,False,none,DISAGREEMENT,
ea_kneeling_hip_flexor_stretch,Kneeling Hip Flexor Stretch,Yoga Mat,none,1.0,False,none,DISAGREEMENT,
ea_kneeling_lat_floor_stretch,Kneeling Lat Floor Stretch,,none,1.0,,none,confirmed_no_equipment,
ea_kneeling_leg_curl_machine,Kneeling Leg Curl Machine,Kneeling leg curl machine,Kneeling leg curl machine,1.0,True,Leg curl machine,resolved,
ea_kneeling_push_up,Kneeling Push-up,,none,1.0,,none,confirmed_no_equipment,
ea_kneeling_squat_jumps_bodyweight,Kneeling Squat Jumps Bodyweight,,none,1.0,,none,confirmed_no_equipment,
ea_kneeling_wrist_flexor_stretch,Kneeling Wrist Flexor Stretch,Yoga Mat,none,1.0,False,none,DISAGREEMENT,
ea_l_sit_hold,L Sit Hold,,parallettes,1.0,,Parallettes,resolved,
ea_landmine_alternating_lunge_and_twist,Landmine Alternating Lunge and Twist,,"landmine, barbell, weight plates",1.0,,Barbell,resolved,
ea_landmine_alternating_lunge_to_chest_press,Landmine Alternating Lunge to Chest Press,,"Barbell, Weight plates, Landmine attachment",1.0,,Barbell,resolved,
ea_landmine_alternating_single_arm_press,Landmine Alternating Single Arm Press,,"landmine, barbell, weight plates",1.0,,Barbell,resolved,
ea_landmine_bicep_curl,Landmine Bicep Curl,,"landmine attachment, barbell, weight plates",1.0,,Barbell,resolved,
ea_landmine_calf_raise,Landmine Calf Raise,,"landmine, barbell, weight plates",1.0,,Barbell,resolved,
ea_landmine_chest_press,Landmine Chest Press,Barbell,"Barbell, Weight plate",1.0,True,Barbell,resolved,
ea_landmine_concentration_curl,Landmine Concentration Curl,,"landmine attachment, barbell, weight plates",1.0,,Barbell,resolved,
ea_landmine_curtsy_lunge,Landmine Curtsy Lunge,,"barbell, weight plates",1.0,,Barbell,resolved,
ea_landmine_glute_kick_back,Landmine Glute Kick Back,,barbell,0.9,,Barbell,resolved,
ea_landmine_goblet_curtsy_lunge,Landmine Goblet Curtsy Lunge,,"landmine, barbell, weight plates",1.0,,Barbell,resolved,
ea_landmine_goblet_lateral_lunge,Landmine Goblet Lateral Lunge,,"landmine, barbell, weight plates",1.0,,Barbell,resolved,
ea_landmine_hack_squat,Landmine Hack Squat,,landmine barbell with weight plates,1.0,,Barbell,resolved,
ea_landmine_half_kneeling_single_arm_overhead_press,Landmine Half Kneeling Single Arm Overhead Press,,"landmine, barbell, weight plates",1.0,,Barbell,resolved,
ea_landmine_hollow_hold,Landmine Hollow Hold,,barbell with weight plates,1.0,,Barbell,resolved,
ea_landmine_kneeling_alternating_overhead_press,Landmine Kneeling Alternating Overhead Press,,"landmine, barbell, weight plates",1.0,,Barbell,resolved,
ea_landmine_kneeling_overhead_press,Landmine Kneeling Overhead Press,,"landmine, barbell, weight plates",1.0,,Barbell,resolved,
ea_landmine_kneeling_twist,Landmine Kneeling Twist,,barbell and weight plates,1.0,,Barbell,resolved,
ea_landmine_lateral_lunge,Landmine Lateral Lunge,,"barbell, weight plates",1.0,,Barbell,resolved,
ea_landmine_lateral_raise,Landmine Lateral Raise,,barbell,1.0,,Barbell,resolved,
ea_landmine_lunge_to_overhead_press,Landmine Lunge to Overhead Press,,"landmine, barbell, weight plate",1.0,,Barbell,resolved,
ea_landmine_lying_tricep_extension,Landmine Lying Tricep Extension,,"landmine attachment, barbell, weight plate",1.0,,Barbell,resolved,
ea_landmine_oblique_twist,Landmine Oblique Twist,,"landmine, barbell, weight plate",1.0,,Barbell,resolved,
ea_landmine_overhead_press,Landmine Overhead Press,,"landmine, barbell, weight plate",1.0,,Barbell,resolved,
ea_landmine_romanian_deadlift,Landmine Romanian Deadlift,,landmine barbell and weight plates,1.0,,Barbell,resolved,
ea_landmine_rotational_lift_to_press,Landmine Rotational Lift to Press,,landmine barbell,1.0,,Barbell,resolved,
ea_landmine_row,Landmine Row,Barbell,"Barbell, weight plates, landmine attachment handle",1.0,True,Barbell,resolved,
ea_landmine_russian_twist,Landmine Russian Twist,,"landmine, barbell, weight plate",1.0,,Barbell,resolved,
ea_landmine_seated_alternating_overhead_press,Landmine Seated Alternating Overhead Press,,"landmine, barbell, weight plate",1.0,,Barbell,resolved,
ea_landmine_seated_overhead_press,Landmine Seated Overhead Press,,"landmine attachment, barbell, weight plate",1.0,,Barbell,resolved,
ea_landmine_seated_single_arm_overhead_press,Landmine Seated Single Arm Overhead Press,,"landmine, barbell, weight plate",1.0,,Barbell,resolved,
ea_landmine_single_arm_push_press,Landmine Single Arm Push Press,,"landmine, barbell, weight plate",1.0,,Barbell,resolved,
ea_landmine_single_arm_staggered_overhead_press,Landmine Single Arm Staggered Overhead Press,,"landmine, barbell, weight plate",1.0,,Barbell,resolved,
ea_landmine_squat_and_press,Landmine Squat and Press,,"landmine, barbell, weight plate",1.0,,Barbell,resolved,
ea_lat_pull_down_close_grip,Lat Pull Down Close Grip,Lat Pull Down Machine (Cable),Lat Pull Down Machine (Cable),1.0,True,Lat pulldown,resolved,
ea_lat_pull_down_normal_grip,Lat Pull Down Normal Grip,Lat Pull Down Machine (Cable),Lat pulldown machine,1.0,True,Lat pulldown,resolved,
ea_lat_pull_down_wide_grip,Lat Pull Down Wide Grip,Lat Pull Down Machine (Cable),Lat Pull Down Machine (Cable),1.0,True,Lat pulldown,resolved,
ea_lateral_band_walks,Lateral Band Walks,,resistance band,1.0,,Resistance bands,resolved,
ea_lateral_box_jump,Lateral Box Jump,,plyo box,1.0,,Plyo box,resolved,
ea_lateral_raise_bodyweight,Lateral Raise Bodyweight,,none,1.0,,none,confirmed_no_equipment,
ea_lateral_raise_to_shoulder_press_resistance_band_cable,Lateral Raise to Shoulder Press Resistance Band Cable,Resistance Band,resistance band,1.0,True,Resistance bands,resolved,
ea_lateral_raises_dumbbell,Lateral Raises Dumbbell,Dumbbells,Dumbbells,1.0,True,Dumbbells,resolved,
ea_lateral_raises_dumbbell_seated_with_swing,Lateral Raises Dumbbell Seated with Swing,,"Dumbbells, Weight bench",1.0,,Weight bench,resolved,
ea_lateral_raises_on_cable_machine,Lateral Raises on Cable Machine,,cable machine,1.0,,Cable machine,resolved,
ea_lateral_sled_drag,Lateral Sled Drag,,weighted sled,1.0,,Weighted sled,resolved,"batch 3, registry expansion (52->67): "
ea_lats_stretch_elbow_on_wall,Lats Stretch Elbow on Wall,,wall,1.0,,none,unresolved,
ea_lats_stretch_on_wall,Lats Stretch on Wall,,wall,1.0,,none,unresolved,
ea_lawnmower_row,Lawnmower Row,,"Dumbbell, Bench",1.0,,Dumbbells,resolved,
ea_laying_lateral_raise,Laying Lateral Raise,,"Dumbbell, Weight bench",1.0,,Weight bench,resolved,
ea_leaning_dumbbell_lateral_raise,Leaning Dumbbell Lateral Raise,Dumbbells,"Dumbbell, Squat rack",1.0,True,Squat rack,resolved,
ea_leg_extended_stretch_on_bench,Leg Extended Stretch on Bench,Yoga Mat,bench,1.0,False,Bench (flat / adjustable),resolved,promoted on manual review: 
ea_leg_lift_circles,Leg Lift Circles,,none,1.0,,none,confirmed_no_equipment,
ea_leg_press_machine_close_stance,Leg Press Machine Close Stance,Leg Press Machine,Leg Press Machine,1.0,True,Leg press,resolved,
ea_leg_press_machine_normal_stance,Leg Press Machine Normal Stance,Leg Press Machine,Leg Press Machine,1.0,True,Leg press,resolved,
ea_leg_press_wide_high_stance,Leg Press Wide High Stance,Leg Press Machine,Leg Press Machine,1.0,True,Leg press,resolved,
ea_leg_press_wide_high_stance_behind_view,Leg Press Wide High Stance Behind View,Leg Press Machine,Leg Press Machine,1.0,True,Leg press,resolved,
ea_leg_raises_straight_legs,Leg Raises (straight Legs),,Captain's chair,1.0,,Captain's chair,resolved,
ea_legs_hand_reach_spine_stretch,Legs Hand Reach Spine Stretch,,none,1.0,,none,confirmed_no_equipment,
ea_lever_leg_extension,Lever Leg Extension,Lever Leg Extension Machine,Lever Leg Extension Machine,1.0,True,Leg extension machine,resolved,
ea_long_arm_crunches,Long Arm Crunches,,none,1.0,,none,confirmed_no_equipment,
ea_long_lever_plank,Long Lever Plank,,none,1.0,,none,confirmed_no_equipment,
ea_lord_of_the_dance,Lord of the Dance,,none,1.0,,none,confirmed_no_equipment,
ea_low_box_lateral_runner,Low Box Lateral Runner,,low box,1.0,,Plyo box,resolved,
ea_low_box_quick_feet,Low Box Quick Feet,,low box,1.0,,Plyo box,resolved,
ea_low_cable_overhead_flyes,Low Cable Overhead Flyes,Dual Cable Pulley Machine,Dual Cable Pulley Machine,1.0,True,Cable machine,resolved,
ea_low_resistance_band_lying_bicep_curl,Low Resistance Band Lying Bicep Curl,Resistance Band,"Cable machine, Weight bench",1.0,False,Cable machine,resolved,promoted on manual review: 
ea_low_resistance_band_lying_bicep_curl_half_repetition,Low Resistance Band Lying Bicep Curl Half Repetition,Resistance Band,"Cable machine, Weight bench",1.0,False,Cable machine,resolved,promoted on manual review: 
ea_low_rotational_med_ball_chops_quarter_squat_rotating_med_ball_left_and_ride_across_core,"Low Rotational Med Ball Chops (quarter Squat, Rotating Med Ball Left and Ride Across Core)",,medicine ball,1.0,,Medicine ball,resolved,
ea_low_sled_push,Low Sled Push,,weighted sled,1.0,,Weight plates,resolved,
ea_lunge_front_kick,Lunge Front Kick,,none,1.0,,none,confirmed_no_equipment,
ea_lunge_pulses_bodyweight,Lunge Pulses Bodyweight,,none,1.0,,none,confirmed_no_equipment,
ea_lunge_reverse_with_resistance_band,Lunge Reverse with Resistance Band,Resistance Band,Resistance Band,1.0,True,Resistance bands,resolved,
ea_lunge_rotation_left_and_right_bodyweight,Lunge Rotation Left and Right Bodyweight,,none,1.0,,none,confirmed_no_equipment,
ea_lunge_to_knee_drive_left_bodyweight,Lunge to Knee Drive Left Bodyweight,,none,1.0,,none,confirmed_no_equipment,
ea_lunge_to_knee_drive_right_bodyweight,Lunge to Knee Drive Right Bodyweight,,none,1.0,,none,confirmed_no_equipment,
ea_lunges_alternate_leg_with_pause_bodyweight,Lunges Alternate Leg with Pause Bodyweight,,none,1.0,,none,confirmed_no_equipment,
ea_lunges_same_leg_side_view_bodyweight,Lunges Same Leg Side View Bodyweight,,none,1.0,,none,confirmed_no_equipment,
ea_lunging_straight_leg_calf_stretch,Lunging Straight Leg Calf Stretch,Yoga Mat,none,1.0,False,none,DISAGREEMENT,
ea_lying_abs_resistance_band,Lying Abs Resistance Band,Resistance Band,Resistance Band,1.0,True,Resistance bands,resolved,
ea_lying_back_extension,Lying Back Extension,,none,1.0,,none,confirmed_no_equipment,
ea_lying_bench_external_shoulder_rotation,Lying Bench External Shoulder Rotation,,Weight bench,1.0,,Weight bench,resolved,
ea_lying_bench_internal_rotation_stretch,Lying Bench Internal Rotation Stretch,,weight bench,1.0,,Weight bench,resolved,
ea_lying_bent_knee_cross_glutes_stretch,Lying Bent Knee Cross Glutes Stretch,,none,1.0,,none,confirmed_no_equipment,
ea_lying_crossover_stretch,Lying Crossover Stretch,,none,1.0,,none,confirmed_no_equipment,
ea_lying_face_down_quadriceps_stretch,Lying Face Down Quadriceps Stretch,,none,1.0,,none,confirmed_no_equipment,
ea_lying_glute_stretch,Lying Glute Stretch,Yoga Mat,none,1.0,False,none,DISAGREEMENT,
ea_lying_hip_flexor_stretch,Lying Hip Flexor Stretch,Yoga Mat,none,1.0,False,none,DISAGREEMENT,
ea_lying_knee_hugs_lower_back_stretch,Lying Knee Hugs Lower Back Stretch,,none,1.0,,none,confirmed_no_equipment,
ea_lying_knee_pull_glutes_stretch,Lying Knee Pull Glutes Stretch,,none,1.0,,none,confirmed_no_equipment,
ea_lying_knees_to_floor_lower_back_stretch,Lying Knees to Floor Lower Back Stretch,,none,1.0,,none,confirmed_no_equipment,
ea_lying_lateral_raises_bodyweight,Lying Lateral Raises Bodyweight,,none,1.0,,none,confirmed_no_equipment,
ea_lying_leg_curl_machine,Lying Leg Curl Machine,,Lying leg curl machine,1.0,,Leg curl machine,resolved,
ea_lying_leg_raise,Lying Leg Raise,,none,1.0,,none,confirmed_no_equipment,
ea_lying_neck_curls,Lying Neck Curls,,Weight bench,1.0,,Weight bench,resolved,
ea_lying_neck_extension,Lying Neck Extension,,none,1.0,,none,confirmed_no_equipment,
ea_lying_on_side_arm_circle_warm_up,Lying on Side Arm Circle Warm Up,,none,1.0,,none,confirmed_no_equipment,
ea_lying_prone_abdominal_stretch,Lying (prone) Abdominal Stretch,Yoga Mat,none,1.0,False,none,DISAGREEMENT,
ea_lying_pull_over_with_resistance_band_cable,Lying Pull Over with Resistance Band Cable,Resistance Band,resistance band,1.0,True,Resistance bands,resolved,
ea_lying_quadriceps_stretch,Lying Quadriceps Stretch,Yoga Mat,none,1.0,False,none,DISAGREEMENT,
ea_lying_side_quadriceps_stretch,Lying Side Quadriceps Stretch,Yoga Mat,none,1.0,False,none,DISAGREEMENT,
ea_lying_single_leg_extended_on_wall_hamstrings_stretch,Lying Single Leg Extended on Wall Hamstrings Stretch,,wall,1.0,,none,unresolved,
ea_machine_chest_press_decline,Machine Chest Press Decline,Chest Press Machine,Chest Press Machine,1.0,True,Chest press machine,resolved,
ea_machine_chest_press_incline,Machine Chest Press Incline,Chest Press Machine,Incline chest press machine,1.0,True,Chest press machine,resolved,
ea_machine_fly,Machine Fly,Dual Pec Fly Machine,Pec Fly Machine,1.0,True,Pec deck / fly machine,resolved,
ea_machine_lateral_raise,Machine Lateral Raise,,Machine Lateral Raise station,1.0,,Lateral raise machine,resolved,"batch 3, registry expansion (52->67): "
ea_major_groups_muscle_body,Major Groups Muscle Body,,none,1.0,,none,confirmed_no_equipment,
ea_med_ball_front_squat_raise,Med Ball Front Squat Raise,,medicine ball,1.0,,Medicine ball,resolved,
ea_med_ball_half_kneeling_wood_choppers,Med Ball Half Kneeling Wood Choppers,,medicine ball,1.0,,Medicine ball,resolved,
ea_med_ball_jumping_jacks,Med Ball Jumping Jacks,,medicine ball,1.0,,Medicine ball,resolved,
ea_med_ball_side_wall_slams,Med Ball Side Wall Slams,,"medicine ball, wall",1.0,,Medicine ball,resolved,
ea_med_ball_slam_burpees,Med Ball Slam Burpees,,medicine ball,1.0,,Medicine ball,resolved,
ea_med_ball_toe_touches,Med Ball Toe Touches,,medicine ball,1.0,,Medicine ball,resolved,
ea_medicine_ball_chest_throw_with_abs,Medicine Ball Chest Throw with Abs,,Medicine ball,1.0,,Medicine ball,resolved,
ea_medicine_ball_jumps,Medicine Ball Jumps,,medicine ball,1.0,,Medicine ball,resolved,
ea_medicine_ball_rotational_throw,Medicine Ball Rotational Throw,,"medicine ball, wall",1.0,,Medicine ball,resolved,
ea_middle_back_rotation_stretch,Middle Back Rotation Stretch,,none,1.0,,none,confirmed_no_equipment,
ea_middle_crunches,Middle Crunches,,none,1.0,,none,confirmed_no_equipment,
ea_military_press_bodyweight,Military Press Bodyweight,,none,1.0,,none,confirmed_no_equipment,
ea_modified_hindu_push_up,Modified Hindu Push Up,,none,1.0,,none,confirmed_no_equipment,
ea_monkey_bar_swings,Monkey Bar Swings,,monkey bars,1.0,,Pull-up bar,resolved,
ea_monkey_pose,Monkey Pose,,none,1.0,,none,confirmed_no_equipment,
ea_mountain_climber_jumps,Mountain Climber Jumps,,none,1.0,,none,confirmed_no_equipment,
ea_mountain_climbers,Mountain Climbers,,none,1.0,,none,confirmed_no_equipment,
ea_mts_iso_lateral_kneeling_leg_curl,MTS Iso-lateral Kneeling LEG CURL,MTS Iso-Lateral Kneeling Leg Curl Machine,MTS Iso-lateral Kneeling LEG CURL machine,1.0,True,Leg curl machine,resolved,
ea_multi_hip_abduction,Multi Hip Abduction,Multi Hip Machine,Multi Hip Machine,1.0,True,Hip abductor / adductor machine,resolved,
ea_multi_hip_adduction,Multi Hip Adduction,,Multi Hip machine,1.0,,Hip abductor / adductor machine,resolved,
ea_multi_hip_glute_extension,Multi Hip Glute Extension,Multi Hip Machine,Multi Hip Machine,1.0,True,Multi hip machine,resolved,"batch 3, registry expansion (52->67): "
ea_narrow_stance_heels_elevated_dumbbell_goblet_squats,Narrow Stance Heels Elevated Dumbbell Goblet Squats,,"dumbbell, weight plate",1.0,,Dumbbells,resolved,
ea_nordic_hamstring_curl_with_partner,Nordic Hamstring Curl with Partner,,none,1.0,,none,confirmed_no_equipment,
ea_normal_push_up,Normal Push-up,,none,1.0,,none,confirmed_no_equipment,
ea_normal_squat_smith_machine,Normal Squat Smith Machine,,Smith machine,1.0,,Smith machine,resolved,
ea_oblique_crunch,Oblique Crunch,,none,1.0,,none,confirmed_no_equipment,
ea_one_arm_cow_face_pose_easy,One Arm Cow Face Pose - Easy,,none,1.0,,none,confirmed_no_equipment,
ea_one_arm_push_up,One Arm Push Up,,none,1.0,,none,confirmed_no_equipment,
ea_one_arm_reverse_dumbbell_fly,One Arm Reverse Dumbbell Fly,Dumbbells,"Dumbbells, Weight bench",1.0,True,Weight bench,resolved,
ea_over_head_weight_sit_up,Over Head Weight Sit Up,weight plate,weight plate,1.0,True,Weight plates,resolved,
ea_over_weight_ab_crunch,Over Weight Ab Crunch,Dumbbells,Dumbbells,1.0,True,Dumbbells,resolved,
ea_overhand_clap,Overhand Clap,,none,1.0,,none,confirmed_no_equipment,
ea_overhand_tricep_stretching_single_arm,Overhand Tricep Stretching Single Arm,,none,1.0,,none,confirmed_no_equipment,
ea_overhead_extension_resistance_band_both_arms,Overhead Extension Resistance Band Both Arms,Resistance Band,Resistance Band,1.0,True,Resistance bands,resolved,
ea_overhead_med_ball_throw,Overhead Med Ball Throw,,Medicine ball,1.0,,Medicine ball,resolved,
ea_overhead_triceps_stretch_side_angle,Overhead Triceps Stretch Side Angle,,none,1.0,,none,confirmed_no_equipment,
ea_palm_up_palm_down_rotation,Palm Up Palm Down Rotation,,none,1.0,,none,confirmed_no_equipment,
ea_pec_deck_fly_machine,Pec Deck Fly Machine,Dual Pec Deck Machine,Pec Deck Machine,1.0,True,Pec deck / fly machine,resolved,
ea_pec_deck_fly_machine_flies,Pec Deck Fly Machine Flies,,Pec deck machine,1.0,,Pec deck / fly machine,resolved,
ea_pigeon_glutes_stretch,Pigeon Glutes Stretch,,none,1.0,,none,confirmed_no_equipment,
ea_pigeon_pose,Pigeon Pose,,none,1.0,,none,confirmed_no_equipment,
ea_pike_alternating_opposite_hip_taps,Pike Alternating Opposite Hip Taps,,none,1.0,,none,confirmed_no_equipment,
ea_pike_individual_alternating_arm_reaches,Pike Individual Alternating Arm Reaches,,none,1.0,,none,confirmed_no_equipment,
ea_pike_jacks_feet_kicking_in_and_out,Pike Jacks Feet Kicking in and Out,,none,1.0,,none,confirmed_no_equipment,
ea_pike_push_up,Pike Push Up,,none,1.0,,none,confirmed_no_equipment,
ea_pike_shoulder_taps,Pike Shoulder Taps,,none,1.0,,none,confirmed_no_equipment,
ea_pistol_squat_to_box,Pistol Squat to Box,,Plyo box,1.0,,Plyo box,resolved,
ea_plank_cross_knee_drive,Plank Cross Knee Drive,,none,1.0,,none,confirmed_no_equipment,
ea_plank_individual_arm_reach,Plank Individual Arm Reach,,none,1.0,,none,confirmed_no_equipment,
ea_plank_iytw,Plank IYTW,,dumbbells,1.0,,Dumbbells,resolved,
ea_plank_jack,Plank Jack,,none,1.0,,none,confirmed_no_equipment,
ea_plank_knee_tucks,Plank Knee Tucks,,none,1.0,,none,confirmed_no_equipment,
ea_plank_lunges,Plank Lunges,,none,1.0,,none,confirmed_no_equipment,
ea_plank_on_elbows,Plank on Elbows,,none,1.0,,none,confirmed_no_equipment,
ea_plank_pushup,Plank Pushup,,none,1.0,,none,confirmed_no_equipment,
ea_plank_reach_through,Plank Reach Through,,none,1.0,,none,confirmed_no_equipment,
ea_plank_reverse_fly_with_bottle,Plank Reverse Fly with Bottle,,water bottle,1.0,,none,unresolved,
ea_plank_shoulder_taps,Plank Shoulder Taps,,none,1.0,,none,confirmed_no_equipment,
ea_plate_alternating_deadstop_row,Plate Alternating Deadstop Row,,Weight plates,1.0,,Weight plates,resolved,
ea_plate_car_driver,Plate Car Driver,,weight plate,1.0,,Weight plates,resolved,
ea_plate_clean,Plate Clean,,weight plate,1.0,,Weight plates,resolved,
ea_plate_clean_and_press,Plate Clean and Press,,weight plate,1.0,,Weight plates,resolved,
ea_plate_curl_to_overhead_press,Plate Curl to Overhead Press,,Weight plate,1.0,,Weight plates,resolved,
ea_plate_curl_to_overhead_press_to_tricep_extension,Plate Curl to Overhead Press to Tricep Extension,,weight plate,1.0,,Weight plates,resolved,
ea_plate_curtsy_lunge,Plate Curtsy Lunge,,weight plate,1.0,,Weight plates,resolved,
ea_plate_deadlift,Plate Deadlift,,weight plate,1.0,,Weight plates,resolved,
ea_plate_deficit_lunge,Plate Deficit Lunge,,weight plate,1.0,,Weight plates,resolved,
ea_plate_deficit_pushup,Plate Deficit Pushup,,weight plates,1.0,,Weight plates,resolved,
ea_plate_forward_lunge,Plate Forward Lunge,,weight plate,1.0,,Weight plates,resolved,
ea_plate_front_raise,Plate Front Raise,,weight plate,1.0,,Weight plates,resolved,
ea_plate_full_front_raise,Plate Full Front Raise,,weight plates,1.0,,Weight plates,resolved,
ea_plate_glute_bridge_to_chest_press,Plate Glute Bridge to Chest Press,,weight plate,1.0,,Weight plates,resolved,
ea_plate_glute_bridge_to_pullover,Plate Glute Bridge to Pullover,,weight plate,1.0,,Weight plates,resolved,
ea_plate_good_morning,Plate Good Morning,,Weight plate,1.0,,Weight plates,resolved,
ea_plate_good_morning_anterior,Plate Good Morning Anterior,,weight plate,1.0,,Weight plates,resolved,
ea_plate_halo,Plate Halo,,weight plate,1.0,,Weight plates,resolved,
ea_plate_hollow_hold,Plate Hollow Hold,,weight plate,1.0,,Weight plates,resolved,
ea_plate_internally_rotated_rear_delt_fly,Plate Internally Rotated Rear Delt Fly,,weight plates,1.0,,Weight plates,resolved,
ea_plate_lateral_lunge,Plate Lateral Lunge,,weight plate,1.0,,Weight plates,resolved,
ea_plate_lateral_raise,Plate Lateral Raise,,weight plates,1.0,,Weight plates,resolved,
ea_plate_overhead_carry,Plate Overhead Carry,,weight plate,1.0,,Weight plates,resolved,
ea_plate_overhead_press_to_tricep_extension,Plate Overhead Press to Tricep Extension,,weight plate,1.0,,Weight plates,resolved,
ea_plate_overhead_shrug,Plate Overhead Shrug,,weight plate,1.0,,Weight plates,resolved,
ea_plate_overhead_tricep_extension,Plate Overhead Tricep Extension,,weight plate,1.0,,Weight plates,resolved,
ea_plate_overhead_walking_lunge,Plate Overhead Walking Lunge,,weight plate,1.0,,Weight plates,resolved,
ea_plate_pinch_grip_deadlift,Plate Pinch Grip Deadlift,,Weight plates,1.0,,Weight plates,resolved,
ea_plate_pinch_grip_row,Plate Pinch Grip Row,,Weight plates,1.0,,Weight plates,resolved,
ea_plate_pinch_grip_side_bend,Plate Pinch Grip Side Bend,,weight plate,1.0,,Weight plates,resolved,
ea_plate_press,Plate Press,,"Weight plate, flat bench",1.0,,Weight bench,resolved,
ea_plate_reach,Plate Reach,,weight plate,1.0,,Weight plates,resolved,
ea_plate_rear_delt_fly,Plate Rear Delt Fly,,weight plates,1.0,,Weight plates,resolved,
ea_plate_russian_twist,Plate Russian Twist,,Weight plate,1.0,,Weight plates,resolved,
ea_plate_single_leg_deadlift,Plate Single Leg Deadlift,,weight plate,1.0,,Weight plates,resolved,
ea_plate_single_leg_pinch_grip_deadlift,Plate Single Leg Pinch Grip Deadlift,,weight plates,1.0,,Weight plates,resolved,
ea_plate_situp,Plate Situp,,weight plate,1.0,,Weight plates,resolved,
ea_plate_squat_hold,Plate Squat Hold,,weight plate,1.0,,Weight plates,resolved,
ea_plate_squat_hold_biceps_curl,Plate Squat Hold Biceps Curl,,Weight plate,1.0,,Weight plates,resolved,
ea_plate_squat_hold_reach,Plate Squat Hold Reach,,weight plate,1.0,,Weight plates,resolved,
ea_plate_squat_reach,Plate Squat Reach,,weight plate,1.0,,Weight plates,resolved,
ea_plate_staggered_deadlift,Plate Staggered Deadlift,,weight plate,1.0,,Weight plates,resolved,
ea_plate_staggered_pinch_grip_deadlift,Plate Staggered Pinch Grip Deadlift,,weight plates,1.0,,Weight plates,resolved,
ea_plate_standing_twist,Plate Standing Twist,,weight plate,1.0,,Weight plates,resolved,
ea_plate_thruster,Plate Thruster,,Weight plate,1.0,,Weight plates,resolved,
ea_plate_wood_chopper,Plate Wood Chopper,,weight plate,1.0,,Weight plates,resolved,
ea_plyo_side_lunge_stretch,Plyo Side Lunge Stretch,,none,1.0,,none,confirmed_no_equipment,
ea_preacher_curl_dumbbells_simultaneous,Preacher Curl Dumbbells Simultaneous,Dumbbells,"Dumbbells, Preacher curl bench",1.0,True,Preacher curl bench,resolved,
ea_preacher_curl_ez_bar,Preacher Curl Ez Bar,Ez Bar,"EZ curl bar, preacher curl bench, weight plates",1.0,True,Preacher curl bench,resolved,
ea_preacher_curl_ez_bar_close_grip,Preacher Curl Ez Bar Close Grip,Ez Bar,"EZ curl bar, preacher curl bench, weight plates",1.0,True,Preacher curl bench,resolved,
ea_preacher_curl_ez_bar_wide_grip,Preacher Curl Ez Bar Wide Grip,Ez Bar,"EZ curl bar, weight plates, preacher curl bench",1.0,True,Preacher curl bench,resolved,
ea_pretzel_stretch,Pretzel Stretch,Yoga Mat,none,1.0,False,none,DISAGREEMENT,
ea_prone_bench_row_barbell_pronate_grip,Prone Bench Row Barbell Pronate Grip,Barbell,"Barbell, Weight bench",1.0,True,Weight bench,resolved,
ea_prone_bench_row_barbell_reverse_grip,Prone Bench Row Barbell Reverse Grip,Barbell,"Barbell, Weight bench, Weight plates",1.0,True,Weight bench,resolved,
ea_prone_bench_row_dumbbells,Prone Bench Row Dumbbells,Dumbbells,"Dumbbells, Adjustable Weight Bench",1.0,True,Weight bench,resolved,
ea_prone_bench_row_dumbbells_pronated_grip,Prone Bench Row Dumbbells Pronated Grip,Dumbbells,"Dumbbells, Weight bench",1.0,True,Weight bench,resolved,
ea_prone_bench_row_dumbbells_supinated_grip,Prone Bench Row Dumbbells Supinated Grip,Dumbbells,"Dumbbells, Adjustable Weight Bench",1.0,True,Weight bench,resolved,
ea_prone_front_raises_barbell_on_bench,Prone Front Raises Barbell on Bench,Barbell,"Barbell, Adjustable Weight Bench",1.0,True,Weight bench,resolved,
ea_prone_front_raises_dumbbell_on_bench,Prone Front Raises Dumbbell on Bench,Dumbbells,"Dumbbells, Adjustable Weight Bench",1.0,True,Weight bench,resolved,
ea_pull_apart_cable_resistance_band,Pull Apart Cable Resistance Band,Resistance Band,Resistance Band,1.0,True,Resistance bands,resolved,
ea_pull_sled_or_dog_sled_push,Pull Sled or Dog Sled Push,,weighted sled,1.0,,Weight plates,resolved,
ea_pull_up_normal_grip,Pull Up Normal Grip,Pull Up Bar,Pull Up Bar,1.0,True,Pull-up bar,resolved,
ea_pull_up_wide_grip,Pull Up Wide Grip,Pull Up Bar,Pull Up Bar,1.0,True,Pull-up bar,resolved,
ea_pull_up_wide_grip_front_view,Pull Up Wide Grip Front View,Pull Up Bar,Pull up bar,1.0,True,Pull-up bar,resolved,
ea_puppy_pose,Puppy Pose,,none,1.0,,none,confirmed_no_equipment,
ea_push_pull_chair_over_head_pull,Push Pull Chair Over Head Pull,,outdoor lat pulldown machine,1.0,,Lat pulldown,resolved,
ea_push_pull_front_handle_push,Push Pull Front Handle Push,,outdoor chest press machine,1.0,,Chest press machine,resolved,
ea_push_up_and_rotation,Push Up and Rotation,,none,1.0,,none,confirmed_no_equipment,
ea_push_up_plus,Push Up Plus,,none,1.0,,none,confirmed_no_equipment,
ea_push_ups_bodyweight,Push Ups Bodyweight,,none,1.0,,none,confirmed_no_equipment,
ea_pushup_to_renegade_row,Pushup to Renegade Row,,dumbbells,1.0,,Dumbbells,resolved,
ea_pyramid_pose_blocks,Pyramid Pose Blocks,,yoga blocks,1.0,,Yoga blocks,resolved,"batch 3, registry expansion (52->67): "
ea_pyramid_pose_calf_blocks,Pyramid Pose Calf Blocks,,calf blocks,1.0,,Yoga blocks,resolved,"batch 3, registry expansion (52->67): "
ea_pyramid_pose_parsvottanasana,Pyramid Pose - Parsvottanasana,,none,1.0,,none,confirmed_no_equipment,
ea_pyramid_prayer,Pyramid Prayer,,weight bench,1.0,,Weight bench,resolved,
ea_raised_leg_crunch,Raised Leg Crunch,,none,1.0,,none,confirmed_no_equipment,
ea_reaching_up_shoulder_stretch,Reaching Up Shoulder Stretch,Yoga Mat,none,1.0,False,none,DISAGREEMENT,
ea_rear_deltoid_fly_cable_resistance_band,Rear Deltoid Fly Cable Resistance Band,Resistance Band,Resistance Band,1.0,True,Resistance bands,resolved,
ea_rear_deltoid_stretch,Rear Deltoid Stretch,Yoga Mat,none,1.0,False,none,DISAGREEMENT,
ea_rebounder_high_knee_runs,Rebounder High Knee Runs,,mini trampoline (rebounder),1.0,,Mini trampoline,resolved,"batch 3, registry expansion (52->67): "
ea_rebounder_in_out_from_ground,Rebounder in & Out From Ground,,mini trampoline (rebounder),1.0,,Mini trampoline,resolved,"batch 3, registry expansion (52->67): "
ea_rebounder_in_out_jacks,Rebounder in & Out Jacks,,mini trampoline (rebounder),1.0,,Mini trampoline,resolved,"batch 3, registry expansion (52->67): "
ea_rebounder_knee_jumps,Rebounder Knee Jumps,,mini trampoline (rebounder),1.0,,Mini trampoline,resolved,"batch 3, registry expansion (52->67): "
ea_rebounder_knee_pushes,Rebounder Knee Pushes,,mini trampoline (rebounder),1.0,,Mini trampoline,resolved,"batch 3, registry expansion (52->67): "
ea_rebounder_light_jumps,Rebounder Light Jumps,,mini trampoline (rebounder),1.0,,Mini trampoline,resolved,"batch 3, registry expansion (52->67): "
ea_reclining_pigeon_pose,Reclining Pigeon Pose,,none,1.0,,none,confirmed_no_equipment,
ea_resistance_band_assisted_front_rack_stretch,Resistance Band Assisted Front Rack Stretch,Resistance Band,"Resistance band, Squat rack",1.0,True,Squat rack,resolved,
ea_resistance_band_assisted_push_up,Resistance Band Assisted Push-up,,"Squat rack, resistance bands",1.0,,Squat rack,resolved,
ea_resistance_band_bent_leg_kickback_kneeling,Resistance Band Bent Leg Kickback (kneeling),Loop Resistance Band,Loop Resistance Band,1.0,True,Resistance bands,resolved,
ea_resistance_band_cable_row,Resistance Band - Cable Row,Resistance Band,resistance band,1.0,True,Resistance bands,resolved,
ea_resistance_band_calf_press_sitting_on_chair,Resistance Band Calf Press Sitting on Chair,Loop Resistance Band,"Loop Resistance Band, Chair",1.0,True,Resistance bands,resolved,
ea_resistance_band_clam,Resistance Band Clam,Loop Resistance Band,Loop Resistance Band,1.0,True,Resistance bands,resolved,
ea_resistance_band_cross_body_single_straight_arm_supinated_pulldown,Resistance Band Cross Body Single Straight Arm Supinated Pulldown,Resistance Band,"Resistance band, Squat rack",1.0,True,Squat rack,resolved,
ea_resistance_band_face_pull,Resistance Band Face Pull,Resistance Band,Resistance Band,1.0,True,Resistance bands,resolved,
ea_resistance_band_floor_hyperextension,Resistance Band Floor Hyperextension,Loop Resistance Band,Loop Resistance Band,1.0,True,Resistance bands,resolved,
ea_resistance_band_glute_bridge,Resistance Band Glute Bridge,Loop Resistance Band,Loop Resistance Band,1.0,True,Resistance bands,resolved,
ea_resistance_band_glute_bridge_abduction,Resistance Band Glute Bridge Abduction,Loop Resistance Band,Loop Resistance Band,1.0,True,Resistance bands,resolved,
ea_resistance_band_glute_bridge_version2,Resistance Band Glute Bridge_version2,Loop Resistance Band,Loop Resistance Band,1.0,True,Resistance bands,resolved,
ea_resistance_band_hip_thrust_version_2,Resistance Band Hip Thrust (version 2),Loop Resistance Band,Resistance band,1.0,True,Resistance bands,resolved,
ea_resistance_band_hip_thrusts_on_knees,Resistance Band Hip Thrusts on Knees,Loop Resistance Band,"Resistance band, squat rack",1.0,True,Resistance bands,resolved,
ea_resistance_band_kneeling_cross_body_single_straight_arm_supinated_pulldown,Resistance Band Kneeling Cross Body Single Straight Arm Supinated Pulldown,Resistance Band,"Squat rack, Resistance band",1.0,True,Squat rack,resolved,
ea_resistance_band_kneeling_leg_half_circle,Resistance Band Kneeling Leg Half Circle,Resistance Band,Resistance Band,1.0,True,Resistance bands,resolved,
ea_resistance_band_kneeling_leg_half_circle_on_bench,Resistance Band Kneeling Leg Half Circle on Bench,Resistance Band,"Resistance band, flat bench",1.0,True,Resistance bands,resolved,
ea_resistance_band_leg_curl,Resistance Band Leg Curl,Resistance Band,resistance band,1.0,True,Resistance bands,resolved,
ea_resistance_band_leg_kickback,Resistance Band Leg Kickback,Resistance Band,Resistance Band,1.0,True,Resistance bands,resolved,
ea_resistance_band_lying_abduction,Resistance Band Lying Abduction,Resistance Band,Resistance Band,1.0,True,Resistance bands,resolved,
ea_resistance_band_lying_bent_knee_hip_abduction,Resistance Band Lying Bent Knee Hip Abduction,Resistance Band,Resistance Band,1.0,True,Resistance bands,resolved,
ea_resistance_band_lying_bent_knee_raise,Resistance Band Lying Bent Knee Raise,Resistance Band,resistance band,1.0,True,Resistance bands,resolved,
ea_resistance_band_lying_hyperextension_abduction,Resistance Band Lying Hyperextension Abduction,Resistance Band,Resistance Band,1.0,True,Resistance bands,resolved,
ea_resistance_band_lying_leg_raise,Resistance Band Lying Leg Raise,Resistance Band,Resistance Band,1.0,True,Resistance bands,resolved,
ea_resistance_band_one_leg_glute_bridge,Resistance Band One Leg Glute Bridge,Resistance Band,resistance band,1.0,True,Resistance bands,resolved,
ea_resistance_band_one_leg_kickback_bent_position,Resistance Band One Leg Kickback (bent Position),Resistance Band,"Resistance band, weight bench",1.0,True,Resistance bands,resolved,
ea_resistance_band_pull_apart,Resistance Band Pull Apart,Resistance Band,Resistance Band,1.0,True,Resistance bands,resolved,
ea_resistance_band_reverse_hyper_with_stability_ball_on_flat_bench,Resistance Band Reverse Hyper with Stability Ball on Flat Bench,Resistance Band,"Stability ball, flat bench, resistance band",1.0,True,Bench (flat / adjustable),resolved,
ea_resistance_band_seated_bent_knee_abduction,Resistance Band Seated Bent Knee Abduction,Resistance Band,Resistance Band,1.0,True,Resistance bands,resolved,
ea_resistance_band_seated_hip_abduction,Resistance Band Seated Hip Abduction,Resistance Band,"Resistance band, weight bench",1.0,True,Weight bench,resolved,
ea_resistance_band_shoulder_adduction,Resistance Band Shoulder Adduction,Resistance Band,Resistance Band,1.0,True,Resistance bands,resolved,
ea_resistance_band_side_plank_glute_raise,Resistance Band Side Plank Glute Raise,Resistance Band,Resistance Band,1.0,True,Resistance bands,resolved,
ea_resistance_band_squat,Resistance Band Squat,Resistance Band,Resistance Band,1.0,True,Resistance bands,resolved,
ea_resistance_band_squat_jump,Resistance Band Squat Jump,Resistance Band,Resistance Band,1.0,True,Resistance bands,resolved,
ea_resistance_band_standing_balance_glute_kickback,Resistance Band Standing Balance Glute Kickback,Resistance Band,Resistance Band,1.0,True,Resistance bands,resolved,
ea_resistance_band_standing_balance_glute_kickback_version_2,Resistance Band Standing Balance Glute Kickback (version 2),Resistance Band,Resistance Band,1.0,True,Resistance bands,resolved,
ea_resistance_band_standing_balance_hip_abduction,Resistance Band Standing Balance Hip Abduction,Resistance Band,Resistance Band,1.0,True,Resistance bands,resolved,
ea_resistance_band_standing_external_rotation,Resistance Band Standing External Rotation,Resistance Band,Resistance Band,1.0,True,Resistance bands,resolved,
ea_resistance_band_standing_hip_abduction,Resistance Band Standing Hip Abduction,Resistance Band,Resistance Band,1.0,True,Resistance bands,resolved,
ea_resistance_band_standing_single_arm_shoulder_extension,Resistance Band Standing Single Arm Shoulder Extension,Resistance Band,"Resistance Band, Squat rack",1.0,True,Resistance bands,resolved,
ea_resistance_band_standing_single_arm_shoulder_flexion,Resistance Band Standing Single Arm Shoulder Flexion,Resistance Band,"Resistance band, squat rack",1.0,True,Resistance bands,resolved,
ea_resistance_band_upper_body_dead_bug,Resistance Band Upper Body Dead Bug,Resistance Band,Resistance Band,1.0,True,Resistance bands,resolved,
ea_resistance_bands_facepull,Resistance Bands Facepull,Resistance Band,"Resistance band, Squat rack",1.0,True,Resistance bands,resolved,
ea_restful_cow_face_pose_legs,Restful Cow Face Pose Legs,,none,1.0,,none,confirmed_no_equipment,
ea_reverse_ab_wheel_rollout,Reverse Ab Wheel Rollout,Ab roller,Ab wheel,1.0,True,Ab wheel,resolved,
ea_reverse_crunch,Reverse Crunch,,none,1.0,,none,confirmed_no_equipment,
ea_reverse_crunch_with_kick_out,Reverse Crunch with Kick Out,,none,1.0,,none,confirmed_no_equipment,
ea_reverse_curl_barbell,Reverse Curl Barbell,,barbell,1.0,,Barbell,resolved,
ea_reverse_grip_lat_pull_down,Reverse Grip Lat Pull Down,Lat Pull Down Machine (Cable),Lat pull down machine,1.0,True,Lat pulldown,resolved,
ea_reverse_grip_resistance_band_simultaneous,Reverse Grip Resistance Band Simultaneous,Resistance Band,Resistance Band,1.0,True,Resistance bands,resolved,
ea_reverse_lunge_left_resistance_band,Reverse Lunge Left Resistance Band,Resistance Band,Resistance Band,1.0,True,Resistance bands,resolved,
ea_reverse_machine_fly,Reverse Machine Fly,Pec Fly/Rear Delt Machine,Pec Fly/Rear Delt Machine,1.0,True,Pec deck / fly machine,resolved,
ea_reverse_plank,Reverse Plank,,none,1.0,,none,confirmed_no_equipment,
ea_reverse_prayer,Reverse Prayer,,none,1.0,,none,confirmed_no_equipment,
ea_reverse_shoulder_stretch,Reverse Shoulder Stretch,Yoga Mat,Plyo box,1.0,False,Plyo box,resolved,promoted on manual review: 
ea_revolved_head_to_knee,Revolved Head to Knee,,none,1.0,,none,confirmed_no_equipment,
ea_revolved_side_angle_pose_with_prayer_hands,Revolved Side Angle Pose with Prayer Hands,,none,1.0,,none,confirmed_no_equipment,
ea_revolved_side_angle_pose_with_prayer_hands_beginner,Revolved Side Angle Pose with Prayer Hands Beginner,,none,1.0,,none,confirmed_no_equipment,
ea_ring_dips,Ring Dips,,Gymnastic rings,1.0,,Gymnastic rings,resolved,"batch 3, registry expansion (52->67): "
ea_romanian_deadlift_barbell,Romanian Deadlift Barbell,,"barbell, weight plates",1.0,,Barbell,resolved,
ea_runner_stretch,Runner Stretch,Yoga Mat,none,1.0,False,none,DISAGREEMENT,
ea_runners_lunge,Runners Lunge,,none,1.0,,none,confirmed_no_equipment,
ea_running,Running,,none,1.0,,none,confirmed_no_equipment,
ea_russian_twist,Russian Twist,,none,1.0,,none,confirmed_no_equipment,
ea_russian_twist_weighted_ball,Russian Twist Weighted Ball,,medicine ball,1.0,,Medicine ball,resolved,
ea_sandbag_cleans,Sandbag Cleans,,sandbag,1.0,,Sandbag,resolved,"batch 3, registry expansion (52->67): "
ea_scapula_push_up,Scapula Push Up,,none,1.0,,none,confirmed_no_equipment,
ea_scissors_kick,Scissors Kick,,none,1.0,,none,confirmed_no_equipment,
ea_scorpion_twist_pose,Scorpion Twist Pose,,none,1.0,,none,confirmed_no_equipment,
ea_seated_cable_row_v_bar_machine,Seated Cable Row V Bar Machine,Cable Row Machine,Seated cable row machine,1.0,True,Seated row machine,resolved,
ea_seated_calf_machine,Seated Calf Machine,,Seated calf raise machine,1.0,,Calf raise machine,resolved,
ea_seated_calf_raises_dumbbell_on_knee,Seated Calf Raises Dumbbell on Knee,Dumbbells,"Dumbbell, Weight bench, Weight plate",1.0,True,Weight bench,resolved,
ea_seated_calf_stretch,Seated Calf Stretch,Yoga Mat,none,1.0,False,none,DISAGREEMENT,
ea_seated_cross_leg_glute_stretch,Seated Cross Leg Glute Stretch,Yoga Mat,none,1.0,False,none,DISAGREEMENT,
ea_seated_dumbbell_neutral_grip_front_raises,Seated Dumbbell Neutral Grip Front Raises,,"Dumbbells, Weight bench",1.0,,Weight bench,resolved,
ea_seated_dumbbell_neutral_grip_side_raises,Seated Dumbbell Neutral Grip Side Raises,,"Dumbbells, Weight bench",1.0,,Weight bench,resolved,
ea_seated_dumbbell_one_arm_shoulder_press,Seated Dumbbell One Arm Shoulder Press,Dumbbells,"Dumbbell, Weight bench",1.0,True,Weight bench,resolved,
ea_seated_dumbbell_rear_delt_fly,Seated Dumbbell Rear Delt Fly,Dumbbells,"Dumbbells, Weight bench",1.0,True,Weight bench,resolved,
ea_seated_figure_four_with_twist_glute_stretch,Seated Figure Four with Twist Glute Stretch,,none,1.0,,none,confirmed_no_equipment,
ea_seated_floor_crunches,Seated Floor Crunches,,none,1.0,,none,confirmed_no_equipment,
ea_seated_flutter_kicks,Seated Flutter Kicks,,Weight bench,1.0,,Weight bench,resolved,
ea_seated_hip_abductor_machine,Seated Hip Abductor Machine,Seated hip abductor machine,Seated hip abductor machine,1.0,True,Hip abductor / adductor machine,resolved,
ea_seated_leg_curl_machine,Seated Leg Curl Machine,Seated leg curl machine,Seated leg curl machine,1.0,True,Leg curl machine,resolved,
ea_seated_leg_extension_alternate_legs,Seated Leg Extension_alternate Legs,Leg Extension Machine,Leg Extension Machine,1.0,True,Leg extension machine,resolved,
ea_seated_leg_extension_both_legs,Seated Leg Extension_both Legs,Leg Extension Machine,Leg Extension Machine,1.0,True,Leg extension machine,resolved,
ea_seated_leg_extension_single_leg,Seated Leg Extension Single Leg,Leg Extension Machine,Leg Extension Machine,1.0,True,Leg extension machine,resolved,
ea_seated_machine_hip_adductor,Seated Machine Hip Adductor,,Seated hip adductor machine,1.0,,Hip abductor / adductor machine,resolved,
ea_seated_normal_grip_row_machine,Seated Normal Grip Row Machine,Cable Row Machine,Cable Row Machine,1.0,True,Seated row machine,resolved,
ea_seated_resistance_band_cable_rows,Seated Resistance Band - Cable Rows,Resistance Band,resistance band,1.0,True,Resistance bands,resolved,
ea_seated_row_machine_rows,Seated Row Machine Rows,,Seated row machine,1.0,,Seated row machine,resolved,
ea_seated_shoulder_flexor_depressor_retractor_stretch,Seated Shoulder Flexor Depressor Retractor Stretch,Yoga Mat,none,1.0,False,none,DISAGREEMENT,
ea_seated_shoulder_press_barbell,Seated Shoulder Press Barbell,Barbell,"Barbell, Weight bench",1.0,True,Weight bench,resolved,
ea_seated_side_stretch,Seated Side Stretch,,Weight bench,1.0,,Weight bench,resolved,
ea_seated_single_leg_hamstring_stretch,Seated Single Leg Hamstring Stretch,Yoga Mat,none,1.0,False,none,DISAGREEMENT,
ea_seated_single_leg_toe_touch_hamstring_stretch,Seated Single Leg Toe Touch Hamstring Stretch,,none,1.0,,none,confirmed_no_equipment,
ea_seated_straight_leg_calf_stretch,Seated Straight Leg Calf Stretch,Yoga Mat,none,1.0,False,none,DISAGREEMENT,
ea_seated_toe_touch_hamstrings_stretch,Seated Toe Touch Hamstrings Stretch,,none,1.0,,none,confirmed_no_equipment,
ea_seated_v_up,Seated V Up,,none,1.0,,none,confirmed_no_equipment,
ea_shadow_boxing,Shadow Boxing,,none,1.0,,none,confirmed_no_equipment,
ea_shoulder_abduction,Shoulder Abduction,,none,1.0,,none,confirmed_no_equipment,
ea_shoulder_circle,Shoulder Circle,,none,1.0,,none,confirmed_no_equipment,
ea_shoulder_extension,Shoulder Extension,,none,1.0,,none,confirmed_no_equipment,
ea_side_bend_standing_lats_stretch,Side Bend Standing Lats Stretch,,none,1.0,,none,confirmed_no_equipment,
ea_side_chest_stretch_on_wall,Side Chest Stretch on Wall,,wall,1.0,,none,unresolved,
ea_side_lateral_raise_resistance_band,Side Lateral Raise Resistance Band,Resistance Band,resistance band,1.0,True,Resistance bands,resolved,
ea_side_lunges_bodyweight,Side Lunges Bodyweight,,none,1.0,,none,confirmed_no_equipment,
ea_side_lying_floor_stretch,Side Lying Floor Stretch,,none,1.0,,none,confirmed_no_equipment,
ea_side_lying_leg_lift_left,Side Lying Leg Lift Left,,none,1.0,,none,confirmed_no_equipment,
ea_side_lying_leg_lift_right,Side Lying Leg Lift Right,,none,1.0,,none,confirmed_no_equipment,
ea_side_lying_parsva_savasana_variation,Side Lying Parsva Savasana Variation,,none,1.0,,none,confirmed_no_equipment,
ea_side_plank,Side Plank,,none,1.0,,none,confirmed_no_equipment,
ea_side_plank_oblique_crunch,Side Plank Oblique Crunch,,none,1.0,,none,confirmed_no_equipment,
ea_side_plank_with_hip_lift,Side Plank with Hip Lift,,none,1.0,,none,confirmed_no_equipment,
ea_side_to_side_punch,Side to Side Punch,,none,1.0,,none,confirmed_no_equipment,
ea_side_to_side_push_up,Side to Side Push Up,,none,1.0,,none,confirmed_no_equipment,
ea_side_wrist_pull_stretch,Side Wrist Pull Stretch,,none,1.0,,none,confirmed_no_equipment,
ea_single_arm_cable_row_left,Single Arm Cable Row Left,Cable Pulley Machine,Cable Pulley Machine,1.0,True,Cable machine,resolved,
ea_single_arm_cable_row_right,Single Arm Cable Row Right,Cable Pulley Machine,Cable pulley machine,1.0,True,Cable machine,resolved,
ea_single_arm_extended_pull_downwards_biceps_stretch,Single Arm Extended Pull Downwards Biceps Stretch,,none,1.0,,none,confirmed_no_equipment,
ea_single_arm_on_wall_side_biceps_stretch,Single Arm on Wall Side Biceps Stretch,,wall,1.0,,none,unresolved,
ea_single_arm_overhead_extension_resistance_band,Single Arm Overhead Extension Resistance Band,Resistance Band,resistance band,1.0,True,Resistance bands,resolved,
ea_single_arm_palm_down_on_wall_biceps_stretch,Single Arm Palm Down on Wall Biceps Stretch,,wall,1.0,,none,unresolved,
ea_single_arm_standing_low_cable_row,Single Arm Standing Low Cable Row,Cable Pulley Machine,Cable pulley machine,1.0,True,Cable machine,resolved,
ea_single_dumbbell_biceps_curls,Single Dumbbell Biceps Curls,,dumbbell,1.0,,Dumbbells,resolved,
ea_single_kettlebell_deadlift,Single Kettlebell Deadlift,Kettlebells,Kettlebell,1.0,True,Kettlebell,resolved,
ea_single_kettlebell_sled_push,Single Kettlebell Sled Push,,Kettlebell,1.0,,Kettlebell,resolved,
ea_single_leg_calf_raise_leg_press_machine,Single Leg Calf Raise Leg Press Machine,Leg press machine,Leg press machine,1.0,True,Leg press,resolved,
ea_single_leg_incline_45_degree_leg_press_machine,Single Leg Incline 45 Degree Leg Press Machine,Leg press machine,"Leg press machine, weight plates",1.0,True,Leg press,resolved,
ea_single_leg_romanian_deadlift_dumbbell,Single Leg Romanian Deadlift Dumbbell,Dumbbells,Dumbbell,1.0,True,Dumbbells,resolved,
ea_single_leg_romanian_deadlifts_right_cable_resistance_band,Single Leg Romanian Deadlifts Right Cable Resistance Band,Resistance Band,cable machine,1.0,False,Cable machine,resolved,promoted on manual review: 
ea_sissy_squat_bodyweight,Sissy Squat Bodyweight,,adjustable weight bench,1.0,,Weight bench,resolved,
ea_situps,Situps,,none,1.0,,none,confirmed_no_equipment,
ea_skater_hops,Skater Hops,,none,1.0,,none,confirmed_no_equipment,
ea_ski_ergometer_cross_country_ski_alternating_arm_pull,Ski Ergometer Cross Country Ski Alternating Arm Pull,Ski Ergometer,Ski Ergometer,1.0,True,Ski erg,resolved,
ea_ski_ergometer_cross_country_ski_alternating_arm_pulls,Ski Ergometer Cross Country Ski Alternating Arm Pulls,Ski Ergometer,Ski Ergometer,1.0,True,Ski erg,resolved,
ea_ski_ergometer_cross_country_ski_basic_pull,Ski Ergometer Cross Country Ski Basic Pull,Ski Ergometer,Ski Ergometer,1.0,True,Ski erg,resolved,
ea_ski_ergometer_cross_country_ski_face_biceps_curl_pull,Ski Ergometer Cross Country Ski Face Biceps Curl Pull,Ski Ergometer,Ski Ergometer,1.0,True,Ski erg,resolved,
ea_ski_ergometer_cross_country_ski_flyes,Ski Ergometer Cross Country Ski Flyes,Ski Ergometer,Ski Ergometer,1.0,True,Ski erg,resolved,
ea_ski_ergometer_cross_country_ski_jump_squat_pull,Ski Ergometer Cross Country Ski Jump Squat Pull,Ski Ergometer,Ski Ergometer,1.0,True,Ski erg,resolved,
ea_ski_ergometer_cross_country_ski_kneeling_reverse_fly_pull,Ski Ergometer Cross Country Ski Kneeling Reverse Fly Pull,Ski Ergometer,Ski Ergometer,1.0,True,Ski erg,resolved,
ea_ski_ergometer_cross_country_ski_pullover_pull,Ski Ergometer Cross Country Ski Pullover Pull,Ski Ergometer,Ski Ergometer,1.0,True,Ski erg,resolved,
ea_ski_ergometer_cross_country_ski_reverse_fly_pull,Ski Ergometer Cross Country Ski Reverse Fly Pull,Ski Ergometer,Ski Ergometer,1.0,True,Ski erg,resolved,
ea_ski_ergometer_cross_country_ski_reverse_lunge_pull,Ski Ergometer Cross Country Ski Reverse Lunge Pull,Ski Ergometer,Ski Ergometer,1.0,True,Ski erg,resolved,
ea_ski_ergometer_cross_country_ski_reverse_triceps_extension_pull,Ski Ergometer Cross Country Ski Reverse Triceps Extension Pull,Ski Ergometer,Ski Ergometer,1.0,True,Ski erg,resolved,
ea_ski_ergometer_cross_country_ski_squat_pull_half_circles,Ski Ergometer Cross Country Ski Squat Pull Half Circles,Ski Ergometer,Ski Ergometer,1.0,True,Ski erg,resolved,
ea_ski_ergometer_cross_country_ski_squat_wide_lat_pull,Ski Ergometer Cross Country Ski Squat Wide Lat Pull,Ski Ergometer,Ski Ergometer,1.0,True,Ski erg,resolved,
ea_ski_ergometer_cross_country_ski_triceps_extension_pull,Ski Ergometer Cross Country Ski Triceps Extension Pull,Ski Ergometer,Ski Ergometer,1.0,True,Ski erg,resolved,
ea_skipping,Skipping,,none,0.95,,none,confirmed_no_equipment,
ea_sled_battle_rope_pull,Sled Battle Rope Pull,,"Sled, weight plates, battle rope",1.0,,Battle ropes,resolved,
ea_sled_drag_and_row,Sled Drag and Row,,weighted sled,1.0,,Weighted sled,resolved,"batch 3, registry expansion (52->67): "
ea_smith_machine_bulgarian_split_squat,Smith Machine Bulgarian Split Squat,Smith Machine,"Smith machine, plyo box, weight plates",1.0,True,Smith machine,resolved,
ea_smith_machine_calf_raise,Smith Machine Calf Raise,Smith Machine,Smith Machine,1.0,True,Smith machine,resolved,
ea_smith_machine_narrow_stance_heels_elevated_squats,Smith Machine Narrow Stance Heels Elevated Squats,,"Smith machine, weight plates",1.0,,Smith machine,resolved,
ea_smith_machine_press_decline,Smith Machine Press Decline,Smith Machine,"Smith machine, decline weight bench",1.0,True,Smith machine,resolved,
ea_smith_machine_press_flat,Smith Machine Press Flat,Smith Machine,"Smith machine, weight bench, barbell, weight plates",1.0,True,Smith machine,resolved,
ea_smith_machine_press_incline,Smith Machine Press Incline,Smith Machine,"Smith machine, adjustable weight bench, barbell, weight plates",1.0,True,Smith machine,resolved,
ea_smith_machine_shoulder_press,Smith Machine Shoulder Press,Smith Machine,"Smith machine, weight bench, barbell, weight plates",1.0,True,Smith machine,resolved,
ea_spider_curl_barbell,Spider Curl Barbell,Barbell,"Barbell, Weight bench",1.0,True,Weight bench,resolved,
ea_spider_curl_dumbbells_simultaneous,Spider Curl Dumbbells Simultaneous,Dumbbells,"Dumbbells, Weight bench",1.0,True,Weight bench,resolved,
ea_spider_curl_ez_bar,Spider Curl Ez Bar,Ez Bar,"EZ curl bar, weight plates, adjustable weight bench",1.0,True,Bench (flat / adjustable),resolved,
ea_spider_plank,Spider Plank,,none,1.0,,none,confirmed_no_equipment,
ea_standing_ab_wheel_rollout,Standing Ab Wheel Rollout,Ab roller,Ab wheel,1.0,True,Ab wheel,resolved,
ea_standing_adductor_stretch,Standing Adductor Stretch,,none,1.0,,none,confirmed_no_equipment,
ea_standing_arnold_press_dumbbell,Standing Arnold Press Dumbbell,Dumbbells,Dumbbells,1.0,True,Dumbbells,resolved,
ea_standing_bow_hamstring_stretch,Standing Bow Hamstring Stretch,,none,1.0,,none,confirmed_no_equipment,
ea_standing_cable_hip_flexion,Standing Cable Hip Flexion,,cable machine with ankle strap attachment,1.0,,Cable machine,resolved,
ea_standing_cable_oblique_twist,Standing Cable Oblique Twist,Cable Pulley Machine,Cable Pulley Machine,1.0,True,Cable machine,resolved,
ea_standing_calf_raise_resistance_band,Standing Calf Raise Resistance Band,Resistance Band,Resistance Band,1.0,True,Resistance bands,resolved,
ea_standing_calf_raises_smith_machine,Standing Calf Raises Smith Machine,Resistance Band,"Smith machine, weight plates, calf block",1.0,False,Smith machine,resolved,promoted on manual review: 
ea_standing_dumbbell_alternate_shoulder_press,Standing Dumbbell Alternate Shoulder Press,Dumbbells,Dumbbells,1.0,True,Dumbbells,resolved,
ea_standing_front_raise_dumbbell,Standing Front Raise Dumbbell,Dumbbells,Dumbbells,1.0,True,Dumbbells,resolved,
ea_standing_gastrocnemius_stretch,Standing Gastrocnemius Stretch,Bench,Bench,1.0,True,Bench (flat / adjustable),resolved,
ea_standing_hamstring_calf_stretch_with_resistance_band,Standing Hamstring Calf Stretch with Resistance Band,Resistance Band,Resistance Band,1.0,True,Resistance bands,resolved,
ea_standing_lat_cable_pull_over,Standing Lat Cable Pull Over,Cable Pulley Machine,Cable Pulley Machine,1.0,True,Cable machine,resolved,
ea_standing_lateral_stretch,Standing Lateral Stretch,,none,1.0,,none,confirmed_no_equipment,
ea_standing_leg_elevated_hamstring_stretch,Standing Leg Elevated Hamstring Stretch,Bench,Adjustable weight bench,1.0,True,Bench (flat / adjustable),resolved,
ea_standing_oblique_crunch,Standing Oblique Crunch,,none,1.0,,none,confirmed_no_equipment,
ea_standing_one_arm_chest_stretch,Standing One Arm Chest Stretch,,wall,1.0,,none,unresolved,
ea_standing_overhand_shoulder_stretch,Standing Overhand Shoulder Stretch,,none,1.0,,none,confirmed_no_equipment,
ea_standing_quadriceps_stretch,Standing Quadriceps Stretch,,none,1.0,,none,confirmed_no_equipment,
ea_standing_quadriceps_stretch_side_angle,Standing Quadriceps Stretch Side Angle,,none,1.0,,none,confirmed_no_equipment,
ea_standing_reverse_shoulder_stretch,Standing Reverse Shoulder Stretch,,none,1.0,,none,confirmed_no_equipment,
ea_standing_shoulder_press_dumbbell,Standing Shoulder Press Dumbbell,Dumbbells,Dumbbells,1.0,True,Dumbbells,resolved,
ea_standing_side_leg_raises,Standing Side Leg Raises,,none,1.0,,none,confirmed_no_equipment,
ea_standing_side_slope_stretch,Standing Side Slope Stretch,,none,1.0,,none,confirmed_no_equipment,
ea_standing_straight_leg_hamstring_stretch,Standing Straight-leg Hamstring Stretch,,none,1.0,,none,confirmed_no_equipment,
ea_standing_swimmer,Standing Swimmer,,none,1.0,,none,confirmed_no_equipment,
ea_standing_toe_touch,Standing Toe Touch,,none,1.0,,none,confirmed_no_equipment,
ea_standing_y_raise,Standing Y Raise,,none,1.0,,none,confirmed_no_equipment,
ea_star_crunches,Star Crunches,,none,1.0,,none,confirmed_no_equipment,
ea_star_jump,Star Jump,,none,1.0,,none,confirmed_no_equipment,
ea_stationary_exercise_bike,Stationary Exercise Bike,Stationary Exercise Bike,Stationary Exercise Bike,1.0,True,Exercise bike,resolved,
ea_step_up_on_chair_bodyweight,Step Up on Chair Bodyweight,,chair,1.0,,none,unresolved,
ea_stepmill_machine_steps,Stepmill Machine Steps,,stepmill machine,1.0,,Stair climber,resolved,
ea_straight_arm_cable_lat_pull_down,Straight Arm Cable Lat Pull Down,,cable machine with straight bar attachment,1.0,,Cable machine,resolved,
ea_straight_bar_cable_pull_down,Straight Bar Cable Pull Down,Lat Pull Down Machine (Cable),Lat pull down machine with straight bar attachment,1.0,True,Lat pulldown,resolved,
ea_straight_bar_cable_row_close_grip,Straight Bar Cable Row Close Grip,Cable Row Machine,Cable Row Machine,1.0,True,Seated row machine,resolved,
ea_straight_bar_cable_row_normal_grip,Straight Bar Cable Row Normal Grip,Cable Row Machine,Cable Row Machine,1.0,True,Seated row machine,resolved,
ea_sumo_squat_in_between_legs_resistance_band,Sumo Squat in Between Legs Resistance Band,Resistance Band,Resistance Band,1.0,True,Resistance bands,resolved,
ea_sumo_squat_over_shoulder_resistance_band,Sumo Squat Over Shoulder Resistance Band,Resistance Band,Resistance Band,1.0,True,Resistance bands,resolved,
ea_superman,Superman,,none,1.0,,none,confirmed_no_equipment,
ea_superman_holds,Superman Holds,,none,1.0,,none,confirmed_no_equipment,
ea_superman_pulls,Superman Pulls,,none,1.0,,none,confirmed_no_equipment,
ea_superman_pulls_resistance_band,Superman Pulls Resistance Band,Resistance Band,resistance bands,1.0,True,Resistance bands,resolved,
ea_supine_push_up,Supine Push Up,,none,0.9,,none,confirmed_no_equipment,
ea_suspension_trainer_with_grips_abdominal_fallout,Suspension Trainer with Grips Abdominal Fallout,Suspension Trainer,Suspension trainer with grips,1.0,True,Suspension trainer (TRX),resolved,
ea_suspension_trainer_with_grips_bent_knee_inverted_row,Suspension Trainer with Grips Bent Knee Inverted Row,Suspension Trainer,Suspension Trainer,1.0,True,Suspension trainer (TRX),resolved,
ea_suspension_trainer_with_grips_chest_fly,Suspension Trainer with Grips Chest Fly,Suspension Trainer,Suspension trainer,1.0,True,Suspension trainer (TRX),resolved,
ea_suspension_trainer_with_grips_chin_up,Suspension Trainer with Grips Chin-up,Suspension Trainer,suspension trainer with grips,1.0,True,Suspension trainer (TRX),resolved,
ea_suspension_trainer_with_grips_decline_push_up,Suspension Trainer with Grips Decline Push-up,Suspension Trainer,Suspension trainer,1.0,True,Suspension trainer (TRX),resolved,
ea_suspension_trainer_with_grips_face_pull,Suspension Trainer with Grips Face Pull,Suspension Trainer,Suspension trainer,1.0,True,Suspension trainer (TRX),resolved,
ea_suspension_trainer_with_grips_front_raise,Suspension Trainer with Grips Front Raise,Suspension Trainer,Suspension Trainer,1.0,True,Suspension trainer (TRX),resolved,
ea_suspension_trainer_with_grips_hanging_knees_to_elbows,Suspension Trainer with Grips Hanging Knees to Elbows,Suspension Trainer,Suspension trainer with grips,1.0,True,Suspension trainer (TRX),resolved,
ea_suspension_trainer_with_grips_hanging_leg_hip_raise,Suspension Trainer with Grips Hanging Leg Hip Raise,Suspension Trainer,suspension trainer with grips,1.0,True,Suspension trainer (TRX),resolved,
ea_suspension_trainer_with_grips_hanging_straight_leg_hip_raise,Suspension Trainer with Grips Hanging Straight Leg Hip Raise,Suspension Trainer,Suspension trainer with grips,1.0,True,Suspension trainer (TRX),resolved,
ea_suspension_trainer_with_grips_high_row,Suspension Trainer with Grips High Row,Suspension Trainer,Suspension Trainer,1.0,True,Suspension trainer (TRX),resolved,
ea_suspension_trainer_with_grips_hip_bridge,Suspension Trainer with Grips Hip Bridge,Suspension Trainer,Suspension Trainer,1.0,True,Suspension trainer (TRX),resolved,
ea_suspension_trainer_with_grips_inverted_row,Suspension Trainer with Grips Inverted Row,Suspension Trainer,"Suspension trainer, weight bench",1.0,True,Suspension trainer (TRX),resolved,
ea_suspension_trainer_with_grips_inverted_row_arm_twist,Suspension Trainer with Grips Inverted Row Arm Twist,Suspension Trainer,Suspension Trainer,1.0,True,Suspension trainer (TRX),resolved,
ea_suspension_trainer_with_grips_inverted_row_on_floor,Suspension Trainer with Grips Inverted Row on Floor,,suspension trainer,1.0,,Suspension trainer (TRX),resolved,
ea_suspension_trainer_with_grips_knee_tuck_row,Suspension Trainer with Grips Knee Tuck Row,Suspension Trainer,Suspension trainer with grips,1.0,True,Suspension trainer (TRX),resolved,
ea_suspension_trainer_with_grips_leg_curl,Suspension Trainer with Grips Leg Curl,Suspension Trainer,Suspension Trainer,1.0,True,Suspension trainer (TRX),resolved,
ea_suspension_trainer_with_grips_mountain_climber,Suspension Trainer with Grips Mountain Climber,Suspension Trainer,Suspension Trainer,1.0,True,Suspension trainer (TRX),resolved,
ea_suspension_trainer_with_grips_pike,Suspension Trainer with Grips Pike,Suspension Trainer,Suspension Trainer,1.0,True,Suspension trainer (TRX),resolved,
ea_suspension_trainer_with_grips_pull_through,Suspension Trainer with Grips Pull Through,Suspension Trainer,Suspension Trainer,1.0,True,Suspension trainer (TRX),resolved,
ea_suspension_trainer_with_grips_pull_up,Suspension Trainer with Grips Pull-up,Suspension Trainer,Suspension trainer,1.0,True,Suspension trainer (TRX),resolved,
ea_suspension_trainer_with_grips_push_up_to_side_plank,Suspension Trainer with Grips Push-up to Side Plank,Suspension Trainer,Suspension trainer,1.0,True,Suspension trainer (TRX),resolved,
ea_suspension_trainer_with_grips_rear_delt_row,Suspension Trainer with Grips Rear Delt Row,Suspension Trainer,Suspension trainer,1.0,True,Suspension trainer (TRX),resolved,
ea_suspension_trainer_with_grips_reverse_ab_rollout,Suspension Trainer with Grips Reverse Ab Rollout,Suspension Trainer,Suspension Trainer,1.0,True,Suspension trainer (TRX),resolved,
ea_suspension_trainer_with_grips_reverse_push_up,Suspension Trainer with Grips Reverse Push-up,Suspension Trainer,Suspension trainer with handles,1.0,True,Suspension trainer (TRX),resolved,
ea_suspension_trainer_with_grips_side_squat,Suspension Trainer with Grips Side Squat,Suspension Trainer,Suspension trainer,1.0,True,Suspension trainer (TRX),resolved,
ea_suspension_trainer_with_grips_single_arm_rear_delt_row,Suspension Trainer with Grips Single Arm Rear Delt Row,Suspension Trainer,suspension trainer,1.0,True,Suspension trainer (TRX),resolved,
ea_suspension_trainer_with_grips_split_fly,Suspension Trainer with Grips Split Fly,Suspension Trainer,Suspension trainer,1.0,True,Suspension trainer (TRX),resolved,
ea_suspension_trainer_with_grips_split_squat,Suspension Trainer with Grips Split Squat,Suspension Trainer,Suspension Trainer,1.0,True,Suspension trainer (TRX),resolved,
ea_suspension_trainer_with_grips_straight_hip_leg_curl,Suspension Trainer with Grips Straight Hip Leg Curl,Suspension Trainer,Suspension Trainer,1.0,True,Suspension trainer (TRX),resolved,
ea_suspension_trainer_with_grips_supine_crunch,Suspension Trainer with Grips Supine Crunch,Suspension Trainer,Suspension trainer,1.0,True,Suspension trainer (TRX),resolved,
ea_suspension_trainer_with_grips_triceps_extension,Suspension Trainer with Grips Triceps Extension,Suspension Trainer,Suspension trainer,1.0,True,Suspension trainer (TRX),resolved,
ea_suspension_trainer_with_grips_wide_grip_inverted_row_on_floor_1,Suspension Trainer with Grips Wide Grip Inverted Row on Floor_1,,suspension trainer,1.0,,Suspension trainer (TRX),resolved,
ea_svend_press_decline_bench,Svend Press Decline Bench,Weight Plate,"Weight plate, decline bench",1.0,True,Weight bench,resolved,
ea_svend_press_flat_bench,Svend Press Flat Bench,Weight Plate,"Weight plate, flat bench",1.0,True,Weight bench,resolved,
ea_svend_press_incline_bench,Svend Press Incline Bench,Weight Plate,"Weight plate, adjustable bench",1.0,True,Weight bench,resolved,
ea_tennis_forehand_ground_stroke,Tennis Forehand Ground Stroke,,tennis racket,1.0,,none,unresolved,
ea_the_wall_ball,The Wall Ball,,"medicine ball, wall",1.0,,Medicine ball,resolved,
ea_theraband_scapula_retraction,Theraband Scapula Retraction,,resistance band,1.0,,Resistance bands,resolved,
ea_trap_bar_deadlift,Trap Bar Deadlift,Trap Bar,"Trap Bar, Weight plates",1.0,True,Weight plates,resolved,
ea_trap_bar_shrug,Trap Bar Shrug,,"trap bar, weight plates",1.0,,Weight plates,resolved,
ea_treadmill_jogging,Treadmill Jogging,Treadmill,Treadmill,1.0,True,Treadmill,resolved,
ea_treadmill_running,Treadmill Running,Treadmill,Treadmill,1.0,True,Treadmill,resolved,
ea_treadmill_walk,Treadmill Walk,,Treadmill,1.0,,Treadmill,resolved,
ea_tricep_cable_kickback_on_crossover_machine,Tricep Cable Kickback on Crossover Machine,Cable Pulley Machine,Cable Pulley Machine,1.0,True,Cable machine,resolved,
ea_tricep_extension_machine,Tricep Extension Machine,Triceps Extension Machine,Triceps extension machine,1.0,True,Triceps extension machine,resolved,
ea_tricep_rope_extension_on_crossover_machine,Tricep Rope Extension on Crossover Machine,,cable machine with rope attachment,1.0,,Cable machine,resolved,
ea_triceps_dip_machine,Triceps Dip Machine,Triceps Dips Machine,Triceps Dip Machine,1.0,True,Seated dip machine,resolved,"batch 3, registry expansion (52->67): "
ea_triceps_light_stretch,Triceps Light Stretch,,none,1.0,,none,confirmed_no_equipment,
ea_tyre_flip,Tyre Flip,,tyre,1.0,,Tyre,resolved,"batch 3, registry expansion (52->67): "
ea_tyre_hammering,Tyre Hammering,,"tyre, sledgehammer",1.0,,Tyre,resolved,"batch 3, registry expansion (52->67): "
ea_unilateral_box_jump,Unilateral Box Jump,,plyo box,1.0,,Plyo box,resolved,
ea_unilateral_box_jump_bilateral_deceleration,Unilateral Box Jump - Bilateral Deceleration,,plyo box,1.0,,Plyo box,resolved,
ea_unilateral_front_plank,Unilateral Front Plank,,none,1.0,,none,confirmed_no_equipment,
ea_unilateral_jumps,Unilateral Jumps,,none,1.0,,none,confirmed_no_equipment,
ea_unilateral_plank,Unilateral Plank,,none,1.0,,none,confirmed_no_equipment,
ea_upper_back_stretch,Upper Back Stretch,,none,1.0,,none,confirmed_no_equipment,
ea_upright_row_barbell,Upright Row Barbell,Barbell,Barbell,1.0,True,Barbell,resolved,
ea_upright_row_cable_resistance_band,Upright Row Cable Resistance Band,Resistance Band,Resistance Band,1.0,True,Resistance bands,resolved,
ea_upright_row_dumbbell,Upright Row Dumbbell,Dumbbells,Dumbbells,1.0,True,Dumbbells,resolved,
ea_upright_row_ez_bar,Upright Row Ez Bar,EZ Bar,EZ Bar,1.0,True,EZ curl bar,resolved,
ea_upward_rotation_bent_arms,Upward Rotation Bent Arms,,none,1.0,,none,confirmed_no_equipment,
ea_v_bar_lat_pull_down,V Bar Lat Pull Down,Lat Pull Down Machine (Cable),Lat pull down machine with V-bar attachment,1.0,True,Lat pulldown,resolved,
ea_v_crunches,V Crunches,,none,1.0,,none,confirmed_no_equipment,
ea_v_up,V Up,,none,1.0,,none,confirmed_no_equipment,
ea_walking,Walking,,none,1.0,,none,confirmed_no_equipment,
ea_walking_fast,Walking Fast,,none,1.0,,none,confirmed_no_equipment,
ea_walkout,Walkout,,none,1.0,,none,confirmed_no_equipment,
ea_wall_sit_bodyweight,Wall Sit Bodyweight,,none,1.0,,none,confirmed_no_equipment,
ea_wall_squat_bodyweight,Wall Squat Bodyweight,,none,1.0,,none,confirmed_no_equipment,
ea_wall_squat_with_pause_bodyweight,Wall Squat with Pause Bodyweight,,none,1.0,,none,confirmed_no_equipment,
ea_weighted_back_extensions_on_hyperextension_bench,Weighted Back Extensions on Hyperextension Bench,,"Hyperextension bench, weight plate",1.0,,Back extension bench,resolved,
ea_weighted_standing_shoulder_press_with_plate,Weighted Standing Shoulder Press with Plate,Weight Plate,Weight Plate,1.0,True,Weight plates,resolved,
ea_wheels_to_heaven,Wheels to Heaven,Ab Roller,Ab wheel,1.0,True,Ab wheel,resolved,
ea_wheels_to_toes,Wheels to Toes,Ab Roller,Ab wheel,1.0,True,Ab wheel,resolved,
ea_wide_push_ups_bodyweight,Wide Push Ups Bodyweight,,none,1.0,,none,confirmed_no_equipment,
ea_wild_thing_pose,Wild Thing Pose,,none,1.0,,none,confirmed_no_equipment,
ea_wind_wipers,Wind Wipers,,none,1.0,,none,confirmed_no_equipment,
ea_wrist_curl_barbell,Wrist Curl Barbell,Barbell,"Barbell, Weight bench",1.0,True,Weight bench,resolved,
ea_wrist_curl_dumbbell,Wrist Curl Dumbbell,Dumbbells,"Dumbbells, Weight bench",1.0,True,Weight bench,resolved,
ea_wrist_extension_barbell,Wrist Extension Barbell,Barbell,"Barbell, Weight bench",1.0,True,Weight bench,resolved,
ea_wrist_extension_dumbbell,Wrist Extension Dumbbell,Dumbbells,"Dumbbells, Weight bench",1.0,True,Weight bench,resolved,
ea_yoga_flow_sequences_sun_salutations,Yoga Flow Sequences Sun Salutations,,none,1.0,,none,confirmed_no_equipment,
ea_zotman_curls_resistance_band_simultaneous,Zotman Curls Resistance Band Simultaneous,Resistance Band,Resistance Band,1.0,True,Resistance bands,resolved,
