id,title,group,priority,has_purpose,visual_status,issue_code,field,finding,recommended_action,verified,verification_note,gate_e_label,gate_e_note
ea_45_degree_bicycle_twist_knee_to_elbow,45 Degree Bicycle Twist Knee to Elbow,Abdominals,P2,False,NOT_VERIFIED,DUPLICATE_STEPS,Title↔Steps,"Steps are exactly identical to another differently named exercise: 45 Degree Bicycle Twist Knee to Elbow, 45 Degree Bicycle Twisting.","Check whether these are true variants. If the movement differs, rewrite the distinguishing setup/execution cue; if identical, consider alias/dedup metadata.",REAL,Confirmed identical Steps text vs named sibling(s),DEDUP_CANDIDATE,"Steps say ""bend your knee...bringing your opposite elbow towards it"" = knee-to-elbow contact; ""Twisting"" title omits the detail but describes the identical movement -> redundant catalog row, not a distinct exercise"
ea_45_degree_bicycle_twisting,45 Degree Bicycle Twisting,Abdominals,P2,False,NOT_VERIFIED,DUPLICATE_STEPS,Title↔Steps,"Steps are exactly identical to another differently named exercise: 45 Degree Bicycle Twist Knee to Elbow, 45 Degree Bicycle Twisting.","Check whether these are true variants. If the movement differs, rewrite the distinguishing setup/execution cue; if identical, consider alias/dedup metadata.",REAL,Confirmed identical Steps text vs named sibling(s),DEDUP_CANDIDATE,"Steps say ""bend your knee...bringing your opposite elbow towards it"" = knee-to-elbow contact; ""Twisting"" title omits the detail but describes the identical movement -> redundant catalog row, not a distinct exercise"
ea_90_degree_heel_touch,90 Degree Heel Touch,Abdominals,P2,False,NOT_VERIFIED,DUPLICATE_STEPS,Steps; Title↔Steps,"Steps are exactly identical to another differently named exercise: 90 Degree Heel Touch, 90 Degree Heels Touch.","Check whether these are true variants. If the movement differs, rewrite the distinguishing setup/execution cue; if identical, consider alias/dedup metadata.",REAL,Confirmed identical Steps text vs named sibling(s),DEDUP_CANDIDATE,"near-identical titles (ratio=0.98), diff words: ['heel', 'heels']"
ea_90_degree_heels_touch,90 Degree Heels Touch,Abdominals,P2,False,NOT_VERIFIED,DUPLICATE_STEPS,Steps; Title↔Steps,"Steps are exactly identical to another differently named exercise: 90 Degree Heel Touch, 90 Degree Heels Touch.","Check whether these are true variants. If the movement differs, rewrite the distinguishing setup/execution cue; if identical, consider alias/dedup metadata.",REAL,Confirmed identical Steps text vs named sibling(s),DEDUP_CANDIDATE,"near-identical titles (ratio=0.98), diff words: ['heel', 'heels']"
ea_alternate_leg_raise_from_reverse_plank_position,Alternate Leg Raise From Reverse Plank Position,Abdominals,P1,False,NOT_VERIFIED,FORCED_ROM,Steps,Unqualified maximum-range cue may push a user beyond the range they can control without symptoms or compensation.,"Use the largest controlled, pain-free range available without compensation; regress range if alignment or symptoms deteriorate.",REAL,"Unqualified ROM cue: ""...maximum range while keeping them straight""",CONTENT_DEFECT,"Gate E: confirmed, no qualifier near ""maximum range"" cue"
ea_diagonal_chop_cable,Diagonal Chop Cable,Abdominals,P1,False,NOT_VERIFIED,EQUIPMENT_TEXT_CONFLICT,Title↔Steps,Title equipment (cable) conflicts with equipment explicitly named in Steps (band).,Verify the poster/vendor source; then align title and Steps to the same implement. Do not auto-map this without visual confirmation.,REAL,"equipmentLabel=""Sled"" conflicts with poster/Steps showing a box (direction of the original finding text was backwards, but the underlying conflict is real)",METADATA_DEFECT,"Gate E: reclassified from EQUIPMENT_TEXT_CONFLICT -- equipmentId correct, only equipmentLabel null; recommend new code EQUIPMENT_METADATA_MISSING"
ea_reverse_plank,Reverse Plank,Abdominals,P2,True,PASS,PRIOR_REAUDIT,Purpose/Steps,This card was not materially changed in REV2 for the prior finding(s); the previous finding remains open.,Use neutral wording about the movement/muscles; avoid claiming one exercise reverses a lifestyle/postural problem without assessment.,REAL,Gate A vs SPTR_H3_REV2_ACTION_REGISTER_2026-08-15.md: lifestyle words: ['desk'],FALSE_POSITIVE,"Gate E: lifestyle/comparative trigger word matched in a non-causal, non-comparative sentence (setup mechanics, programming-timing advice, or hedged rationale)"
ea_45_degree_hyperextension_arms_in_front_of_chest,45 Degree Hyperextension (arms in Front of Chest),Back,P2,False,NOT_VERIFIED,DUPLICATE_STEPS,Steps; Title↔Steps,"Steps are exactly identical to another differently named exercise: 45 Degree Hyperextension (arms in Front of Chest), 45 Degree Hyperextension Arms to Chest, Back Extension Machine.","Check whether these are true variants. If the movement differs, rewrite the distinguishing setup/execution cue; if identical, consider alias/dedup metadata.",REAL,Confirmed identical Steps text vs named sibling(s),DEDUP_CANDIDATE,"Steps say ""Place your arms across your chest"" for all 3; ""in Front of Chest"" vs ""to Chest"" is the same arm position restated, ""Back Extension Machine"" is the generic machine name for the identical movement -> redundant rows"
ea_45_degree_hyperextension_arms_to_chest,45 Degree Hyperextension Arms to Chest,Back,P2,False,NOT_VERIFIED,DUPLICATE_STEPS,Steps; Title↔Steps,"Steps are exactly identical to another differently named exercise: 45 Degree Hyperextension (arms in Front of Chest), 45 Degree Hyperextension Arms to Chest, Back Extension Machine.","Check whether these are true variants. If the movement differs, rewrite the distinguishing setup/execution cue; if identical, consider alias/dedup metadata.",REAL,Confirmed identical Steps text vs named sibling(s),DEDUP_CANDIDATE,"Steps say ""Place your arms across your chest"" for all 3; ""in Front of Chest"" vs ""to Chest"" is the same arm position restated, ""Back Extension Machine"" is the generic machine name for the identical movement -> redundant rows"
ea_assisted_chin_up_normal_width_reverse_grip,Assisted Chin Up Normal Width Reverse Grip,Back,P2,False,NOT_VERIFIED,DUPLICATE_STEPS,Title↔Steps,"Steps are exactly identical to another differently named exercise: Assisted Chin Up Normal Width Reverse Grip, Assisted Close Grip Underhand Chin Up.","Check whether these are true variants. If the movement differs, rewrite the distinguishing setup/execution cue; if identical, consider alias/dedup metadata.",REAL,Confirmed identical Steps text vs named sibling(s),REAL_DEFECT,"Title claims a grip-WIDTH distinction (normal vs close) but both Steps say ""hands...at shoulder-width apart"" -- the close-grip variant's steps do not reflect a closer-than-shoulder-width hand position; needs its own distinguishing cue"
ea_assisted_close_grip_underhand_chin_up,Assisted Close Grip Underhand Chin Up,Back,P2,False,NOT_VERIFIED,DUPLICATE_STEPS,Title↔Steps,"Steps are exactly identical to another differently named exercise: Assisted Chin Up Normal Width Reverse Grip, Assisted Close Grip Underhand Chin Up.","Check whether these are true variants. If the movement differs, rewrite the distinguishing setup/execution cue; if identical, consider alias/dedup metadata.",REAL,Confirmed identical Steps text vs named sibling(s),REAL_DEFECT,"Title claims a grip-WIDTH distinction (normal vs close) but both Steps say ""hands...at shoulder-width apart"" -- the close-grip variant's steps do not reflect a closer-than-shoulder-width hand position; needs its own distinguishing cue"
ea_assisted_pull_up,Assisted Pull Up,Back,P2,False,NOT_VERIFIED,DUPLICATE_STEPS,Title↔Steps,"Steps are exactly identical to another differently named exercise: Assisted Pull Up, Assisted Pull Up Normal Grip.","Check whether these are true variants. If the movement differs, rewrite the distinguishing setup/execution cue; if identical, consider alias/dedup metadata.",REAL,Confirmed identical Steps text vs named sibling(s),DEDUP_CANDIDATE,"""Normal Grip"" restates the base overhand/shoulder-width grip already in Steps -- not a distinguishing claim"
ea_assisted_pull_up_normal_grip,Assisted Pull Up Normal Grip,Back,P2,False,NOT_VERIFIED,DUPLICATE_STEPS,Title↔Steps,"Steps are exactly identical to another differently named exercise: Assisted Pull Up, Assisted Pull Up Normal Grip.","Check whether these are true variants. If the movement differs, rewrite the distinguishing setup/execution cue; if identical, consider alias/dedup metadata.",REAL,Confirmed identical Steps text vs named sibling(s),DEDUP_CANDIDATE,"""Normal Grip"" restates the base overhand/shoulder-width grip already in Steps -- not a distinguishing claim"
ea_back_extension_machine,Back Extension Machine,Back,P2,False,NOT_VERIFIED,DUPLICATE_STEPS,Steps; Title↔Steps,"Steps are exactly identical to another differently named exercise: 45 Degree Hyperextension (arms in Front of Chest), 45 Degree Hyperextension Arms to Chest, Back Extension Machine.","Check whether these are true variants. If the movement differs, rewrite the distinguishing setup/execution cue; if identical, consider alias/dedup metadata.",REAL,Confirmed identical Steps text vs named sibling(s),DEDUP_CANDIDATE,"Steps say ""Place your arms across your chest"" for all 3; ""in Front of Chest"" vs ""to Chest"" is the same arm position restated, ""Back Extension Machine"" is the generic machine name for the identical movement -> redundant rows"
ea_barbell_bent_over_row_pronated_grip,Barbell Bent Over Row Pronated Grip,Back,P2,False,NOT_VERIFIED,DUPLICATE_STEPS,Steps; Title↔Steps,"Steps are exactly identical to another differently named exercise: Barbell Bent Over Row Pronated Grip, Bent Over Barbell Row.","Check whether these are true variants. If the movement differs, rewrite the distinguishing setup/execution cue; if identical, consider alias/dedup metadata.",REAL,Confirmed identical Steps text vs named sibling(s),DEDUP_CANDIDATE,"Pronated (overhand) is the standard/default bent-over-row grip -- qualifier restates the default, not a distinguishing claim"
ea_barbell_deadlift_360_degrees,Barbell Deadlift 360 Degrees,Back,P2,False,NOT_VERIFIED,DUPLICATE_STEPS,Steps; Title↔Steps,"Steps are exactly identical to another differently named exercise: Barbell Deadlift 360 Degrees, Barbell Deadlift, Barbell Deadlift (front POV), Barbell Deadlift (side POV).","Check whether these are true variants. If the movement differs, rewrite the distinguishing setup/execution cue; if identical, consider alias/dedup metadata.",REAL,Confirmed identical Steps text vs named sibling(s),LEGITIMATE_VARIANT,"differs only by camera/view/angle words: ['360', 'degrees', 'front', 'pov', 'side']"
ea_barbell_wide_grip_upright_row,Barbell Wide Grip Upright Row,Back,P1,False,NOT_VERIFIED,UPRIGHT_ROW,Purpose/Steps,Upright-row tolerance varies with shoulder anatomy and range; rigid height or pain claims should be avoided.,"Use a comfortable range, avoid forcing elbows high, and stop if there is pinching at the front/top of the shoulder; offer lateral-raise/cable alternatives.",REAL,Title confirms upright-row movement pattern,FALSE_POSITIVE,"Gate E: required safety/hedge language already present in live text, or matched phrase is not the claimed causal/spine cue -- see chat evidence 2026-08-15"
ea_behind_neck_lat_pull_down_machine,Behind Neck Lat Pull Down Machine,Back,P1,False,NOT_VERIFIED,BEHIND_NECK,Purpose/Steps,Behind-neck positioning can demand substantial shoulder external rotation/abduction and cervical positioning that is not appropriate for every user.,"Prefer a front-of-body variation by default; if retained, label Advanced and require pain-free shoulder mobility and controlled range.",REAL,Title/Steps confirm behind-neck movement pattern,FALSE_POSITIVE,"Gate E: required safety/hedge language already present in live text, or matched phrase is not the claimed causal/spine cue -- see chat evidence 2026-08-15"
ea_bent_over_barbell_row,Bent Over Barbell Row,Back,P2,False,NOT_VERIFIED,DUPLICATE_STEPS,Steps; Title↔Steps,"Steps are exactly identical to another differently named exercise: Barbell Bent Over Row Pronated Grip, Bent Over Barbell Row.","Check whether these are true variants. If the movement differs, rewrite the distinguishing setup/execution cue; if identical, consider alias/dedup metadata.",REAL,Confirmed identical Steps text vs named sibling(s),DEDUP_CANDIDATE,"Pronated (overhand) is the standard/default bent-over-row grip -- qualifier restates the default, not a distinguishing claim"
ea_cable_silverback_shrug,Cable Silverback Shrug,Back,P2,True,PASS,PRIOR_REAUDIT,Purpose/Steps,"REV2 changed this card, but the edit does not close every prior finding. Keep the unresolved prior action(s) below.",Use neutral wording about the movement/muscles; avoid claiming one exercise reverses a lifestyle/postural problem without assessment.; Prefer 'brace and maintain a stable/neutral spine' unless posterior pelvic tilt/bench contact is intentionally required.,REAL,Gate A vs SPTR_H3_REV2_ACTION_REGISTER_2026-08-15.md: lifestyle words: ['posture'],FALSE_POSITIVE,"Gate E: lifestyle/comparative trigger word matched in a non-causal, non-comparative sentence (setup mechanics, programming-timing advice, or hedged rationale)"
ea_chin_up,Chin Up,Back,P2,False,NOT_VERIFIED,DUPLICATE_STEPS,Title↔Steps,"Steps are exactly identical to another differently named exercise: Chin Up, Chin Up Reverse Normal Grip.","Check whether these are true variants. If the movement differs, rewrite the distinguishing setup/execution cue; if identical, consider alias/dedup metadata.",REAL,Confirmed identical Steps text vs named sibling(s),DEDUP_CANDIDATE,"A chin-up is defined by its underhand/reverse grip -- ""Reverse Normal Grip"" restates the base definition of a chin-up, not a distinguishing claim"
ea_chin_up_reverse_normal_grip,Chin Up Reverse Normal Grip,Back,P2,False,NOT_VERIFIED,DUPLICATE_STEPS,Title↔Steps,"Steps are exactly identical to another differently named exercise: Chin Up, Chin Up Reverse Normal Grip.","Check whether these are true variants. If the movement differs, rewrite the distinguishing setup/execution cue; if identical, consider alias/dedup metadata.",REAL,Confirmed identical Steps text vs named sibling(s),DEDUP_CANDIDATE,"A chin-up is defined by its underhand/reverse grip -- ""Reverse Normal Grip"" restates the base definition of a chin-up, not a distinguishing claim"
ea_dumbbell_goblet_good_morning,Dumbbell Goblet Good Morning,Back,P2,True,PASS,SPINE_CUE,Steps,Uses 'flat/straight back' as a rigid dynamic cue; for loaded hinges/rows/planks a stable neutral spine is clearer.,Use 'brace and maintain a stable/neutral spine' unless flat contact with a support is the actual goal.,REAL,,FALSE_POSITIVE,"Gate E: required safety/hedge language already present in live text, or matched phrase is not the claimed causal/spine cue -- see chat evidence 2026-08-15"
ea_kettlebell_pullover,Kettlebell Pullover,Back,P2,True,PASS,PRIOR_REAUDIT,Purpose/Steps,This card was not materially changed in REV2 for the prior finding(s); the previous finding remains open.,Use neutral wording about the movement/muscles; avoid claiming one exercise reverses a lifestyle/postural problem without assessment.,REAL,Gate A vs SPTR_H3_REV2_ACTION_REGISTER_2026-08-15.md: lifestyle words: ['desk'],FALSE_POSITIVE,"Gate E: lifestyle/comparative trigger word matched in a non-causal, non-comparative sentence (setup mechanics, programming-timing advice, or hedged rationale)"
ea_plate_glute_bridge_to_pullover,Plate Glute Bridge to Pullover,Back,P1,True,PASS,PRIOR_REAUDIT,Purpose/Steps; Steps,This card was not materially changed in REV2 for the prior finding(s); the previous finding remains open.,Use neutral wording about the movement/muscles; avoid claiming one exercise reverses a lifestyle/postural problem without assessment.,REAL,Gate A vs SPTR_H3_REV2_ACTION_REGISTER_2026-08-15.md: lifestyle words: ['desk'],FALSE_POSITIVE,"Gate E: lifestyle/comparative trigger word matched in a non-causal, non-comparative sentence (setup mechanics, programming-timing advice, or hedged rationale)"
ea_plate_good_morning,Plate Good Morning,Back,P2,True,PASS,SPINE_CUE,Steps,Uses 'flat/straight back' as a rigid dynamic cue; for loaded hinges/rows/planks a stable neutral spine is clearer.,Use 'brace and maintain a stable/neutral spine' unless flat contact with a support is the actual goal.,REAL,,FALSE_POSITIVE,"Gate E: required safety/hedge language already present in live text, or matched phrase is not the claimed causal/spine cue -- see chat evidence 2026-08-15"
ea_plate_pinch_grip_row,Plate Pinch Grip Row,Back,P1,True,PASS,PRIOR_REAUDIT,Purpose/Steps,"REV2 changed this card, but the edit does not close every prior finding. Keep the unresolved prior action(s) below.","Replace with 'can', 'may', 'often', 'a useful option', or a specific observable training effect.",REAL,Gate A vs SPTR_H3_REV2_ACTION_REGISTER_2026-08-15.md: absolute/comparative words: ['best '],FALSE_POSITIVE,"Gate E: lifestyle/comparative trigger word matched in a non-causal, non-comparative sentence (setup mechanics, programming-timing advice, or hedged rationale)"
ea_pull_up_wide_grip,Pull Up Wide Grip,Back,P2,False,NOT_VERIFIED,DUPLICATE_STEPS,Title↔Steps,"Steps are exactly identical to another differently named exercise: Pull Up Wide Grip, Pull Up Wide Grip Front View.","Check whether these are true variants. If the movement differs, rewrite the distinguishing setup/execution cue; if identical, consider alias/dedup metadata.",REAL,Confirmed identical Steps text vs named sibling(s),LEGITIMATE_VARIANT,"differs only by camera/view/angle words: ['front', 'view']"
ea_pull_up_wide_grip_front_view,Pull Up Wide Grip Front View,Back,P2,False,NOT_VERIFIED,DUPLICATE_STEPS,Title↔Steps,"Steps are exactly identical to another differently named exercise: Pull Up Wide Grip, Pull Up Wide Grip Front View.","Check whether these are true variants. If the movement differs, rewrite the distinguishing setup/execution cue; if identical, consider alias/dedup metadata.",REAL,Confirmed identical Steps text vs named sibling(s),LEGITIMATE_VARIANT,"differs only by camera/view/angle words: ['front', 'view']"
ea_theraband_scapula_retraction,Theraband Scapula Retraction,Back,P2,True,PASS,PRIOR_REAUDIT,Purpose/Steps,This card was not materially changed in REV2 for the prior finding(s); the previous finding remains open.,Use neutral wording about the movement/muscles; avoid claiming one exercise reverses a lifestyle/postural problem without assessment.,REAL,Gate A vs SPTR_H3_REV2_ACTION_REGISTER_2026-08-15.md: lifestyle words: ['posture'],FALSE_POSITIVE,"Gate E: lifestyle/comparative trigger word matched in a non-causal, non-comparative sentence (setup mechanics, programming-timing advice, or hedged rationale)"
ea_upright_row_barbell,Upright Row Barbell,Back,P1,False,NOT_VERIFIED,UPRIGHT_ROW,Purpose/Steps,Upright-row tolerance varies with shoulder anatomy and range; rigid height or pain claims should be avoided.,"Use a comfortable range, avoid forcing elbows high, and stop if there is pinching at the front/top of the shoulder; offer lateral-raise/cable alternatives.",REAL,Title confirms upright-row movement pattern,FALSE_POSITIVE,"Gate E: required safety/hedge language already present in live text, or matched phrase is not the claimed causal/spine cue -- see chat evidence 2026-08-15"
ea_barbell_bicep_curl_normal_grip,Barbell Bicep Curl Normal Grip,Biceps,P2,False,NOT_VERIFIED,DUPLICATE_STEPS,Title↔Steps,"Steps are exactly identical to another differently named exercise: Barbell Bicep Curl Normal Grip, Barbell Biceps Curl.","Check whether these are true variants. If the movement differs, rewrite the distinguishing setup/execution cue; if identical, consider alias/dedup metadata.",REAL,Confirmed identical Steps text vs named sibling(s),DEDUP_CANDIDATE,"""Normal Grip"" (supinated) is the default curl grip already described in Steps; bicep/biceps is a spelling variant"
ea_barbell_biceps_curl,Barbell Biceps Curl,Biceps,P2,False,NOT_VERIFIED,DUPLICATE_STEPS,Title↔Steps,"Steps are exactly identical to another differently named exercise: Barbell Bicep Curl Normal Grip, Barbell Biceps Curl.","Check whether these are true variants. If the movement differs, rewrite the distinguishing setup/execution cue; if identical, consider alias/dedup metadata.",REAL,Confirmed identical Steps text vs named sibling(s),DEDUP_CANDIDATE,"""Normal Grip"" (supinated) is the default curl grip already described in Steps; bicep/biceps is a spelling variant"
ea_barbell_drag_biceps_curl,Barbell Drag Biceps Curl,Biceps,P2,False,NOT_VERIFIED,DUPLICATE_STEPS,Title↔Steps,"Steps are exactly identical to another differently named exercise: Barbell Drag Biceps Curl, Barbell Drag Curl.","Check whether these are true variants. If the movement differs, rewrite the distinguishing setup/execution cue; if identical, consider alias/dedup metadata.",REAL,Confirmed identical Steps text vs named sibling(s),DEDUP_CANDIDATE,"""Biceps"" is a clarifying insert; drag curl is inherently a biceps movement -- not a distinguishing claim, Steps identical and correct for both"
ea_barbell_drag_curl,Barbell Drag Curl,Biceps,P2,False,NOT_VERIFIED,DUPLICATE_STEPS,Title↔Steps,"Steps are exactly identical to another differently named exercise: Barbell Drag Biceps Curl, Barbell Drag Curl.","Check whether these are true variants. If the movement differs, rewrite the distinguishing setup/execution cue; if identical, consider alias/dedup metadata.",REAL,Confirmed identical Steps text vs named sibling(s),DEDUP_CANDIDATE,"""Biceps"" is a clarifying insert; drag curl is inherently a biceps movement -- not a distinguishing claim, Steps identical and correct for both"
ea_dumbbell_seated_zottman_curl,Dumbbell Seated Zottman Curl,Biceps,P2,True,PASS,PRIOR_REAUDIT,Purpose/Steps,This card was not materially changed in REV2 for the prior finding(s); the previous finding remains open.,Use neutral wording about the movement/muscles; avoid claiming one exercise reverses a lifestyle/postural problem without assessment.,REAL,Gate A vs SPTR_H3_REV2_ACTION_REGISTER_2026-08-15.md: lifestyle words: ['sitting'],FALSE_POSITIVE,"Gate E: lifestyle/comparative trigger word matched in a non-causal, non-comparative sentence (setup mechanics, programming-timing advice, or hedged rationale)"
ea_hammer_strength_mts_iso_lateral_biceps_curl_alternate_arm,Hammer Strength MTS Iso-lateral Biceps Curl Alternate Arm,Biceps,P2,False,NOT_VERIFIED,DUPLICATE_STEPS,Title↔Steps,"Steps are exactly identical to another differently named exercise: Hammer Strength MTS Iso-lateral Biceps Curl Alternate Arm, Hammer Strength MTS Iso-lateral Biceps Curl Arm Alternating.","Check whether these are true variants. If the movement differs, rewrite the distinguishing setup/execution cue; if identical, consider alias/dedup metadata.",REAL,Confirmed identical Steps text vs named sibling(s),DEDUP_CANDIDATE,alternate/alternating naming duplicate
ea_hammer_strength_mts_iso_lateral_biceps_curl_arm_alternating,Hammer Strength MTS Iso-lateral Biceps Curl Arm Alternating,Biceps,P2,False,NOT_VERIFIED,DUPLICATE_STEPS,Title↔Steps,"Steps are exactly identical to another differently named exercise: Hammer Strength MTS Iso-lateral Biceps Curl Alternate Arm, Hammer Strength MTS Iso-lateral Biceps Curl Arm Alternating.","Check whether these are true variants. If the movement differs, rewrite the distinguishing setup/execution cue; if identical, consider alias/dedup metadata.",REAL,Confirmed identical Steps text vs named sibling(s),DEDUP_CANDIDATE,alternate/alternating naming duplicate
ea_agility_ladder_skipping_1_touch,Agility Ladder Skipping 1 Touch,Calisthenics-Cardio-Plyo-Functional,P2,True,PASS,PRIOR_REAUDIT,Purpose; Purpose/Steps,The superlative was softened only from 'most effective' to 'one of the most effective'. This remains an unnecessary ranking claim; say it trains rapid foot contacts and coordination.,"Replace with 'can', 'may', 'often', 'a useful option', or a specific observable training effect.",REAL,"Gate A vs SPTR_H3_REV2_ACTION_REGISTER_2026-08-15.md: absolute/comparative words: ['most effective', 'one of the']",FALSE_POSITIVE,"Gate E: lifestyle/comparative trigger word matched in a non-causal, non-comparative sentence (setup mechanics, programming-timing advice, or hedged rationale)"
ea_agility_ladder_skipping_1_touch,Agility Ladder Skipping 1 Touch,Calisthenics-Cardio-Plyo-Functional,P2,True,PASS,SUPERLATIVE_CLAIM,Purpose; Purpose/Steps,"Uses a best/most/only/comparative claim without a defined population, outcome or evidence threshold.","State the direct training effect, or soften to 'can', 'may', 'often', 'a useful option' and define the comparison if it matters.",REAL,Comparative/superlative language confirmed in Purpose text,PERFORMANCE_CLAIM,Gate E: genuine unqualified comparative/exclusivity claim about training effect -- needs softening
ea_battle_rope_double_arm_slams,Battle Rope Double Arm Slams,Calisthenics-Cardio-Plyo-Functional,P2,True,PASS,SUPERLATIVE_CLAIM,Purpose,"Uses a best/most/only/comparative claim without a defined population, outcome or evidence threshold.","State the direct training effect, or soften to 'can', 'may', 'often', 'a useful option' and define the comparison if it matters.",REAL,Comparative/superlative language confirmed in Purpose text,FALSE_POSITIVE,Gate E: comparative word matched but sentence does not compare this exercise to other exercises (programming/technique advice or self-referential form cue)
ea_box_sled_push,Box Sled Push,Calisthenics-Cardio-Plyo-Functional,P0,True,TITLE/POSTER ACCEPTED AS MOVEMENT-FAMILY CONVENTION; STEPS↔POSTER FAIL,BOX_SLED_STEP_IMAGE,Image↔Steps; Purpose/Steps,"Poster shows a box/block push, but Step 1 still says to load a sled and grip sled handles/frame.","Rewrite Steps for the box actually shown, or replace the poster with a true sled-push image.",REAL,"equipmentLabel=""Sled"" conflicts with poster/Steps showing a box (direction of the original finding text was backwards, but the underlying conflict is real)",FIXED,"Already fixed and pushed, commit 372144f"
ea_briskly_walking,Briskly Walking,Calisthenics-Cardio-Plyo-Functional,P2,False,NOT_VERIFIED,DUPLICATE_STEPS,Title↔Steps,"Steps are exactly identical to another differently named exercise: Briskly Walking, Briskly Walking (360 Degrees).","Check whether these are true variants. If the movement differs, rewrite the distinguishing setup/execution cue; if identical, consider alias/dedup metadata.",REAL,Confirmed identical Steps text vs named sibling(s),LEGITIMATE_VARIANT,"differs only by camera/view/angle words: ['360', 'degrees']"
ea_briskly_walking_360_degrees,Briskly Walking (360 Degrees),Calisthenics-Cardio-Plyo-Functional,P2,False,NOT_VERIFIED,DUPLICATE_STEPS,Title↔Steps,"Steps are exactly identical to another differently named exercise: Briskly Walking, Briskly Walking (360 Degrees).","Check whether these are true variants. If the movement differs, rewrite the distinguishing setup/execution cue; if identical, consider alias/dedup metadata.",REAL,Confirmed identical Steps text vs named sibling(s),LEGITIMATE_VARIANT,"differs only by camera/view/angle words: ['360', 'degrees']"
ea_butt_kicks,Butt Kicks,Calisthenics-Cardio-Plyo-Functional,P2,False,NOT_VERIFIED,DUPLICATE_STEPS,Title↔Steps,"Steps are exactly identical to another differently named exercise: Butt Kicks, Butt Kicks Slow.","Check whether these are true variants. If the movement differs, rewrite the distinguishing setup/execution cue; if identical, consider alias/dedup metadata.",REAL,Confirmed identical Steps text vs named sibling(s),REAL_DEFECT,"Title claims a tempo distinction (Slow) but Steps say ""jogging in place...quick, continuous motion"" for BOTH -- directly contradicts the ""Slow"" title; needs its own slow-tempo cue"
ea_butt_kicks_slow,Butt Kicks Slow,Calisthenics-Cardio-Plyo-Functional,P2,False,NOT_VERIFIED,DUPLICATE_STEPS,Title↔Steps,"Steps are exactly identical to another differently named exercise: Butt Kicks, Butt Kicks Slow.","Check whether these are true variants. If the movement differs, rewrite the distinguishing setup/execution cue; if identical, consider alias/dedup metadata.",REAL,Confirmed identical Steps text vs named sibling(s),REAL_DEFECT,"Title claims a tempo distinction (Slow) but Steps say ""jogging in place...quick, continuous motion"" for BOTH -- directly contradicts the ""Slow"" title; needs its own slow-tempo cue"
ea_hand_stand_hold,Hand Stand Hold,Calisthenics-Cardio-Plyo-Functional,P1,True,PASS,PRIOR_REAUDIT,Purpose; Purpose/Steps; Steps,This card was not materially changed in REV2 for the prior finding(s); the previous finding remains open.,"Remove absolute claim; add wall/spotter progression, wrist/shoulder/neck screening, exit strategy and Advanced difficulty.; Replace with 'can', 'may', 'often', 'a useful option', or a specific observable training effect.",REAL,Gate A vs SPTR_H3_REV2_ACTION_REGISTER_2026-08-15.md: absolute/comparative words: ['few other'],FALSE_POSITIVE,"Gate E: lifestyle/comparative trigger word matched in a non-causal, non-comparative sentence (setup mechanics, programming-timing advice, or hedged rationale)"
ea_hand_stand_hold,Hand Stand Hold,Calisthenics-Cardio-Plyo-Functional,P1,True,PASS,SUPERLATIVE_CLAIM,Purpose; Purpose/Steps; Steps,"Uses a best/most/only/comparative claim without a defined population, outcome or evidence threshold.","State the direct training effect, or soften to 'can', 'may', 'often', 'a useful option' and define the comparison if it matters.",REAL,Comparative/superlative language confirmed in Purpose text,PERFORMANCE_CLAIM,Gate E: genuine unqualified comparative/exclusivity claim about training effect -- needs softening
ea_heavy_bag_sled_drag,Heavy Bag Sled Drag,Calisthenics-Cardio-Plyo-Functional,P1,True,PASS,MEDICAL_CLAIM,Purpose/Steps,"Uses rehabilitation, pain-treatment, injury-prevention or symptom language that can read as a therapeutic promise rather than fitness coaching.","Describe the training target. If rehab is mentioned, qualify it as clinician-led and avoid promising symptom relief or injury prevention.",REAL,Purpose text contains rehab/clinical-adjacent framing,FALSE_POSITIVE,"Gate E: required safety/hedge language already present in live text, or matched phrase is not the claimed causal/spine cue -- see chat evidence 2026-08-15"
ea_low_box_quick_feet,Low Box Quick Feet,Calisthenics-Cardio-Plyo-Functional,P1,True,PASS,PRIOR_REAUDIT,Purpose; Purpose/Steps,This card was not materially changed in REV2 for the prior finding(s); the previous finding remains open.,"Replace with 'can', 'may', 'often', 'a useful option', or a specific observable training effect.",REAL,"Gate A vs SPTR_H3_REV2_ACTION_REGISTER_2026-08-15.md: absolute/comparative words: ['best ', 'one of the']",FALSE_POSITIVE,"Gate E: lifestyle/comparative trigger word matched in a non-causal, non-comparative sentence (setup mechanics, programming-timing advice, or hedged rationale)"
ea_low_box_quick_feet,Low Box Quick Feet,Calisthenics-Cardio-Plyo-Functional,P1,True,PASS,SUPERLATIVE_CLAIM,Purpose; Purpose/Steps,"Uses a best/most/only/comparative claim without a defined population, outcome or evidence threshold.","State the direct training effect, or soften to 'can', 'may', 'often', 'a useful option' and define the comparison if it matters.",REAL,Comparative/superlative language confirmed in Purpose text,STYLE_HYPERBOLE,"Gate E: vague enthusiasm, no specific measurable comparative claim"
ea_lying_neck_curls,Lying Neck Curls,Calisthenics-Cardio-Plyo-Functional,P1,True,PASS,NECK_SPECIALIZED,Purpose; Purpose/Steps,Direct neck loading or large cervical motion is specialized and needs conservative progression and symptom screening.,"Start unloaded or very light, use controlled neutral-to-comfortable range, avoid forcing end range, and stop for sharp/radiating pain, numbness, tingling, dizziness or neurologic symptoms.",REAL,Title/Steps confirm specialized loaded-neck exercise,FALSE_POSITIVE,"Gate E: required safety/hedge language already present in live text, or matched phrase is not the claimed causal/spine cue -- see chat evidence 2026-08-15"
ea_lying_neck_extension,Lying Neck Extension,Calisthenics-Cardio-Plyo-Functional,P1,True,PASS,NECK_SPECIALIZED,Purpose; Purpose/Steps,Direct neck loading or large cervical motion is specialized and needs conservative progression and symptom screening.,"Start unloaded or very light, use controlled neutral-to-comfortable range, avoid forcing end range, and stop for sharp/radiating pain, numbness, tingling, dizziness or neurologic symptoms.",REAL,Title/Steps confirm specialized loaded-neck exercise,FALSE_POSITIVE,"Gate E: required safety/hedge language already present in live text, or matched phrase is not the claimed causal/spine cue -- see chat evidence 2026-08-15"
ea_major_groups_muscle_body,Major Groups Muscle Body,Calisthenics-Cardio-Plyo-Functional,P2,False,NOT_VERIFIED,TOO_FEW_STEPS,Steps,Only 1 step(s) are present; setup/execution/return may be underspecified.,"Expand to clear setup, execution, control/return and stop/ROM cues where applicable.",REAL,Confirmed only 1 step present,DATA_QUALITY_QUARANTINE,"Gate E: muscles/primaryMuscles empty, equipmentId None, single generic step unrelated to title -- looks like a corrupted stub row, quarantine not rewrite"
ea_med_ball_slam_burpees,Med Ball Slam Burpees,Calisthenics-Cardio-Plyo-Functional,P1,True,PASS,PRIOR_REAUDIT,Purpose/Steps,This card was not materially changed in REV2 for the prior finding(s); the previous finding remains open.,"Replace with 'can', 'may', 'often', 'a useful option', or a specific observable training effect.",REAL,Gate A vs SPTR_H3_REV2_ACTION_REGISTER_2026-08-15.md: absolute/comparative words: ['best '],FALSE_POSITIVE,"Gate E: lifestyle/comparative trigger word matched in a non-causal, non-comparative sentence (setup mechanics, programming-timing advice, or hedged rationale)"
ea_mountain_climber_jumps,Mountain Climber Jumps,Calisthenics-Cardio-Plyo-Functional,P2,True,PASS,SPINE_CUE,Steps,Uses 'flat/straight back' as a rigid dynamic cue; for loaded hinges/rows/planks a stable neutral spine is clearer.,Use 'brace and maintain a stable/neutral spine' unless flat contact with a support is the actual goal.,REAL,,FALSE_POSITIVE,"Gate E: required safety/hedge language already present in live text, or matched phrase is not the claimed causal/spine cue -- see chat evidence 2026-08-15"
ea_plank_iytw,Plank IYTW,Calisthenics-Cardio-Plyo-Functional,P2,True,PASS,PRIOR_REAUDIT,Purpose/Steps,This card was not materially changed in REV2 for the prior finding(s); the previous finding remains open.,Use neutral wording about the movement/muscles; avoid claiming one exercise reverses a lifestyle/postural problem without assessment.,REAL,Gate A vs SPTR_H3_REV2_ACTION_REGISTER_2026-08-15.md: lifestyle words: ['posture'],FALSE_POSITIVE,"Gate E: lifestyle/comparative trigger word matched in a non-causal, non-comparative sentence (setup mechanics, programming-timing advice, or hedged rationale)"
ea_plank_lunges,Plank Lunges,Calisthenics-Cardio-Plyo-Functional,P2,False,NOT_VERIFIED,SPINE_CUE,Steps,Uses 'flat/straight back' as a rigid dynamic cue; for loaded hinges/rows/planks a stable neutral spine is clearer.,Use 'brace and maintain a stable/neutral spine' unless flat contact with a support is the actual goal.,REAL,,FALSE_POSITIVE,"Gate E: required safety/hedge language already present in live text, or matched phrase is not the claimed causal/spine cue -- see chat evidence 2026-08-15"
ea_plate_overhead_carry,Plate Overhead Carry,Calisthenics-Cardio-Plyo-Functional,P1,True,PASS,PRIOR_REAUDIT,Purpose; Purpose/Steps,This card was not materially changed in REV2 for the prior finding(s); the previous finding remains open.,State the direct effect of the exercise without ranking it against another method.,REAL,Gate A vs SPTR_H3_REV2_ACTION_REGISTER_2026-08-15.md: comparative words: ['faster than'],FALSE_POSITIVE,"Gate E: lifestyle/comparative trigger word matched in a non-causal, non-comparative sentence (setup mechanics, programming-timing advice, or hedged rationale)"
ea_plate_overhead_carry,Plate Overhead Carry,Calisthenics-Cardio-Plyo-Functional,P1,True,PASS,SUPERLATIVE_CLAIM,Purpose; Purpose/Steps,"Uses a best/most/only/comparative claim without a defined population, outcome or evidence threshold.","State the direct training effect, or soften to 'can', 'may', 'often', 'a useful option' and define the comparison if it matters.",REAL,Comparative/superlative language confirmed in Purpose text,PERFORMANCE_CLAIM,Gate E: genuine unqualified comparative/exclusivity claim about training effect -- needs softening
ea_ski_ergometer_cross_country_ski_alternating_arm_pull,Ski Ergometer Cross Country Ski Alternating Arm Pull,Calisthenics-Cardio-Plyo-Functional,P2,False,NOT_VERIFIED,DUPLICATE_STEPS,Title↔Steps,"Steps are exactly identical to another differently named exercise: Ski Ergometer Cross Country Ski Alternating Arm Pull, Ski Ergometer Cross Country Ski Alternating Arm Pulls.","Check whether these are true variants. If the movement differs, rewrite the distinguishing setup/execution cue; if identical, consider alias/dedup metadata.",REAL,Confirmed identical Steps text vs named sibling(s),DEDUP_CANDIDATE,"near-identical titles (ratio=0.99), diff words: ['pull', 'pulls']"
ea_ski_ergometer_cross_country_ski_alternating_arm_pulls,Ski Ergometer Cross Country Ski Alternating Arm Pulls,Calisthenics-Cardio-Plyo-Functional,P2,False,NOT_VERIFIED,DUPLICATE_STEPS,Title↔Steps,"Steps are exactly identical to another differently named exercise: Ski Ergometer Cross Country Ski Alternating Arm Pull, Ski Ergometer Cross Country Ski Alternating Arm Pulls.","Check whether these are true variants. If the movement differs, rewrite the distinguishing setup/execution cue; if identical, consider alias/dedup metadata.",REAL,Confirmed identical Steps text vs named sibling(s),DEDUP_CANDIDATE,"near-identical titles (ratio=0.99), diff words: ['pull', 'pulls']"
ea_tyre_hammering,Tyre Hammering,Calisthenics-Cardio-Plyo-Functional,P1,True,PASS,PRIOR_REAUDIT,Purpose/Steps,This card was not materially changed in REV2 for the prior finding(s); the previous finding remains open.,"Add safety zone, eye/hand protection context if appropriate, controlled rebound, and Advanced/Intermediate classification.; Require difficulty, prerequisites, regressions and relevant joint/region safety tags before publication.",REAL,Gate A vs SPTR_H3_REV2_ACTION_REGISTER_2026-08-15.md: No eye/hand-protection or safety-zone language present anywhere in Purpose/Steps,CONTENT_DEFECT,"Gate E: confirmed real (contraindications/safety-language gap), not a phrase-pattern match"
ea_dumbbell_lying_on_floor_chest_press,Dumbbell Lying on Floor Chest Press,Chest,P1,True,PASS,MEDICAL_CLAIM,Purpose/Steps,"Uses rehabilitation, pain-treatment, injury-prevention or symptom language that can read as a therapeutic promise rather than fitness coaching.","Describe the training target. If rehab is mentioned, qualify it as clinician-led and avoid promising symptom relief or injury prevention.",REAL,Purpose text contains rehab/clinical-adjacent framing,FALSE_POSITIVE,"Gate E: required safety/hedge language already present in live text, or matched phrase is not the claimed causal/spine cue -- see chat evidence 2026-08-15"
ea_hammer_strength_mts_iso_lateral_decline_press_alternate_arms,Hammer Strength MTS Iso-lateral Decline Press Alternate Arms,Chest,P2,False,NOT_VERIFIED,DUPLICATE_STEPS,Title↔Steps,"Steps are exactly identical to another differently named exercise: Hammer Strength MTS Iso-lateral Decline Press Alternate Arms, Hammer Strength MTS Iso-lateral Decline Press Alternating Arms.","Check whether these are true variants. If the movement differs, rewrite the distinguishing setup/execution cue; if identical, consider alias/dedup metadata.",REAL,Confirmed identical Steps text vs named sibling(s),DEDUP_CANDIDATE,alternate/alternating naming duplicate
ea_hammer_strength_mts_iso_lateral_decline_press_alternating_arms,Hammer Strength MTS Iso-lateral Decline Press Alternating Arms,Chest,P2,False,NOT_VERIFIED,DUPLICATE_STEPS,Title↔Steps,"Steps are exactly identical to another differently named exercise: Hammer Strength MTS Iso-lateral Decline Press Alternate Arms, Hammer Strength MTS Iso-lateral Decline Press Alternating Arms.","Check whether these are true variants. If the movement differs, rewrite the distinguishing setup/execution cue; if identical, consider alias/dedup metadata.",REAL,Confirmed identical Steps text vs named sibling(s),DEDUP_CANDIDATE,alternate/alternating naming duplicate
ea_hammer_strength_plate_loaded_combination_iso_lateral_chest_chest_press_alternate_arm,Hammer Strength Plate-loaded Combination Iso-lateral Chest - Chest Press Alternate Arm,Chest,P2,False,NOT_VERIFIED,DUPLICATE_STEPS,Title↔Steps,"Steps are exactly identical to another differently named exercise: Hammer Strength Plate-loaded Combination Iso-lateral Chest - Chest Press Alternate Arm, Hammer Strength Plate-loaded Combination Iso-lateral Chest - Chest Press_alternating Arms.","Check whether these are true variants. If the movement differs, rewrite the distinguishing setup/execution cue; if identical, consider alias/dedup metadata.",REAL,Confirmed identical Steps text vs named sibling(s),DEDUP_CANDIDATE,"near-identical titles (ratio=0.97), diff words: ['alternate', 'alternating', 'arm', 'arms']"
ea_hammer_strength_plate_loaded_combination_iso_lateral_chest_chest_press_alternating_arms,Hammer Strength Plate-loaded Combination Iso-lateral Chest - Chest Press_alternating Arms,Chest,P2,False,NOT_VERIFIED,DUPLICATE_STEPS,Title↔Steps,"Steps are exactly identical to another differently named exercise: Hammer Strength Plate-loaded Combination Iso-lateral Chest - Chest Press Alternate Arm, Hammer Strength Plate-loaded Combination Iso-lateral Chest - Chest Press_alternating Arms.","Check whether these are true variants. If the movement differs, rewrite the distinguishing setup/execution cue; if identical, consider alias/dedup metadata.",REAL,Confirmed identical Steps text vs named sibling(s),DEDUP_CANDIDATE,"near-identical titles (ratio=0.97), diff words: ['alternate', 'alternating', 'arm', 'arms']"
ea_kneeling_push_up,Kneeling Push-up,Chest,P2,True,PASS,SUPERLATIVE_CLAIM,Purpose,"Uses a best/most/only/comparative claim without a defined population, outcome or evidence threshold.","State the direct training effect, or soften to 'can', 'may', 'often', 'a useful option' and define the comparison if it matters.",REAL,Comparative/superlative language confirmed in Purpose text,FALSE_POSITIVE,Gate E: comparative word matched but sentence does not compare this exercise to other exercises (programming/technique advice or self-referential form cue)
ea_cable_wrist_extension,Cable Wrist Extension,Forearms,P1,True,PASS,PRIOR_REAUDIT,Purpose; Purpose/Steps,This card was not materially changed in REV2 for the prior finding(s); the previous finding remains open.,"Replace with 'can', 'may', 'often', 'a useful option', or a specific observable training effect.; Use neutral wording about the movement/muscles; avoid claiming one exercise reverses a lifestyle/postural problem without assessment.",REAL,Gate A vs SPTR_H3_REV2_ACTION_REGISTER_2026-08-15.md: absolute/comparative words: ['almost nothing else'],FALSE_POSITIVE,"Gate E: lifestyle/comparative trigger word matched in a non-causal, non-comparative sentence (setup mechanics, programming-timing advice, or hedged rationale)"
ea_cable_wrist_extension,Cable Wrist Extension,Forearms,P1,True,PASS,SUPERLATIVE_CLAIM,Purpose; Purpose/Steps,"Uses a best/most/only/comparative claim without a defined population, outcome or evidence threshold.","State the direct training effect, or soften to 'can', 'may', 'often', 'a useful option' and define the comparison if it matters.",REAL,Comparative/superlative language confirmed in Purpose text,PERFORMANCE_CLAIM,Gate E: genuine unqualified comparative/exclusivity claim about training effect -- needs softening
ea_alternate_single_leg_raises_plank,Alternate Single Leg Raises Plank,Legs,P2,False,NOT_VERIFIED,SPINE_CUE,Steps,Uses 'flat/straight back' as a rigid dynamic cue; for loaded hinges/rows/planks a stable neutral spine is clearer.,Use 'brace and maintain a stable/neutral spine' unless flat contact with a support is the actual goal.,REAL,,FALSE_POSITIVE,"Gate E: required safety/hedge language already present in live text, or matched phrase is not the claimed causal/spine cue -- see chat evidence 2026-08-15"
ea_ankle_pumps,Ankle Pumps,Legs,P1,True,PASS,PRIOR_REAUDIT,Purpose/Steps,This card was not materially changed in REV2 for the prior finding(s); the previous finding remains open.,"Keep the movement description, but for post-surgical use say 'follow clinician instructions'; avoid implying it prevents a medical event.; Use neutral wording about the movement/muscles; avoid claiming one exercise reverses a lifestyle/postural problem without assessment.",REAL,Gate A vs SPTR_H3_REV2_ACTION_REGISTER_2026-08-15.md: lifestyle words: ['sitting'],FALSE_POSITIVE,"Gate E: lifestyle/comparative trigger word matched in a non-causal, non-comparative sentence (setup mechanics, programming-timing advice, or hedged rationale)"
ea_band_bent_over_hip_extension,Band Bent-over Hip Extension,Legs,P2,False,NOT_VERIFIED,SPINE_CUE,Steps,Uses 'flat/straight back' as a rigid dynamic cue; for loaded hinges/rows/planks a stable neutral spine is clearer.,Use 'brace and maintain a stable/neutral spine' unless flat contact with a support is the actual goal.,REAL,,FALSE_POSITIVE,"Gate E: required safety/hedge language already present in live text, or matched phrase is not the claimed causal/spine cue -- see chat evidence 2026-08-15"
ea_band_hip_adduction,Band Hip Adduction,Legs,P1,True,PASS,PRIOR_REAUDIT,Purpose; Purpose/Steps,This card was not materially changed in REV2 for the prior finding(s); the previous finding remains open.,"Replace with 'can', 'may', 'often', 'a useful option', or a specific observable training effect.",REAL,Gate A vs SPTR_H3_REV2_ACTION_REGISTER_2026-08-15.md: absolute/comparative words: ['almost nothing else'],FALSE_POSITIVE,"Gate E: lifestyle/comparative trigger word matched in a non-causal, non-comparative sentence (setup mechanics, programming-timing advice, or hedged rationale)"
ea_band_hip_adduction,Band Hip Adduction,Legs,P1,True,PASS,SUPERLATIVE_CLAIM,Purpose; Purpose/Steps,"Uses a best/most/only/comparative claim without a defined population, outcome or evidence threshold.","State the direct training effect, or soften to 'can', 'may', 'often', 'a useful option' and define the comparison if it matters.",REAL,Comparative/superlative language confirmed in Purpose text,PERFORMANCE_CLAIM,Gate E: genuine unqualified comparative/exclusivity claim about training effect -- needs softening
ea_band_kneeling_rear_kick,Band Kneeling Rear Kick,Legs,P2,False,NOT_VERIFIED,SPINE_CUE,Steps,Uses 'flat/straight back' as a rigid dynamic cue; for loaded hinges/rows/planks a stable neutral spine is clearer.,Use 'brace and maintain a stable/neutral spine' unless flat contact with a support is the actual goal.,REAL,,FALSE_POSITIVE,"Gate E: required safety/hedge language already present in live text, or matched phrase is not the claimed causal/spine cue -- see chat evidence 2026-08-15"
ea_barbell_bulgarian_split_squat_left_front_back_view,Barbell Bulgarian Split Squat Left Front-back View,Legs,P2,False,NOT_VERIFIED,DUPLICATE_STEPS,Title↔Steps,"Steps are exactly identical to another differently named exercise: Barbell Bulgarian Split Squat Left Front-back View, Barbell Bulgarian Split Squat Left Side View.","Check whether these are true variants. If the movement differs, rewrite the distinguishing setup/execution cue; if identical, consider alias/dedup metadata.",REAL,Confirmed identical Steps text vs named sibling(s),LEGITIMATE_VARIANT,"differs only by camera/view/angle words: ['back', 'front', 'side']"
ea_barbell_bulgarian_split_squat_left_side_view,Barbell Bulgarian Split Squat Left Side View,Legs,P2,False,NOT_VERIFIED,DUPLICATE_STEPS,Title↔Steps,"Steps are exactly identical to another differently named exercise: Barbell Bulgarian Split Squat Left Front-back View, Barbell Bulgarian Split Squat Left Side View.","Check whether these are true variants. If the movement differs, rewrite the distinguishing setup/execution cue; if identical, consider alias/dedup metadata.",REAL,Confirmed identical Steps text vs named sibling(s),LEGITIMATE_VARIANT,"differs only by camera/view/angle words: ['back', 'front', 'side']"
ea_barbell_front_bench_squat,Barbell Front Bench Squat,Legs,P2,False,NOT_VERIFIED,DUPLICATE_STEPS,Title↔Steps,"Steps are exactly identical to another differently named exercise: Barbell Front Bench Squat, Barbell Front Chest Bench Squat.","Check whether these are true variants. If the movement differs, rewrite the distinguishing setup/execution cue; if identical, consider alias/dedup metadata.",REAL,Confirmed identical Steps text vs named sibling(s),DEDUP_CANDIDATE,"""Chest"" is a repositioned qualifier already implied by the front-rack bar position described in Steps for both -- likely accidental duplicate/missing-word variant"
ea_barbell_front_chest_bench_squat,Barbell Front Chest Bench Squat,Legs,P2,False,NOT_VERIFIED,DUPLICATE_STEPS,Title↔Steps,"Steps are exactly identical to another differently named exercise: Barbell Front Bench Squat, Barbell Front Chest Bench Squat.","Check whether these are true variants. If the movement differs, rewrite the distinguishing setup/execution cue; if identical, consider alias/dedup metadata.",REAL,Confirmed identical Steps text vs named sibling(s),DEDUP_CANDIDATE,"""Chest"" is a repositioned qualifier already implied by the front-rack bar position described in Steps for both -- likely accidental duplicate/missing-word variant"
ea_barbell_front_chest_lunges,Barbell Front Chest Lunges,Legs,P2,False,NOT_VERIFIED,DUPLICATE_STEPS,Title↔Steps,"Steps are exactly identical to another differently named exercise: Barbell Front Chest Lunges, Barbell Front Rack Lunge.","Check whether these are true variants. If the movement differs, rewrite the distinguishing setup/execution cue; if identical, consider alias/dedup metadata.",REAL,Confirmed identical Steps text vs named sibling(s),DEDUP_CANDIDATE,"""Front rack"" and ""front chest"" are synonymous terms for the same barbell hold position -- not a distinguishing claim"
ea_barbell_front_rack_lunge,Barbell Front Rack Lunge,Legs,P2,False,NOT_VERIFIED,DUPLICATE_STEPS,Title↔Steps,"Steps are exactly identical to another differently named exercise: Barbell Front Chest Lunges, Barbell Front Rack Lunge.","Check whether these are true variants. If the movement differs, rewrite the distinguishing setup/execution cue; if identical, consider alias/dedup metadata.",REAL,Confirmed identical Steps text vs named sibling(s),DEDUP_CANDIDATE,"""Front rack"" and ""front chest"" are synonymous terms for the same barbell hold position -- not a distinguishing claim"
ea_barbell_full_squat,Barbell Full Squat,Legs,P2,False,NOT_VERIFIED,DUPLICATE_STEPS,Title↔Steps,"Steps are exactly identical to another differently named exercise: Barbell Full Squat, Barbell Full Squat Side Pov, Barbell Full Squat(back).","Check whether these are true variants. If the movement differs, rewrite the distinguishing setup/execution cue; if identical, consider alias/dedup metadata.",REAL,Confirmed identical Steps text vs named sibling(s),LEGITIMATE_VARIANT,"differs only by camera/view/angle words: ['back', 'pov', 'side']"
ea_barbell_full_squat_side_pov,Barbell Full Squat Side Pov,Legs,P2,False,NOT_VERIFIED,DUPLICATE_STEPS,Title↔Steps,"Steps are exactly identical to another differently named exercise: Barbell Full Squat, Barbell Full Squat Side Pov, Barbell Full Squat(back).","Check whether these are true variants. If the movement differs, rewrite the distinguishing setup/execution cue; if identical, consider alias/dedup metadata.",REAL,Confirmed identical Steps text vs named sibling(s),LEGITIMATE_VARIANT,"differs only by camera/view/angle words: ['back', 'pov', 'side']"
ea_barbell_full_squat_back,Barbell Full Squat(back),Legs,P2,False,NOT_VERIFIED,DUPLICATE_STEPS,Title↔Steps,"Steps are exactly identical to another differently named exercise: Barbell Full Squat, Barbell Full Squat Side Pov, Barbell Full Squat(back).","Check whether these are true variants. If the movement differs, rewrite the distinguishing setup/execution cue; if identical, consider alias/dedup metadata.",REAL,Confirmed identical Steps text vs named sibling(s),LEGITIMATE_VARIANT,"differs only by camera/view/angle words: ['back', 'pov', 'side']"
ea_barbell_glute_bridge,Barbell Glute Bridge,Legs,P2,False,NOT_VERIFIED,DUPLICATE_STEPS,Title↔Steps,"Steps are exactly identical to another differently named exercise: Barbell Glute Bridge, Barbell Glute Bridge (hands on Bar).","Check whether these are true variants. If the movement differs, rewrite the distinguishing setup/execution cue; if identical, consider alias/dedup metadata.",REAL,Confirmed identical Steps text vs named sibling(s),DEDUP_CANDIDATE,"Steps already say ""holding it securely with both hands"" for the base entry -- ""(hands on Bar)"" restates what is already there, not a distinguishing claim"
ea_barbell_glute_bridge_hands_on_bar,Barbell Glute Bridge (hands on Bar),Legs,P2,False,NOT_VERIFIED,DUPLICATE_STEPS,Title↔Steps,"Steps are exactly identical to another differently named exercise: Barbell Glute Bridge, Barbell Glute Bridge (hands on Bar).","Check whether these are true variants. If the movement differs, rewrite the distinguishing setup/execution cue; if identical, consider alias/dedup metadata.",REAL,Confirmed identical Steps text vs named sibling(s),DEDUP_CANDIDATE,"Steps already say ""holding it securely with both hands"" for the base entry -- ""(hands on Bar)"" restates what is already there, not a distinguishing claim"
ea_barbell_lunges,Barbell Lunges,Legs,P2,False,NOT_VERIFIED,DUPLICATE_STEPS,Title↔Steps,"Steps are exactly identical to another differently named exercise: Barbell Lunges, Barbell Lunges on the Spot.","Check whether these are true variants. If the movement differs, rewrite the distinguishing setup/execution cue; if identical, consider alias/dedup metadata.",REAL,Confirmed identical Steps text vs named sibling(s),REAL_DEFECT,"Both Steps say ""Push through your front heel to return to the starting position. Repeat the movement with the same leg"" -- i.e. BOTH entries describe the stationary/""on the spot"" pattern; the generic ""Barbell Lunges"" entry has no distinguishing traveling/walking-lunge content despite not being named ""on the spot"""
ea_barbell_lunges_on_the_spot,Barbell Lunges on the Spot,Legs,P2,False,NOT_VERIFIED,DUPLICATE_STEPS,Title↔Steps,"Steps are exactly identical to another differently named exercise: Barbell Lunges, Barbell Lunges on the Spot.","Check whether these are true variants. If the movement differs, rewrite the distinguishing setup/execution cue; if identical, consider alias/dedup metadata.",REAL,Confirmed identical Steps text vs named sibling(s),REAL_DEFECT,"Both Steps say ""Push through your front heel to return to the starting position. Repeat the movement with the same leg"" -- i.e. BOTH entries describe the stationary/""on the spot"" pattern; the generic ""Barbell Lunges"" entry has no distinguishing traveling/walking-lunge content despite not being named ""on the spot"""
ea_bodyweight_single_leg_deadlift,Bodyweight Single Leg Deadlift,Legs,P2,False,NOT_VERIFIED,SPINE_CUE,Steps,Uses 'flat/straight back' as a rigid dynamic cue; for loaded hinges/rows/planks a stable neutral spine is clearer.,Use 'brace and maintain a stable/neutral spine' unless flat contact with a support is the actual goal.,REAL,,FALSE_POSITIVE,"Gate E: required safety/hedge language already present in live text, or matched phrase is not the claimed causal/spine cue -- see chat evidence 2026-08-15"
ea_bulgarian_split_squat,Bulgarian Split Squat,Legs,P2,False,NOT_VERIFIED,DUPLICATE_STEPS,Title↔Steps,"Steps are exactly identical to another differently named exercise: Bulgarian Split Squat, Bulgarian Split Squat Bodyweight Right, Bulgarian Split Squat Right Bodyweight Side View.","Check whether these are true variants. If the movement differs, rewrite the distinguishing setup/execution cue; if identical, consider alias/dedup metadata.",REAL,Confirmed identical Steps text vs named sibling(s),DEDUP_CANDIDATE,"A Bulgarian split squat is inherently unilateral; the unlabeled ""Bulgarian Split Squat"" entry has identical Steps to the explicit ""Right"" variant with no distinguishing claim of its own -- redundant default row, not a content defect"
ea_bulgarian_split_squat_bodyweight_left,Bulgarian Split Squat Bodyweight Left,Legs,P2,False,NOT_VERIFIED,DUPLICATE_STEPS,Title↔Steps,"Steps are exactly identical to another differently named exercise: Bulgarian Split Squat Bodyweight Left, Bulgarian Split Squat Left Bodyweight Side View.","Check whether these are true variants. If the movement differs, rewrite the distinguishing setup/execution cue; if identical, consider alias/dedup metadata.",REAL,Confirmed identical Steps text vs named sibling(s),LEGITIMATE_VARIANT,"differs only by camera/view/angle words: ['side', 'view']"
ea_bulgarian_split_squat_bodyweight_right,Bulgarian Split Squat Bodyweight Right,Legs,P2,False,NOT_VERIFIED,DUPLICATE_STEPS,Title↔Steps,"Steps are exactly identical to another differently named exercise: Bulgarian Split Squat, Bulgarian Split Squat Bodyweight Right, Bulgarian Split Squat Right Bodyweight Side View.","Check whether these are true variants. If the movement differs, rewrite the distinguishing setup/execution cue; if identical, consider alias/dedup metadata.",REAL,Confirmed identical Steps text vs named sibling(s),DEDUP_CANDIDATE,"A Bulgarian split squat is inherently unilateral; the unlabeled ""Bulgarian Split Squat"" entry has identical Steps to the explicit ""Right"" variant with no distinguishing claim of its own -- redundant default row, not a content defect"
ea_bulgarian_split_squat_left_bodyweight_side_view,Bulgarian Split Squat Left Bodyweight Side View,Legs,P2,False,NOT_VERIFIED,DUPLICATE_STEPS,Title↔Steps,"Steps are exactly identical to another differently named exercise: Bulgarian Split Squat Bodyweight Left, Bulgarian Split Squat Left Bodyweight Side View.","Check whether these are true variants. If the movement differs, rewrite the distinguishing setup/execution cue; if identical, consider alias/dedup metadata.",REAL,Confirmed identical Steps text vs named sibling(s),LEGITIMATE_VARIANT,"differs only by camera/view/angle words: ['side', 'view']"
ea_bulgarian_split_squat_right_bodyweight_side_view,Bulgarian Split Squat Right Bodyweight Side View,Legs,P2,False,NOT_VERIFIED,DUPLICATE_STEPS,Title↔Steps,"Steps are exactly identical to another differently named exercise: Bulgarian Split Squat, Bulgarian Split Squat Bodyweight Right, Bulgarian Split Squat Right Bodyweight Side View.","Check whether these are true variants. If the movement differs, rewrite the distinguishing setup/execution cue; if identical, consider alias/dedup metadata.",REAL,Confirmed identical Steps text vs named sibling(s),DEDUP_CANDIDATE,"A Bulgarian split squat is inherently unilateral; the unlabeled ""Bulgarian Split Squat"" entry has identical Steps to the explicit ""Right"" variant with no distinguishing claim of its own -- redundant default row, not a content defect"
ea_cable_individual_glute_kickbacks,Cable Individual Glute Kickbacks,Legs,P2,False,NOT_VERIFIED,SPINE_CUE,Steps,Uses 'flat/straight back' as a rigid dynamic cue; for loaded hinges/rows/planks a stable neutral spine is clearer.,Use 'brace and maintain a stable/neutral spine' unless flat contact with a support is the actual goal.,REAL,,FALSE_POSITIVE,"Gate E: required safety/hedge language already present in live text, or matched phrase is not the claimed causal/spine cue -- see chat evidence 2026-08-15"
ea_dumbbell_goblet_reverse_lunge,Dumbbell Goblet Reverse Lunge,Legs,P1,True,PASS,PRIOR_REAUDIT,Purpose/Steps; Steps,"Purpose is improved, but Steps still cue 'front shin close to vertical' and 'push through the front heel'. Prefer whole-foot/tripod pressure and knee tracking in line with toes; allow controlled forward knee travel.","Use: 'Keep the whole foot planted and let the front knee track in line with the toes through a controlled range.'; Cue a stable whole foot and knee tracking in line with the toes; allow controlled forward knee travel when appropriate.; Use controlled depth, stable foot and knee tracking; shin angle may vary with anatomy and exercise goal.; Prefer 'drive through the whole foot/tripod foot' while keeping heel grounded.; Qualify the target: 'about ... if comfortable and controlled' or use available pain-free ROM.",REAL,"Gate A vs SPTR_H3_REV2_ACTION_REGISTER_2026-08-15.md: Steps say ""Push through the front heel to stand"" -- heel-only cue, not whole-foot/tripod-foot",FALSE_POSITIVE,"Gate E: lifestyle/comparative trigger word matched in a non-causal, non-comparative sentence (setup mechanics, programming-timing advice, or hedged rationale)"
ea_dumbbell_goblet_reverse_lunge,Dumbbell Goblet Reverse Lunge,Legs,P1,True,PASS,SPINE_CUE,Purpose/Steps; Steps,Uses 'flat/straight back' as a rigid dynamic cue; for loaded hinges/rows/planks a stable neutral spine is clearer.,Use 'brace and maintain a stable/neutral spine' unless flat contact with a support is the actual goal.,REAL,,FALSE_POSITIVE,"Gate E: required safety/hedge language already present in live text, or matched phrase is not the claimed causal/spine cue -- see chat evidence 2026-08-15"
ea_frog_jumps,Frog Jumps,Legs,P1,True,PASS,PRIOR_REAUDIT,Purpose; Purpose/Steps,"Neutral-spine cue was fixed. 'Landing noise is the best indicator' can be a coaching heuristic, but it is still too absolute. Prefer 'a useful cue for landing control'.","Replace with 'can', 'may', 'often', 'a useful option', or a specific observable training effect.; Prefer 'brace and maintain a stable/neutral spine' unless posterior pelvic tilt/bench contact is intentionally required.",REAL,Gate A vs SPTR_H3_REV2_ACTION_REGISTER_2026-08-15.md: absolute/comparative words: ['best '],FALSE_POSITIVE,"Gate E: lifestyle/comparative trigger word matched in a non-causal, non-comparative sentence (setup mechanics, programming-timing advice, or hedged rationale)"
ea_frog_jumps,Frog Jumps,Legs,P1,True,PASS,SUPERLATIVE_CLAIM,Purpose; Purpose/Steps,"Uses a best/most/only/comparative claim without a defined population, outcome or evidence threshold.","State the direct training effect, or soften to 'can', 'may', 'often', 'a useful option' and define the comparison if it matters.",REAL,Comparative/superlative language confirmed in Purpose text,FALSE_POSITIVE,Gate E: comparative word matched but sentence does not compare this exercise to other exercises (programming/technique advice or self-referential form cue)
ea_good_mornings,Good Mornings,Legs,P2,True,PASS,SPINE_CUE,Steps,Uses 'flat/straight back' as a rigid dynamic cue; for loaded hinges/rows/planks a stable neutral spine is clearer.,Use 'brace and maintain a stable/neutral spine' unless flat contact with a support is the actual goal.,REAL,,FALSE_POSITIVE,"Gate E: required safety/hedge language already present in live text, or matched phrase is not the claimed causal/spine cue -- see chat evidence 2026-08-15"
ea_hammer_strength_iso_lateral_leg_curl_alternating_legs,Hammer Strength Iso-lateral LEG CURL Alternating Legs,Legs,P2,False,NOT_VERIFIED,DUPLICATE_STEPS,Title↔Steps,"Steps are exactly identical to another differently named exercise: Hammer Strength Iso-lateral LEG CURL Alternating Legs, Hammer Strength Iso-lateral LEG Curl_alternate Legs.","Check whether these are true variants. If the movement differs, rewrite the distinguishing setup/execution cue; if identical, consider alias/dedup metadata.",REAL,Confirmed identical Steps text vs named sibling(s),DEDUP_CANDIDATE,alternate/alternating naming duplicate
ea_hammer_strength_iso_lateral_leg_curl_alternate_legs,Hammer Strength Iso-lateral LEG Curl_alternate Legs,Legs,P2,False,NOT_VERIFIED,DUPLICATE_STEPS,Title↔Steps,"Steps are exactly identical to another differently named exercise: Hammer Strength Iso-lateral LEG CURL Alternating Legs, Hammer Strength Iso-lateral LEG Curl_alternate Legs.","Check whether these are true variants. If the movement differs, rewrite the distinguishing setup/execution cue; if identical, consider alias/dedup metadata.",REAL,Confirmed identical Steps text vs named sibling(s),DEDUP_CANDIDATE,alternate/alternating naming duplicate
ea_in_and_out_squats,In and Out Squats,Legs,P2,False,NOT_VERIFIED,DUPLICATE_STEPS,Steps; Title↔Steps,"Steps are exactly identical to another differently named exercise: In and Out Squats, In and Out Squats Jump Bodyweight, In and Out Squats Jump Bodyweight (2).","Check whether these are true variants. If the movement differs, rewrite the distinguishing setup/execution cue; if identical, consider alias/dedup metadata.",REAL,Confirmed identical Steps text vs named sibling(s),DEDUP_CANDIDATE,"The ""(2)"" suffix on the third id/title is a standard data-entry-accident marker for an unintentionally duplicated row, not a named variant"
ea_in_and_out_squats_jump_bodyweight,In and Out Squats Jump Bodyweight,Legs,P2,False,NOT_VERIFIED,DUPLICATE_STEPS,Steps; Title↔Steps,"Steps are exactly identical to another differently named exercise: In and Out Squats, In and Out Squats Jump Bodyweight, In and Out Squats Jump Bodyweight (2).","Check whether these are true variants. If the movement differs, rewrite the distinguishing setup/execution cue; if identical, consider alias/dedup metadata.",REAL,Confirmed identical Steps text vs named sibling(s),DEDUP_CANDIDATE,"The ""(2)"" suffix on the third id/title is a standard data-entry-accident marker for an unintentionally duplicated row, not a named variant"
ea_in_and_out_squats_jump_bodyweight_2,In and Out Squats Jump Bodyweight (2),Legs,P2,False,NOT_VERIFIED,DUPLICATE_STEPS,Steps; Title↔Steps,"Steps are exactly identical to another differently named exercise: In and Out Squats, In and Out Squats Jump Bodyweight, In and Out Squats Jump Bodyweight (2).","Check whether these are true variants. If the movement differs, rewrite the distinguishing setup/execution cue; if identical, consider alias/dedup metadata.",REAL,Confirmed identical Steps text vs named sibling(s),DEDUP_CANDIDATE,"The ""(2)"" suffix on the third id/title is a standard data-entry-accident marker for an unintentionally duplicated row, not a named variant"
ea_kettlebell_reverse_lunge,Kettlebell Reverse Lunge,Legs,P1,True,PASS,PRIOR_REAUDIT,Purpose/Steps; Steps,This card was not materially changed in REV2 for the prior finding(s); the previous finding remains open.,"Use foot stability + knee tracking + controlled depth rather than enforcing a vertical shin.; Use controlled depth, stable foot and knee tracking; shin angle may vary with anatomy and exercise goal.; Prefer 'drive through the whole foot/tripod foot' while keeping heel grounded.; Qualify the target: 'about ... if comfortable and controlled' or use available pain-free ROM.",REAL,"Gate A vs SPTR_H3_REV2_ACTION_REGISTER_2026-08-15.md: Steps say ""Push through the front heel to stand"" -- heel-only cue, not whole-foot/tripod-foot",FALSE_POSITIVE,"Gate E: lifestyle/comparative trigger word matched in a non-causal, non-comparative sentence (setup mechanics, programming-timing advice, or hedged rationale)"
ea_kettlebell_reverse_lunge,Kettlebell Reverse Lunge,Legs,P1,True,PASS,SPINE_CUE,Purpose/Steps; Steps,Uses 'flat/straight back' as a rigid dynamic cue; for loaded hinges/rows/planks a stable neutral spine is clearer.,Use 'brace and maintain a stable/neutral spine' unless flat contact with a support is the actual goal.,REAL,,FALSE_POSITIVE,"Gate E: required safety/hedge language already present in live text, or matched phrase is not the claimed causal/spine cue -- see chat evidence 2026-08-15"
ea_leg_press_wide_high_stance,Leg Press Wide High Stance,Legs,P2,False,NOT_VERIFIED,DUPLICATE_STEPS,Title↔Steps,"Steps are exactly identical to another differently named exercise: Leg Press Wide High Stance, Leg Press Wide High Stance Behind View.","Check whether these are true variants. If the movement differs, rewrite the distinguishing setup/execution cue; if identical, consider alias/dedup metadata.",REAL,Confirmed identical Steps text vs named sibling(s),LEGITIMATE_VARIANT,"differs only by camera/view/angle words: ['behind', 'view']"
ea_leg_press_wide_high_stance_behind_view,Leg Press Wide High Stance Behind View,Legs,P2,False,NOT_VERIFIED,DUPLICATE_STEPS,Title↔Steps,"Steps are exactly identical to another differently named exercise: Leg Press Wide High Stance, Leg Press Wide High Stance Behind View.","Check whether these are true variants. If the movement differs, rewrite the distinguishing setup/execution cue; if identical, consider alias/dedup metadata.",REAL,Confirmed identical Steps text vs named sibling(s),LEGITIMATE_VARIANT,"differs only by camera/view/angle words: ['behind', 'view']"
ea_nordic_hamstring_curl_with_partner,Nordic Hamstring Curl with Partner,Legs,P1,True,PASS,PRIOR_REAUDIT,Purpose; Purpose/Steps,"Changed from 'single most effective' to 'one of the most effective', but still ranks the exercise and directly claims injury reduction. Prefer 'well-supported eccentric hamstring exercise widely used in hamstring-injury risk-reduction programs'; add regression because the movement is demanding.","Rewrite: 'A well-supported eccentric hamstring exercise widely used in sports conditioning and hamstring-injury risk-reduction programs.'; Replace with 'can', 'may', 'often', 'a useful option', or a specific observable training effect.; Keep the card inside fitness scope: describe the training target; add symptom-based stop/referral guidance instead of promising treatment.; Require difficulty, prerequisites, regressions and relevant joint/region safety tags before publication.",REAL,"Gate A vs SPTR_H3_REV2_ACTION_REGISTER_2026-08-15.md: absolute/comparative words: ['most effective', 'one of the']",FALSE_POSITIVE,"Gate E: lifestyle/comparative trigger word matched in a non-causal, non-comparative sentence (setup mechanics, programming-timing advice, or hedged rationale)"
ea_nordic_hamstring_curl_with_partner,Nordic Hamstring Curl with Partner,Legs,P1,True,PASS,SUPERLATIVE_CLAIM,Purpose; Purpose/Steps,"Uses a best/most/only/comparative claim without a defined population, outcome or evidence threshold.","State the direct training effect, or soften to 'can', 'may', 'often', 'a useful option' and define the comparison if it matters.",REAL,Comparative/superlative language confirmed in Purpose text,SAFETY-MEDICAL_CAUSAL_CLAIM,"Gate E: evidence-backed (Nordic curl injury-reduction RR~0.49 per meta-analysis cited by operator) but still an unqualified superlative -- needs softened wording, not full removal"
ea_plate_good_morning_anterior,Plate Good Morning Anterior,Legs,P2,True,PASS,SPINE_CUE,Steps,Uses 'flat/straight back' as a rigid dynamic cue; for loaded hinges/rows/planks a stable neutral spine is clearer.,Use 'brace and maintain a stable/neutral spine' unless flat contact with a support is the actual goal.,REAL,,FALSE_POSITIVE,"Gate E: required safety/hedge language already present in live text, or matched phrase is not the claimed causal/spine cue -- see chat evidence 2026-08-15"
ea_plate_lateral_lunge,Plate Lateral Lunge,Legs,P1,True,PASS,PRIOR_REAUDIT,Purpose; Purpose/Steps,This card was not materially changed in REV2 for the prior finding(s); the previous finding remains open.,"Replace with 'can', 'may', 'often', 'a useful option', or a specific observable training effect.",REAL,Gate A vs SPTR_H3_REV2_ACTION_REGISTER_2026-08-15.md: absolute/comparative words: ['almost nothing else'],FALSE_POSITIVE,"Gate E: lifestyle/comparative trigger word matched in a non-causal, non-comparative sentence (setup mechanics, programming-timing advice, or hedged rationale)"
ea_plate_lateral_lunge,Plate Lateral Lunge,Legs,P1,True,PASS,SUPERLATIVE_CLAIM,Purpose; Purpose/Steps,"Uses a best/most/only/comparative claim without a defined population, outcome or evidence threshold.","State the direct training effect, or soften to 'can', 'may', 'often', 'a useful option' and define the comparison if it matters.",REAL,Comparative/superlative language confirmed in Purpose text,PERFORMANCE_CLAIM,Gate E: genuine unqualified comparative/exclusivity claim about training effect -- needs softening
ea_plate_single_leg_pinch_grip_deadlift,Plate Single Leg Pinch Grip Deadlift,Legs,P1,True,PASS,PRIOR_REAUDIT,Purpose/Steps,"REV2 changed this card, but the edit does not close every prior finding. Keep the unresolved prior action(s) below.","Replace with 'can', 'may', 'often', 'a useful option', or a specific observable training effect.; Prefer 'brace and maintain a stable/neutral spine' unless posterior pelvic tilt/bench contact is intentionally required.",REAL,Gate A vs SPTR_H3_REV2_ACTION_REGISTER_2026-08-15.md: absolute/comparative words: ['best '],FALSE_POSITIVE,"Gate E: lifestyle/comparative trigger word matched in a non-causal, non-comparative sentence (setup mechanics, programming-timing advice, or hedged rationale)"
ea_plate_squat_hold,Plate Squat Hold,Legs,P1,True,PASS,PRIOR_REAUDIT,Purpose/Steps,This card was not materially changed in REV2 for the prior finding(s); the previous finding remains open.,Use neutral wording about the movement/muscles; avoid claiming one exercise reverses a lifestyle/postural problem without assessment.,REAL,Gate A vs SPTR_H3_REV2_ACTION_REGISTER_2026-08-15.md: lifestyle words: ['posture'],FALSE_POSITIVE,"Gate E: lifestyle/comparative trigger word matched in a non-causal, non-comparative sentence (setup mechanics, programming-timing advice, or hedged rationale)"
ea_resistance_band_kneeling_leg_half_circle,Resistance Band Kneeling Leg Half Circle,Legs,P2,False,NOT_VERIFIED,SPINE_CUE,Steps,Uses 'flat/straight back' as a rigid dynamic cue; for loaded hinges/rows/planks a stable neutral spine is clearer.,Use 'brace and maintain a stable/neutral spine' unless flat contact with a support is the actual goal.,REAL,,FALSE_POSITIVE,"Gate E: required safety/hedge language already present in live text, or matched phrase is not the claimed causal/spine cue -- see chat evidence 2026-08-15"
ea_resistance_band_kneeling_leg_half_circle_on_bench,Resistance Band Kneeling Leg Half Circle on Bench,Legs,P2,False,NOT_VERIFIED,SPINE_CUE,Steps,Uses 'flat/straight back' as a rigid dynamic cue; for loaded hinges/rows/planks a stable neutral spine is clearer.,Use 'brace and maintain a stable/neutral spine' unless flat contact with a support is the actual goal.,REAL,,FALSE_POSITIVE,"Gate E: required safety/hedge language already present in live text, or matched phrase is not the claimed causal/spine cue -- see chat evidence 2026-08-15"
ea_single_leg_romanian_deadlift_dumbbell,Single Leg Romanian Deadlift Dumbbell,Legs,P2,False,NOT_VERIFIED,SPINE_CUE,Steps,Uses 'flat/straight back' as a rigid dynamic cue; for loaded hinges/rows/planks a stable neutral spine is clearer.,Use 'brace and maintain a stable/neutral spine' unless flat contact with a support is the actual goal.,REAL,,FALSE_POSITIVE,"Gate E: required safety/hedge language already present in live text, or matched phrase is not the claimed causal/spine cue -- see chat evidence 2026-08-15"
ea_single_leg_romanian_deadlifts_right_cable_resistance_band,Single Leg Romanian Deadlifts Right Cable Resistance Band,Legs,P2,False,NOT_VERIFIED,SPINE_CUE,Steps,Uses 'flat/straight back' as a rigid dynamic cue; for loaded hinges/rows/planks a stable neutral spine is clearer.,Use 'brace and maintain a stable/neutral spine' unless flat contact with a support is the actual goal.,REAL,,FALSE_POSITIVE,"Gate E: required safety/hedge language already present in live text, or matched phrase is not the claimed causal/spine cue -- see chat evidence 2026-08-15"
ea_sissy_squat_bodyweight,Sissy Squat Bodyweight,Legs,P1,True,PASS,PRIOR_REAUDIT,Purpose; Purpose/Steps; Steps,This card was not materially changed in REV2 for the prior finding(s); the previous finding remains open.,"Add supported regression, shallow initial ROM, gradual exposure, and stop if anterior knee pain occurs.; Replace with 'can', 'may', 'often', 'a useful option', or a specific observable training effect.",REAL,Gate A vs SPTR_H3_REV2_ACTION_REGISTER_2026-08-15.md: absolute/comparative words: ['almost nothing else'],FALSE_POSITIVE,"Gate E: lifestyle/comparative trigger word matched in a non-causal, non-comparative sentence (setup mechanics, programming-timing advice, or hedged rationale)"
ea_sissy_squat_bodyweight,Sissy Squat Bodyweight,Legs,P1,True,PASS,SUPERLATIVE_CLAIM,Purpose; Purpose/Steps; Steps,"Uses a best/most/only/comparative claim without a defined population, outcome or evidence threshold.","State the direct training effect, or soften to 'can', 'may', 'often', 'a useful option' and define the comparison if it matters.",REAL,Comparative/superlative language confirmed in Purpose text,PERFORMANCE_CLAIM,Gate E: genuine unqualified comparative/exclusivity claim about training effect -- needs softening
ea_barbell_deadlift,Barbell Deadlift,Powerlifting,P2,False,NOT_VERIFIED,DUPLICATE_STEPS,Steps; Title↔Steps,"Steps are exactly identical to another differently named exercise: Barbell Deadlift 360 Degrees, Barbell Deadlift, Barbell Deadlift (front POV), Barbell Deadlift (side POV).","Check whether these are true variants. If the movement differs, rewrite the distinguishing setup/execution cue; if identical, consider alias/dedup metadata.",REAL,Confirmed identical Steps text vs named sibling(s),LEGITIMATE_VARIANT,"differs only by camera/view/angle words: ['360', 'degrees', 'front', 'pov', 'side']"
ea_barbell_deadlift_front_pov,Barbell Deadlift (front POV),Powerlifting,P2,False,NOT_VERIFIED,DUPLICATE_STEPS,Steps; Title↔Steps,"Steps are exactly identical to another differently named exercise: Barbell Deadlift 360 Degrees, Barbell Deadlift, Barbell Deadlift (front POV), Barbell Deadlift (side POV).","Check whether these are true variants. If the movement differs, rewrite the distinguishing setup/execution cue; if identical, consider alias/dedup metadata.",REAL,Confirmed identical Steps text vs named sibling(s),LEGITIMATE_VARIANT,"differs only by camera/view/angle words: ['360', 'degrees', 'front', 'pov', 'side']"
ea_barbell_deadlift_side_pov,Barbell Deadlift (side POV),Powerlifting,P2,False,NOT_VERIFIED,DUPLICATE_STEPS,Steps; Title↔Steps,"Steps are exactly identical to another differently named exercise: Barbell Deadlift 360 Degrees, Barbell Deadlift, Barbell Deadlift (front POV), Barbell Deadlift (side POV).","Check whether these are true variants. If the movement differs, rewrite the distinguishing setup/execution cue; if identical, consider alias/dedup metadata.",REAL,Confirmed identical Steps text vs named sibling(s),LEGITIMATE_VARIANT,"differs only by camera/view/angle words: ['360', 'degrees', 'front', 'pov', 'side']"
ea_barbell_muscle_clean,Barbell Muscle Clean,Powerlifting,P2,False,NOT_VERIFIED,DUPLICATE_STEPS,Title↔Steps,"Steps are exactly identical to another differently named exercise: Barbell Muscle Clean, Barbell Power Clean.","Check whether these are true variants. If the movement differs, rewrite the distinguishing setup/execution cue; if identical, consider alias/dedup metadata.",REAL,Confirmed identical Steps text vs named sibling(s),REAL_DEFECT,"Already independently confirmed: muscle clean and power clean are different lifts (muscle clean finishes with a straight-arm pull, no re-bend/re-catch under the bar; power clean racks the bar in a full front-rack catch) -- identical Steps text is wrong for one of them"
ea_barbell_power_clean,Barbell Power Clean,Powerlifting,P2,False,NOT_VERIFIED,DUPLICATE_STEPS,Title↔Steps,"Steps are exactly identical to another differently named exercise: Barbell Muscle Clean, Barbell Power Clean.","Check whether these are true variants. If the movement differs, rewrite the distinguishing setup/execution cue; if identical, consider alias/dedup metadata.",REAL,Confirmed identical Steps text vs named sibling(s),REAL_DEFECT,"Already independently confirmed: muscle clean and power clean are different lifts (muscle clean finishes with a straight-arm pull, no re-bend/re-catch under the bar; power clean racks the bar in a full front-rack catch) -- identical Steps text is wrong for one of them"
ea_plate_thruster,Plate Thruster,Powerlifting,P1,True,PASS,PRIOR_REAUDIT,Purpose; Purpose/Steps; Steps,This card was not materially changed in REV2 for the prior finding(s); the previous finding remains open.,"State the direct effect of the exercise without ranking it against another method.; Use 'move through the largest controlled, pain-free range you can maintain without compensation.'",REAL,Gate A vs SPTR_H3_REV2_ACTION_REGISTER_2026-08-15.md: comparative words: ['faster than'],FALSE_POSITIVE,"Gate E: lifestyle/comparative trigger word matched in a non-causal, non-comparative sentence (setup mechanics, programming-timing advice, or hedged rationale)"
ea_plate_thruster,Plate Thruster,Powerlifting,P1,True,PASS,SUPERLATIVE_CLAIM,Purpose; Purpose/Steps; Steps,"Uses a best/most/only/comparative claim without a defined population, outcome or evidence threshold.","State the direct training effect, or soften to 'can', 'may', 'often', 'a useful option' and define the comparison if it matters.",REAL,Comparative/superlative language confirmed in Purpose text,PERFORMANCE_CLAIM,Gate E: genuine unqualified comparative/exclusivity claim about training effect -- needs softening
ea_backhand_raise,Backhand Raise,Shoulders,P2,False,NOT_VERIFIED,SPINE_CUE,Steps,Uses 'flat/straight back' as a rigid dynamic cue; for loaded hinges/rows/planks a stable neutral spine is clearer.,Use 'brace and maintain a stable/neutral spine' unless flat contact with a support is the actual goal.,REAL,,FALSE_POSITIVE,"Gate E: required safety/hedge language already present in live text, or matched phrase is not the claimed causal/spine cue -- see chat evidence 2026-08-15"
ea_band_behind_neck_shoulder_press,Band Behind Neck Shoulder Press,Shoulders,P1,False,NOT_VERIFIED,BEHIND_NECK,Purpose/Steps,Behind-neck positioning can demand substantial shoulder external rotation/abduction and cervical positioning that is not appropriate for every user.,"Prefer a front-of-body variation by default; if retained, label Advanced and require pain-free shoulder mobility and controlled range.",REAL,Title/Steps confirm behind-neck movement pattern,FALSE_POSITIVE,"Gate E: required safety/hedge language already present in live text, or matched phrase is not the claimed causal/spine cue -- see chat evidence 2026-08-15"
ea_band_face_pull,Band Face Pull,Shoulders,P2,False,NOT_VERIFIED,DUPLICATE_STEPS,Title↔Steps,"Steps are exactly identical to another differently named exercise: Band Face Pull, Resistance Bands Facepull.","Check whether these are true variants. If the movement differs, rewrite the distinguishing setup/execution cue; if identical, consider alias/dedup metadata.",REAL,Confirmed identical Steps text vs named sibling(s),DEDUP_CANDIDATE,"""Band"" vs ""Resistance Bands"" is synonym equipment naming for the identical movement"
ea_barbell_back_wide_shrug,Barbell Back Wide Shrug,Shoulders,P2,False,NOT_VERIFIED,DUPLICATE_STEPS,Title↔Steps,"Steps are exactly identical to another differently named exercise: Barbell Back Wide Shrug, Barbell Back Wide Shrugs.","Check whether these are true variants. If the movement differs, rewrite the distinguishing setup/execution cue; if identical, consider alias/dedup metadata.",REAL,Confirmed identical Steps text vs named sibling(s),DEDUP_CANDIDATE,"near-identical titles (ratio=0.98), diff words: ['shrug', 'shrugs']"
ea_barbell_back_wide_shrugs,Barbell Back Wide Shrugs,Shoulders,P2,False,NOT_VERIFIED,DUPLICATE_STEPS,Title↔Steps,"Steps are exactly identical to another differently named exercise: Barbell Back Wide Shrug, Barbell Back Wide Shrugs.","Check whether these are true variants. If the movement differs, rewrite the distinguishing setup/execution cue; if identical, consider alias/dedup metadata.",REAL,Confirmed identical Steps text vs named sibling(s),DEDUP_CANDIDATE,"near-identical titles (ratio=0.98), diff words: ['shrug', 'shrugs']"
ea_barbell_behind_neck_push_press,Barbell Behind Neck Push Press,Shoulders,P1,False,NOT_VERIFIED,BEHIND_NECK,Purpose/Steps,Behind-neck positioning can demand substantial shoulder external rotation/abduction and cervical positioning that is not appropriate for every user.,"Prefer a front-of-body variation by default; if retained, label Advanced and require pain-free shoulder mobility and controlled range.",REAL,Title/Steps confirm behind-neck movement pattern,FALSE_POSITIVE,"Gate E: required safety/hedge language already present in live text, or matched phrase is not the claimed causal/spine cue -- see chat evidence 2026-08-15"
ea_barbell_seated_behind_neck_military_press,Barbell Seated Behind Neck Military Press,Shoulders,P1,False,NOT_VERIFIED,BEHIND_NECK,Purpose/Steps,Behind-neck positioning can demand substantial shoulder external rotation/abduction and cervical positioning that is not appropriate for every user.,"Prefer a front-of-body variation by default; if retained, label Advanced and require pain-free shoulder mobility and controlled range.",REAL,Title/Steps confirm behind-neck movement pattern,FALSE_POSITIVE,"Gate E: required safety/hedge language already present in live text, or matched phrase is not the claimed causal/spine cue -- see chat evidence 2026-08-15"
ea_behind_neck_press_resistance_band_cable,Behind Neck Press Resistance Band Cable,Shoulders,P1,False,NOT_VERIFIED,BEHIND_NECK,Purpose/Steps; Steps,Behind-neck positioning can demand substantial shoulder external rotation/abduction and cervical positioning that is not appropriate for every user.,"Prefer a front-of-body variation by default; if retained, label Advanced and require pain-free shoulder mobility and controlled range.",REAL,Title/Steps confirm behind-neck movement pattern,FALSE_POSITIVE,"Gate E: required safety/hedge language already present in live text, or matched phrase is not the claimed causal/spine cue -- see chat evidence 2026-08-15"
ea_cable_upright_row_with_ez_bar,Cable Upright Row with EZ Bar,Shoulders,P1,False,NOT_VERIFIED,UPRIGHT_ROW,Purpose/Steps,Upright-row tolerance varies with shoulder anatomy and range; rigid height or pain claims should be avoided.,"Use a comfortable range, avoid forcing elbows high, and stop if there is pinching at the front/top of the shoulder; offer lateral-raise/cable alternatives.",REAL,Title confirms upright-row movement pattern,FALSE_POSITIVE,"Gate E: required safety/hedge language already present in live text, or matched phrase is not the claimed causal/spine cue -- see chat evidence 2026-08-15"
ea_cable_upright_row_with_straight_bar,Cable Upright Row with Straight Bar,Shoulders,P1,False,NOT_VERIFIED,UPRIGHT_ROW,Purpose/Steps,Upright-row tolerance varies with shoulder anatomy and range; rigid height or pain claims should be avoided.,"Use a comfortable range, avoid forcing elbows high, and stop if there is pinching at the front/top of the shoulder; offer lateral-raise/cable alternatives.",REAL,Title confirms upright-row movement pattern,FALSE_POSITIVE,"Gate E: required safety/hedge language already present in live text, or matched phrase is not the claimed causal/spine cue -- see chat evidence 2026-08-15"
ea_dumbbell_chest_supported_y_raise,Dumbbell Chest Supported Y Raise,Shoulders,P1,True,PASS,PRIOR_REAUDIT,Purpose; Purpose/Steps,This card was not materially changed in REV2 for the prior finding(s); the previous finding remains open.,"Replace with 'can', 'may', 'often', 'a useful option', or a specific observable training effect.",REAL,Gate A vs SPTR_H3_REV2_ACTION_REGISTER_2026-08-15.md: absolute/comparative words: ['almost nothing else'],FALSE_POSITIVE,"Gate E: lifestyle/comparative trigger word matched in a non-causal, non-comparative sentence (setup mechanics, programming-timing advice, or hedged rationale)"
ea_dumbbell_chest_supported_y_raise,Dumbbell Chest Supported Y Raise,Shoulders,P1,True,PASS,SUPERLATIVE_CLAIM,Purpose; Purpose/Steps,"Uses a best/most/only/comparative claim without a defined population, outcome or evidence threshold.","State the direct training effect, or soften to 'can', 'may', 'often', 'a useful option' and define the comparison if it matters.",REAL,Comparative/superlative language confirmed in Purpose text,PERFORMANCE_CLAIM,Gate E: genuine unqualified comparative/exclusivity claim about training effect -- needs softening
ea_dumbbell_external_rotatio,Dumbbell External Rotatio,Shoulders,P2,False,NOT_VERIFIED,DUPLICATE_STEPS,Title↔Steps,"Steps are exactly identical to another differently named exercise: Dumbbell External Rotatio, Dumbbell External Rotation.","Check whether these are true variants. If the movement differs, rewrite the distinguishing setup/execution cue; if identical, consider alias/dedup metadata.",REAL,Confirmed identical Steps text vs named sibling(s),DEDUP_CANDIDATE,identical titles (case/punct only) -> true duplicate row
ea_dumbbell_external_rotation,Dumbbell External Rotation,Shoulders,P2,False,NOT_VERIFIED,DUPLICATE_STEPS,Title↔Steps,"Steps are exactly identical to another differently named exercise: Dumbbell External Rotatio, Dumbbell External Rotation.","Check whether these are true variants. If the movement differs, rewrite the distinguishing setup/execution cue; if identical, consider alias/dedup metadata.",REAL,Confirmed identical Steps text vs named sibling(s),DEDUP_CANDIDATE,identical titles (case/punct only) -> true duplicate row
ea_dumbbell_face_down_lying_shoulder_pres,Dumbbell Face Down Lying Shoulder Pres,Shoulders,P2,False,NOT_VERIFIED,DUPLICATE_STEPS,Title↔Steps,"Steps are exactly identical to another differently named exercise: Dumbbell Face Down Lying Shoulder Pres, Dumbbell Face Down Lying Shoulder Press.","Check whether these are true variants. If the movement differs, rewrite the distinguishing setup/execution cue; if identical, consider alias/dedup metadata.",REAL,Confirmed identical Steps text vs named sibling(s),DEDUP_CANDIDATE,identical titles (case/punct only) -> true duplicate row
ea_dumbbell_face_down_lying_shoulder_press,Dumbbell Face Down Lying Shoulder Press,Shoulders,P2,False,NOT_VERIFIED,DUPLICATE_STEPS,Title↔Steps,"Steps are exactly identical to another differently named exercise: Dumbbell Face Down Lying Shoulder Pres, Dumbbell Face Down Lying Shoulder Press.","Check whether these are true variants. If the movement differs, rewrite the distinguishing setup/execution cue; if identical, consider alias/dedup metadata.",REAL,Confirmed identical Steps text vs named sibling(s),DEDUP_CANDIDATE,identical titles (case/punct only) -> true duplicate row
ea_dumbbell_laying_30_degree_shrug,Dumbbell Laying 30 Degree Shrug,Shoulders,P2,True,PASS,PRIOR_REAUDIT,Purpose/Steps,This card was not materially changed in REV2 for the prior finding(s); the previous finding remains open.,Use neutral wording about the movement/muscles; avoid claiming one exercise reverses a lifestyle/postural problem without assessment.,REAL,Gate A vs SPTR_H3_REV2_ACTION_REGISTER_2026-08-15.md: lifestyle words: ['posture'],FALSE_POSITIVE,"Gate E: lifestyle/comparative trigger word matched in a non-causal, non-comparative sentence (setup mechanics, programming-timing advice, or hedged rationale)"
ea_dumbbell_scott_press,Dumbbell Scott Press,Shoulders,P2,False,NOT_VERIFIED,DUPLICATE_STEPS,Title↔Steps,"Steps are exactly identical to another differently named exercise: Dumbbell Scott Press, Dumbbell Scott Press (360 Degrees).","Check whether these are true variants. If the movement differs, rewrite the distinguishing setup/execution cue; if identical, consider alias/dedup metadata.",REAL,Confirmed identical Steps text vs named sibling(s),LEGITIMATE_VARIANT,"differs only by camera/view/angle words: ['360', 'degrees']"
ea_dumbbell_scott_press_360_degrees,Dumbbell Scott Press (360 Degrees),Shoulders,P2,False,NOT_VERIFIED,DUPLICATE_STEPS,Title↔Steps,"Steps are exactly identical to another differently named exercise: Dumbbell Scott Press, Dumbbell Scott Press (360 Degrees).","Check whether these are true variants. If the movement differs, rewrite the distinguishing setup/execution cue; if identical, consider alias/dedup metadata.",REAL,Confirmed identical Steps text vs named sibling(s),LEGITIMATE_VARIANT,"differs only by camera/view/angle words: ['360', 'degrees']"
ea_dumbbell_shoulder_extension,Dumbbell Shoulder Extension,Shoulders,P1,True,PASS,PRIOR_REAUDIT,Purpose; Purpose/Steps; Steps,This card was not materially changed in REV2 for the prior finding(s); the previous finding remains open.,"Replace with 'can', 'may', 'often', 'a useful option', or a specific observable training effect.; Use neutral wording about the movement/muscles; avoid claiming one exercise reverses a lifestyle/postural problem without assessment.",REAL,Gate A vs SPTR_H3_REV2_ACTION_REGISTER_2026-08-15.md: absolute/comparative words: ['only '],FALSE_POSITIVE,"Gate E: lifestyle/comparative trigger word matched in a non-causal, non-comparative sentence (setup mechanics, programming-timing advice, or hedged rationale)"
ea_dumbbell_shoulder_extension,Dumbbell Shoulder Extension,Shoulders,P1,True,PASS,SPINE_CUE,Purpose; Purpose/Steps; Steps,Uses 'flat/straight back' as a rigid dynamic cue; for loaded hinges/rows/planks a stable neutral spine is clearer.,Use 'brace and maintain a stable/neutral spine' unless flat contact with a support is the actual goal.,REAL,,FALSE_POSITIVE,"Gate E: required safety/hedge language already present in live text, or matched phrase is not the claimed causal/spine cue -- see chat evidence 2026-08-15"
ea_dumbbell_shoulder_extension,Dumbbell Shoulder Extension,Shoulders,P1,True,PASS,SUPERLATIVE_CLAIM,Purpose; Purpose/Steps; Steps,"Uses a best/most/only/comparative claim without a defined population, outcome or evidence threshold.","State the direct training effect, or soften to 'can', 'may', 'often', 'a useful option' and define the comparison if it matters.",REAL,Comparative/superlative language confirmed in Purpose text,PERFORMANCE_CLAIM,Gate E: genuine unqualified comparative/exclusivity claim about training effect -- needs softening
ea_dumbbell_single_arm_upright_row,Dumbbell Single Arm Upright Row,Shoulders,P1,True,PASS,UPRIGHT_ROW,Purpose/Steps,Upright-row tolerance varies with shoulder anatomy and range; rigid height or pain claims should be avoided.,"Use a comfortable range, avoid forcing elbows high, and stop if there is pinching at the front/top of the shoulder; offer lateral-raise/cable alternatives.",REAL,Title confirms upright-row movement pattern,FALSE_POSITIVE,"Gate E: required safety/hedge language already present in live text, or matched phrase is not the claimed causal/spine cue -- see chat evidence 2026-08-15"
ea_dumbbell_upright_shoulder_external_rotatio,Dumbbell Upright Shoulder External Rotatio,Shoulders,P2,False,NOT_VERIFIED,DUPLICATE_STEPS,Title↔Steps,"Steps are exactly identical to another differently named exercise: Dumbbell Upright Shoulder External Rotatio, Dumbbell Upright Shoulder External Rotation.","Check whether these are true variants. If the movement differs, rewrite the distinguishing setup/execution cue; if identical, consider alias/dedup metadata.",REAL,Confirmed identical Steps text vs named sibling(s),DEDUP_CANDIDATE,identical titles (case/punct only) -> true duplicate row
ea_dumbbell_upright_shoulder_external_rotation,Dumbbell Upright Shoulder External Rotation,Shoulders,P2,False,NOT_VERIFIED,DUPLICATE_STEPS,Title↔Steps,"Steps are exactly identical to another differently named exercise: Dumbbell Upright Shoulder External Rotatio, Dumbbell Upright Shoulder External Rotation.","Check whether these are true variants. If the movement differs, rewrite the distinguishing setup/execution cue; if identical, consider alias/dedup metadata.",REAL,Confirmed identical Steps text vs named sibling(s),DEDUP_CANDIDATE,identical titles (case/punct only) -> true duplicate row
ea_kettlebell_shoulder_extension,Kettlebell Shoulder Extension,Shoulders,P2,True,PASS,PRIOR_REAUDIT,Purpose/Steps,This card was not materially changed in REV2 for the prior finding(s); the previous finding remains open.,Use neutral wording about the movement/muscles; avoid claiming one exercise reverses a lifestyle/postural problem without assessment.,REAL,Gate A vs SPTR_H3_REV2_ACTION_REGISTER_2026-08-15.md: lifestyle words: ['sitting'],FALSE_POSITIVE,"Gate E: lifestyle/comparative trigger word matched in a non-causal, non-comparative sentence (setup mechanics, programming-timing advice, or hedged rationale)"
ea_kettlebell_silverback_shrug,Kettlebell Silverback Shrug,Shoulders,P2,True,PASS,PRIOR_REAUDIT,Purpose; Purpose/Steps,"REV2 changed this card, but the edit does not close every prior finding. Keep the unresolved prior action(s) below.",Use neutral wording about the movement/muscles; avoid claiming one exercise reverses a lifestyle/postural problem without assessment.,REAL,Gate A vs SPTR_H3_REV2_ACTION_REGISTER_2026-08-15.md: lifestyle words: ['posture'],FALSE_POSITIVE,"Gate E: lifestyle/comparative trigger word matched in a non-causal, non-comparative sentence (setup mechanics, programming-timing advice, or hedged rationale)"
ea_kettlebell_upright_row,Kettlebell Upright Row,Shoulders,P1,True,PASS,UPRIGHT_ROW,Purpose/Steps; Steps,Upright-row tolerance varies with shoulder anatomy and range; rigid height or pain claims should be avoided.,"Use a comfortable range, avoid forcing elbows high, and stop if there is pinching at the front/top of the shoulder; offer lateral-raise/cable alternatives.",REAL,Title confirms upright-row movement pattern,FALSE_POSITIVE,"Gate E: required safety/hedge language already present in live text, or matched phrase is not the claimed causal/spine cue -- see chat evidence 2026-08-15"
ea_landmine_alternating_single_arm_press,Landmine Alternating Single Arm Press,Shoulders,P2,True,PASS,SUPERLATIVE_CLAIM,Purpose,"Uses a best/most/only/comparative claim without a defined population, outcome or evidence threshold.","State the direct training effect, or soften to 'can', 'may', 'often', 'a useful option' and define the comparison if it matters.",REAL,Comparative/superlative language confirmed in Purpose text,PERFORMANCE_CLAIM,Gate E: genuine unqualified comparative/exclusivity claim about training effect -- needs softening
ea_landmine_seated_alternating_overhead_press,Landmine Seated Alternating Overhead Press,Shoulders,P2,True,PASS,PRIOR_REAUDIT,Purpose/Steps,This card was not materially changed in REV2 for the prior finding(s); the previous finding remains open.,Use neutral wording about the movement/muscles; avoid claiming one exercise reverses a lifestyle/postural problem without assessment.,REAL,Gate A vs SPTR_H3_REV2_ACTION_REGISTER_2026-08-15.md: lifestyle words: ['sitting'],FALSE_POSITIVE,"Gate E: lifestyle/comparative trigger word matched in a non-causal, non-comparative sentence (setup mechanics, programming-timing advice, or hedged rationale)"
ea_resistance_bands_facepull,Resistance Bands Facepull,Shoulders,P2,False,NOT_VERIFIED,DUPLICATE_STEPS,Title↔Steps,"Steps are exactly identical to another differently named exercise: Band Face Pull, Resistance Bands Facepull.","Check whether these are true variants. If the movement differs, rewrite the distinguishing setup/execution cue; if identical, consider alias/dedup metadata.",REAL,Confirmed identical Steps text vs named sibling(s),DEDUP_CANDIDATE,"""Band"" vs ""Resistance Bands"" is synonym equipment naming for the identical movement"
ea_seated_dumbbell_neutral_grip_front_raises,Seated Dumbbell Neutral Grip Front Raises,Shoulders,P2,True,PASS,PRIOR_REAUDIT,Purpose/Steps; Steps,This card was not materially changed in REV2 for the prior finding(s); the previous finding remains open.,Use neutral wording about the movement/muscles; avoid claiming one exercise reverses a lifestyle/postural problem without assessment.,REAL,Gate A vs SPTR_H3_REV2_ACTION_REGISTER_2026-08-15.md: lifestyle words: ['sitting'],FALSE_POSITIVE,"Gate E: lifestyle/comparative trigger word matched in a non-causal, non-comparative sentence (setup mechanics, programming-timing advice, or hedged rationale)"
ea_upright_row_cable_resistance_band,Upright Row Cable Resistance Band,Shoulders,P1,False,NOT_VERIFIED,UPRIGHT_ROW,Purpose/Steps,Upright-row tolerance varies with shoulder anatomy and range; rigid height or pain claims should be avoided.,"Use a comfortable range, avoid forcing elbows high, and stop if there is pinching at the front/top of the shoulder; offer lateral-raise/cable alternatives.",REAL,Title confirms upright-row movement pattern,FALSE_POSITIVE,"Gate E: required safety/hedge language already present in live text, or matched phrase is not the claimed causal/spine cue -- see chat evidence 2026-08-15"
ea_upright_row_dumbbell,Upright Row Dumbbell,Shoulders,P1,False,NOT_VERIFIED,UPRIGHT_ROW,Purpose/Steps,Upright-row tolerance varies with shoulder anatomy and range; rigid height or pain claims should be avoided.,"Use a comfortable range, avoid forcing elbows high, and stop if there is pinching at the front/top of the shoulder; offer lateral-raise/cable alternatives.",REAL,Title confirms upright-row movement pattern,FALSE_POSITIVE,"Gate E: required safety/hedge language already present in live text, or matched phrase is not the claimed causal/spine cue -- see chat evidence 2026-08-15"
ea_upright_row_ez_bar,Upright Row Ez Bar,Shoulders,P1,False,NOT_VERIFIED,UPRIGHT_ROW,Purpose/Steps,Upright-row tolerance varies with shoulder anatomy and range; rigid height or pain claims should be avoided.,"Use a comfortable range, avoid forcing elbows high, and stop if there is pinching at the front/top of the shoulder; offer lateral-raise/cable alternatives.",REAL,Title confirms upright-row movement pattern,FALSE_POSITIVE,"Gate E: required safety/hedge language already present in live text, or matched phrase is not the claimed causal/spine cue -- see chat evidence 2026-08-15"
ea_arms_behind_back_chest_stretch,Arms Behind Back Chest Stretch,Stretching - Mobility,P2,True,PASS,PRIOR_REAUDIT,Purpose/Steps,This card was not materially changed in REV2 for the prior finding(s); the previous finding remains open.,Use neutral wording about the movement/muscles; avoid claiming one exercise reverses a lifestyle/postural problem without assessment.,REAL,Gate A vs SPTR_H3_REV2_ACTION_REGISTER_2026-08-15.md: lifestyle words: ['sitting'],FALSE_POSITIVE,"Gate E: lifestyle/comparative trigger word matched in a non-causal, non-comparative sentence (setup mechanics, programming-timing advice, or hedged rationale)"
ea_calve_stretch_foot_on_wall,Calve Stretch Foot on Wall,Stretching - Mobility,P1,True,PASS,PRIOR_REAUDIT,Purpose/Steps,This card was not materially changed in REV2 for the prior finding(s); the previous finding remains open.,Keep the card inside fitness scope: describe the training target; add symptom-based stop/referral guidance instead of promising treatment.,REAL,Gate A vs SPTR_H3_REV2_ACTION_REGISTER_2026-08-15.md: treatment words: ['heal'],FALSE_POSITIVE,"Gate E: lifestyle/comparative trigger word matched in a non-causal, non-comparative sentence (setup mechanics, programming-timing advice, or hedged rationale)"
ea_cobra_stretch,Cobra Stretch,Stretching - Mobility,P2,True,PASS,PRIOR_REAUDIT,Purpose; Purpose/Steps,This card was not materially changed in REV2 for the prior finding(s); the previous finding remains open.,Use neutral wording about the movement/muscles; avoid claiming one exercise reverses a lifestyle/postural problem without assessment.,REAL,Gate A vs SPTR_H3_REV2_ACTION_REGISTER_2026-08-15.md: lifestyle words: ['sitting'],FALSE_POSITIVE,"Gate E: lifestyle/comparative trigger word matched in a non-causal, non-comparative sentence (setup mechanics, programming-timing advice, or hedged rationale)"
ea_cobra_stretch,Cobra Stretch,Stretching - Mobility,P2,True,PASS,POSTURE_CAUSAL,Purpose; Purpose/Steps,Attributes posture/tightness to a single lifestyle cause or implies one exercise corrects it without assessment.,Describe the movement/muscles and mobility target; avoid diagnosing a posture problem or promising to reverse it.,REAL,Purpose attributes tightness to sitting/lifestyle,FALSE_POSITIVE,"Gate E: required safety/hedge language already present in live text, or matched phrase is not the claimed causal/spine cue -- see chat evidence 2026-08-15"
ea_crescent_moon_pose_quad_stretch,Crescent Moon Pose Quad Stretch,Stretching - Mobility,P2,True,PASS,PRIOR_REAUDIT,Purpose; Purpose/Steps,This card was not materially changed in REV2 for the prior finding(s); the previous finding remains open.,Use neutral wording about the movement/muscles; avoid claiming one exercise reverses a lifestyle/postural problem without assessment.; Qualify the target: 'about ... if comfortable and controlled' or use available pain-free ROM.,REAL,Gate A vs SPTR_H3_REV2_ACTION_REGISTER_2026-08-15.md: lifestyle words: ['sitting'],FALSE_POSITIVE,"Gate E: lifestyle/comparative trigger word matched in a non-causal, non-comparative sentence (setup mechanics, programming-timing advice, or hedged rationale)"
ea_crescent_moon_pose_quad_stretch,Crescent Moon Pose Quad Stretch,Stretching - Mobility,P2,True,PASS,POSTURE_CAUSAL,Purpose; Purpose/Steps,Attributes posture/tightness to a single lifestyle cause or implies one exercise corrects it without assessment.,Describe the movement/muscles and mobility target; avoid diagnosing a posture problem or promising to reverse it.,REAL,Purpose attributes tightness to sitting/lifestyle,FALSE_POSITIVE,"Gate E: required safety/hedge language already present in live text, or matched phrase is not the claimed causal/spine cue -- see chat evidence 2026-08-15"
ea_elbow_back_stretch,Elbow Back Stretch,Stretching - Mobility,P2,False,NOT_VERIFIED,DUPLICATE_STEPS,Title↔Steps,"Steps are exactly identical to another differently named exercise: Elbow Back Stretch, Elbows Back Stretch.","Check whether these are true variants. If the movement differs, rewrite the distinguishing setup/execution cue; if identical, consider alias/dedup metadata.",REAL,Confirmed identical Steps text vs named sibling(s),DEDUP_CANDIDATE,"near-identical titles (ratio=0.97), diff words: ['elbow', 'elbows']"
ea_elbows_back_stretch,Elbows Back Stretch,Stretching - Mobility,P2,False,NOT_VERIFIED,DUPLICATE_STEPS,Title↔Steps,"Steps are exactly identical to another differently named exercise: Elbow Back Stretch, Elbows Back Stretch.","Check whether these are true variants. If the movement differs, rewrite the distinguishing setup/execution cue; if identical, consider alias/dedup metadata.",REAL,Confirmed identical Steps text vs named sibling(s),DEDUP_CANDIDATE,"near-identical titles (ratio=0.97), diff words: ['elbow', 'elbows']"
ea_foam_roller_back,Foam Roller Back,Stretching - Mobility,P2,True,PASS,PRIOR_REAUDIT,Purpose/Steps,This card was not materially changed in REV2 for the prior finding(s); the previous finding remains open.,Use neutral wording about the movement/muscles; avoid claiming one exercise reverses a lifestyle/postural problem without assessment.,REAL,Gate A vs SPTR_H3_REV2_ACTION_REGISTER_2026-08-15.md: lifestyle words: ['sitting'],FALSE_POSITIVE,"Gate E: lifestyle/comparative trigger word matched in a non-causal, non-comparative sentence (setup mechanics, programming-timing advice, or hedged rationale)"
ea_foam_roller_calves,Foam Roller Calves,Stretching - Mobility,P1,True,PASS,PRIOR_REAUDIT,Purpose; Purpose/Steps,This card was not materially changed in REV2 for the prior finding(s); the previous finding remains open.,Rewrite: 'Foam rolling can temporarily improve ankle/calf comfort and range of motion and can be used before ankle-demanding activity.'; State the direct effect of the exercise without ranking it against another method.,REAL,Gate A vs SPTR_H3_REV2_ACTION_REGISTER_2026-08-15.md: comparative words: ['faster than'],FALSE_POSITIVE,"Gate E: lifestyle/comparative trigger word matched in a non-causal, non-comparative sentence (setup mechanics, programming-timing advice, or hedged rationale)"
ea_foam_roller_calves,Foam Roller Calves,Stretching - Mobility,P1,True,PASS,SUPERLATIVE_CLAIM,Purpose; Purpose/Steps,"Uses a best/most/only/comparative claim without a defined population, outcome or evidence threshold.","State the direct training effect, or soften to 'can', 'may', 'often', 'a useful option' and define the comparison if it matters.",REAL,Comparative/superlative language confirmed in Purpose text,PERFORMANCE_CLAIM,Gate E: genuine unqualified comparative/exclusivity claim about training effect -- needs softening
ea_foam_roller_lateral_quads,Foam Roller Lateral Quads,Stretching - Mobility,P1,True,PASS,PRIOR_REAUDIT,Purpose/Steps,This card was not materially changed in REV2 for the prior finding(s); the previous finding remains open.,"Use neutral SMR wording; keep pressure tolerable and avoid rolling directly over joints. Do not equate pain with effectiveness.; Replace with 'can', 'may', 'often', 'a useful option', or a specific observable training effect.; State: mild muscular effort/tension can be acceptable; sharp, radiating, joint or neurologic pain is a stop signal.",REAL,Gate A vs SPTR_H3_REV2_ACTION_REGISTER_2026-08-15.md: absolute/comparative words: ['one of the'],FALSE_POSITIVE,"Gate E: lifestyle/comparative trigger word matched in a non-causal, non-comparative sentence (setup mechanics, programming-timing advice, or hedged rationale)"
ea_forearms_stretch_on_wall,Forearms Stretch on Wall,Stretching - Mobility,P2,True,PASS,SUPERLATIVE_CLAIM,Purpose,"Uses a best/most/only/comparative claim without a defined population, outcome or evidence threshold.","State the direct training effect, or soften to 'can', 'may', 'often', 'a useful option' and define the comparison if it matters.",REAL,Comparative/superlative language confirmed in Purpose text,PERFORMANCE_CLAIM,Gate E: genuine unqualified comparative/exclusivity claim about training effect -- needs softening
ea_half_neck_rolls,Half Neck Rolls,Stretching - Mobility,P1,True,PASS,NECK_SPECIALIZED,Purpose/Steps,Direct neck loading or large cervical motion is specialized and needs conservative progression and symptom screening.,"Start unloaded or very light, use controlled neutral-to-comfortable range, avoid forcing end range, and stop for sharp/radiating pain, numbness, tingling, dizziness or neurologic symptoms.",REAL,Title/Steps confirm specialized loaded-neck exercise,FALSE_POSITIVE,"Gate E: required safety/hedge language already present in live text, or matched phrase is not the claimed causal/spine cue -- see chat evidence 2026-08-15"
ea_lats_stretch_on_wall,Lats Stretch on Wall,Stretching - Mobility,P2,True,PASS,PRIOR_REAUDIT,Purpose/Steps,This card was not materially changed in REV2 for the prior finding(s); the previous finding remains open.,Use neutral wording about the movement/muscles; avoid claiming one exercise reverses a lifestyle/postural problem without assessment.,REAL,Gate A vs SPTR_H3_REV2_ACTION_REGISTER_2026-08-15.md: lifestyle words: ['sitting'],FALSE_POSITIVE,"Gate E: lifestyle/comparative trigger word matched in a non-causal, non-comparative sentence (setup mechanics, programming-timing advice, or hedged rationale)"
ea_lying_knee_hugs_lower_back_stretch,Lying Knee Hugs Lower Back Stretch,Stretching - Mobility,P2,True,PASS,PRIOR_REAUDIT,Purpose/Steps,"The 'safest possible' claim was removed, but 'relieves compression' and 'first thing that helps a stiff back' remain treatment-like. Describe supported lumbar/hip flexion and gentle mobility instead.","Replace with relative, observable wording; safety depends on load, technique, symptoms, environment and individual capacity.; Use neutral wording about the movement/muscles; avoid claiming one exercise reverses a lifestyle/postural problem without assessment.",REAL,Gate A vs SPTR_H3_REV2_ACTION_REGISTER_2026-08-15.md: lifestyle words: ['sitting'],FALSE_POSITIVE,"Gate E: lifestyle/comparative trigger word matched in a non-causal, non-comparative sentence (setup mechanics, programming-timing advice, or hedged rationale)"
ea_lying_knees_to_floor_lower_back_stretch,Lying Knees to Floor Lower Back Stretch,Stretching - Mobility,P2,True,PASS,PRIOR_REAUDIT,Purpose; Purpose/Steps,The absolute safety wording is fixed. The comparative claim that rotation is lost faster than other directions remains unnecessary; describe the supported rotation directly.,"Replace with relative, observable wording; safety depends on load, technique, symptoms, environment and individual capacity.; State the direct effect of the exercise without ranking it against another method.",REAL,Gate A vs SPTR_H3_REV2_ACTION_REGISTER_2026-08-15.md: comparative words: ['faster than'],FALSE_POSITIVE,"Gate E: lifestyle/comparative trigger word matched in a non-causal, non-comparative sentence (setup mechanics, programming-timing advice, or hedged rationale)"
ea_lying_knees_to_floor_lower_back_stretch,Lying Knees to Floor Lower Back Stretch,Stretching - Mobility,P2,True,PASS,SUPERLATIVE_CLAIM,Purpose; Purpose/Steps,"Uses a best/most/only/comparative claim without a defined population, outcome or evidence threshold.","State the direct training effect, or soften to 'can', 'may', 'often', 'a useful option' and define the comparison if it matters.",REAL,Comparative/superlative language confirmed in Purpose text,FALSE_POSITIVE,Gate E: comparative word matched but sentence does not compare this exercise to other exercises (programming/technique advice or self-referential form cue)
ea_overhead_triceps_stretch_side_angle,Overhead Triceps Stretch Side Angle,Stretching - Mobility,P2,False,NOT_VERIFIED,DUPLICATE_STEPS,Title↔Steps,"Steps are exactly identical to another differently named exercise: Overhead Triceps Stretch Side Angle, Overhand Tricep Stretching Single Arm.","Check whether these are true variants. If the movement differs, rewrite the distinguishing setup/execution cue; if identical, consider alias/dedup metadata.",REAL,Confirmed identical Steps text vs named sibling(s),DEDUP_CANDIDATE,"Steps say ""Raise your right arm overhead"" -- confirms ""Overhead"" is correct and ""Overhand"" is a title typo, not a technique distinction"
ea_revolved_head_to_knee,Revolved Head to Knee,Stretching - Mobility,P1,True,PASS,PRIOR_REAUDIT,Purpose; Purpose/Steps,This card was not materially changed in REV2 for the prior finding(s); the previous finding remains open.,"Replace with 'can', 'may', 'often', 'a useful option', or a specific observable training effect.",REAL,Gate A vs SPTR_H3_REV2_ACTION_REGISTER_2026-08-15.md: absolute/comparative words: ['almost nothing else'],FALSE_POSITIVE,"Gate E: lifestyle/comparative trigger word matched in a non-causal, non-comparative sentence (setup mechanics, programming-timing advice, or hedged rationale)"
ea_revolved_head_to_knee,Revolved Head to Knee,Stretching - Mobility,P1,True,PASS,SUPERLATIVE_CLAIM,Purpose; Purpose/Steps,"Uses a best/most/only/comparative claim without a defined population, outcome or evidence threshold.","State the direct training effect, or soften to 'can', 'may', 'often', 'a useful option' and define the comparison if it matters.",REAL,Comparative/superlative language confirmed in Purpose text,PERFORMANCE_CLAIM,Gate E: genuine unqualified comparative/exclusivity claim about training effect -- needs softening
ea_side_chest_stretch_on_wall,Side Chest Stretch on Wall,Stretching - Mobility,P2,True,PASS,PRIOR_REAUDIT,Purpose/Steps,This card was not materially changed in REV2 for the prior finding(s); the previous finding remains open.,Use neutral wording about the movement/muscles; avoid claiming one exercise reverses a lifestyle/postural problem without assessment.,REAL,Gate A vs SPTR_H3_REV2_ACTION_REGISTER_2026-08-15.md: lifestyle words: ['desk'],FALSE_POSITIVE,"Gate E: lifestyle/comparative trigger word matched in a non-causal, non-comparative sentence (setup mechanics, programming-timing advice, or hedged rationale)"
ea_standing_quadriceps_stretch,Standing Quadriceps Stretch,Stretching - Mobility,P2,False,NOT_VERIFIED,DUPLICATE_STEPS,Title↔Steps,"Steps are exactly identical to another differently named exercise: Standing Quadriceps Stretch, Standing Quadriceps Stretch Side Angle.","Check whether these are true variants. If the movement differs, rewrite the distinguishing setup/execution cue; if identical, consider alias/dedup metadata.",REAL,Confirmed identical Steps text vs named sibling(s),LEGITIMATE_VARIANT,"differs only by camera/view/angle words: ['angle', 'side']"
ea_standing_quadriceps_stretch_side_angle,Standing Quadriceps Stretch Side Angle,Stretching - Mobility,P2,False,NOT_VERIFIED,DUPLICATE_STEPS,Title↔Steps,"Steps are exactly identical to another differently named exercise: Standing Quadriceps Stretch, Standing Quadriceps Stretch Side Angle.","Check whether these are true variants. If the movement differs, rewrite the distinguishing setup/execution cue; if identical, consider alias/dedup metadata.",REAL,Confirmed identical Steps text vs named sibling(s),LEGITIMATE_VARIANT,"differs only by camera/view/angle words: ['angle', 'side']"
ea_band_bent_over_one_arm_kickback,Band Bent Over One Arm Kickback,Triceps,P2,False,NOT_VERIFIED,SPINE_CUE,Steps,Uses 'flat/straight back' as a rigid dynamic cue; for loaded hinges/rows/planks a stable neutral spine is clearer.,Use 'brace and maintain a stable/neutral spine' unless flat contact with a support is the actual goal.,REAL,,FALSE_POSITIVE,"Gate E: required safety/hedge language already present in live text, or matched phrase is not the claimed causal/spine cue -- see chat evidence 2026-08-15"
ea_barbell_lying_extension,Barbell Lying Extension,Triceps,P2,False,NOT_VERIFIED,DUPLICATE_STEPS,Title↔Steps,"Steps are exactly identical to another differently named exercise: Barbell Lying Extension, Barbell Lying Triceps Extension.","Check whether these are true variants. If the movement differs, rewrite the distinguishing setup/execution cue; if identical, consider alias/dedup metadata.",REAL,Confirmed identical Steps text vs named sibling(s),DEDUP_CANDIDATE,"""Triceps"" is a clarifying insert; lying-extension-to-forehead is inherently a triceps movement -- not a distinguishing claim"
ea_barbell_lying_triceps_extension,Barbell Lying Triceps Extension,Triceps,P2,False,NOT_VERIFIED,DUPLICATE_STEPS,Title↔Steps,"Steps are exactly identical to another differently named exercise: Barbell Lying Extension, Barbell Lying Triceps Extension.","Check whether these are true variants. If the movement differs, rewrite the distinguishing setup/execution cue; if identical, consider alias/dedup metadata.",REAL,Confirmed identical Steps text vs named sibling(s),DEDUP_CANDIDATE,"""Triceps"" is a clarifying insert; lying-extension-to-forehead is inherently a triceps movement -- not a distinguishing claim"
ea_barbell_lying_triceps_skull_crusher,Barbell Lying Triceps Skull Crusher,Triceps,P2,False,NOT_VERIFIED,DUPLICATE_STEPS,Title↔Steps,"Steps are exactly identical to another differently named exercise: Barbell Lying Triceps Skull Crusher, Barbell Lying Triceps Skull Crushers.","Check whether these are true variants. If the movement differs, rewrite the distinguishing setup/execution cue; if identical, consider alias/dedup metadata.",REAL,Confirmed identical Steps text vs named sibling(s),DEDUP_CANDIDATE,"near-identical titles (ratio=0.99), diff words: ['crusher', 'crushers']"
ea_barbell_lying_triceps_skull_crushers,Barbell Lying Triceps Skull Crushers,Triceps,P2,False,NOT_VERIFIED,DUPLICATE_STEPS,Title↔Steps,"Steps are exactly identical to another differently named exercise: Barbell Lying Triceps Skull Crusher, Barbell Lying Triceps Skull Crushers.","Check whether these are true variants. If the movement differs, rewrite the distinguishing setup/execution cue; if identical, consider alias/dedup metadata.",REAL,Confirmed identical Steps text vs named sibling(s),DEDUP_CANDIDATE,"near-identical titles (ratio=0.99), diff words: ['crusher', 'crushers']"
ea_cable_neutral_grip_kickback,Cable Neutral Grip Kickback,Triceps,P2,False,NOT_VERIFIED,SPINE_CUE,Steps,Uses 'flat/straight back' as a rigid dynamic cue; for loaded hinges/rows/planks a stable neutral spine is clearer.,Use 'brace and maintain a stable/neutral spine' unless flat contact with a support is the actual goal.,REAL,,FALSE_POSITIVE,"Gate E: required safety/hedge language already present in live text, or matched phrase is not the claimed causal/spine cue -- see chat evidence 2026-08-15"
ea_cable_reverse_grip_pushdown,Cable Reverse Grip Pushdown,Triceps,P2,False,NOT_VERIFIED,DUPLICATE_STEPS,Steps; Title↔Steps,"Steps are exactly identical to another differently named exercise: Cable Reverse Grip Pushdown, Cable Reverse Grip Triceps Push Down Straight Bar on Crossover, Cable Reverse Grip Triceps Pushdown Back Side Pov.","Check whether these are true variants. If the movement differs, rewrite the distinguishing setup/execution cue; if identical, consider alias/dedup metadata.",REAL,Confirmed identical Steps text vs named sibling(s),LEGITIMATE_VARIANT,"""Straight Bar""/""Crossover""/""Back Side Pov"" name equipment-attachment and camera-view details, not a different technique -- same reverse-grip pushdown described identically and correctly throughout"
ea_cable_reverse_grip_triceps_push_down_straight_bar_on_crossover,Cable Reverse Grip Triceps Push Down Straight Bar on Crossover,Triceps,P2,False,NOT_VERIFIED,DUPLICATE_STEPS,Steps; Title↔Steps,"Steps are exactly identical to another differently named exercise: Cable Reverse Grip Pushdown, Cable Reverse Grip Triceps Push Down Straight Bar on Crossover, Cable Reverse Grip Triceps Pushdown Back Side Pov.","Check whether these are true variants. If the movement differs, rewrite the distinguishing setup/execution cue; if identical, consider alias/dedup metadata.",REAL,Confirmed identical Steps text vs named sibling(s),LEGITIMATE_VARIANT,"""Straight Bar""/""Crossover""/""Back Side Pov"" name equipment-attachment and camera-view details, not a different technique -- same reverse-grip pushdown described identically and correctly throughout"
ea_cable_reverse_grip_triceps_pushdown_back_side_pov,Cable Reverse Grip Triceps Pushdown Back Side Pov,Triceps,P2,False,NOT_VERIFIED,DUPLICATE_STEPS,Steps; Title↔Steps,"Steps are exactly identical to another differently named exercise: Cable Reverse Grip Pushdown, Cable Reverse Grip Triceps Push Down Straight Bar on Crossover, Cable Reverse Grip Triceps Pushdown Back Side Pov.","Check whether these are true variants. If the movement differs, rewrite the distinguishing setup/execution cue; if identical, consider alias/dedup metadata.",REAL,Confirmed identical Steps text vs named sibling(s),LEGITIMATE_VARIANT,"""Straight Bar""/""Crossover""/""Back Side Pov"" name equipment-attachment and camera-view details, not a different technique -- same reverse-grip pushdown described identically and correctly throughout"
ea_dumbbell_seated_kickback,Dumbbell Seated Kickback,Triceps,P2,False,NOT_VERIFIED,SPINE_CUE,Steps,Uses 'flat/straight back' as a rigid dynamic cue; for loaded hinges/rows/planks a stable neutral spine is clearer.,Use 'brace and maintain a stable/neutral spine' unless flat contact with a support is the actual goal.,REAL,,FALSE_POSITIVE,"Gate E: required safety/hedge language already present in live text, or matched phrase is not the claimed causal/spine cue -- see chat evidence 2026-08-15"
ea_dumbbell_standing_both_arms_kickback,Dumbbell Standing Both Arms Kickback,Triceps,P2,False,NOT_VERIFIED,SPINE_CUE,Steps,Uses 'flat/straight back' as a rigid dynamic cue; for loaded hinges/rows/planks a stable neutral spine is clearer.,Use 'brace and maintain a stable/neutral spine' unless flat contact with a support is the actual goal.,REAL,,FALSE_POSITIVE,"Gate E: required safety/hedge language already present in live text, or matched phrase is not the claimed causal/spine cue -- see chat evidence 2026-08-15"
ea_floor_tricep_dip,Floor Tricep Dip,Triceps,P2,True,PASS,SPINE_CUE,Purpose/Steps; Steps,Uses 'flat/straight back' as a rigid dynamic cue; for loaded hinges/rows/planks a stable neutral spine is clearer.,Use 'brace and maintain a stable/neutral spine' unless flat contact with a support is the actual goal.,REAL,,FALSE_POSITIVE,"Gate E: required safety/hedge language already present in live text, or matched phrase is not the claimed causal/spine cue -- see chat evidence 2026-08-15"
ea_overhand_tricep_stretching_single_arm,Overhand Tricep Stretching Single Arm,Triceps,P2,False,NOT_VERIFIED,DUPLICATE_STEPS,Title↔Steps,"Steps are exactly identical to another differently named exercise: Overhead Triceps Stretch Side Angle, Overhand Tricep Stretching Single Arm.","Check whether these are true variants. If the movement differs, rewrite the distinguishing setup/execution cue; if identical, consider alias/dedup metadata.",REAL,Confirmed identical Steps text vs named sibling(s),DEDUP_CANDIDATE,"Steps say ""Raise your right arm overhead"" -- confirms ""Overhead"" is correct and ""Overhand"" is a title typo, not a technique distinction"
ea_3_leg_chatarunga_pose,3 Leg Chatarunga Pose,Yoga,P2,False,NOT_VERIFIED,SPINE_CUE,Steps,Uses 'flat/straight back' as a rigid dynamic cue; for loaded hinges/rows/planks a stable neutral spine is clearer.,Use 'brace and maintain a stable/neutral spine' unless flat contact with a support is the actual goal.,REAL,,FALSE_POSITIVE,"Gate E: required safety/hedge language already present in live text, or matched phrase is not the claimed causal/spine cue -- see chat evidence 2026-08-15"
ea_3_leg_dog_pose,3 Leg Dog Pose,Yoga,P2,False,NOT_VERIFIED,SPINE_CUE,Steps,Uses 'flat/straight back' as a rigid dynamic cue; for loaded hinges/rows/planks a stable neutral spine is clearer.,Use 'brace and maintain a stable/neutral spine' unless flat contact with a support is the actual goal.,REAL,,FALSE_POSITIVE,"Gate E: required safety/hedge language already present in live text, or matched phrase is not the claimed causal/spine cue -- see chat evidence 2026-08-15"
ea_archer_step_back,Archer Step Back,Yoga,P2,False,NOT_VERIFIED,DUPLICATE_STEPS,Steps; Title↔Steps,"Steps are exactly identical to another differently named exercise: Archer Step Back, Archer Stepback.","Check whether these are true variants. If the movement differs, rewrite the distinguishing setup/execution cue; if identical, consider alias/dedup metadata.",REAL,Confirmed identical Steps text vs named sibling(s),DEDUP_CANDIDATE,"near-identical titles (ratio=0.97), diff words: ['back', 'step', 'stepback']"
ea_archer_stepback,Archer Stepback,Yoga,P2,False,NOT_VERIFIED,DUPLICATE_STEPS,Steps; Title↔Steps,"Steps are exactly identical to another differently named exercise: Archer Step Back, Archer Stepback.","Check whether these are true variants. If the movement differs, rewrite the distinguishing setup/execution cue; if identical, consider alias/dedup metadata.",REAL,Confirmed identical Steps text vs named sibling(s),DEDUP_CANDIDATE,"near-identical titles (ratio=0.97), diff words: ['back', 'step', 'stepback']"
ea_bow_pose,Bow Pose,Yoga,P2,True,PASS,PRIOR_REAUDIT,Purpose; Purpose/Steps,This card was not materially changed in REV2 for the prior finding(s); the previous finding remains open.,Use neutral wording about the movement/muscles; avoid claiming one exercise reverses a lifestyle/postural problem without assessment.,REAL,"Gate A vs SPTR_H3_REV2_ACTION_REGISTER_2026-08-15.md: lifestyle words: ['desk', 'desk-bound']",FALSE_POSITIVE,"Gate E: lifestyle/comparative trigger word matched in a non-causal, non-comparative sentence (setup mechanics, programming-timing advice, or hedged rationale)"
ea_bow_pose,Bow Pose,Yoga,P2,True,PASS,POSTURE_CAUSAL,Purpose; Purpose/Steps,Attributes posture/tightness to a single lifestyle cause or implies one exercise corrects it without assessment.,Describe the movement/muscles and mobility target; avoid diagnosing a posture problem or promising to reverse it.,REAL,Purpose attributes tightness to sitting/lifestyle,FALSE_POSITIVE,"Gate E: required safety/hedge language already present in live text, or matched phrase is not the claimed causal/spine cue -- see chat evidence 2026-08-15"
ea_cat_pose,Cat Pose,Yoga,P2,True,PASS,PRIOR_REAUDIT,Purpose/Steps,This card was not materially changed in REV2 for the prior finding(s); the previous finding remains open.,Use neutral wording about the movement/muscles; avoid claiming one exercise reverses a lifestyle/postural problem without assessment.,REAL,Gate A vs SPTR_H3_REV2_ACTION_REGISTER_2026-08-15.md: lifestyle words: ['sitting'],FALSE_POSITIVE,"Gate E: lifestyle/comparative trigger word matched in a non-causal, non-comparative sentence (setup mechanics, programming-timing advice, or hedged rationale)"
ea_criss_cross_bow_tie_pose,Criss Cross Bow Tie Pose,Yoga,P1,True,PASS,PRIOR_REAUDIT,Purpose; Purpose/Steps,This card was not materially changed in REV2 for the prior finding(s); the previous finding remains open.,"Replace with 'can', 'may', 'often', 'a useful option', or a specific observable training effect.",REAL,Gate A vs SPTR_H3_REV2_ACTION_REGISTER_2026-08-15.md: absolute/comparative words: ['almost nothing else'],FALSE_POSITIVE,"Gate E: lifestyle/comparative trigger word matched in a non-causal, non-comparative sentence (setup mechanics, programming-timing advice, or hedged rationale)"
ea_criss_cross_bow_tie_pose,Criss Cross Bow Tie Pose,Yoga,P1,True,PASS,SUPERLATIVE_CLAIM,Purpose; Purpose/Steps,"Uses a best/most/only/comparative claim without a defined population, outcome or evidence threshold.","State the direct training effect, or soften to 'can', 'may', 'often', 'a useful option' and define the comparison if it matters.",REAL,Comparative/superlative language confirmed in Purpose text,PERFORMANCE_CLAIM,Gate E: genuine unqualified comparative/exclusivity claim about training effect -- needs softening
ea_crow_pose,Crow Pose,Yoga,P1,True,PASS,PRIOR_REAUDIT,Purpose/Steps,This card was not materially changed in REV2 for the prior finding(s); the previous finding remains open.,"Add wrist/shoulder risk tags, difficulty=Advanced, cushion/wall/regression guidance, and stop-if-pain cue.; Require difficulty, prerequisites, regressions and relevant joint/region safety tags before publication.",REAL,Gate A vs SPTR_H3_REV2_ACTION_REGISTER_2026-08-15.md: contraindications field is None -- wrist/shoulder risk tags genuinely missing (difficulty=advanced already correct),METADATA_DEFECT,"Gate E: confirmed real (contraindications/safety-language gap), not a phrase-pattern match"
ea_eagle_arms_chin_into_chest,Eagle Arms Chin Into Chest,Yoga,P2,True,PASS,PRIOR_REAUDIT,Purpose/Steps,This card was not materially changed in REV2 for the prior finding(s); the previous finding remains open.,Use neutral wording about the movement/muscles; avoid claiming one exercise reverses a lifestyle/postural problem without assessment.,REAL,Gate A vs SPTR_H3_REV2_ACTION_REGISTER_2026-08-15.md: lifestyle words: ['desk'],FALSE_POSITIVE,"Gate E: lifestyle/comparative trigger word matched in a non-causal, non-comparative sentence (setup mechanics, programming-timing advice, or hedged rationale)"
ea_easy_seated_twist_pose,Easy Seated Twist Pose,Yoga,P2,True,PASS,PRIOR_REAUDIT,Purpose/Steps,This card was not materially changed in REV2 for the prior finding(s); the previous finding remains open.,Use neutral wording about the movement/muscles; avoid claiming one exercise reverses a lifestyle/postural problem without assessment.,REAL,Gate A vs SPTR_H3_REV2_ACTION_REGISTER_2026-08-15.md: lifestyle words: ['sitting'],FALSE_POSITIVE,"Gate E: lifestyle/comparative trigger word matched in a non-causal, non-comparative sentence (setup mechanics, programming-timing advice, or hedged rationale)"
ea_gate_pose_rounding_spine_looking_up,Gate Pose Rounding Spine Looking Up,Yoga,P1,True,PASS,SUPERLATIVE_CLAIM,Purpose; Purpose/Steps,"Uses a best/most/only/comparative claim without a defined population, outcome or evidence threshold.","State the direct training effect, or soften to 'can', 'may', 'often', 'a useful option' and define the comparison if it matters.",REAL,Comparative/superlative language confirmed in Purpose text,PERFORMANCE_CLAIM,Gate E: genuine unqualified comparative/exclusivity claim about training effect -- needs softening
ea_half_lotus,Half Lotus,Yoga,P2,True,PASS,PRIOR_REAUDIT,Purpose/Steps,This card was not materially changed in REV2 for the prior finding(s); the previous finding remains open.,Use neutral wording about the movement/muscles; avoid claiming one exercise reverses a lifestyle/postural problem without assessment.,REAL,Gate A vs SPTR_H3_REV2_ACTION_REGISTER_2026-08-15.md: lifestyle words: ['sitting'],FALSE_POSITIVE,"Gate E: lifestyle/comparative trigger word matched in a non-causal, non-comparative sentence (setup mechanics, programming-timing advice, or hedged rationale)"
ea_high_plank,High Plank,Yoga,P2,False,NOT_VERIFIED,SPINE_CUE,Steps,Uses 'flat/straight back' as a rigid dynamic cue; for loaded hinges/rows/planks a stable neutral spine is clearer.,Use 'brace and maintain a stable/neutral spine' unless flat contact with a support is the actual goal.,REAL,,FALSE_POSITIVE,"Gate E: required safety/hedge language already present in live text, or matched phrase is not the claimed causal/spine cue -- see chat evidence 2026-08-15"
ea_pigeon_glutes_stretch,Pigeon Glutes Stretch,Yoga,P2,True,PASS,SPINE_CUE,Purpose; Purpose/Steps; Steps,Uses 'flat/straight back' as a rigid dynamic cue; for loaded hinges/rows/planks a stable neutral spine is clearer.,Use 'brace and maintain a stable/neutral spine' unless flat contact with a support is the actual goal.,REAL,,FALSE_POSITIVE,"Gate E: required safety/hedge language already present in live text, or matched phrase is not the claimed causal/spine cue -- see chat evidence 2026-08-15"
ea_pigeon_pose,Pigeon Pose,Yoga,P1,True,PASS,PRIOR_REAUDIT,Purpose/Steps; Steps,This card was not materially changed in REV2 for the prior finding(s); the previous finding remains open.,"Replace with 'can', 'may', 'often', 'a useful option', or a specific observable training effect.",REAL,Gate A vs SPTR_H3_REV2_ACTION_REGISTER_2026-08-15.md: absolute/comparative words: ['one of the'],FALSE_POSITIVE,"Gate E: lifestyle/comparative trigger word matched in a non-causal, non-comparative sentence (setup mechanics, programming-timing advice, or hedged rationale)"
ea_pigeon_pose,Pigeon Pose,Yoga,P1,True,PASS,SPINE_CUE,Purpose/Steps; Steps,Uses 'flat/straight back' as a rigid dynamic cue; for loaded hinges/rows/planks a stable neutral spine is clearer.,Use 'brace and maintain a stable/neutral spine' unless flat contact with a support is the actual goal.,REAL,,FALSE_POSITIVE,"Gate E: required safety/hedge language already present in live text, or matched phrase is not the claimed causal/spine cue -- see chat evidence 2026-08-15"
ea_puppy_pose,Puppy Pose,Yoga,P1,True,PASS,PRIOR_REAUDIT,Purpose; Purpose/Steps,"The conditional context helps, but 'the lower back is not involved' and 'the best shape' are still too absolute. Say it reduces lumbar demand for some users while emphasizing shoulder/thoracic range.","Replace with 'can', 'may', 'often', 'a useful option', or a specific observable training effect.",REAL,Gate A vs SPTR_H3_REV2_ACTION_REGISTER_2026-08-15.md: absolute/comparative words: ['best '],FALSE_POSITIVE,"Gate E: lifestyle/comparative trigger word matched in a non-causal, non-comparative sentence (setup mechanics, programming-timing advice, or hedged rationale)"
ea_puppy_pose,Puppy Pose,Yoga,P1,True,PASS,SUPERLATIVE_CLAIM,Purpose; Purpose/Steps,"Uses a best/most/only/comparative claim without a defined population, outcome or evidence threshold.","State the direct training effect, or soften to 'can', 'may', 'often', 'a useful option' and define the comparison if it matters.",REAL,Comparative/superlative language confirmed in Purpose text,STYLE_HYPERBOLE,"Gate E: vague enthusiasm, no specific measurable comparative claim"
ea_wild_thing_pose,Wild Thing Pose,Yoga,P1,True,PASS,PRIOR_REAUDIT,Purpose/Steps,This card was not materially changed in REV2 for the prior finding(s); the previous finding remains open.,"Add wrist/shoulder/back tags, Advanced difficulty, prerequisite side-plank control, regression and controlled-range cue.; Require difficulty, prerequisites, regressions and relevant joint/region safety tags before publication.",REAL,Gate A vs SPTR_H3_REV2_ACTION_REGISTER_2026-08-15.md: contraindications field is None -- wrist/shoulder/back risk tags genuinely missing (difficulty=advanced already correct),METADATA_DEFECT,"Gate E: confirmed real (contraindications/safety-language gap), not a phrase-pattern match"
