id,title,group,priority,has_purpose,visual_status,issue_code,field,finding,recommended_action
ea_45_degree_bicycle_twist_knee_to_elbow,45 Degree Bicycle Twist Knee to Elbow,Abdominals,P2,False,NOT_VERIFIED,DUPLICATE_STEPS,Title↔Steps,"Steps are exactly identical to another differently named exercise: 45 Degree Bicycle Twist Knee to Elbow, 45 Degree Bicycle Twisting.","Check whether these are true variants. If the movement differs, rewrite the distinguishing setup/execution cue; if identical, consider alias/dedup metadata."
ea_45_degree_bicycle_twisting,45 Degree Bicycle Twisting,Abdominals,P2,False,NOT_VERIFIED,DUPLICATE_STEPS,Title↔Steps,"Steps are exactly identical to another differently named exercise: 45 Degree Bicycle Twist Knee to Elbow, 45 Degree Bicycle Twisting.","Check whether these are true variants. If the movement differs, rewrite the distinguishing setup/execution cue; if identical, consider alias/dedup metadata."
ea_45_degree_side_bend,45 Degree Side Bend,Abdominals,P2,False,NOT_VERIFIED,SPINE_CUE,Steps,Uses 'flat/straight back' as a rigid dynamic cue; for loaded hinges/rows/planks a stable neutral spine is clearer.,Use 'brace and maintain a stable/neutral spine' unless flat contact with a support is the actual goal.
ea_45_degree_twisting_hyperextension,45 Degree Twisting Hyperextension,Abdominals,P2,False,NOT_VERIFIED,VAGUE_HOLD,Steps,Uses vague timing ('hold for a while/few seconds').,"Use an explicit short pause such as 1–2 seconds, or a defined static-stretch duration when appropriate."
ea_90_degree_heel_touch,90 Degree Heel Touch,Abdominals,P2,False,NOT_VERIFIED,VAGUE_HOLD,Steps; Title↔Steps,Uses vague timing ('hold for a while/few seconds').,"Use an explicit short pause such as 1–2 seconds, or a defined static-stretch duration when appropriate."
ea_90_degree_heel_touch,90 Degree Heel Touch,Abdominals,P2,False,NOT_VERIFIED,DUPLICATE_STEPS,Steps; Title↔Steps,"Steps are exactly identical to another differently named exercise: 90 Degree Heel Touch, 90 Degree Heels Touch.","Check whether these are true variants. If the movement differs, rewrite the distinguishing setup/execution cue; if identical, consider alias/dedup metadata."
ea_90_degree_heels_touch,90 Degree Heels Touch,Abdominals,P2,False,NOT_VERIFIED,VAGUE_HOLD,Steps; Title↔Steps,Uses vague timing ('hold for a while/few seconds').,"Use an explicit short pause such as 1–2 seconds, or a defined static-stretch duration when appropriate."
ea_90_degree_heels_touch,90 Degree Heels Touch,Abdominals,P2,False,NOT_VERIFIED,DUPLICATE_STEPS,Steps; Title↔Steps,"Steps are exactly identical to another differently named exercise: 90 Degree Heel Touch, 90 Degree Heels Touch.","Check whether these are true variants. If the movement differs, rewrite the distinguishing setup/execution cue; if identical, consider alias/dedup metadata."
ea_abdominal_crunches,Abdominal Crunches,Abdominals,P2,False,NOT_VERIFIED,VAGUE_HOLD,Steps,Uses vague timing ('hold for a while/few seconds').,"Use an explicit short pause such as 1–2 seconds, or a defined static-stretch duration when appropriate."
ea_abdominal_crunches_with_hold,Abdominal Crunches with Hold,Abdominals,P1,False,NOT_VERIFIED,MALFORMED_STEP,Steps,"A list item contains embedded numbering/formatting from another step, so the sequence is malformed.",Split the embedded instruction into its own step and normalize numbering/punctuation.
ea_abdominal_crunches_with_hold,Abdominal Crunches with Hold,Abdominals,P1,False,NOT_VERIFIED,TOO_FEW_STEPS,Steps,Only 2 step(s) are present; setup/execution/return may be underspecified.,"Expand to clear setup, execution, control/return and stop/ROM cues where applicable."
ea_abs_snails,Abs Snails,Abdominals,P2,True,PASS,LOWER_ABS_TERM,Purpose/Steps,Uses 'lower stomach/lower abs' as if it were a separate muscle compartment.,Use 'abdominals/rectus abdominis' and describe the movement (for example posterior pelvic tilt or hip flexion control) instead.
ea_alternate_leg_raise_from_reverse_plank_position,Alternate Leg Raise From Reverse Plank Position,Abdominals,P1,False,NOT_VERIFIED,FORCED_ROM,Steps,Unqualified maximum-range cue may push a user beyond the range they can control without symptoms or compensation.,"Use the largest controlled, pain-free range available without compensation; regress range if alignment or symptoms deteriorate."
ea_arm_rotation_knee_lift,Arm Rotation Knee Lift,Abdominals,P2,False,NOT_VERIFIED,SPINE_CUE,Steps,Uses 'flat/straight back' as a rigid dynamic cue; for loaded hinges/rows/planks a stable neutral spine is clearer.,Use 'brace and maintain a stable/neutral spine' unless flat contact with a support is the actual goal.
ea_barbell_rollout,Barbell Rollout,Abdominals,P1,False,NOT_VERIFIED,FORCED_ROM,Steps,Unqualified maximum-range cue may push a user beyond the range they can control without symptoms or compensation.,"Use the largest controlled, pain-free range available without compensation; regress range if alignment or symptoms deteriorate."
ea_barbell_side_bends,Barbell Side Bends,Abdominals,P2,False,NOT_VERIFIED,SPINE_CUE,Steps,Uses 'flat/straight back' as a rigid dynamic cue; for loaded hinges/rows/planks a stable neutral spine is clearer.,Use 'brace and maintain a stable/neutral spine' unless flat contact with a support is the actual goal.
ea_copenhagen_plank,Copenhagen Plank,Abdominals,P1,True,PASS,PRIOR_REAUDIT,Purpose/Steps,This card was not materially changed in REV2 for the prior finding(s); the previous finding remains open.,Keep the card inside fitness scope: describe the training target; add symptom-based stop/referral guidance instead of promising treatment.
ea_decline_levitating_sit_ups_bodyweight,Decline Levitating Sit Ups Bodyweight,Abdominals,P2,False,NOT_VERIFIED,SPINE_CUE,Steps,Uses 'flat/straight back' as a rigid dynamic cue; for loaded hinges/rows/planks a stable neutral spine is clearer.,Use 'brace and maintain a stable/neutral spine' unless flat contact with a support is the actual goal.
ea_diagonal_chop_cable,Diagonal Chop Cable,Abdominals,P1,False,NOT_VERIFIED,EQUIPMENT_TEXT_CONFLICT,Title↔Steps,Title equipment (cable) conflicts with equipment explicitly named in Steps (band).,Verify the poster/vendor source; then align title and Steps to the same implement. Do not auto-map this without visual confirmation.
ea_dumbbell_half_kneeling_wood_chopper,Dumbbell Half Kneeling Wood Chopper,Abdominals,P2,True,PASS,PRIOR_REAUDIT,Purpose/Steps,This card was not materially changed in REV2 for the prior finding(s); the previous finding remains open.,Qualify the target: 'about ... if comfortable and controlled' or use available pain-free ROM.
ea_dumbbell_single_arm_starfish_crunch,Dumbbell Single Arm Starfish Crunch,Abdominals,P1,False,NOT_VERIFIED,FORCED_ROM,Steps,Unqualified maximum-range cue may push a user beyond the range they can control without symptoms or compensation.,"Use the largest controlled, pain-free range available without compensation; regress range if alignment or symptoms deteriorate."
ea_dumbbell_straight_arm_crunch,Dumbbell Straight Arm Crunch,Abdominals,P1,False,NOT_VERIFIED,FORCED_ROM,Steps,Unqualified maximum-range cue may push a user beyond the range they can control without symptoms or compensation.,"Use the largest controlled, pain-free range available without compensation; regress range if alignment or symptoms deteriorate."
ea_dumbbell_straight_arm_twisting_sit_up,Dumbbell Straight Arm Twisting Sit-up,Abdominals,P1,False,NOT_VERIFIED,FORCED_ROM,Steps,Unqualified maximum-range cue may push a user beyond the range they can control without symptoms or compensation.,"Use the largest controlled, pain-free range available without compensation; regress range if alignment or symptoms deteriorate."
ea_dumbbell_suitcase_crunch,Dumbbell Suitcase Crunch,Abdominals,P2,True,PASS,SPINE_CUE,Steps,Uses 'flat/straight back' as a rigid dynamic cue; for loaded hinges/rows/planks a stable neutral spine is clearer.,Use 'brace and maintain a stable/neutral spine' unless flat contact with a support is the actual goal.
ea_exercise_ball_sit_ups,Exercise Ball Sit Ups,Abdominals,P2,False,NOT_VERIFIED,SPINE_CUE,Steps,Uses 'flat/straight back' as a rigid dynamic cue; for loaded hinges/rows/planks a stable neutral spine is clearer.,Use 'brace and maintain a stable/neutral spine' unless flat contact with a support is the actual goal.
ea_flat_knee_raise,Flat Knee Raise,Abdominals,P2,True,PASS,PRIOR_REAUDIT,Purpose/Steps,"REV2 changed this card, but the edit does not close every prior finding. Keep the unresolved prior action(s) below.","Prefer 'abdominals', 'rectus abdominis', or explain posterior pelvic tilt/hip curl in user-friendly language.; Prefer 'brace and maintain a stable/neutral spine' unless posterior pelvic tilt/bench contact is intentionally required."
ea_flat_knee_raise,Flat Knee Raise,Abdominals,P2,True,PASS,LOWER_ABS_TERM,Purpose/Steps,Uses 'lower stomach/lower abs' as if it were a separate muscle compartment.,Use 'abdominals/rectus abdominis' and describe the movement (for example posterior pelvic tilt or hip flexion control) instead.
ea_hanging_leg_raises,Hanging Leg Raises,Abdominals,P1,True,PASS,PRIOR_REAUDIT,Purpose/Steps; Steps,This card was not materially changed in REV2 for the prior finding(s); the previous finding remains open.,"Prefer 'abdominals', 'rectus abdominis', or explain posterior pelvic tilt/hip curl in user-friendly language."
ea_hanging_leg_raises,Hanging Leg Raises,Abdominals,P1,True,PASS,FORCED_ROM,Purpose/Steps; Steps,Unqualified maximum-range cue may push a user beyond the range they can control without symptoms or compensation.,"Use the largest controlled, pain-free range available without compensation; regress range if alignment or symptoms deteriorate."
ea_hanging_leg_raises,Hanging Leg Raises,Abdominals,P1,True,PASS,LOWER_ABS_TERM,Purpose/Steps; Steps,Uses 'lower stomach/lower abs' as if it were a separate muscle compartment.,Use 'abdominals/rectus abdominis' and describe the movement (for example posterior pelvic tilt or hip flexion control) instead.
ea_high_cable_kneeling_crunch,High Cable Kneeling Crunch,Abdominals,P2,False,NOT_VERIFIED,SPINE_CUE,Steps,Uses 'flat/straight back' as a rigid dynamic cue; for loaded hinges/rows/planks a stable neutral spine is clearer.,Use 'brace and maintain a stable/neutral spine' unless flat contact with a support is the actual goal.
ea_landmine_hollow_hold,Landmine Hollow Hold,Abdominals,P2,True,PASS,PRIOR_REAUDIT,Purpose/Steps,This card was not materially changed in REV2 for the prior finding(s); the previous finding remains open.,Prefer 'brace and maintain a stable/neutral spine' unless posterior pelvic tilt/bench contact is intentionally required.
ea_landmine_russian_twist,Landmine Russian Twist,Abdominals,P1,True,PASS,PRIOR_REAUDIT,Purpose/Steps,This card was not materially changed in REV2 for the prior finding(s); the previous finding remains open.,Keep the card inside fitness scope: describe the training target; add symptom-based stop/referral guidance instead of promising treatment.
ea_leg_raises_straight_legs,Leg Raises (straight Legs),Abdominals,P1,False,NOT_VERIFIED,FORCED_ROM,Steps,Unqualified maximum-range cue may push a user beyond the range they can control without symptoms or compensation.,"Use the largest controlled, pain-free range available without compensation; regress range if alignment or symptoms deteriorate."
ea_med_ball_half_kneeling_wood_choppers,Med Ball Half Kneeling Wood Choppers,Abdominals,P2,True,PASS,PRIOR_REAUDIT,Purpose/Steps,This card was not materially changed in REV2 for the prior finding(s); the previous finding remains open.,Qualify the target: 'about ... if comfortable and controlled' or use available pain-free ROM.
ea_plate_pinch_grip_side_bend,Plate Pinch Grip Side Bend,Abdominals,P1,True,PASS,FORCED_ROM,Steps,Unqualified maximum-range cue may push a user beyond the range they can control without symptoms or compensation.,"Use the largest controlled, pain-free range available without compensation; regress range if alignment or symptoms deteriorate."
ea_plate_russian_twist,Plate Russian Twist,Abdominals,P2,True,PASS,SPINE_CUE,Steps,Uses 'flat/straight back' as a rigid dynamic cue; for loaded hinges/rows/planks a stable neutral spine is clearer.,Use 'brace and maintain a stable/neutral spine' unless flat contact with a support is the actual goal.
ea_plate_standing_twist,Plate Standing Twist,Abdominals,P2,True,PASS,PRIOR_REAUDIT,Purpose/Steps,Purpose presents speed + heavy load as the combination that 'hurts backs'. Keep the control/load caution but avoid a universal injury mechanism claim.,"None specific. Retain the card, but it should still pass the global linter and image/equipment gate after the H3 generator is updated."
ea_reverse_plank,Reverse Plank,Abdominals,P2,True,PASS,PRIOR_REAUDIT,Purpose/Steps,This card was not materially changed in REV2 for the prior finding(s); the previous finding remains open.,Use neutral wording about the movement/muscles; avoid claiming one exercise reverses a lifestyle/postural problem without assessment.
ea_russian_twist_weighted_ball,Russian Twist Weighted Ball,Abdominals,P2,False,NOT_VERIFIED,SPINE_CUE,Steps,Uses 'flat/straight back' as a rigid dynamic cue; for loaded hinges/rows/planks a stable neutral spine is clearer.,Use 'brace and maintain a stable/neutral spine' unless flat contact with a support is the actual goal.
ea_standing_ab_wheel_rollout,Standing Ab Wheel Rollout,Abdominals,P2,False,NOT_VERIFIED,SPINE_CUE,Steps,Uses 'flat/straight back' as a rigid dynamic cue; for loaded hinges/rows/planks a stable neutral spine is clearer.,Use 'brace and maintain a stable/neutral spine' unless flat contact with a support is the actual goal.
ea_45_degree_hyperextension_arms_in_front_of_chest,45 Degree Hyperextension (arms in Front of Chest),Back,P2,False,NOT_VERIFIED,VAGUE_HOLD,Steps; Title↔Steps,Uses vague timing ('hold for a while/few seconds').,"Use an explicit short pause such as 1–2 seconds, or a defined static-stretch duration when appropriate."
ea_45_degree_hyperextension_arms_in_front_of_chest,45 Degree Hyperextension (arms in Front of Chest),Back,P2,False,NOT_VERIFIED,DUPLICATE_STEPS,Steps; Title↔Steps,"Steps are exactly identical to another differently named exercise: 45 Degree Hyperextension (arms in Front of Chest), 45 Degree Hyperextension Arms to Chest, Back Extension Machine.","Check whether these are true variants. If the movement differs, rewrite the distinguishing setup/execution cue; if identical, consider alias/dedup metadata."
ea_45_degree_hyperextension_arms_to_chest,45 Degree Hyperextension Arms to Chest,Back,P2,False,NOT_VERIFIED,VAGUE_HOLD,Steps; Title↔Steps,Uses vague timing ('hold for a while/few seconds').,"Use an explicit short pause such as 1–2 seconds, or a defined static-stretch duration when appropriate."
ea_45_degree_hyperextension_arms_to_chest,45 Degree Hyperextension Arms to Chest,Back,P2,False,NOT_VERIFIED,DUPLICATE_STEPS,Steps; Title↔Steps,"Steps are exactly identical to another differently named exercise: 45 Degree Hyperextension (arms in Front of Chest), 45 Degree Hyperextension Arms to Chest, Back Extension Machine.","Check whether these are true variants. If the movement differs, rewrite the distinguishing setup/execution cue; if identical, consider alias/dedup metadata."
ea_assisted_chin_up_normal_width_reverse_grip,Assisted Chin Up Normal Width Reverse Grip,Back,P2,False,NOT_VERIFIED,DUPLICATE_STEPS,Title↔Steps,"Steps are exactly identical to another differently named exercise: Assisted Chin Up Normal Width Reverse Grip, Assisted Close Grip Underhand Chin Up.","Check whether these are true variants. If the movement differs, rewrite the distinguishing setup/execution cue; if identical, consider alias/dedup metadata."
ea_assisted_close_grip_underhand_chin_up,Assisted Close Grip Underhand Chin Up,Back,P2,False,NOT_VERIFIED,DUPLICATE_STEPS,Title↔Steps,"Steps are exactly identical to another differently named exercise: Assisted Chin Up Normal Width Reverse Grip, Assisted Close Grip Underhand Chin Up.","Check whether these are true variants. If the movement differs, rewrite the distinguishing setup/execution cue; if identical, consider alias/dedup metadata."
ea_assisted_pull_up,Assisted Pull Up,Back,P2,False,NOT_VERIFIED,DUPLICATE_STEPS,Title↔Steps,"Steps are exactly identical to another differently named exercise: Assisted Pull Up, Assisted Pull Up Normal Grip.","Check whether these are true variants. If the movement differs, rewrite the distinguishing setup/execution cue; if identical, consider alias/dedup metadata."
ea_assisted_pull_up_normal_grip,Assisted Pull Up Normal Grip,Back,P2,False,NOT_VERIFIED,DUPLICATE_STEPS,Title↔Steps,"Steps are exactly identical to another differently named exercise: Assisted Pull Up, Assisted Pull Up Normal Grip.","Check whether these are true variants. If the movement differs, rewrite the distinguishing setup/execution cue; if identical, consider alias/dedup metadata."
ea_back_extension_machine,Back Extension Machine,Back,P2,False,NOT_VERIFIED,VAGUE_HOLD,Steps; Title↔Steps,Uses vague timing ('hold for a while/few seconds').,"Use an explicit short pause such as 1–2 seconds, or a defined static-stretch duration when appropriate."
ea_back_extension_machine,Back Extension Machine,Back,P2,False,NOT_VERIFIED,DUPLICATE_STEPS,Steps; Title↔Steps,"Steps are exactly identical to another differently named exercise: 45 Degree Hyperextension (arms in Front of Chest), 45 Degree Hyperextension Arms to Chest, Back Extension Machine.","Check whether these are true variants. If the movement differs, rewrite the distinguishing setup/execution cue; if identical, consider alias/dedup metadata."
ea_back_extension_on_exercise_ball,Back Extension on Exercise Ball,Back,P2,False,NOT_VERIFIED,SPINE_CUE,Steps,Uses 'flat/straight back' as a rigid dynamic cue; for loaded hinges/rows/planks a stable neutral spine is clearer.,Use 'brace and maintain a stable/neutral spine' unless flat contact with a support is the actual goal.
ea_band_bent_over_row,Band Bent-over Row,Back,P2,False,NOT_VERIFIED,SPINE_CUE,Steps,Uses 'flat/straight back' as a rigid dynamic cue; for loaded hinges/rows/planks a stable neutral spine is clearer.,Use 'brace and maintain a stable/neutral spine' unless flat contact with a support is the actual goal.
ea_band_fixed_back_underhand_pulldown,Band Fixed Back Underhand Pulldown,Back,P2,False,NOT_VERIFIED,SPINE_CUE,Steps,Uses 'flat/straight back' as a rigid dynamic cue; for loaded hinges/rows/planks a stable neutral spine is clearer.,Use 'brace and maintain a stable/neutral spine' unless flat contact with a support is the actual goal.
ea_barbell_bent_over_row_pronated_grip,Barbell Bent Over Row Pronated Grip,Back,P2,False,NOT_VERIFIED,SPINE_CUE,Steps; Title↔Steps,Uses 'flat/straight back' as a rigid dynamic cue; for loaded hinges/rows/planks a stable neutral spine is clearer.,Use 'brace and maintain a stable/neutral spine' unless flat contact with a support is the actual goal.
ea_barbell_bent_over_row_pronated_grip,Barbell Bent Over Row Pronated Grip,Back,P2,False,NOT_VERIFIED,DUPLICATE_STEPS,Steps; Title↔Steps,"Steps are exactly identical to another differently named exercise: Barbell Bent Over Row Pronated Grip, Bent Over Barbell Row.","Check whether these are true variants. If the movement differs, rewrite the distinguishing setup/execution cue; if identical, consider alias/dedup metadata."
ea_barbell_bent_over_row_supinated_grip,Barbell Bent Over Row Supinated Grip,Back,P2,False,NOT_VERIFIED,SPINE_CUE,Steps,Uses 'flat/straight back' as a rigid dynamic cue; for loaded hinges/rows/planks a stable neutral spine is clearer.,Use 'brace and maintain a stable/neutral spine' unless flat contact with a support is the actual goal.
ea_barbell_deadlift_360_degrees,Barbell Deadlift 360 Degrees,Back,P2,False,NOT_VERIFIED,SPINE_CUE,Steps; Title↔Steps,Uses 'flat/straight back' as a rigid dynamic cue; for loaded hinges/rows/planks a stable neutral spine is clearer.,Use 'brace and maintain a stable/neutral spine' unless flat contact with a support is the actual goal.
ea_barbell_deadlift_360_degrees,Barbell Deadlift 360 Degrees,Back,P2,False,NOT_VERIFIED,DUPLICATE_STEPS,Steps; Title↔Steps,"Steps are exactly identical to another differently named exercise: Barbell Deadlift 360 Degrees, Barbell Deadlift, Barbell Deadlift (front POV), Barbell Deadlift (side POV).","Check whether these are true variants. If the movement differs, rewrite the distinguishing setup/execution cue; if identical, consider alias/dedup metadata."
ea_barbell_good_morning,Barbell Good Morning,Back,P2,False,NOT_VERIFIED,SPINE_CUE,Steps,Uses 'flat/straight back' as a rigid dynamic cue; for loaded hinges/rows/planks a stable neutral spine is clearer.,Use 'brace and maintain a stable/neutral spine' unless flat contact with a support is the actual goal.
ea_barbell_long_landmine_row,Barbell Long Landmine Row,Back,P2,False,NOT_VERIFIED,SPINE_CUE,Steps,Uses 'flat/straight back' as a rigid dynamic cue; for loaded hinges/rows/planks a stable neutral spine is clearer.,Use 'brace and maintain a stable/neutral spine' unless flat contact with a support is the actual goal.
ea_barbell_meadows_row,Barbell Meadows Row,Back,P2,False,NOT_VERIFIED,SPINE_CUE,Steps,Uses 'flat/straight back' as a rigid dynamic cue; for loaded hinges/rows/planks a stable neutral spine is clearer.,Use 'brace and maintain a stable/neutral spine' unless flat contact with a support is the actual goal.
ea_barbell_one_arm_single_deadlift,Barbell One Arm Single Deadlift,Back,P2,False,NOT_VERIFIED,SPINE_CUE,Steps,Uses 'flat/straight back' as a rigid dynamic cue; for loaded hinges/rows/planks a stable neutral spine is clearer.,Use 'brace and maintain a stable/neutral spine' unless flat contact with a support is the actual goal.
ea_barbell_push_bent_over_row,Barbell Push Bent Over Row,Back,P2,False,NOT_VERIFIED,SPINE_CUE,Steps,Uses 'flat/straight back' as a rigid dynamic cue; for loaded hinges/rows/planks a stable neutral spine is clearer.,Use 'brace and maintain a stable/neutral spine' unless flat contact with a support is the actual goal.
ea_barbell_reverse_deadlift,Barbell Reverse Deadlift,Back,P2,True,PASS,PRIOR_REAUDIT,Purpose/Steps,"REV2 changed this card, but the edit does not close every prior finding. Keep the unresolved prior action(s) below.","Prefer 'brace and maintain a stable/neutral spine' unless posterior pelvic tilt/bench contact is intentionally required.; Use 'move through the largest controlled, pain-free range you can maintain without compensation.'"
ea_barbell_reverse_grip_bent_over_row,Barbell Reverse Grip Bent Over Row,Back,P2,False,NOT_VERIFIED,SPINE_CUE,Steps,Uses 'flat/straight back' as a rigid dynamic cue; for loaded hinges/rows/planks a stable neutral spine is clearer.,Use 'brace and maintain a stable/neutral spine' unless flat contact with a support is the actual goal.
ea_barbell_seated_good_morning,Barbell Seated Good Morning,Back,P2,False,NOT_VERIFIED,SPINE_CUE,Steps,Uses 'flat/straight back' as a rigid dynamic cue; for loaded hinges/rows/planks a stable neutral spine is clearer.,Use 'brace and maintain a stable/neutral spine' unless flat contact with a support is the actual goal.
ea_barbell_single_leg_deadlift,Barbell Single Leg Deadlift,Back,P2,False,NOT_VERIFIED,SPINE_CUE,Steps,Uses 'flat/straight back' as a rigid dynamic cue; for loaded hinges/rows/planks a stable neutral spine is clearer.,Use 'brace and maintain a stable/neutral spine' unless flat contact with a support is the actual goal.
ea_barbell_sumo_deadlift,Barbell Sumo Deadlift,Back,P2,False,NOT_VERIFIED,SPINE_CUE,Steps,Uses 'flat/straight back' as a rigid dynamic cue; for loaded hinges/rows/planks a stable neutral spine is clearer.,Use 'brace and maintain a stable/neutral spine' unless flat contact with a support is the actual goal.
ea_barbell_underhand_bent_over_row,Barbell Underhand Bent Over Row,Back,P2,False,NOT_VERIFIED,SPINE_CUE,Steps,Uses 'flat/straight back' as a rigid dynamic cue; for loaded hinges/rows/planks a stable neutral spine is clearer.,Use 'brace and maintain a stable/neutral spine' unless flat contact with a support is the actual goal.
ea_barbell_wide_grip_upright_row,Barbell Wide Grip Upright Row,Back,P1,False,NOT_VERIFIED,UPRIGHT_ROW,Purpose/Steps,Upright-row tolerance varies with shoulder anatomy and range; rigid height or pain claims should be avoided.,"Use a comfortable range, avoid forcing elbows high, and stop if there is pinching at the front/top of the shoulder; offer lateral-raise/cable alternatives."
ea_behind_neck_lat_pull_down_machine,Behind Neck Lat Pull Down Machine,Back,P1,False,NOT_VERIFIED,BEHIND_NECK,Purpose/Steps,Behind-neck positioning can demand substantial shoulder external rotation/abduction and cervical positioning that is not appropriate for every user.,"Prefer a front-of-body variation by default; if retained, label Advanced and require pain-free shoulder mobility and controlled range."
ea_bent_over_barbell_row,Bent Over Barbell Row,Back,P2,False,NOT_VERIFIED,SPINE_CUE,Steps; Title↔Steps,Uses 'flat/straight back' as a rigid dynamic cue; for loaded hinges/rows/planks a stable neutral spine is clearer.,Use 'brace and maintain a stable/neutral spine' unless flat contact with a support is the actual goal.
ea_bent_over_barbell_row,Bent Over Barbell Row,Back,P2,False,NOT_VERIFIED,DUPLICATE_STEPS,Steps; Title↔Steps,"Steps are exactly identical to another differently named exercise: Barbell Bent Over Row Pronated Grip, Bent Over Barbell Row.","Check whether these are true variants. If the movement differs, rewrite the distinguishing setup/execution cue; if identical, consider alias/dedup metadata."
ea_cable_bar_lateral_pulldown,Cable Bar Lateral Pulldown,Back,P2,False,NOT_VERIFIED,SPINE_CUE,Steps,Uses 'flat/straight back' as a rigid dynamic cue; for loaded hinges/rows/planks a stable neutral spine is clearer.,Use 'brace and maintain a stable/neutral spine' unless flat contact with a support is the actual goal.
ea_cable_low_seated_row,Cable Low Seated Row,Back,P2,False,NOT_VERIFIED,SPINE_CUE,Steps,Uses 'flat/straight back' as a rigid dynamic cue; for loaded hinges/rows/planks a stable neutral spine is clearer.,Use 'brace and maintain a stable/neutral spine' unless flat contact with a support is the actual goal.
ea_cable_one_arm_bent_over_row,Cable One Arm Bent Over Row,Back,P2,False,NOT_VERIFIED,SPINE_CUE,Steps,Uses 'flat/straight back' as a rigid dynamic cue; for loaded hinges/rows/planks a stable neutral spine is clearer.,Use 'brace and maintain a stable/neutral spine' unless flat contact with a support is the actual goal.
ea_cable_palm_rotational_row,Cable Palm Rotational Row,Back,P2,False,NOT_VERIFIED,SPINE_CUE,Steps,Uses 'flat/straight back' as a rigid dynamic cue; for loaded hinges/rows/planks a stable neutral spine is clearer.,Use 'brace and maintain a stable/neutral spine' unless flat contact with a support is the actual goal.
ea_cable_pushdown_straight_arm,Cable Pushdown (straight Arm),Back,P2,False,NOT_VERIFIED,SPINE_CUE,Steps,Uses 'flat/straight back' as a rigid dynamic cue; for loaded hinges/rows/planks a stable neutral spine is clearer.,Use 'brace and maintain a stable/neutral spine' unless flat contact with a support is the actual goal.
ea_cable_rear_pulldown,Cable Rear Pulldown,Back,P2,False,NOT_VERIFIED,SPINE_CUE,Steps,Uses 'flat/straight back' as a rigid dynamic cue; for loaded hinges/rows/planks a stable neutral spine is clearer.,Use 'brace and maintain a stable/neutral spine' unless flat contact with a support is the actual goal.
ea_cable_reverse_grip_straight_back_seated_high_row,Cable Reverse Grip Straight Back Seated High Row,Back,P2,False,NOT_VERIFIED,SPINE_CUE,Steps,Uses 'flat/straight back' as a rigid dynamic cue; for loaded hinges/rows/planks a stable neutral spine is clearer.,Use 'brace and maintain a stable/neutral spine' unless flat contact with a support is the actual goal.
ea_cable_seated_one_arm_alternate_row,Cable Seated One Arm Alternate Row,Back,P2,False,NOT_VERIFIED,SPINE_CUE,Steps,Uses 'flat/straight back' as a rigid dynamic cue; for loaded hinges/rows/planks a stable neutral spine is clearer.,Use 'brace and maintain a stable/neutral spine' unless flat contact with a support is the actual goal.
ea_cable_seated_row,Cable Seated Row,Back,P2,False,NOT_VERIFIED,SPINE_CUE,Steps,Uses 'flat/straight back' as a rigid dynamic cue; for loaded hinges/rows/planks a stable neutral spine is clearer.,Use 'brace and maintain a stable/neutral spine' unless flat contact with a support is the actual goal.
ea_cable_seated_supine_grip_row,Cable Seated Supine Grip Row,Back,P2,False,NOT_VERIFIED,SPINE_CUE,Steps,Uses 'flat/straight back' as a rigid dynamic cue; for loaded hinges/rows/planks a stable neutral spine is clearer.,Use 'brace and maintain a stable/neutral spine' unless flat contact with a support is the actual goal.
ea_cable_seated_on_floor_row,Cable Seated on Floor Row,Back,P2,False,NOT_VERIFIED,SPINE_CUE,Steps,Uses 'flat/straight back' as a rigid dynamic cue; for loaded hinges/rows/planks a stable neutral spine is clearer.,Use 'brace and maintain a stable/neutral spine' unless flat contact with a support is the actual goal.
ea_cable_silverback_shrug,Cable Silverback Shrug,Back,P2,True,PASS,PRIOR_REAUDIT,Purpose/Steps,"REV2 changed this card, but the edit does not close every prior finding. Keep the unresolved prior action(s) below.",Use neutral wording about the movement/muscles; avoid claiming one exercise reverses a lifestyle/postural problem without assessment.; Prefer 'brace and maintain a stable/neutral spine' unless posterior pelvic tilt/bench contact is intentionally required.
ea_cable_straight_arm_pulldown,Cable Straight Arm Pulldown,Back,P2,False,NOT_VERIFIED,SPINE_CUE,Steps,Uses 'flat/straight back' as a rigid dynamic cue; for loaded hinges/rows/planks a stable neutral spine is clearer.,Use 'brace and maintain a stable/neutral spine' unless flat contact with a support is the actual goal.
ea_cable_twisting_pull,Cable Twisting Pull,Back,P2,False,NOT_VERIFIED,SPINE_CUE,Steps,Uses 'flat/straight back' as a rigid dynamic cue; for loaded hinges/rows/planks a stable neutral spine is clearer.,Use 'brace and maintain a stable/neutral spine' unless flat contact with a support is the actual goal.
ea_chin_up,Chin Up,Back,P2,False,NOT_VERIFIED,DUPLICATE_STEPS,Title↔Steps,"Steps are exactly identical to another differently named exercise: Chin Up, Chin Up Reverse Normal Grip.","Check whether these are true variants. If the movement differs, rewrite the distinguishing setup/execution cue; if identical, consider alias/dedup metadata."
ea_chin_up_reverse_normal_grip,Chin Up Reverse Normal Grip,Back,P2,False,NOT_VERIFIED,DUPLICATE_STEPS,Title↔Steps,"Steps are exactly identical to another differently named exercise: Chin Up, Chin Up Reverse Normal Grip.","Check whether these are true variants. If the movement differs, rewrite the distinguishing setup/execution cue; if identical, consider alias/dedup metadata."
ea_dumbbell_bent_over_reverse_row,Dumbbell Bent-over Reverse Row,Back,P2,False,NOT_VERIFIED,SPINE_CUE,Steps,Uses 'flat/straight back' as a rigid dynamic cue; for loaded hinges/rows/planks a stable neutral spine is clearer.,Use 'brace and maintain a stable/neutral spine' unless flat contact with a support is the actual goal.
ea_dumbbell_goblet_good_morning,Dumbbell Goblet Good Morning,Back,P2,True,PASS,SPINE_CUE,Steps,Uses 'flat/straight back' as a rigid dynamic cue; for loaded hinges/rows/planks a stable neutral spine is clearer.,Use 'brace and maintain a stable/neutral spine' unless flat contact with a support is the actual goal.
ea_dumbbell_one_arm_row_rack_support,Dumbbell One Arm Row (rack Support),Back,P2,False,NOT_VERIFIED,SPINE_CUE,Steps,Uses 'flat/straight back' as a rigid dynamic cue; for loaded hinges/rows/planks a stable neutral spine is clearer.,Use 'brace and maintain a stable/neutral spine' unless flat contact with a support is the actual goal.
ea_dumbbells_bent_over_row,Dumbbells Bent Over Row,Back,P2,False,NOT_VERIFIED,SPINE_CUE,Steps,Uses 'flat/straight back' as a rigid dynamic cue; for loaded hinges/rows/planks a stable neutral spine is clearer.,Use 'brace and maintain a stable/neutral spine' unless flat contact with a support is the actual goal.
ea_good_morning_resistance_band,Good Morning Resistance Band,Back,P2,False,NOT_VERIFIED,SPINE_CUE,Steps,Uses 'flat/straight back' as a rigid dynamic cue; for loaded hinges/rows/planks a stable neutral spine is clearer.,Use 'brace and maintain a stable/neutral spine' unless flat contact with a support is the actual goal.
ea_jump_rope_row,Jump Rope Row,Back,P2,False,NOT_VERIFIED,SPINE_CUE,Steps,Uses 'flat/straight back' as a rigid dynamic cue; for loaded hinges/rows/planks a stable neutral spine is clearer.,Use 'brace and maintain a stable/neutral spine' unless flat contact with a support is the actual goal.
ea_kettlebell_pullover,Kettlebell Pullover,Back,P2,True,PASS,PRIOR_REAUDIT,Purpose/Steps,This card was not materially changed in REV2 for the prior finding(s); the previous finding remains open.,Use neutral wording about the movement/muscles; avoid claiming one exercise reverses a lifestyle/postural problem without assessment.
ea_kettlebell_sumo_deadlift,Kettlebell Sumo Deadlift,Back,P2,False,NOT_VERIFIED,SPINE_CUE,Steps,Uses 'flat/straight back' as a rigid dynamic cue; for loaded hinges/rows/planks a stable neutral spine is clearer.,Use 'brace and maintain a stable/neutral spine' unless flat contact with a support is the actual goal.
ea_kettlebell_sumo_deadlift_with_high_pull,Kettlebell Sumo Deadlift with High Pull,Back,P2,False,NOT_VERIFIED,SPINE_CUE,Steps,Uses 'flat/straight back' as a rigid dynamic cue; for loaded hinges/rows/planks a stable neutral spine is clearer.,Use 'brace and maintain a stable/neutral spine' unless flat contact with a support is the actual goal.
ea_lat_pull_down_close_grip,Lat Pull Down Close Grip,Back,P2,False,NOT_VERIFIED,SPINE_CUE,Steps,Uses 'flat/straight back' as a rigid dynamic cue; for loaded hinges/rows/planks a stable neutral spine is clearer.,Use 'brace and maintain a stable/neutral spine' unless flat contact with a support is the actual goal.
ea_lat_pull_down_normal_grip,Lat Pull Down Normal Grip,Back,P2,False,NOT_VERIFIED,SPINE_CUE,Steps,Uses 'flat/straight back' as a rigid dynamic cue; for loaded hinges/rows/planks a stable neutral spine is clearer.,Use 'brace and maintain a stable/neutral spine' unless flat contact with a support is the actual goal.
ea_lat_pull_down_wide_grip,Lat Pull Down Wide Grip,Back,P2,False,NOT_VERIFIED,SPINE_CUE,Steps,Uses 'flat/straight back' as a rigid dynamic cue; for loaded hinges/rows/planks a stable neutral spine is clearer.,Use 'brace and maintain a stable/neutral spine' unless flat contact with a support is the actual goal.
ea_plate_glute_bridge_to_pullover,Plate Glute Bridge to Pullover,Back,P1,True,PASS,PRIOR_REAUDIT,Purpose/Steps; Steps,This card was not materially changed in REV2 for the prior finding(s); the previous finding remains open.,Use neutral wording about the movement/muscles; avoid claiming one exercise reverses a lifestyle/postural problem without assessment.
ea_plate_glute_bridge_to_pullover,Plate Glute Bridge to Pullover,Back,P1,True,PASS,FORCED_ROM,Purpose/Steps; Steps,Unqualified maximum-range cue may push a user beyond the range they can control without symptoms or compensation.,"Use the largest controlled, pain-free range available without compensation; regress range if alignment or symptoms deteriorate."
ea_plate_good_morning,Plate Good Morning,Back,P2,True,PASS,SPINE_CUE,Steps,Uses 'flat/straight back' as a rigid dynamic cue; for loaded hinges/rows/planks a stable neutral spine is clearer.,Use 'brace and maintain a stable/neutral spine' unless flat contact with a support is the actual goal.
ea_plate_pinch_grip_row,Plate Pinch Grip Row,Back,P1,True,PASS,PRIOR_REAUDIT,Purpose/Steps,"REV2 changed this card, but the edit does not close every prior finding. Keep the unresolved prior action(s) below.","Replace with 'can', 'may', 'often', 'a useful option', or a specific observable training effect."
ea_pull_up_wide_grip,Pull Up Wide Grip,Back,P2,False,NOT_VERIFIED,DUPLICATE_STEPS,Title↔Steps,"Steps are exactly identical to another differently named exercise: Pull Up Wide Grip, Pull Up Wide Grip Front View.","Check whether these are true variants. If the movement differs, rewrite the distinguishing setup/execution cue; if identical, consider alias/dedup metadata."
ea_pull_up_wide_grip_front_view,Pull Up Wide Grip Front View,Back,P2,False,NOT_VERIFIED,DUPLICATE_STEPS,Title↔Steps,"Steps are exactly identical to another differently named exercise: Pull Up Wide Grip, Pull Up Wide Grip Front View.","Check whether these are true variants. If the movement differs, rewrite the distinguishing setup/execution cue; if identical, consider alias/dedup metadata."
ea_reverse_grip_lat_pull_down,Reverse Grip Lat Pull Down,Back,P2,False,NOT_VERIFIED,SPINE_CUE,Steps,Uses 'flat/straight back' as a rigid dynamic cue; for loaded hinges/rows/planks a stable neutral spine is clearer.,Use 'brace and maintain a stable/neutral spine' unless flat contact with a support is the actual goal.
ea_romanian_deadlift_barbell,Romanian Deadlift Barbell,Back,P2,False,NOT_VERIFIED,SPINE_CUE,Steps,Uses 'flat/straight back' as a rigid dynamic cue; for loaded hinges/rows/planks a stable neutral spine is clearer.,Use 'brace and maintain a stable/neutral spine' unless flat contact with a support is the actual goal.
ea_seated_cable_row_v_bar_machine,Seated Cable Row V Bar Machine,Back,P2,False,NOT_VERIFIED,SPINE_CUE,Steps,Uses 'flat/straight back' as a rigid dynamic cue; for loaded hinges/rows/planks a stable neutral spine is clearer.,Use 'brace and maintain a stable/neutral spine' unless flat contact with a support is the actual goal.
ea_seated_resistance_band_cable_rows,Seated Resistance Band - Cable Rows,Back,P2,False,NOT_VERIFIED,SPINE_CUE,Steps,Uses 'flat/straight back' as a rigid dynamic cue; for loaded hinges/rows/planks a stable neutral spine is clearer.,Use 'brace and maintain a stable/neutral spine' unless flat contact with a support is the actual goal.
ea_seated_row_machine_rows,Seated Row Machine Rows,Back,P2,True,PASS,PRIOR_REAUDIT,Purpose/Steps,"Absolute 'safest' wording was removed. Residual wording still tells users this is 'the one to choose' when the lower back is tired; keep as a relative mechanical advantage, not a symptom-based prescription.","Replace with relative, observable wording; safety depends on load, technique, symptoms, environment and individual capacity."
ea_single_kettlebell_deadlift,Single Kettlebell Deadlift,Back,P2,False,NOT_VERIFIED,SPINE_CUE,Steps,Uses 'flat/straight back' as a rigid dynamic cue; for loaded hinges/rows/planks a stable neutral spine is clearer.,Use 'brace and maintain a stable/neutral spine' unless flat contact with a support is the actual goal.
ea_straight_arm_cable_lat_pull_down,Straight Arm Cable Lat Pull Down,Back,P1,True,PASS,JOINT_LOCK,Steps,"Uses 'lock' at a knee/elbow, which can be interpreted as forceful hyperextension.",Use 'fully extend without forceful hyperextension' or simply 'straighten under control'.
ea_straight_bar_cable_row_close_grip,Straight Bar Cable Row Close Grip,Back,P2,False,NOT_VERIFIED,SPINE_CUE,Steps,Uses 'flat/straight back' as a rigid dynamic cue; for loaded hinges/rows/planks a stable neutral spine is clearer.,Use 'brace and maintain a stable/neutral spine' unless flat contact with a support is the actual goal.
ea_straight_bar_cable_row_normal_grip,Straight Bar Cable Row Normal Grip,Back,P2,False,NOT_VERIFIED,SPINE_CUE,Steps,Uses 'flat/straight back' as a rigid dynamic cue; for loaded hinges/rows/planks a stable neutral spine is clearer.,Use 'brace and maintain a stable/neutral spine' unless flat contact with a support is the actual goal.
ea_theraband_scapula_retraction,Theraband Scapula Retraction,Back,P2,True,PASS,PRIOR_REAUDIT,Purpose/Steps,This card was not materially changed in REV2 for the prior finding(s); the previous finding remains open.,Use neutral wording about the movement/muscles; avoid claiming one exercise reverses a lifestyle/postural problem without assessment.
ea_trap_bar_deadlift,Trap Bar Deadlift,Back,P2,False,NOT_VERIFIED,SPINE_CUE,Steps,Uses 'flat/straight back' as a rigid dynamic cue; for loaded hinges/rows/planks a stable neutral spine is clearer.,Use 'brace and maintain a stable/neutral spine' unless flat contact with a support is the actual goal.
ea_upright_row_barbell,Upright Row Barbell,Back,P1,False,NOT_VERIFIED,UPRIGHT_ROW,Purpose/Steps,Upright-row tolerance varies with shoulder anatomy and range; rigid height or pain claims should be avoided.,"Use a comfortable range, avoid forcing elbows high, and stop if there is pinching at the front/top of the shoulder; offer lateral-raise/cable alternatives."
ea_band_close_grip_biceps_curl,Band Close-grip Biceps Curl,Biceps,P2,False,NOT_VERIFIED,SPINE_CUE,Steps,Uses 'flat/straight back' as a rigid dynamic cue; for loaded hinges/rows/planks a stable neutral spine is clearer.,Use 'brace and maintain a stable/neutral spine' unless flat contact with a support is the actual goal.
ea_barbell_bicep_curl_normal_grip,Barbell Bicep Curl Normal Grip,Biceps,P2,False,NOT_VERIFIED,DUPLICATE_STEPS,Title↔Steps,"Steps are exactly identical to another differently named exercise: Barbell Bicep Curl Normal Grip, Barbell Biceps Curl.","Check whether these are true variants. If the movement differs, rewrite the distinguishing setup/execution cue; if identical, consider alias/dedup metadata."
ea_barbell_biceps_curl,Barbell Biceps Curl,Biceps,P2,False,NOT_VERIFIED,DUPLICATE_STEPS,Title↔Steps,"Steps are exactly identical to another differently named exercise: Barbell Bicep Curl Normal Grip, Barbell Biceps Curl.","Check whether these are true variants. If the movement differs, rewrite the distinguishing setup/execution cue; if identical, consider alias/dedup metadata."
ea_barbell_drag_biceps_curl,Barbell Drag Biceps Curl,Biceps,P2,False,NOT_VERIFIED,DUPLICATE_STEPS,Title↔Steps,"Steps are exactly identical to another differently named exercise: Barbell Drag Biceps Curl, Barbell Drag Curl.","Check whether these are true variants. If the movement differs, rewrite the distinguishing setup/execution cue; if identical, consider alias/dedup metadata."
ea_barbell_drag_curl,Barbell Drag Curl,Biceps,P2,False,NOT_VERIFIED,DUPLICATE_STEPS,Title↔Steps,"Steps are exactly identical to another differently named exercise: Barbell Drag Biceps Curl, Barbell Drag Curl.","Check whether these are true variants. If the movement differs, rewrite the distinguishing setup/execution cue; if identical, consider alias/dedup metadata."
ea_barbell_preacher_curl,Barbell Preacher Curl,Biceps,P2,False,NOT_VERIFIED,SPINE_CUE,Steps,Uses 'flat/straight back' as a rigid dynamic cue; for loaded hinges/rows/planks a stable neutral spine is clearer.,Use 'brace and maintain a stable/neutral spine' unless flat contact with a support is the actual goal.
ea_cable_biceps_curl_ez_bar,Cable Biceps Curl (ez-bar),Biceps,P2,False,NOT_VERIFIED,SPINE_CUE,Steps,Uses 'flat/straight back' as a rigid dynamic cue; for loaded hinges/rows/planks a stable neutral spine is clearer.,Use 'brace and maintain a stable/neutral spine' unless flat contact with a support is the actual goal.
ea_cable_close_grip_curl,Cable Close Grip Curl,Biceps,P2,False,NOT_VERIFIED,SPINE_CUE,Steps,Uses 'flat/straight back' as a rigid dynamic cue; for loaded hinges/rows/planks a stable neutral spine is clearer.,Use 'brace and maintain a stable/neutral spine' unless flat contact with a support is the actual goal.
ea_cable_one_arm_curl,Cable One Arm Curl,Biceps,P2,False,NOT_VERIFIED,SPINE_CUE,Steps,Uses 'flat/straight back' as a rigid dynamic cue; for loaded hinges/rows/planks a stable neutral spine is clearer.,Use 'brace and maintain a stable/neutral spine' unless flat contact with a support is the actual goal.
ea_cable_one_arm_inner_biceps_curl,Cable One Arm Inner Biceps Curl,Biceps,P2,False,NOT_VERIFIED,SPINE_CUE,Steps,Uses 'flat/straight back' as a rigid dynamic cue; for loaded hinges/rows/planks a stable neutral spine is clearer.,Use 'brace and maintain a stable/neutral spine' unless flat contact with a support is the actual goal.
ea_cable_overhead_curl,Cable Overhead Curl,Biceps,P2,False,NOT_VERIFIED,SPINE_CUE,Steps,Uses 'flat/straight back' as a rigid dynamic cue; for loaded hinges/rows/planks a stable neutral spine is clearer.,Use 'brace and maintain a stable/neutral spine' unless flat contact with a support is the actual goal.
ea_cable_reverse_curl,Cable Reverse Curl,Biceps,P2,False,NOT_VERIFIED,SPINE_CUE,Steps,Uses 'flat/straight back' as a rigid dynamic cue; for loaded hinges/rows/planks a stable neutral spine is clearer.,Use 'brace and maintain a stable/neutral spine' unless flat contact with a support is the actual goal.
ea_drag_curl_resistance_band,Drag Curl Resistance Band,Biceps,P2,False,NOT_VERIFIED,SPINE_CUE,Steps,Uses 'flat/straight back' as a rigid dynamic cue; for loaded hinges/rows/planks a stable neutral spine is clearer.,Use 'brace and maintain a stable/neutral spine' unless flat contact with a support is the actual goal.
ea_dumbbell_seated_zottman_curl,Dumbbell Seated Zottman Curl,Biceps,P2,True,PASS,PRIOR_REAUDIT,Purpose/Steps,This card was not materially changed in REV2 for the prior finding(s); the previous finding remains open.,Use neutral wording about the movement/muscles; avoid claiming one exercise reverses a lifestyle/postural problem without assessment.
ea_hammer_strength_mts_iso_lateral_biceps_curl_alternate_arm,Hammer Strength MTS Iso-lateral Biceps Curl Alternate Arm,Biceps,P2,False,NOT_VERIFIED,DUPLICATE_STEPS,Title↔Steps,"Steps are exactly identical to another differently named exercise: Hammer Strength MTS Iso-lateral Biceps Curl Alternate Arm, Hammer Strength MTS Iso-lateral Biceps Curl Arm Alternating.","Check whether these are true variants. If the movement differs, rewrite the distinguishing setup/execution cue; if identical, consider alias/dedup metadata."
ea_hammer_strength_mts_iso_lateral_biceps_curl_arm_alternating,Hammer Strength MTS Iso-lateral Biceps Curl Arm Alternating,Biceps,P2,False,NOT_VERIFIED,DUPLICATE_STEPS,Title↔Steps,"Steps are exactly identical to another differently named exercise: Hammer Strength MTS Iso-lateral Biceps Curl Alternate Arm, Hammer Strength MTS Iso-lateral Biceps Curl Arm Alternating.","Check whether these are true variants. If the movement differs, rewrite the distinguishing setup/execution cue; if identical, consider alias/dedup metadata."
ea_kettlebell_curl,Kettlebell Curl,Biceps,P2,True,PASS,PRIOR_REAUDIT,Purpose/Steps,"Accepted exception: 'grip training you get for free' is ordinary idiom for an incidental training effect, not a safety or medical promise. No content change required for this phrase.",Re-review this card before H3 propagation.
ea_180_jump_turns,180 Jump Turns,Calisthenics-Cardio-Plyo-Functional,P1,True,PASS,KNEE_TOE_RULE,Purpose/Steps,Uses knee-behind-toes / knee-past-toes as a universal rule. Knee travel can be normal; alignment and control matter more.,"Cue a stable whole foot and knee tracking in line with the toes; let range depend on controlled, pain-free mechanics."
ea_4_punches_side_squat,4 Punches Side Squat,Calisthenics-Cardio-Plyo-Functional,P2,False,NOT_VERIFIED,SPINE_CUE,Steps,Uses 'flat/straight back' as a rigid dynamic cue; for loaded hinges/rows/planks a stable neutral spine is clearer.,Use 'brace and maintain a stable/neutral spine' unless flat contact with a support is the actual goal.
ea_agility_ladder_skipping_1_touch,Agility Ladder Skipping 1 Touch,Calisthenics-Cardio-Plyo-Functional,P2,True,PASS,PRIOR_REAUDIT,Purpose; Purpose/Steps,The superlative was softened only from 'most effective' to 'one of the most effective'. This remains an unnecessary ranking claim; say it trains rapid foot contacts and coordination.,"Replace with 'can', 'may', 'often', 'a useful option', or a specific observable training effect."
ea_agility_ladder_skipping_1_touch,Agility Ladder Skipping 1 Touch,Calisthenics-Cardio-Plyo-Functional,P2,True,PASS,SUPERLATIVE_CLAIM,Purpose; Purpose/Steps,"Uses a best/most/only/comparative claim without a defined population, outcome or evidence threshold.","State the direct training effect, or soften to 'can', 'may', 'often', 'a useful option' and define the comparison if it matters."
ea_air_punches_march,Air Punches March,Calisthenics-Cardio-Plyo-Functional,P2,False,NOT_VERIFIED,SPINE_CUE,Steps,Uses 'flat/straight back' as a rigid dynamic cue; for loaded hinges/rows/planks a stable neutral spine is clearer.,Use 'brace and maintain a stable/neutral spine' unless flat contact with a support is the actual goal.
ea_arm_pulses,Arm Pulses,Calisthenics-Cardio-Plyo-Functional,P2,False,NOT_VERIFIED,SPINE_CUE,Steps,Uses 'flat/straight back' as a rigid dynamic cue; for loaded hinges/rows/planks a stable neutral spine is clearer.,Use 'brace and maintain a stable/neutral spine' unless flat contact with a support is the actual goal.
ea_arm_pulses_cross,Arm Pulses Cross,Calisthenics-Cardio-Plyo-Functional,P2,False,NOT_VERIFIED,SPINE_CUE,Steps,Uses 'flat/straight back' as a rigid dynamic cue; for loaded hinges/rows/planks a stable neutral spine is clearer.,Use 'brace and maintain a stable/neutral spine' unless flat contact with a support is the actual goal.
ea_ball_slams,Ball Slams,Calisthenics-Cardio-Plyo-Functional,P2,True,PASS,PRIOR_REAUDIT,Purpose/Steps,"The neutral-spine step fix is correct, but Purpose still says this is one of the few exercises where you can go 'completely all out safely'. Keep the power/conditioning description, remove the absolute safety implication.",Prefer 'brace and maintain a stable/neutral spine' unless posterior pelvic tilt/bench contact is intentionally required.
ea_battle_rope_alternating_arm_waves,Battle Rope Alternating Arm Waves,Calisthenics-Cardio-Plyo-Functional,P2,True,PASS,PRIOR_REAUDIT,Purpose/Steps,Purpose says there is almost no joint impact and ties that to sore knees/ankles. Use a relative conditioning claim instead of symptom-based prescription.,"None specific. Retain the card, but it should still pass the global linter and image/equipment gate after the H3 generator is updated."
ea_battle_rope_double_arm_slams,Battle Rope Double Arm Slams,Calisthenics-Cardio-Plyo-Functional,P2,True,PASS,SUPERLATIVE_CLAIM,Purpose,"Uses a best/most/only/comparative claim without a defined population, outcome or evidence threshold.","State the direct training effect, or soften to 'can', 'may', 'often', 'a useful option' and define the comparison if it matters."
ea_bent_over_twist,Bent Over Twist,Calisthenics-Cardio-Plyo-Functional,P2,False,NOT_VERIFIED,SPINE_CUE,Steps,Uses 'flat/straight back' as a rigid dynamic cue; for loaded hinges/rows/planks a stable neutral spine is clearer.,Use 'brace and maintain a stable/neutral spine' unless flat contact with a support is the actual goal.
ea_body_throw,Body Throw,Calisthenics-Cardio-Plyo-Functional,P2,False,NOT_VERIFIED,SPINE_CUE,Steps,Uses 'flat/straight back' as a rigid dynamic cue; for loaded hinges/rows/planks a stable neutral spine is clearer.,Use 'brace and maintain a stable/neutral spine' unless flat contact with a support is the actual goal.
ea_box_sled_push,Box Sled Push,Calisthenics-Cardio-Plyo-Functional,P0,True,TITLE/POSTER ACCEPTED AS MOVEMENT-FAMILY CONVENTION; STEPS↔POSTER FAIL,PRIOR_REAUDIT,Image↔Steps; Purpose/Steps,"Purpose was improved and neutral-spine cue fixed. However, the current poster shows a box/block while Step 1 still says 'Load the sled and grip the high handles or the frame'. Even if 'Sled Push' is accepted as a movement-pattern family, this Step describes equipment that is not shown. This remains the only P0 blocker.",Use 'often produces less eccentric muscle soreness than...' or 'can allow substantial conditioning volume' with dosing caveat.; Prefer 'brace and maintain a stable/neutral spine' unless posterior pelvic tilt/bench contact is intentionally required.
ea_box_sled_push,Box Sled Push,Calisthenics-Cardio-Plyo-Functional,P0,True,TITLE/POSTER ACCEPTED AS MOVEMENT-FAMILY CONVENTION; STEPS↔POSTER FAIL,BOX_SLED_STEP_IMAGE,Image↔Steps; Purpose/Steps,"Poster shows a box/block push, but Step 1 still says to load a sled and grip sled handles/frame.","Rewrite Steps for the box actually shown, or replace the poster with a true sled-push image."
ea_briskly_walking,Briskly Walking,Calisthenics-Cardio-Plyo-Functional,P2,False,NOT_VERIFIED,DUPLICATE_STEPS,Title↔Steps,"Steps are exactly identical to another differently named exercise: Briskly Walking, Briskly Walking (360 Degrees).","Check whether these are true variants. If the movement differs, rewrite the distinguishing setup/execution cue; if identical, consider alias/dedup metadata."
ea_briskly_walking_360_degrees,Briskly Walking (360 Degrees),Calisthenics-Cardio-Plyo-Functional,P2,False,NOT_VERIFIED,DUPLICATE_STEPS,Title↔Steps,"Steps are exactly identical to another differently named exercise: Briskly Walking, Briskly Walking (360 Degrees).","Check whether these are true variants. If the movement differs, rewrite the distinguishing setup/execution cue; if identical, consider alias/dedup metadata."
ea_butt_kicks,Butt Kicks,Calisthenics-Cardio-Plyo-Functional,P2,False,NOT_VERIFIED,DUPLICATE_STEPS,Title↔Steps,"Steps are exactly identical to another differently named exercise: Butt Kicks, Butt Kicks Slow.","Check whether these are true variants. If the movement differs, rewrite the distinguishing setup/execution cue; if identical, consider alias/dedup metadata."
ea_butt_kicks_slow,Butt Kicks Slow,Calisthenics-Cardio-Plyo-Functional,P2,False,NOT_VERIFIED,DUPLICATE_STEPS,Title↔Steps,"Steps are exactly identical to another differently named exercise: Butt Kicks, Butt Kicks Slow.","Check whether these are true variants. If the movement differs, rewrite the distinguishing setup/execution cue; if identical, consider alias/dedup metadata."
ea_control_balance,Control Balance,Calisthenics-Cardio-Plyo-Functional,P2,False,NOT_VERIFIED,VAGUE_HOLD,Steps,Uses vague timing ('hold for a while/few seconds').,"Use an explicit short pause such as 1–2 seconds, or a defined static-stretch duration when appropriate."
ea_double_kettlebell_sled_push,Double Kettlebell Sled Push,Calisthenics-Cardio-Plyo-Functional,P2,True,ACCEPTED WITH NAMING CAVEAT,PRIOR_REAUDIT,Purpose/Steps,"I accept the catalog's compound naming convention ('implement + sled-push pattern'). Poster and Steps both show two kettlebells pushed on the floor. Recommend user-facing wording 'sled-style push' or an explanatory phrase, but no rename is required for internal taxonomy.",Prefer 'brace and maintain a stable/neutral spine' unless posterior pelvic tilt/bench contact is intentionally required.
ea_dumbbell_iron_cross,Dumbbell Iron Cross,Calisthenics-Cardio-Plyo-Functional,P2,False,NOT_VERIFIED,SPINE_CUE,Steps,Uses 'flat/straight back' as a rigid dynamic cue; for loaded hinges/rows/planks a stable neutral spine is clearer.,Use 'brace and maintain a stable/neutral spine' unless flat contact with a support is the actual goal.
ea_dumbbell_low_windmill,Dumbbell Low Windmill,Calisthenics-Cardio-Plyo-Functional,P2,False,NOT_VERIFIED,SPINE_CUE,Steps,Uses 'flat/straight back' as a rigid dynamic cue; for loaded hinges/rows/planks a stable neutral spine is clearer.,Use 'brace and maintain a stable/neutral spine' unless flat contact with a support is the actual goal.
ea_hand_stand_hold,Hand Stand Hold,Calisthenics-Cardio-Plyo-Functional,P1,True,PASS,PRIOR_REAUDIT,Purpose; Purpose/Steps; Steps,This card was not materially changed in REV2 for the prior finding(s); the previous finding remains open.,"Remove absolute claim; add wall/spotter progression, wrist/shoulder/neck screening, exit strategy and Advanced difficulty.; Replace with 'can', 'may', 'often', 'a useful option', or a specific observable training effect."
ea_hand_stand_hold,Hand Stand Hold,Calisthenics-Cardio-Plyo-Functional,P1,True,PASS,JOINT_LOCK,Purpose; Purpose/Steps; Steps,"Uses 'lock' at a knee/elbow, which can be interpreted as forceful hyperextension.",Use 'fully extend without forceful hyperextension' or simply 'straighten under control'.
ea_hand_stand_hold,Hand Stand Hold,Calisthenics-Cardio-Plyo-Functional,P1,True,PASS,SUPERLATIVE_CLAIM,Purpose; Purpose/Steps; Steps,"Uses a best/most/only/comparative claim without a defined population, outcome or evidence threshold.","State the direct training effect, or soften to 'can', 'may', 'often', 'a useful option' and define the comparison if it matters."
ea_headstand,Headstand,Calisthenics-Cardio-Plyo-Functional,P1,True,PASS,PRIOR_REAUDIT,Purpose/Steps,The direct Purpose↔Steps contradiction is fixed correctly. Keep most load through forearms/shoulders and light crown contact. Still classify as Advanced and add prerequisite/regression/wall-or-spotter/exit guidance before production.,Replace with: 'Keep most of the load supported through the forearms and shoulders; avoid collapsing body weight into the head and neck.' Add prerequisite/spotter/wall/regression guidance.
ea_heavy_bag_sled_drag,Heavy Bag Sled Drag,Calisthenics-Cardio-Plyo-Functional,P1,True,PASS,PRIOR_REAUDIT,Purpose/Steps,"Purpose frames the movement as something used in knee rehabilitation and implies hard knee work without soreness. Keep it as a backward-drag/quad-conditioning option; if rehabilitation is mentioned, qualify it as clinician-led and do not promise symptom outcomes.","None specific. Retain the card, but it should still pass the global linter and image/equipment gate after the H3 generator is updated."
ea_heavy_bag_sled_drag,Heavy Bag Sled Drag,Calisthenics-Cardio-Plyo-Functional,P1,True,PASS,MEDICAL_CLAIM,Purpose/Steps,"Uses rehabilitation, pain-treatment, injury-prevention or symptom language that can read as a therapeutic promise rather than fitness coaching.","Describe the training target. If rehab is mentioned, qualify it as clinician-led and avoid promising symptom relief or injury prevention."
ea_high_knees,High Knees,Calisthenics-Cardio-Plyo-Functional,P1,False,NOT_VERIFIED,FORCED_ROM,Steps,Unqualified maximum-range cue may push a user beyond the range they can control without symptoms or compensation.,"Use the largest controlled, pain-free range available without compensation; regress range if alignment or symptoms deteriorate."
ea_kettlebell_sled_drag,Kettlebell Sled Drag,Calisthenics-Cardio-Plyo-Functional,P2,True,ACCEPTED WITH NAMING CAVEAT,PRIOR_REAUDIT,Purpose/Steps,"Poster/Steps show a kettlebell dragged via strap; accepted as a sled-drag pattern substitute. Keep internal title if desired, but clarify 'sled-style drag' in user-facing copy.",Prefer 'brace and maintain a stable/neutral spine' unless posterior pelvic tilt/bench contact is intentionally required.
ea_kettlebell_windmill,Kettlebell Windmill,Calisthenics-Cardio-Plyo-Functional,P1,True,PASS,SPINE_CUE,Steps,Uses 'flat/straight back' as a rigid dynamic cue; for loaded hinges/rows/planks a stable neutral spine is clearer.,Use 'brace and maintain a stable/neutral spine' unless flat contact with a support is the actual goal.
ea_kettlebell_windmill,Kettlebell Windmill,Calisthenics-Cardio-Plyo-Functional,P1,True,PASS,FORCED_ROM,Steps,Unqualified maximum-range cue may push a user beyond the range they can control without symptoms or compensation.,"Use the largest controlled, pain-free range available without compensation; regress range if alignment or symptoms deteriorate."
ea_landmine_alternating_lunge_and_twist,Landmine Alternating Lunge and Twist,Calisthenics-Cardio-Plyo-Functional,P2,True,PASS,PRIOR_REAUDIT,Purpose/Steps,This card was not materially changed in REV2 for the prior finding(s); the previous finding remains open.,Prefer 'drive through the whole foot/tripod foot' while keeping heel grounded.
ea_landmine_alternating_lunge_to_chest_press,Landmine Alternating Lunge to Chest Press,Calisthenics-Cardio-Plyo-Functional,P2,True,PASS,PRIOR_REAUDIT,Purpose/Steps,This card was not materially changed in REV2 for the prior finding(s); the previous finding remains open.,Prefer 'drive through the whole foot/tripod foot' while keeping heel grounded.
ea_low_box_quick_feet,Low Box Quick Feet,Calisthenics-Cardio-Plyo-Functional,P1,True,PASS,PRIOR_REAUDIT,Purpose; Purpose/Steps,This card was not materially changed in REV2 for the prior finding(s); the previous finding remains open.,"Replace with 'can', 'may', 'often', 'a useful option', or a specific observable training effect."
ea_low_box_quick_feet,Low Box Quick Feet,Calisthenics-Cardio-Plyo-Functional,P1,True,PASS,SUPERLATIVE_CLAIM,Purpose; Purpose/Steps,"Uses a best/most/only/comparative claim without a defined population, outcome or evidence threshold.","State the direct training effect, or soften to 'can', 'may', 'often', 'a useful option' and define the comparison if it matters."
ea_low_sled_push,Low Sled Push,Calisthenics-Cardio-Plyo-Functional,P1,True,PASS,PRIOR_REAUDIT,Purpose; Purpose/Steps,"The 'completely safe' claim is gone, but 'none of the joint impact of sprinting' is still too absolute. Prefer 'little/no landing impact compared with sprinting' because sled pushing still loads joints even without a flight/landing phase.","Replace with a relative claim such as 'offers a hard leg/conditioning stimulus with little landing impact' and keep load/technique caveats.; Replace with relative, observable wording; safety depends on load, technique, symptoms, environment and individual capacity.; Prefer 'brace and maintain a stable/neutral spine' unless posterior pelvic tilt/bench contact is intentionally required.; Use 'move through the largest controlled, pain-free range you can maintain without compensation.'"
ea_low_sled_push,Low Sled Push,Calisthenics-Cardio-Plyo-Functional,P1,True,PASS,ABSOLUTE_SAFETY,Purpose; Purpose/Steps,"Uses an absolute safety/impact claim. Safety depends on load, technique, symptoms, environment and individual capacity.","Use relative, observable wording such as 'lower landing impact than...' or 'a controlled option when performed with appropriate load and technique'."
ea_lying_neck_curls,Lying Neck Curls,Calisthenics-Cardio-Plyo-Functional,P1,True,PASS,PRIOR_REAUDIT,Purpose; Purpose/Steps,"The edit only changed 'matters for' to 'can help'; the posture-correction premise remains. Treat as specialized neck strengthening, start unloaded, and do not present external-load neck flexion as a generic screen-posture fix.","Classify as Advanced/Specialized. Start unloaded; do not recommend external load as a default posture fix. Add neck red flags and regression.; Use neutral wording about the movement/muscles; avoid claiming one exercise reverses a lifestyle/postural problem without assessment.; State: mild muscular effort/tension can be acceptable; sharp, radiating, joint or neurologic pain is a stop signal."
ea_lying_neck_curls,Lying Neck Curls,Calisthenics-Cardio-Plyo-Functional,P1,True,PASS,POSTURE_CAUSAL,Purpose; Purpose/Steps,Attributes posture/tightness to a single lifestyle cause or implies one exercise corrects it without assessment.,Describe the movement/muscles and mobility target; avoid diagnosing a posture problem or promising to reverse it.
ea_lying_neck_curls,Lying Neck Curls,Calisthenics-Cardio-Plyo-Functional,P1,True,PASS,NECK_SPECIALIZED,Purpose; Purpose/Steps,Direct neck loading or large cervical motion is specialized and needs conservative progression and symptom screening.,"Start unloaded or very light, use controlled neutral-to-comfortable range, avoid forcing end range, and stop for sharp/radiating pain, numbness, tingling, dizziness or neurologic symptoms."
ea_lying_neck_extension,Lying Neck Extension,Calisthenics-Cardio-Plyo-Functional,P1,True,PASS,PRIOR_REAUDIT,Purpose; Purpose/Steps,The posture-correction premise remains after softening. Treat as specialized neck strengthening and avoid saying isolated neck extension counteracts forward-head posture from screen use.,"Classify as Advanced/Specialized; use neutral-range control, very light/no load, and avoid medical/postural correction claims.; Use neutral wording about the movement/muscles; avoid claiming one exercise reverses a lifestyle/postural problem without assessment.; State: mild muscular effort/tension can be acceptable; sharp, radiating, joint or neurologic pain is a stop signal."
ea_lying_neck_extension,Lying Neck Extension,Calisthenics-Cardio-Plyo-Functional,P1,True,PASS,POSTURE_CAUSAL,Purpose; Purpose/Steps,Attributes posture/tightness to a single lifestyle cause or implies one exercise corrects it without assessment.,Describe the movement/muscles and mobility target; avoid diagnosing a posture problem or promising to reverse it.
ea_lying_neck_extension,Lying Neck Extension,Calisthenics-Cardio-Plyo-Functional,P1,True,PASS,NECK_SPECIALIZED,Purpose; Purpose/Steps,Direct neck loading or large cervical motion is specialized and needs conservative progression and symptom screening.,"Start unloaded or very light, use controlled neutral-to-comfortable range, avoid forcing end range, and stop for sharp/radiating pain, numbness, tingling, dizziness or neurologic symptoms."
ea_major_groups_muscle_body,Major Groups Muscle Body,Calisthenics-Cardio-Plyo-Functional,P2,False,NOT_VERIFIED,SPINE_CUE,Steps,Uses 'flat/straight back' as a rigid dynamic cue; for loaded hinges/rows/planks a stable neutral spine is clearer.,Use 'brace and maintain a stable/neutral spine' unless flat contact with a support is the actual goal.
ea_major_groups_muscle_body,Major Groups Muscle Body,Calisthenics-Cardio-Plyo-Functional,P2,False,NOT_VERIFIED,TOO_FEW_STEPS,Steps,Only 1 step(s) are present; setup/execution/return may be underspecified.,"Expand to clear setup, execution, control/return and stop/ROM cues where applicable."
ea_med_ball_slam_burpees,Med Ball Slam Burpees,Calisthenics-Cardio-Plyo-Functional,P1,True,PASS,PRIOR_REAUDIT,Purpose/Steps,This card was not materially changed in REV2 for the prior finding(s); the previous finding remains open.,"Replace with 'can', 'may', 'often', 'a useful option', or a specific observable training effect."
ea_mountain_climber_jumps,Mountain Climber Jumps,Calisthenics-Cardio-Plyo-Functional,P2,True,PASS,SPINE_CUE,Steps,Uses 'flat/straight back' as a rigid dynamic cue; for loaded hinges/rows/planks a stable neutral spine is clearer.,Use 'brace and maintain a stable/neutral spine' unless flat contact with a support is the actual goal.
ea_plank_iytw,Plank IYTW,Calisthenics-Cardio-Plyo-Functional,P2,True,PASS,PRIOR_REAUDIT,Purpose/Steps,This card was not materially changed in REV2 for the prior finding(s); the previous finding remains open.,Use neutral wording about the movement/muscles; avoid claiming one exercise reverses a lifestyle/postural problem without assessment.
ea_plank_lunges,Plank Lunges,Calisthenics-Cardio-Plyo-Functional,P2,False,NOT_VERIFIED,SPINE_CUE,Steps,Uses 'flat/straight back' as a rigid dynamic cue; for loaded hinges/rows/planks a stable neutral spine is clearer.,Use 'brace and maintain a stable/neutral spine' unless flat contact with a support is the actual goal.
ea_plate_overhead_carry,Plate Overhead Carry,Calisthenics-Cardio-Plyo-Functional,P1,True,PASS,PRIOR_REAUDIT,Purpose; Purpose/Steps,This card was not materially changed in REV2 for the prior finding(s); the previous finding remains open.,State the direct effect of the exercise without ranking it against another method.
ea_plate_overhead_carry,Plate Overhead Carry,Calisthenics-Cardio-Plyo-Functional,P1,True,PASS,SUPERLATIVE_CLAIM,Purpose; Purpose/Steps,"Uses a best/most/only/comparative claim without a defined population, outcome or evidence threshold.","State the direct training effect, or soften to 'can', 'may', 'often', 'a useful option' and define the comparison if it matters."
ea_pull_sled_or_dog_sled_push,Pull Sled or Dog Sled Push,Calisthenics-Cardio-Plyo-Functional,P1,True,PASS,PRIOR_REAUDIT,Purpose/Steps,"REV2 changed this card, but the edit does not close every prior finding. Keep the unresolved prior action(s) below.","Replace with 'can', 'may', 'often', 'a useful option', or a specific observable training effect.; Use 'often produces less eccentric muscle soreness than...' or 'can allow substantial conditioning volume' with dosing caveat.; Prefer 'brace and maintain a stable/neutral spine' unless posterior pelvic tilt/bench contact is intentionally required."
ea_rebounder_high_knee_runs,Rebounder High Knee Runs,Calisthenics-Cardio-Plyo-Functional,P1,True,PASS,PRIOR_REAUDIT,Purpose/Steps,Purpose uses near-zero-impact wording and recommends the drill when joints are sore. Replace with a relative statement about lower landing impact than running on hard ground and add symptom-based stop guidance.,"None specific. Retain the card, but it should still pass the global linter and image/equipment gate after the H3 generator is updated."
ea_rebounder_knee_pushes,Rebounder Knee Pushes,Calisthenics-Cardio-Plyo-Functional,P1,True,PASS,PRIOR_REAUDIT,Purpose/Steps,This card was not materially changed in REV2 for the prior finding(s); the previous finding remains open.,Keep the card inside fitness scope: describe the training target; add symptom-based stop/referral guidance instead of promising treatment.
ea_single_kettlebell_sled_push,Single Kettlebell Sled Push,Calisthenics-Cardio-Plyo-Functional,P2,True,ACCEPTED WITH NAMING CAVEAT,PRIOR_REAUDIT,Purpose/Steps,"I accept the catalog's compound naming convention. Poster and Steps match a one-kettlebell floor push. Because the Purpose does not explain the substitute-sled convention as clearly as the double-kettlebell version, add 'sled-style' / 'when no sled is available' for user clarity.","Replace with 'can', 'may', 'often', 'a useful option', or a specific observable training effect."
ea_skater_hops,Skater Hops,Calisthenics-Cardio-Plyo-Functional,P1,True,PASS,PRIOR_REAUDIT,Purpose/Steps,This card was not materially changed in REV2 for the prior finding(s); the previous finding remains open.,Keep the card inside fitness scope: describe the training target; add symptom-based stop/referral guidance instead of promising treatment.
ea_ski_ergometer_cross_country_ski_alternating_arm_pull,Ski Ergometer Cross Country Ski Alternating Arm Pull,Calisthenics-Cardio-Plyo-Functional,P2,False,NOT_VERIFIED,DUPLICATE_STEPS,Title↔Steps,"Steps are exactly identical to another differently named exercise: Ski Ergometer Cross Country Ski Alternating Arm Pull, Ski Ergometer Cross Country Ski Alternating Arm Pulls.","Check whether these are true variants. If the movement differs, rewrite the distinguishing setup/execution cue; if identical, consider alias/dedup metadata."
ea_ski_ergometer_cross_country_ski_alternating_arm_pulls,Ski Ergometer Cross Country Ski Alternating Arm Pulls,Calisthenics-Cardio-Plyo-Functional,P2,False,NOT_VERIFIED,DUPLICATE_STEPS,Title↔Steps,"Steps are exactly identical to another differently named exercise: Ski Ergometer Cross Country Ski Alternating Arm Pull, Ski Ergometer Cross Country Ski Alternating Arm Pulls.","Check whether these are true variants. If the movement differs, rewrite the distinguishing setup/execution cue; if identical, consider alias/dedup metadata."
ea_sled_battle_rope_pull,Sled Battle Rope Pull,Calisthenics-Cardio-Plyo-Functional,P1,True,PASS,PRIOR_REAUDIT,Purpose/Steps,"REV2 changed this card, but the edit does not close every prior finding. Keep the unresolved prior action(s) below.",Use 'often produces less eccentric muscle soreness than...' or 'can allow substantial conditioning volume' with dosing caveat.; Prefer 'brace and maintain a stable/neutral spine' unless posterior pelvic tilt/bench contact is intentionally required.
ea_stationary_exercise_bike,Stationary Exercise Bike,Calisthenics-Cardio-Plyo-Functional,P2,False,NOT_VERIFIED,SPINE_CUE,Steps,Uses 'flat/straight back' as a rigid dynamic cue; for loaded hinges/rows/planks a stable neutral spine is clearer.,Use 'brace and maintain a stable/neutral spine' unless flat contact with a support is the actual goal.
ea_stepmill_machine_steps,Stepmill Machine Steps,Calisthenics-Cardio-Plyo-Functional,P2,True,PASS,PRIOR_REAUDIT,Purpose/Steps,This card was not materially changed in REV2 for the prior finding(s); the previous finding remains open.,Prefer 'drive through the whole foot/tripod foot' while keeping heel grounded.
ea_the_wall_ball,The Wall Ball,Calisthenics-Cardio-Plyo-Functional,P2,True,PASS,PRIOR_REAUDIT,Purpose/Steps,This card was not materially changed in REV2 for the prior finding(s); the previous finding remains open.,Qualify the target: 'about ... if comfortable and controlled' or use available pain-free ROM.
ea_tyre_flip,Tyre Flip,Calisthenics-Cardio-Plyo-Functional,P1,True,PASS,PRIOR_REAUDIT,Purpose/Steps,"Neutral-spine wording is fixed, but advanced/high-load awkward-object safety metadata and progression/regression guidance remain open.","Use 'brace the trunk and maintain a controlled spinal position'; add Advanced classification and load/regression guidance.; Require difficulty, prerequisites, regressions and relevant joint/region safety tags before publication."
ea_tyre_hammering,Tyre Hammering,Calisthenics-Cardio-Plyo-Functional,P1,True,PASS,PRIOR_REAUDIT,Purpose/Steps,This card was not materially changed in REV2 for the prior finding(s); the previous finding remains open.,"Add safety zone, eye/hand protection context if appropriate, controlled rebound, and Advanced/Intermediate classification.; Require difficulty, prerequisites, regressions and relevant joint/region safety tags before publication."
ea_unilateral_box_jump,Unilateral Box Jump,Calisthenics-Cardio-Plyo-Functional,P1,True,PASS,KNEE_TOE_RULE,Purpose/Steps,Uses knee-behind-toes / knee-past-toes as a universal rule. Knee travel can be normal; alignment and control matter more.,"Cue a stable whole foot and knee tracking in line with the toes; let range depend on controlled, pain-free mechanics."
ea_unilateral_box_jump_bilateral_deceleration,Unilateral Box Jump - Bilateral Deceleration,Calisthenics-Cardio-Plyo-Functional,P2,True,PASS,PRIOR_REAUDIT,Purpose/Steps,"Purpose uses 'as safe as possible' / knee-progression language. Describe the bilateral landing as an easier-to-control deceleration strategy, not a safety guarantee or knee treatment progression.","None specific. Retain the card, but it should still pass the global linter and image/equipment gate after the H3 generator is updated."
ea_barbell_hooklying_bench_press,Barbell Hooklying Bench Press,Chest,P2,True,PASS,PRIOR_REAUDIT,Purpose/Steps,This card was not materially changed in REV2 for the prior finding(s); the previous finding remains open.,Prefer 'brace and maintain a stable/neutral spine' unless posterior pelvic tilt/bench contact is intentionally required.
ea_barbell_hooklying_bench_press_close_elbows,Barbell Hooklying Bench Press Close Elbows,Chest,P2,True,PASS,PRIOR_REAUDIT,Purpose/Steps,This card was not materially changed in REV2 for the prior finding(s); the previous finding remains open.,Prefer 'brace and maintain a stable/neutral spine' unless posterior pelvic tilt/bench contact is intentionally required.
ea_cable_low_fly,Cable Low Fly,Chest,P2,False,NOT_VERIFIED,SPINE_CUE,Steps,Uses 'flat/straight back' as a rigid dynamic cue; for loaded hinges/rows/planks a stable neutral spine is clearer.,Use 'brace and maintain a stable/neutral spine' unless flat contact with a support is the actual goal.
ea_cable_machine_low_to_high,Cable Machine Low to High,Chest,P2,False,NOT_VERIFIED,SPINE_CUE,Steps,Uses 'flat/straight back' as a rigid dynamic cue; for loaded hinges/rows/planks a stable neutral spine is clearer.,Use 'brace and maintain a stable/neutral spine' unless flat contact with a support is the actual goal.
ea_cable_middle_fly,Cable Middle Fly,Chest,P2,False,NOT_VERIFIED,SPINE_CUE,Steps,Uses 'flat/straight back' as a rigid dynamic cue; for loaded hinges/rows/planks a stable neutral spine is clearer.,Use 'brace and maintain a stable/neutral spine' unless flat contact with a support is the actual goal.
ea_cable_standing_up_straight_crossovers,Cable Standing Up Straight Crossovers,Chest,P2,False,NOT_VERIFIED,SPINE_CUE,Steps,Uses 'flat/straight back' as a rigid dynamic cue; for loaded hinges/rows/planks a stable neutral spine is clearer.,Use 'brace and maintain a stable/neutral spine' unless flat contact with a support is the actual goal.
ea_chest_fly_low_to_high_resistance_band,Chest Fly Low to High Resistance Band,Chest,P2,False,NOT_VERIFIED,SPINE_CUE,Steps,Uses 'flat/straight back' as a rigid dynamic cue; for loaded hinges/rows/planks a stable neutral spine is clearer.,Use 'brace and maintain a stable/neutral spine' unless flat contact with a support is the actual goal.
ea_dumbbell_lying_on_floor_chest_press,Dumbbell Lying on Floor Chest Press,Chest,P1,True,PASS,PRIOR_REAUDIT,Purpose/Steps,Purpose implies the floor press avoids the shoulder position that irritates a sore shoulder. Better: the floor limits shoulder extension versus a bench press; users with shoulder pain should use a comfortable range or seek assessment.,"None specific. Retain the card, but it should still pass the global linter and image/equipment gate after the H3 generator is updated."
ea_dumbbell_lying_on_floor_chest_press,Dumbbell Lying on Floor Chest Press,Chest,P1,True,PASS,MEDICAL_CLAIM,Purpose/Steps,"Uses rehabilitation, pain-treatment, injury-prevention or symptom language that can read as a therapeutic promise rather than fitness coaching.","Describe the training target. If rehab is mentioned, qualify it as clinician-led and avoid promising symptom relief or injury prevention."
ea_elevated_push_up,Elevated Push Up,Chest,P2,False,NOT_VERIFIED,SPINE_CUE,Steps,Uses 'flat/straight back' as a rigid dynamic cue; for loaded hinges/rows/planks a stable neutral spine is clearer.,Use 'brace and maintain a stable/neutral spine' unless flat contact with a support is the actual goal.
ea_hammer_strength_mts_iso_lateral_decline_press_alternate_arms,Hammer Strength MTS Iso-lateral Decline Press Alternate Arms,Chest,P2,False,NOT_VERIFIED,DUPLICATE_STEPS,Title↔Steps,"Steps are exactly identical to another differently named exercise: Hammer Strength MTS Iso-lateral Decline Press Alternate Arms, Hammer Strength MTS Iso-lateral Decline Press Alternating Arms.","Check whether these are true variants. If the movement differs, rewrite the distinguishing setup/execution cue; if identical, consider alias/dedup metadata."
ea_hammer_strength_mts_iso_lateral_decline_press_alternating_arms,Hammer Strength MTS Iso-lateral Decline Press Alternating Arms,Chest,P2,False,NOT_VERIFIED,DUPLICATE_STEPS,Title↔Steps,"Steps are exactly identical to another differently named exercise: Hammer Strength MTS Iso-lateral Decline Press Alternate Arms, Hammer Strength MTS Iso-lateral Decline Press Alternating Arms.","Check whether these are true variants. If the movement differs, rewrite the distinguishing setup/execution cue; if identical, consider alias/dedup metadata."
ea_hammer_strength_plate_loaded_combination_iso_lateral_chest_chest_press_alternate_arm,Hammer Strength Plate-loaded Combination Iso-lateral Chest - Chest Press Alternate Arm,Chest,P2,False,NOT_VERIFIED,DUPLICATE_STEPS,Title↔Steps,"Steps are exactly identical to another differently named exercise: Hammer Strength Plate-loaded Combination Iso-lateral Chest - Chest Press Alternate Arm, Hammer Strength Plate-loaded Combination Iso-lateral Chest - Chest Press_alternating Arms.","Check whether these are true variants. If the movement differs, rewrite the distinguishing setup/execution cue; if identical, consider alias/dedup metadata."
ea_hammer_strength_plate_loaded_combination_iso_lateral_chest_chest_press_alternating_arms,Hammer Strength Plate-loaded Combination Iso-lateral Chest - Chest Press_alternating Arms,Chest,P2,False,NOT_VERIFIED,DUPLICATE_STEPS,Title↔Steps,"Steps are exactly identical to another differently named exercise: Hammer Strength Plate-loaded Combination Iso-lateral Chest - Chest Press Alternate Arm, Hammer Strength Plate-loaded Combination Iso-lateral Chest - Chest Press_alternating Arms.","Check whether these are true variants. If the movement differs, rewrite the distinguishing setup/execution cue; if identical, consider alias/dedup metadata."
ea_kneeling_push_up,Kneeling Push-up,Chest,P2,True,PASS,SUPERLATIVE_CLAIM,Purpose,"Uses a best/most/only/comparative claim without a defined population, outcome or evidence threshold.","State the direct training effect, or soften to 'can', 'may', 'often', 'a useful option' and define the comparison if it matters."
ea_one_arm_push_up,One Arm Push Up,Chest,P1,True,PASS,FORCED_ROM,Steps,Unqualified maximum-range cue may push a user beyond the range they can control without symptoms or compensation.,"Use the largest controlled, pain-free range available without compensation; regress range if alignment or symptoms deteriorate."
ea_band_wrist_curl_single_arm,Band Wrist Curl Single Arm,Forearms,P2,True,PASS,PRIOR_REAUDIT,Purpose/Steps,This card was not materially changed in REV2 for the prior finding(s); the previous finding remains open.,Use neutral wording about the movement/muscles; avoid claiming one exercise reverses a lifestyle/postural problem without assessment.
ea_barbell_palm_down_wrist_curl_over_a_bench,Barbell Palm Down Wrist Curl Over a Bench,Forearms,P1,False,NOT_VERIFIED,FORCED_ROM,Steps,Unqualified maximum-range cue may push a user beyond the range they can control without symptoms or compensation.,"Use the largest controlled, pain-free range available without compensation; regress range if alignment or symptoms deteriorate."
ea_barbell_wrist_curl_wide_legs,Barbell Wrist Curl Wide Legs,Forearms,P1,False,NOT_VERIFIED,FORCED_ROM,Steps,Unqualified maximum-range cue may push a user beyond the range they can control without symptoms or compensation.,"Use the largest controlled, pain-free range available without compensation; regress range if alignment or symptoms deteriorate."
ea_barbell_wrist_curl_on_knees,Barbell Wrist Curl on Knees,Forearms,P1,False,NOT_VERIFIED,FORCED_ROM,Steps,Unqualified maximum-range cue may push a user beyond the range they can control without symptoms or compensation.,"Use the largest controlled, pain-free range available without compensation; regress range if alignment or symptoms deteriorate."
ea_barbell_wrist_extension_on_knees,Barbell Wrist Extension on Knees,Forearms,P1,False,NOT_VERIFIED,FORCED_ROM,Steps,Unqualified maximum-range cue may push a user beyond the range they can control without symptoms or compensation.,"Use the largest controlled, pain-free range available without compensation; regress range if alignment or symptoms deteriorate."
ea_cable_wrist_extension,Cable Wrist Extension,Forearms,P1,True,PASS,PRIOR_REAUDIT,Purpose; Purpose/Steps,This card was not materially changed in REV2 for the prior finding(s); the previous finding remains open.,"Replace with 'can', 'may', 'often', 'a useful option', or a specific observable training effect.; Use neutral wording about the movement/muscles; avoid claiming one exercise reverses a lifestyle/postural problem without assessment."
ea_cable_wrist_extension,Cable Wrist Extension,Forearms,P1,True,PASS,SUPERLATIVE_CLAIM,Purpose; Purpose/Steps,"Uses a best/most/only/comparative claim without a defined population, outcome or evidence threshold.","State the direct training effect, or soften to 'can', 'may', 'often', 'a useful option' and define the comparison if it matters."
ea_dumbbell_one_arm_reverse_wrist_curl,Dumbbell One Arm Reverse Wrist Curl,Forearms,P1,False,NOT_VERIFIED,FORCED_ROM,Steps,Unqualified maximum-range cue may push a user beyond the range they can control without symptoms or compensation.,"Use the largest controlled, pain-free range available without compensation; regress range if alignment or symptoms deteriorate."
ea_dumbbell_one_arm_wrist_curl,Dumbbell One Arm Wrist Curl,Forearms,P1,False,NOT_VERIFIED,FORCED_ROM,Steps,Unqualified maximum-range cue may push a user beyond the range they can control without symptoms or compensation.,"Use the largest controlled, pain-free range available without compensation; regress range if alignment or symptoms deteriorate."
ea_dumbbell_over_bench_reverse_wrist_curl,Dumbbell Over Bench Reverse Wrist Curl,Forearms,P1,False,NOT_VERIFIED,FORCED_ROM,Steps,Unqualified maximum-range cue may push a user beyond the range they can control without symptoms or compensation.,"Use the largest controlled, pain-free range available without compensation; regress range if alignment or symptoms deteriorate."
ea_dumbbell_over_bench_wrist_curl,Dumbbell Over Bench Wrist Curl,Forearms,P1,False,NOT_VERIFIED,FORCED_ROM,Steps,Unqualified maximum-range cue may push a user beyond the range they can control without symptoms or compensation.,"Use the largest controlled, pain-free range available without compensation; regress range if alignment or symptoms deteriorate."
ea_dumbbell_standing_wrist_curl,Dumbbell Standing Wrist Curl,Forearms,P1,False,NOT_VERIFIED,FORCED_ROM,Steps,Unqualified maximum-range cue may push a user beyond the range they can control without symptoms or compensation.,"Use the largest controlled, pain-free range available without compensation; regress range if alignment or symptoms deteriorate."
ea_ez_bar_seated_wrist_curl,EZ Bar Seated Wrist Curl,Forearms,P1,False,NOT_VERIFIED,FORCED_ROM,Steps,Unqualified maximum-range cue may push a user beyond the range they can control without symptoms or compensation.,"Use the largest controlled, pain-free range available without compensation; regress range if alignment or symptoms deteriorate."
ea_wrist_curl_barbell,Wrist Curl Barbell,Forearms,P1,False,NOT_VERIFIED,FORCED_ROM,Steps,Unqualified maximum-range cue may push a user beyond the range they can control without symptoms or compensation.,"Use the largest controlled, pain-free range available without compensation; regress range if alignment or symptoms deteriorate."
ea_wrist_curl_dumbbell,Wrist Curl Dumbbell,Forearms,P1,False,NOT_VERIFIED,FORCED_ROM,Steps,Unqualified maximum-range cue may push a user beyond the range they can control without symptoms or compensation.,"Use the largest controlled, pain-free range available without compensation; regress range if alignment or symptoms deteriorate."
ea_wrist_extension_barbell,Wrist Extension Barbell,Forearms,P1,False,NOT_VERIFIED,FORCED_ROM,Steps,Unqualified maximum-range cue may push a user beyond the range they can control without symptoms or compensation.,"Use the largest controlled, pain-free range available without compensation; regress range if alignment or symptoms deteriorate."
ea_wrist_extension_dumbbell,Wrist Extension Dumbbell,Forearms,P1,False,NOT_VERIFIED,FORCED_ROM,Steps,Unqualified maximum-range cue may push a user beyond the range they can control without symptoms or compensation.,"Use the largest controlled, pain-free range available without compensation; regress range if alignment or symptoms deteriorate."
ea_alternate_heel_touch_side_kick_squat,Alternate Heel Touch Side Kick Squat,Legs,P2,False,NOT_VERIFIED,SPINE_CUE,Steps,Uses 'flat/straight back' as a rigid dynamic cue; for loaded hinges/rows/planks a stable neutral spine is clearer.,Use 'brace and maintain a stable/neutral spine' unless flat contact with a support is the actual goal.
ea_alternate_single_leg_raises_plank,Alternate Single Leg Raises Plank,Legs,P2,False,NOT_VERIFIED,SPINE_CUE,Steps,Uses 'flat/straight back' as a rigid dynamic cue; for loaded hinges/rows/planks a stable neutral spine is clearer.,Use 'brace and maintain a stable/neutral spine' unless flat contact with a support is the actual goal.
ea_alternating_step_out,Alternating Step Out,Legs,P2,False,NOT_VERIFIED,SPINE_CUE,Steps,Uses 'flat/straight back' as a rigid dynamic cue; for loaded hinges/rows/planks a stable neutral spine is clearer.,Use 'brace and maintain a stable/neutral spine' unless flat contact with a support is the actual goal.
ea_ankle_pumps,Ankle Pumps,Legs,P1,True,PASS,PRIOR_REAUDIT,Purpose/Steps,This card was not materially changed in REV2 for the prior finding(s); the previous finding remains open.,"Keep the movement description, but for post-surgical use say 'follow clinician instructions'; avoid implying it prevents a medical event.; Use neutral wording about the movement/muscles; avoid claiming one exercise reverses a lifestyle/postural problem without assessment."
ea_ball_headlock_squat,Ball Headlock Squat,Legs,P2,False,NOT_VERIFIED,SPINE_CUE,Steps,Uses 'flat/straight back' as a rigid dynamic cue; for loaded hinges/rows/planks a stable neutral spine is clearer.,Use 'brace and maintain a stable/neutral spine' unless flat contact with a support is the actual goal.
ea_band_bent_over_hip_extension,Band Bent-over Hip Extension,Legs,P2,False,NOT_VERIFIED,SPINE_CUE,Steps,Uses 'flat/straight back' as a rigid dynamic cue; for loaded hinges/rows/planks a stable neutral spine is clearer.,Use 'brace and maintain a stable/neutral spine' unless flat contact with a support is the actual goal.
ea_band_deadlift,Band Deadlift,Legs,P2,False,NOT_VERIFIED,SPINE_CUE,Steps,Uses 'flat/straight back' as a rigid dynamic cue; for loaded hinges/rows/planks a stable neutral spine is clearer.,Use 'brace and maintain a stable/neutral spine' unless flat contact with a support is the actual goal.
ea_band_hip_adduction,Band Hip Adduction,Legs,P1,True,PASS,PRIOR_REAUDIT,Purpose; Purpose/Steps,This card was not materially changed in REV2 for the prior finding(s); the previous finding remains open.,"Replace with 'can', 'may', 'often', 'a useful option', or a specific observable training effect."
ea_band_hip_adduction,Band Hip Adduction,Legs,P1,True,PASS,SUPERLATIVE_CLAIM,Purpose; Purpose/Steps,"Uses a best/most/only/comparative claim without a defined population, outcome or evidence threshold.","State the direct training effect, or soften to 'can', 'may', 'often', 'a useful option' and define the comparison if it matters."
ea_band_kneeling_rear_kick,Band Kneeling Rear Kick,Legs,P2,False,NOT_VERIFIED,SPINE_CUE,Steps,Uses 'flat/straight back' as a rigid dynamic cue; for loaded hinges/rows/planks a stable neutral spine is clearer.,Use 'brace and maintain a stable/neutral spine' unless flat contact with a support is the actual goal.
ea_band_pullthrough,Band Pullthrough,Legs,P2,False,NOT_VERIFIED,SPINE_CUE,Steps,Uses 'flat/straight back' as a rigid dynamic cue; for loaded hinges/rows/planks a stable neutral spine is clearer.,Use 'brace and maintain a stable/neutral spine' unless flat contact with a support is the actual goal.
ea_band_two_legs_calf_raise_band_under_both_legs_version_2,Band Two Legs Calf Raise - (band Under Both Legs) Version 2,Legs,P1,False,NOT_VERIFIED,FORCED_ROM,Steps,Unqualified maximum-range cue may push a user beyond the range they can control without symptoms or compensation.,"Use the largest controlled, pain-free range available without compensation; regress range if alignment or symptoms deteriorate."
ea_barbell_box_squat,Barbell Box Squat,Legs,P1,False,NOT_VERIFIED,SPINE_CUE,Purpose/Steps; Steps,Uses 'flat/straight back' as a rigid dynamic cue; for loaded hinges/rows/planks a stable neutral spine is clearer.,Use 'brace and maintain a stable/neutral spine' unless flat contact with a support is the actual goal.
ea_barbell_box_squat,Barbell Box Squat,Legs,P1,False,NOT_VERIFIED,KNEE_TOE_RULE,Purpose/Steps; Steps,Uses knee-behind-toes / knee-past-toes as a universal rule. Knee travel can be normal; alignment and control matter more.,"Cue a stable whole foot and knee tracking in line with the toes; let range depend on controlled, pain-free mechanics."
ea_barbell_bulgarian_split_squat_left_front_back_view,Barbell Bulgarian Split Squat Left Front-back View,Legs,P2,False,NOT_VERIFIED,DUPLICATE_STEPS,Title↔Steps,"Steps are exactly identical to another differently named exercise: Barbell Bulgarian Split Squat Left Front-back View, Barbell Bulgarian Split Squat Left Side View.","Check whether these are true variants. If the movement differs, rewrite the distinguishing setup/execution cue; if identical, consider alias/dedup metadata."
ea_barbell_bulgarian_split_squat_left_side_view,Barbell Bulgarian Split Squat Left Side View,Legs,P2,False,NOT_VERIFIED,DUPLICATE_STEPS,Title↔Steps,"Steps are exactly identical to another differently named exercise: Barbell Bulgarian Split Squat Left Front-back View, Barbell Bulgarian Split Squat Left Side View.","Check whether these are true variants. If the movement differs, rewrite the distinguishing setup/execution cue; if identical, consider alias/dedup metadata."
ea_barbell_front_bench_squat,Barbell Front Bench Squat,Legs,P2,False,NOT_VERIFIED,DUPLICATE_STEPS,Title↔Steps,"Steps are exactly identical to another differently named exercise: Barbell Front Bench Squat, Barbell Front Chest Bench Squat.","Check whether these are true variants. If the movement differs, rewrite the distinguishing setup/execution cue; if identical, consider alias/dedup metadata."
ea_barbell_front_chest_bench_squat,Barbell Front Chest Bench Squat,Legs,P2,False,NOT_VERIFIED,DUPLICATE_STEPS,Title↔Steps,"Steps are exactly identical to another differently named exercise: Barbell Front Bench Squat, Barbell Front Chest Bench Squat.","Check whether these are true variants. If the movement differs, rewrite the distinguishing setup/execution cue; if identical, consider alias/dedup metadata."
ea_barbell_front_chest_lunges,Barbell Front Chest Lunges,Legs,P2,False,NOT_VERIFIED,DUPLICATE_STEPS,Title↔Steps,"Steps are exactly identical to another differently named exercise: Barbell Front Chest Lunges, Barbell Front Rack Lunge.","Check whether these are true variants. If the movement differs, rewrite the distinguishing setup/execution cue; if identical, consider alias/dedup metadata."
ea_barbell_front_rack_lunge,Barbell Front Rack Lunge,Legs,P2,False,NOT_VERIFIED,DUPLICATE_STEPS,Title↔Steps,"Steps are exactly identical to another differently named exercise: Barbell Front Chest Lunges, Barbell Front Rack Lunge.","Check whether these are true variants. If the movement differs, rewrite the distinguishing setup/execution cue; if identical, consider alias/dedup metadata."
ea_barbell_full_squat,Barbell Full Squat,Legs,P2,False,NOT_VERIFIED,DUPLICATE_STEPS,Title↔Steps,"Steps are exactly identical to another differently named exercise: Barbell Full Squat, Barbell Full Squat Side Pov, Barbell Full Squat(back).","Check whether these are true variants. If the movement differs, rewrite the distinguishing setup/execution cue; if identical, consider alias/dedup metadata."
ea_barbell_full_squat_side_pov,Barbell Full Squat Side Pov,Legs,P2,False,NOT_VERIFIED,DUPLICATE_STEPS,Title↔Steps,"Steps are exactly identical to another differently named exercise: Barbell Full Squat, Barbell Full Squat Side Pov, Barbell Full Squat(back).","Check whether these are true variants. If the movement differs, rewrite the distinguishing setup/execution cue; if identical, consider alias/dedup metadata."
ea_barbell_full_squat_back,Barbell Full Squat(back),Legs,P2,False,NOT_VERIFIED,DUPLICATE_STEPS,Title↔Steps,"Steps are exactly identical to another differently named exercise: Barbell Full Squat, Barbell Full Squat Side Pov, Barbell Full Squat(back).","Check whether these are true variants. If the movement differs, rewrite the distinguishing setup/execution cue; if identical, consider alias/dedup metadata."
ea_barbell_glute_bridge,Barbell Glute Bridge,Legs,P2,False,NOT_VERIFIED,DUPLICATE_STEPS,Title↔Steps,"Steps are exactly identical to another differently named exercise: Barbell Glute Bridge, Barbell Glute Bridge (hands on Bar).","Check whether these are true variants. If the movement differs, rewrite the distinguishing setup/execution cue; if identical, consider alias/dedup metadata."
ea_barbell_glute_bridge_hands_on_bar,Barbell Glute Bridge (hands on Bar),Legs,P2,False,NOT_VERIFIED,DUPLICATE_STEPS,Title↔Steps,"Steps are exactly identical to another differently named exercise: Barbell Glute Bridge, Barbell Glute Bridge (hands on Bar).","Check whether these are true variants. If the movement differs, rewrite the distinguishing setup/execution cue; if identical, consider alias/dedup metadata."
ea_barbell_lunges,Barbell Lunges,Legs,P2,False,NOT_VERIFIED,DUPLICATE_STEPS,Title↔Steps,"Steps are exactly identical to another differently named exercise: Barbell Lunges, Barbell Lunges on the Spot.","Check whether these are true variants. If the movement differs, rewrite the distinguishing setup/execution cue; if identical, consider alias/dedup metadata."
ea_barbell_lunges_on_the_spot,Barbell Lunges on the Spot,Legs,P2,False,NOT_VERIFIED,DUPLICATE_STEPS,Title↔Steps,"Steps are exactly identical to another differently named exercise: Barbell Lunges, Barbell Lunges on the Spot.","Check whether these are true variants. If the movement differs, rewrite the distinguishing setup/execution cue; if identical, consider alias/dedup metadata."
ea_barbell_seated_on_knee_calve_raises,Barbell Seated on Knee Calve Raises,Legs,P1,False,NOT_VERIFIED,FORCED_ROM,Steps,Unqualified maximum-range cue may push a user beyond the range they can control without symptoms or compensation.,"Use the largest controlled, pain-free range available without compensation; regress range if alignment or symptoms deteriorate."
ea_barbell_side_split_squat,Barbell Side Split Squat,Legs,P2,False,NOT_VERIFIED,SPINE_CUE,Steps,Uses 'flat/straight back' as a rigid dynamic cue; for loaded hinges/rows/planks a stable neutral spine is clearer.,Use 'brace and maintain a stable/neutral spine' unless flat contact with a support is the actual goal.
ea_barbell_staggered_deadlift,Barbell Staggered Deadlift,Legs,P2,False,NOT_VERIFIED,SPINE_CUE,Steps,Uses 'flat/straight back' as a rigid dynamic cue; for loaded hinges/rows/planks a stable neutral spine is clearer.,Use 'brace and maintain a stable/neutral spine' unless flat contact with a support is the actual goal.
ea_barbell_standing_leg_calf_raises,Barbell Standing Leg Calf Raises,Legs,P1,False,NOT_VERIFIED,FORCED_ROM,Steps,Unqualified maximum-range cue may push a user beyond the range they can control without symptoms or compensation.,"Use the largest controlled, pain-free range available without compensation; regress range if alignment or symptoms deteriorate."
ea_bodyweight_full_squat_with_overhead_press,Bodyweight Full Squat with Overhead Press,Legs,P2,False,NOT_VERIFIED,SPINE_CUE,Steps,Uses 'flat/straight back' as a rigid dynamic cue; for loaded hinges/rows/planks a stable neutral spine is clearer.,Use 'brace and maintain a stable/neutral spine' unless flat contact with a support is the actual goal.
ea_bodyweight_single_leg_deadlift,Bodyweight Single Leg Deadlift,Legs,P2,False,NOT_VERIFIED,SPINE_CUE,Steps,Uses 'flat/straight back' as a rigid dynamic cue; for loaded hinges/rows/planks a stable neutral spine is clearer.,Use 'brace and maintain a stable/neutral spine' unless flat contact with a support is the actual goal.
ea_bodyweight_squat_to_front_leg,Bodyweight Squat to Front Leg,Legs,P2,False,NOT_VERIFIED,SPINE_CUE,Steps,Uses 'flat/straight back' as a rigid dynamic cue; for loaded hinges/rows/planks a stable neutral spine is clearer.,Use 'brace and maintain a stable/neutral spine' unless flat contact with a support is the actual goal.
ea_bodyweight_squat_to_side_leg,Bodyweight Squat to Side Leg,Legs,P1,False,NOT_VERIFIED,SPINE_CUE,Steps,Uses 'flat/straight back' as a rigid dynamic cue; for loaded hinges/rows/planks a stable neutral spine is clearer.,Use 'brace and maintain a stable/neutral spine' unless flat contact with a support is the actual goal.
ea_bodyweight_squat_to_side_leg,Bodyweight Squat to Side Leg,Legs,P1,False,NOT_VERIFIED,FORCED_ROM,Steps,Unqualified maximum-range cue may push a user beyond the range they can control without symptoms or compensation.,"Use the largest controlled, pain-free range available without compensation; regress range if alignment or symptoms deteriorate."
ea_bodyweight_squat_to_side_to_front_leg,Bodyweight Squat to Side to Front Leg,Legs,P2,False,NOT_VERIFIED,SPINE_CUE,Steps,Uses 'flat/straight back' as a rigid dynamic cue; for loaded hinges/rows/planks a stable neutral spine is clearer.,Use 'brace and maintain a stable/neutral spine' unless flat contact with a support is the actual goal.
ea_bodyweight_squats,Bodyweight Squats,Legs,P2,False,NOT_VERIFIED,SPINE_CUE,Steps,Uses 'flat/straight back' as a rigid dynamic cue; for loaded hinges/rows/planks a stable neutral spine is clearer.,Use 'brace and maintain a stable/neutral spine' unless flat contact with a support is the actual goal.
ea_bulgarian_split_squat,Bulgarian Split Squat,Legs,P2,False,NOT_VERIFIED,DUPLICATE_STEPS,Title↔Steps,"Steps are exactly identical to another differently named exercise: Bulgarian Split Squat, Bulgarian Split Squat Bodyweight Right, Bulgarian Split Squat Right Bodyweight Side View.","Check whether these are true variants. If the movement differs, rewrite the distinguishing setup/execution cue; if identical, consider alias/dedup metadata."
ea_bulgarian_split_squat_bodyweight_left,Bulgarian Split Squat Bodyweight Left,Legs,P2,False,NOT_VERIFIED,DUPLICATE_STEPS,Title↔Steps,"Steps are exactly identical to another differently named exercise: Bulgarian Split Squat Bodyweight Left, Bulgarian Split Squat Left Bodyweight Side View.","Check whether these are true variants. If the movement differs, rewrite the distinguishing setup/execution cue; if identical, consider alias/dedup metadata."
ea_bulgarian_split_squat_bodyweight_right,Bulgarian Split Squat Bodyweight Right,Legs,P2,False,NOT_VERIFIED,DUPLICATE_STEPS,Title↔Steps,"Steps are exactly identical to another differently named exercise: Bulgarian Split Squat, Bulgarian Split Squat Bodyweight Right, Bulgarian Split Squat Right Bodyweight Side View.","Check whether these are true variants. If the movement differs, rewrite the distinguishing setup/execution cue; if identical, consider alias/dedup metadata."
ea_bulgarian_split_squat_left_bodyweight_side_view,Bulgarian Split Squat Left Bodyweight Side View,Legs,P2,False,NOT_VERIFIED,DUPLICATE_STEPS,Title↔Steps,"Steps are exactly identical to another differently named exercise: Bulgarian Split Squat Bodyweight Left, Bulgarian Split Squat Left Bodyweight Side View.","Check whether these are true variants. If the movement differs, rewrite the distinguishing setup/execution cue; if identical, consider alias/dedup metadata."
ea_bulgarian_split_squat_right_bodyweight_side_view,Bulgarian Split Squat Right Bodyweight Side View,Legs,P2,False,NOT_VERIFIED,DUPLICATE_STEPS,Title↔Steps,"Steps are exactly identical to another differently named exercise: Bulgarian Split Squat, Bulgarian Split Squat Bodyweight Right, Bulgarian Split Squat Right Bodyweight Side View.","Check whether these are true variants. If the movement differs, rewrite the distinguishing setup/execution cue; if identical, consider alias/dedup metadata."
ea_cable_calve_raise,Cable Calve Raise,Legs,P1,False,NOT_VERIFIED,FORCED_ROM,Steps,Unqualified maximum-range cue may push a user beyond the range they can control without symptoms or compensation.,"Use the largest controlled, pain-free range available without compensation; regress range if alignment or symptoms deteriorate."
ea_cable_individual_glute_kickbacks,Cable Individual Glute Kickbacks,Legs,P2,False,NOT_VERIFIED,SPINE_CUE,Steps,Uses 'flat/straight back' as a rigid dynamic cue; for loaded hinges/rows/planks a stable neutral spine is clearer.,Use 'brace and maintain a stable/neutral spine' unless flat contact with a support is the actual goal.
ea_cable_pull_through,Cable Pull Through,Legs,P2,False,NOT_VERIFIED,SPINE_CUE,Steps,Uses 'flat/straight back' as a rigid dynamic cue; for loaded hinges/rows/planks a stable neutral spine is clearer.,Use 'brace and maintain a stable/neutral spine' unless flat contact with a support is the actual goal.
ea_calf_raise_clap,Calf Raise Clap,Legs,P1,False,NOT_VERIFIED,FORCED_ROM,Steps,Unqualified maximum-range cue may push a user beyond the range they can control without symptoms or compensation.,"Use the largest controlled, pain-free range available without compensation; regress range if alignment or symptoms deteriorate."
ea_calf_raise_from_deficit_with_chair_supported,Calf Raise From Deficit with Chair Supported,Legs,P1,False,NOT_VERIFIED,FORCED_ROM,Steps,Unqualified maximum-range cue may push a user beyond the range they can control without symptoms or compensation.,"Use the largest controlled, pain-free range available without compensation; regress range if alignment or symptoms deteriorate."
ea_calf_raise_on_hack_squat_machine,Calf Raise on Hack Squat Machine,Legs,P1,False,NOT_VERIFIED,FORCED_ROM,Steps,Unqualified maximum-range cue may push a user beyond the range they can control without symptoms or compensation.,"Use the largest controlled, pain-free range available without compensation; regress range if alignment or symptoms deteriorate."
ea_calf_raise_with_wall_support,Calf Raise with Wall Support,Legs,P1,False,NOT_VERIFIED,FORCED_ROM,Steps,Unqualified maximum-range cue may push a user beyond the range they can control without symptoms or compensation.,"Use the largest controlled, pain-free range available without compensation; regress range if alignment or symptoms deteriorate."
ea_clamshell,Clamshell,Legs,P1,False,NOT_VERIFIED,FORCED_ROM,Steps,Unqualified maximum-range cue may push a user beyond the range they can control without symptoms or compensation.,"Use the largest controlled, pain-free range available without compensation; regress range if alignment or symptoms deteriorate."
ea_cossack_squat,Cossack Squat,Legs,P1,False,NOT_VERIFIED,KNEE_TOE_RULE,Purpose/Steps,Uses knee-behind-toes / knee-past-toes as a universal rule. Knee travel can be normal; alignment and control matter more.,"Cue a stable whole foot and knee tracking in line with the toes; let range depend on controlled, pain-free mechanics."
ea_donkey_calf_raise,Donkey Calf Raise,Legs,P1,False,NOT_VERIFIED,SPINE_CUE,Steps,Uses 'flat/straight back' as a rigid dynamic cue; for loaded hinges/rows/planks a stable neutral spine is clearer.,Use 'brace and maintain a stable/neutral spine' unless flat contact with a support is the actual goal.
ea_donkey_calf_raise,Donkey Calf Raise,Legs,P1,False,NOT_VERIFIED,FORCED_ROM,Steps,Unqualified maximum-range cue may push a user beyond the range they can control without symptoms or compensation.,"Use the largest controlled, pain-free range available without compensation; regress range if alignment or symptoms deteriorate."
ea_dumbbell_bench_squat,Dumbbell Bench Squat,Legs,P2,False,NOT_VERIFIED,SPINE_CUE,Steps,Uses 'flat/straight back' as a rigid dynamic cue; for loaded hinges/rows/planks a stable neutral spine is clearer.,Use 'brace and maintain a stable/neutral spine' unless flat contact with a support is the actual goal.
ea_dumbbell_bulgarian_box_split_squat,Dumbbell Bulgarian Box Split Squat,Legs,P2,False,NOT_VERIFIED,SPINE_CUE,Steps,Uses 'flat/straight back' as a rigid dynamic cue; for loaded hinges/rows/planks a stable neutral spine is clearer.,Use 'brace and maintain a stable/neutral spine' unless flat contact with a support is the actual goal.
ea_dumbbell_bulgarian_split_squat,Dumbbell Bulgarian Split Squat,Legs,P2,False,NOT_VERIFIED,SPINE_CUE,Steps,Uses 'flat/straight back' as a rigid dynamic cue; for loaded hinges/rows/planks a stable neutral spine is clearer.,Use 'brace and maintain a stable/neutral spine' unless flat contact with a support is the actual goal.
ea_dumbbell_close_legs_deadlift,Dumbbell Close Legs Deadlift,Legs,P2,False,NOT_VERIFIED,SPINE_CUE,Steps,Uses 'flat/straight back' as a rigid dynamic cue; for loaded hinges/rows/planks a stable neutral spine is clearer.,Use 'brace and maintain a stable/neutral spine' unless flat contact with a support is the actual goal.
ea_dumbbell_goblet_reverse_lunge,Dumbbell Goblet Reverse Lunge,Legs,P1,True,PASS,PRIOR_REAUDIT,Purpose/Steps; Steps,"Purpose is improved, but Steps still cue 'front shin close to vertical' and 'push through the front heel'. Prefer whole-foot/tripod pressure and knee tracking in line with toes; allow controlled forward knee travel.","Use: 'Keep the whole foot planted and let the front knee track in line with the toes through a controlled range.'; Cue a stable whole foot and knee tracking in line with the toes; allow controlled forward knee travel when appropriate.; Use controlled depth, stable foot and knee tracking; shin angle may vary with anatomy and exercise goal.; Prefer 'drive through the whole foot/tripod foot' while keeping heel grounded.; Qualify the target: 'about ... if comfortable and controlled' or use available pain-free ROM."
ea_dumbbell_goblet_reverse_lunge,Dumbbell Goblet Reverse Lunge,Legs,P1,True,PASS,SPINE_CUE,Purpose/Steps; Steps,Uses 'flat/straight back' as a rigid dynamic cue; for loaded hinges/rows/planks a stable neutral spine is clearer.,Use 'brace and maintain a stable/neutral spine' unless flat contact with a support is the actual goal.
ea_dumbbell_goblet_split_squat,Dumbbell Goblet Split Squat,Legs,P2,False,NOT_VERIFIED,SPINE_CUE,Steps,Uses 'flat/straight back' as a rigid dynamic cue; for loaded hinges/rows/planks a stable neutral spine is clearer.,Use 'brace and maintain a stable/neutral spine' unless flat contact with a support is the actual goal.
ea_dumbbell_goblet_squat,Dumbbell Goblet Squat,Legs,P2,False,NOT_VERIFIED,SPINE_CUE,Steps,Uses 'flat/straight back' as a rigid dynamic cue; for loaded hinges/rows/planks a stable neutral spine is clearer.,Use 'brace and maintain a stable/neutral spine' unless flat contact with a support is the actual goal.
ea_dumbbell_jumping_squat,Dumbbell Jumping Squat,Legs,P2,False,NOT_VERIFIED,SPINE_CUE,Steps,Uses 'flat/straight back' as a rigid dynamic cue; for loaded hinges/rows/planks a stable neutral spine is clearer.,Use 'brace and maintain a stable/neutral spine' unless flat contact with a support is the actual goal.
ea_dumbbell_narrow_stance_squats,Dumbbell Narrow Stance Squats,Legs,P1,False,NOT_VERIFIED,FORCED_ROM,Steps,Unqualified maximum-range cue may push a user beyond the range they can control without symptoms or compensation.,"Use the largest controlled, pain-free range available without compensation; regress range if alignment or symptoms deteriorate."
ea_dumbbell_press_squat,Dumbbell Press Squat,Legs,P1,False,NOT_VERIFIED,KNEE_TOE_RULE,Purpose/Steps,Uses knee-behind-toes / knee-past-toes as a universal rule. Knee travel can be normal; alignment and control matter more.,"Cue a stable whole foot and knee tracking in line with the toes; let range depend on controlled, pain-free mechanics."
ea_dumbbell_seated_one_leg_calf_raise_hammer_grip,Dumbbell Seated One Leg Calf Raise Hammer Grip,Legs,P1,False,NOT_VERIFIED,FORCED_ROM,Steps,Unqualified maximum-range cue may push a user beyond the range they can control without symptoms or compensation.,"Use the largest controlled, pain-free range available without compensation; regress range if alignment or symptoms deteriorate."
ea_dumbbell_side_lunge_alternating,Dumbbell Side Lunge Alternating,Legs,P1,False,NOT_VERIFIED,KNEE_TOE_RULE,Purpose/Steps,Uses knee-behind-toes / knee-past-toes as a universal rule. Knee travel can be normal; alignment and control matter more.,"Cue a stable whole foot and knee tracking in line with the toes; let range depend on controlled, pain-free mechanics."
ea_dumbbell_side_lunge_left_n_right,Dumbbell Side Lunge Left N Right,Legs,P1,False,NOT_VERIFIED,KNEE_TOE_RULE,Purpose/Steps,Uses knee-behind-toes / knee-past-toes as a universal rule. Knee travel can be normal; alignment and control matter more.,"Cue a stable whole foot and knee tracking in line with the toes; let range depend on controlled, pain-free mechanics."
ea_dumbbell_single_leg_calf_raise_wall_support,Dumbbell Single Leg Calf Raise Wall Support,Legs,P1,False,NOT_VERIFIED,FORCED_ROM,Steps,Unqualified maximum-range cue may push a user beyond the range they can control without symptoms or compensation.,"Use the largest controlled, pain-free range available without compensation; regress range if alignment or symptoms deteriorate."
ea_dumbbell_single_leg_hip_thrust,Dumbbell Single Leg Hip Thrust,Legs,P2,True,PASS,PRIOR_REAUDIT,Purpose/Steps,This card was not materially changed in REV2 for the prior finding(s); the previous finding remains open.,Prefer 'drive through the whole foot/tripod foot' while keeping heel grounded.
ea_dumbbell_single_leg_squat_with_support_pistol,Dumbbell Single Leg Squat with Support (pistol),Legs,P1,False,NOT_VERIFIED,FORCED_ROM,Steps,Unqualified maximum-range cue may push a user beyond the range they can control without symptoms or compensation.,"Use the largest controlled, pain-free range available without compensation; regress range if alignment or symptoms deteriorate."
ea_dumbbell_squats_to_shoulder_press,Dumbbell Squats to Shoulder Press,Legs,P2,False,NOT_VERIFIED,SPINE_CUE,Steps,Uses 'flat/straight back' as a rigid dynamic cue; for loaded hinges/rows/planks a stable neutral spine is clearer.,Use 'brace and maintain a stable/neutral spine' unless flat contact with a support is the actual goal.
ea_dumbbell_staggered_deadlift,Dumbbell Staggered Deadlift,Legs,P2,True,PASS,PRIOR_REAUDIT,Purpose/Steps,"REV2 changed this card, but the edit does not close every prior finding. Keep the unresolved prior action(s) below.",Prefer 'drive through the whole foot/tripod foot' while keeping heel grounded.
ea_dumbbell_standing_calf_raise,Dumbbell Standing Calf Raise,Legs,P1,False,NOT_VERIFIED,FORCED_ROM,Steps,Unqualified maximum-range cue may push a user beyond the range they can control without symptoms or compensation.,"Use the largest controlled, pain-free range available without compensation; regress range if alignment or symptoms deteriorate."
ea_dumbbell_standing_calf_raise_on_step,Dumbbell Standing Calf Raise on Step,Legs,P1,False,NOT_VERIFIED,FORCED_ROM,Steps,Unqualified maximum-range cue may push a user beyond the range they can control without symptoms or compensation.,"Use the largest controlled, pain-free range available without compensation; regress range if alignment or symptoms deteriorate."
ea_dumbbell_standing_hip_abduction,Dumbbell Standing Hip Abduction,Legs,P1,True,PASS,PRIOR_REAUDIT,Purpose/Steps,This card was not materially changed in REV2 for the prior finding(s); the previous finding remains open.,Keep the card inside fitness scope: describe the training target; add symptom-based stop/referral guidance instead of promising treatment.
ea_dumbbell_standing_single_leg_calf_raise,Dumbbell Standing Single Leg Calf Raise,Legs,P1,False,NOT_VERIFIED,FORCED_ROM,Steps,Unqualified maximum-range cue may push a user beyond the range they can control without symptoms or compensation.,"Use the largest controlled, pain-free range available without compensation; regress range if alignment or symptoms deteriorate."
ea_dumbbell_stiff_leg_deadlift,Dumbbell Stiff Leg Deadlift,Legs,P2,False,NOT_VERIFIED,SPINE_CUE,Steps,Uses 'flat/straight back' as a rigid dynamic cue; for loaded hinges/rows/planks a stable neutral spine is clearer.,Use 'brace and maintain a stable/neutral spine' unless flat contact with a support is the actual goal.
ea_dumbbell_straight_leg_deadlift,Dumbbell Straight Leg Deadlift,Legs,P2,False,NOT_VERIFIED,SPINE_CUE,Steps,Uses 'flat/straight back' as a rigid dynamic cue; for loaded hinges/rows/planks a stable neutral spine is clearer.,Use 'brace and maintain a stable/neutral spine' unless flat contact with a support is the actual goal.
ea_dumbbell_supported_sissy_squat,Dumbbell Supported Sissy Squat,Legs,P2,False,NOT_VERIFIED,SPINE_CUE,Steps,Uses 'flat/straight back' as a rigid dynamic cue; for loaded hinges/rows/planks a stable neutral spine is clearer.,Use 'brace and maintain a stable/neutral spine' unless flat contact with a support is the actual goal.
ea_elevated_standing_calf_raise,Elevated Standing Calf Raise,Legs,P1,False,NOT_VERIFIED,FORCED_ROM,Steps,Unqualified maximum-range cue may push a user beyond the range they can control without symptoms or compensation.,"Use the largest controlled, pain-free range available without compensation; regress range if alignment or symptoms deteriorate."
ea_exercise_ball_wall_squat,Exercise Ball Wall Squat,Legs,P1,False,NOT_VERIFIED,SPINE_CUE,Purpose/Steps; Steps,Uses 'flat/straight back' as a rigid dynamic cue; for loaded hinges/rows/planks a stable neutral spine is clearer.,Use 'brace and maintain a stable/neutral spine' unless flat contact with a support is the actual goal.
ea_exercise_ball_wall_squat,Exercise Ball Wall Squat,Legs,P1,False,NOT_VERIFIED,KNEE_TOE_RULE,Purpose/Steps; Steps,Uses knee-behind-toes / knee-past-toes as a universal rule. Knee travel can be normal; alignment and control matter more.,"Cue a stable whole foot and knee tracking in line with the toes; let range depend on controlled, pain-free mechanics."
ea_frog_jumps,Frog Jumps,Legs,P1,True,PASS,PRIOR_REAUDIT,Purpose; Purpose/Steps,"Neutral-spine cue was fixed. 'Landing noise is the best indicator' can be a coaching heuristic, but it is still too absolute. Prefer 'a useful cue for landing control'.","Replace with 'can', 'may', 'often', 'a useful option', or a specific observable training effect.; Prefer 'brace and maintain a stable/neutral spine' unless posterior pelvic tilt/bench contact is intentionally required."
ea_frog_jumps,Frog Jumps,Legs,P1,True,PASS,SUPERLATIVE_CLAIM,Purpose; Purpose/Steps,"Uses a best/most/only/comparative claim without a defined population, outcome or evidence threshold.","State the direct training effect, or soften to 'can', 'may', 'often', 'a useful option' and define the comparison if it matters."
ea_good_mornings,Good Mornings,Legs,P2,True,PASS,SPINE_CUE,Steps,Uses 'flat/straight back' as a rigid dynamic cue; for loaded hinges/rows/planks a stable neutral spine is clearer.,Use 'brace and maintain a stable/neutral spine' unless flat contact with a support is the actual goal.
ea_hammer_strength_iso_lateral_leg_curl_alternating_legs,Hammer Strength Iso-lateral LEG CURL Alternating Legs,Legs,P2,False,NOT_VERIFIED,DUPLICATE_STEPS,Title↔Steps,"Steps are exactly identical to another differently named exercise: Hammer Strength Iso-lateral LEG CURL Alternating Legs, Hammer Strength Iso-lateral LEG Curl_alternate Legs.","Check whether these are true variants. If the movement differs, rewrite the distinguishing setup/execution cue; if identical, consider alias/dedup metadata."
ea_hammer_strength_iso_lateral_leg_curl_alternate_legs,Hammer Strength Iso-lateral LEG Curl_alternate Legs,Legs,P2,False,NOT_VERIFIED,DUPLICATE_STEPS,Title↔Steps,"Steps are exactly identical to another differently named exercise: Hammer Strength Iso-lateral LEG CURL Alternating Legs, Hammer Strength Iso-lateral LEG Curl_alternate Legs.","Check whether these are true variants. If the movement differs, rewrite the distinguishing setup/execution cue; if identical, consider alias/dedup metadata."
ea_horizontal_leg_press,Horizontal Leg Press,Legs,P2,True,PASS,PRIOR_REAUDIT,Purpose/Steps,This card was not materially changed in REV2 for the prior finding(s); the previous finding remains open.,Qualify the target: 'about ... if comfortable and controlled' or use available pain-free ROM.
ea_horizontal_leg_press_calf_raise,Horizontal Leg Press Calf Raise,Legs,P2,True,PASS,PRIOR_REAUDIT,Purpose/Steps,This card was not materially changed in REV2 for the prior finding(s); the previous finding remains open.,Prefer 'brace and maintain a stable/neutral spine' unless posterior pelvic tilt/bench contact is intentionally required.
ea_horizontal_leg_press_single_leg,Horizontal Leg Press Single Leg,Legs,P2,True,PASS,PRIOR_REAUDIT,Purpose/Steps; Steps,This card was not materially changed in REV2 for the prior finding(s); the previous finding remains open.,Prefer 'brace and maintain a stable/neutral spine' unless posterior pelvic tilt/bench contact is intentionally required.; Qualify the target: 'about ... if comfortable and controlled' or use available pain-free ROM.
ea_horizontal_leg_press_single_leg,Horizontal Leg Press Single Leg,Legs,P2,True,PASS,SPINE_CUE,Purpose/Steps; Steps,Uses 'flat/straight back' as a rigid dynamic cue; for loaded hinges/rows/planks a stable neutral spine is clearer.,Use 'brace and maintain a stable/neutral spine' unless flat contact with a support is the actual goal.
ea_in_and_out_squats,In and Out Squats,Legs,P2,False,NOT_VERIFIED,SPINE_CUE,Steps; Title↔Steps,Uses 'flat/straight back' as a rigid dynamic cue; for loaded hinges/rows/planks a stable neutral spine is clearer.,Use 'brace and maintain a stable/neutral spine' unless flat contact with a support is the actual goal.
ea_in_and_out_squats,In and Out Squats,Legs,P2,False,NOT_VERIFIED,DUPLICATE_STEPS,Steps; Title↔Steps,"Steps are exactly identical to another differently named exercise: In and Out Squats, In and Out Squats Jump Bodyweight, In and Out Squats Jump Bodyweight (2).","Check whether these are true variants. If the movement differs, rewrite the distinguishing setup/execution cue; if identical, consider alias/dedup metadata."
ea_in_and_out_squats_jump_bodyweight,In and Out Squats Jump Bodyweight,Legs,P2,False,NOT_VERIFIED,SPINE_CUE,Steps; Title↔Steps,Uses 'flat/straight back' as a rigid dynamic cue; for loaded hinges/rows/planks a stable neutral spine is clearer.,Use 'brace and maintain a stable/neutral spine' unless flat contact with a support is the actual goal.
ea_in_and_out_squats_jump_bodyweight,In and Out Squats Jump Bodyweight,Legs,P2,False,NOT_VERIFIED,DUPLICATE_STEPS,Steps; Title↔Steps,"Steps are exactly identical to another differently named exercise: In and Out Squats, In and Out Squats Jump Bodyweight, In and Out Squats Jump Bodyweight (2).","Check whether these are true variants. If the movement differs, rewrite the distinguishing setup/execution cue; if identical, consider alias/dedup metadata."
ea_in_and_out_squats_jump_bodyweight_2,In and Out Squats Jump Bodyweight (2),Legs,P2,False,NOT_VERIFIED,SPINE_CUE,Steps; Title↔Steps,Uses 'flat/straight back' as a rigid dynamic cue; for loaded hinges/rows/planks a stable neutral spine is clearer.,Use 'brace and maintain a stable/neutral spine' unless flat contact with a support is the actual goal.
ea_in_and_out_squats_jump_bodyweight_2,In and Out Squats Jump Bodyweight (2),Legs,P2,False,NOT_VERIFIED,DUPLICATE_STEPS,Steps; Title↔Steps,"Steps are exactly identical to another differently named exercise: In and Out Squats, In and Out Squats Jump Bodyweight, In and Out Squats Jump Bodyweight (2).","Check whether these are true variants. If the movement differs, rewrite the distinguishing setup/execution cue; if identical, consider alias/dedup metadata."
ea_jumping_lunge,Jumping Lunge,Legs,P2,True,PASS,PRIOR_REAUDIT,Purpose/Steps,This card was not materially changed in REV2 for the prior finding(s); the previous finding remains open.,Qualify the target: 'about ... if comfortable and controlled' or use available pain-free ROM.
ea_kettlebell_calf_raise,Kettlebell Calf Raise,Legs,P1,True,PASS,FORCED_ROM,Steps,Unqualified maximum-range cue may push a user beyond the range they can control without symptoms or compensation.,"Use the largest controlled, pain-free range available without compensation; regress range if alignment or symptoms deteriorate."
ea_kettlebell_reverse_lunge,Kettlebell Reverse Lunge,Legs,P1,True,PASS,PRIOR_REAUDIT,Purpose/Steps; Steps,This card was not materially changed in REV2 for the prior finding(s); the previous finding remains open.,"Use foot stability + knee tracking + controlled depth rather than enforcing a vertical shin.; Use controlled depth, stable foot and knee tracking; shin angle may vary with anatomy and exercise goal.; Prefer 'drive through the whole foot/tripod foot' while keeping heel grounded.; Qualify the target: 'about ... if comfortable and controlled' or use available pain-free ROM."
ea_kettlebell_reverse_lunge,Kettlebell Reverse Lunge,Legs,P1,True,PASS,SPINE_CUE,Purpose/Steps; Steps,Uses 'flat/straight back' as a rigid dynamic cue; for loaded hinges/rows/planks a stable neutral spine is clearer.,Use 'brace and maintain a stable/neutral spine' unless flat contact with a support is the actual goal.
ea_kettlebell_seated_calf_raise,Kettlebell Seated Calf Raise,Legs,P2,True,PASS,PRIOR_REAUDIT,Purpose/Steps,This card was not materially changed in REV2 for the prior finding(s); the previous finding remains open.,Qualify the target: 'about ... if comfortable and controlled' or use available pain-free ROM.
ea_kettlebell_single_leg_calf_raise,Kettlebell Single Leg Calf Raise,Legs,P1,True,PASS,FORCED_ROM,Steps,Unqualified maximum-range cue may push a user beyond the range they can control without symptoms or compensation.,"Use the largest controlled, pain-free range available without compensation; regress range if alignment or symptoms deteriorate."
ea_kettlebell_squats,Kettlebell Squats,Legs,P1,False,NOT_VERIFIED,KNEE_TOE_RULE,Purpose/Steps,Uses knee-behind-toes / knee-past-toes as a universal rule. Knee travel can be normal; alignment and control matter more.,"Cue a stable whole foot and knee tracking in line with the toes; let range depend on controlled, pain-free mechanics."
ea_kettlebell_staggered_deadlift,Kettlebell Staggered Deadlift,Legs,P2,True,PASS,PRIOR_REAUDIT,Purpose/Steps,"REV2 changed this card, but the edit does not close every prior finding. Keep the unresolved prior action(s) below.",Prefer 'drive through the whole foot/tripod foot' while keeping heel grounded.; Prefer 'brace and maintain a stable/neutral spine' unless posterior pelvic tilt/bench contact is intentionally required.
ea_kettlebell_suitcase_squat,Kettlebell Suitcase Squat,Legs,P2,False,NOT_VERIFIED,SPINE_CUE,Steps,Uses 'flat/straight back' as a rigid dynamic cue; for loaded hinges/rows/planks a stable neutral spine is clearer.,Use 'brace and maintain a stable/neutral spine' unless flat contact with a support is the actual goal.
ea_kneeling_leg_curl_machine,Kneeling Leg Curl Machine,Legs,P2,False,NOT_VERIFIED,SPINE_CUE,Steps,Uses 'flat/straight back' as a rigid dynamic cue; for loaded hinges/rows/planks a stable neutral spine is clearer.,Use 'brace and maintain a stable/neutral spine' unless flat contact with a support is the actual goal.
ea_landmine_calf_raise,Landmine Calf Raise,Legs,P1,True,PASS,FORCED_ROM,Steps,Unqualified maximum-range cue may push a user beyond the range they can control without symptoms or compensation.,"Use the largest controlled, pain-free range available without compensation; regress range if alignment or symptoms deteriorate."
ea_landmine_curtsy_lunge,Landmine Curtsy Lunge,Legs,P2,True,PASS,PRIOR_REAUDIT,Purpose/Steps,This card was not materially changed in REV2 for the prior finding(s); the previous finding remains open.,Prefer 'drive through the whole foot/tripod foot' while keeping heel grounded.
ea_landmine_goblet_curtsy_lunge,Landmine Goblet Curtsy Lunge,Legs,P2,True,PASS,PRIOR_REAUDIT,Purpose/Steps,This card was not materially changed in REV2 for the prior finding(s); the previous finding remains open.,Prefer 'drive through the whole foot/tripod foot' while keeping heel grounded.
ea_landmine_hack_squat,Landmine Hack Squat,Legs,P2,True,PASS,PRIOR_REAUDIT,Purpose/Steps,This card was not materially changed in REV2 for the prior finding(s); the previous finding remains open.,Qualify the target: 'about ... if comfortable and controlled' or use available pain-free ROM.
ea_landmine_lunge_to_overhead_press,Landmine Lunge to Overhead Press,Legs,P2,True,PASS,PRIOR_REAUDIT,Purpose/Steps,This card was not materially changed in REV2 for the prior finding(s); the previous finding remains open.,Prefer 'drive through the whole foot/tripod foot' while keeping heel grounded.
ea_lateral_box_jump,Lateral Box Jump,Legs,P1,True,PASS,KNEE_TOE_RULE,Purpose/Steps,Uses knee-behind-toes / knee-past-toes as a universal rule. Knee travel can be normal; alignment and control matter more.,"Cue a stable whole foot and knee tracking in line with the toes; let range depend on controlled, pain-free mechanics."
ea_leg_press_wide_high_stance,Leg Press Wide High Stance,Legs,P2,False,NOT_VERIFIED,DUPLICATE_STEPS,Title↔Steps,"Steps are exactly identical to another differently named exercise: Leg Press Wide High Stance, Leg Press Wide High Stance Behind View.","Check whether these are true variants. If the movement differs, rewrite the distinguishing setup/execution cue; if identical, consider alias/dedup metadata."
ea_leg_press_wide_high_stance_behind_view,Leg Press Wide High Stance Behind View,Legs,P2,False,NOT_VERIFIED,DUPLICATE_STEPS,Title↔Steps,"Steps are exactly identical to another differently named exercise: Leg Press Wide High Stance, Leg Press Wide High Stance Behind View.","Check whether these are true variants. If the movement differs, rewrite the distinguishing setup/execution cue; if identical, consider alias/dedup metadata."
ea_mts_iso_lateral_kneeling_leg_curl,MTS Iso-lateral Kneeling LEG CURL,Legs,P2,False,NOT_VERIFIED,SPINE_CUE,Steps,Uses 'flat/straight back' as a rigid dynamic cue; for loaded hinges/rows/planks a stable neutral spine is clearer.,Use 'brace and maintain a stable/neutral spine' unless flat contact with a support is the actual goal.
ea_med_ball_front_squat_raise,Med Ball Front Squat Raise,Legs,P1,True,PASS,PRIOR_REAUDIT,Purpose/Steps; Steps,This card was not materially changed in REV2 for the prior finding(s); the previous finding remains open.,"Use 'move through the largest controlled, pain-free range you can maintain without compensation.'"
ea_med_ball_front_squat_raise,Med Ball Front Squat Raise,Legs,P1,True,PASS,KNEE_TOE_RULE,Purpose/Steps; Steps,Uses knee-behind-toes / knee-past-toes as a universal rule. Knee travel can be normal; alignment and control matter more.,"Cue a stable whole foot and knee tracking in line with the toes; let range depend on controlled, pain-free mechanics."
ea_med_ball_front_squat_raise,Med Ball Front Squat Raise,Legs,P1,True,PASS,FORCED_ROM,Purpose/Steps; Steps,Unqualified maximum-range cue may push a user beyond the range they can control without symptoms or compensation.,"Use the largest controlled, pain-free range available without compensation; regress range if alignment or symptoms deteriorate."
ea_medicine_ball_jumps,Medicine Ball Jumps,Legs,P1,True,PASS,FORCED_ROM,Steps,Unqualified maximum-range cue may push a user beyond the range they can control without symptoms or compensation.,"Use the largest controlled, pain-free range available without compensation; regress range if alignment or symptoms deteriorate."
ea_multi_hip_abduction,Multi Hip Abduction,Legs,P1,False,NOT_VERIFIED,FORCED_ROM,Steps,Unqualified maximum-range cue may push a user beyond the range they can control without symptoms or compensation.,"Use the largest controlled, pain-free range available without compensation; regress range if alignment or symptoms deteriorate."
ea_multi_hip_adduction,Multi Hip Adduction,Legs,P1,True,PASS,PRIOR_REAUDIT,Purpose/Steps,This card was not materially changed in REV2 for the prior finding(s); the previous finding remains open.,Keep the card inside fitness scope: describe the training target; add symptom-based stop/referral guidance instead of promising treatment.
ea_narrow_stance_heels_elevated_dumbbell_goblet_squats,Narrow Stance Heels Elevated Dumbbell Goblet Squats,Legs,P1,True,PASS,KNEE_TOE_RULE,Purpose/Steps; Steps,Uses knee-behind-toes / knee-past-toes as a universal rule. Knee travel can be normal; alignment and control matter more.,"Cue a stable whole foot and knee tracking in line with the toes; let range depend on controlled, pain-free mechanics."
ea_narrow_stance_heels_elevated_dumbbell_goblet_squats,Narrow Stance Heels Elevated Dumbbell Goblet Squats,Legs,P1,True,PASS,FORCED_ROM,Purpose/Steps; Steps,Unqualified maximum-range cue may push a user beyond the range they can control without symptoms or compensation.,"Use the largest controlled, pain-free range available without compensation; regress range if alignment or symptoms deteriorate."
ea_nordic_hamstring_curl_with_partner,Nordic Hamstring Curl with Partner,Legs,P1,True,PASS,PRIOR_REAUDIT,Purpose; Purpose/Steps,"Changed from 'single most effective' to 'one of the most effective', but still ranks the exercise and directly claims injury reduction. Prefer 'well-supported eccentric hamstring exercise widely used in hamstring-injury risk-reduction programs'; add regression because the movement is demanding.","Rewrite: 'A well-supported eccentric hamstring exercise widely used in sports conditioning and hamstring-injury risk-reduction programs.'; Replace with 'can', 'may', 'often', 'a useful option', or a specific observable training effect.; Keep the card inside fitness scope: describe the training target; add symptom-based stop/referral guidance instead of promising treatment.; Require difficulty, prerequisites, regressions and relevant joint/region safety tags before publication."
ea_nordic_hamstring_curl_with_partner,Nordic Hamstring Curl with Partner,Legs,P1,True,PASS,SUPERLATIVE_CLAIM,Purpose; Purpose/Steps,"Uses a best/most/only/comparative claim without a defined population, outcome or evidence threshold.","State the direct training effect, or soften to 'can', 'may', 'often', 'a useful option' and define the comparison if it matters."
ea_normal_squat_smith_machine,Normal Squat Smith Machine,Legs,P2,True,PASS,PRIOR_REAUDIT,Purpose/Steps,This card was not materially changed in REV2 for the prior finding(s); the previous finding remains open.,Qualify the target: 'about ... if comfortable and controlled' or use available pain-free ROM.
ea_plate_curtsy_lunge,Plate Curtsy Lunge,Legs,P2,True,PASS,PRIOR_REAUDIT,Purpose/Steps,This card was not materially changed in REV2 for the prior finding(s); the previous finding remains open.,Prefer 'drive through the whole foot/tripod foot' while keeping heel grounded.
ea_plate_deficit_lunge,Plate Deficit Lunge,Legs,P2,True,PASS,PRIOR_REAUDIT,Purpose/Steps,This card was not materially changed in REV2 for the prior finding(s); the previous finding remains open.,"Use controlled depth, stable foot and knee tracking; shin angle may vary with anatomy and exercise goal.; Prefer 'drive through the whole foot/tripod foot' while keeping heel grounded."
ea_plate_forward_lunge,Plate Forward Lunge,Legs,P2,True,PASS,PRIOR_REAUDIT,Purpose/Steps,This card was not materially changed in REV2 for the prior finding(s); the previous finding remains open.,Qualify the target: 'about ... if comfortable and controlled' or use available pain-free ROM.
ea_plate_good_morning_anterior,Plate Good Morning Anterior,Legs,P2,True,PASS,SPINE_CUE,Steps,Uses 'flat/straight back' as a rigid dynamic cue; for loaded hinges/rows/planks a stable neutral spine is clearer.,Use 'brace and maintain a stable/neutral spine' unless flat contact with a support is the actual goal.
ea_plate_lateral_lunge,Plate Lateral Lunge,Legs,P1,True,PASS,PRIOR_REAUDIT,Purpose; Purpose/Steps,This card was not materially changed in REV2 for the prior finding(s); the previous finding remains open.,"Replace with 'can', 'may', 'often', 'a useful option', or a specific observable training effect."
ea_plate_lateral_lunge,Plate Lateral Lunge,Legs,P1,True,PASS,SUPERLATIVE_CLAIM,Purpose; Purpose/Steps,"Uses a best/most/only/comparative claim without a defined population, outcome or evidence threshold.","State the direct training effect, or soften to 'can', 'may', 'often', 'a useful option' and define the comparison if it matters."
ea_plate_overhead_walking_lunge,Plate Overhead Walking Lunge,Legs,P2,True,PASS,PRIOR_REAUDIT,Purpose/Steps,This card was not materially changed in REV2 for the prior finding(s); the previous finding remains open.,Prefer 'drive through the whole foot/tripod foot' while keeping heel grounded.
ea_plate_single_leg_pinch_grip_deadlift,Plate Single Leg Pinch Grip Deadlift,Legs,P1,True,PASS,PRIOR_REAUDIT,Purpose/Steps,"REV2 changed this card, but the edit does not close every prior finding. Keep the unresolved prior action(s) below.","Replace with 'can', 'may', 'often', 'a useful option', or a specific observable training effect.; Prefer 'brace and maintain a stable/neutral spine' unless posterior pelvic tilt/bench contact is intentionally required."
ea_plate_squat_hold,Plate Squat Hold,Legs,P1,True,PASS,PRIOR_REAUDIT,Purpose/Steps,This card was not materially changed in REV2 for the prior finding(s); the previous finding remains open.,Use neutral wording about the movement/muscles; avoid claiming one exercise reverses a lifestyle/postural problem without assessment.
ea_plate_squat_hold,Plate Squat Hold,Legs,P1,True,PASS,KNEE_TOE_RULE,Purpose/Steps,Uses knee-behind-toes / knee-past-toes as a universal rule. Knee travel can be normal; alignment and control matter more.,"Cue a stable whole foot and knee tracking in line with the toes; let range depend on controlled, pain-free mechanics."
ea_plate_staggered_deadlift,Plate Staggered Deadlift,Legs,P2,True,PASS,PRIOR_REAUDIT,Purpose/Steps,"REV2 changed this card, but the edit does not close every prior finding. Keep the unresolved prior action(s) below.",Prefer 'drive through the whole foot/tripod foot' while keeping heel grounded.
ea_resistance_band_bent_leg_kickback_kneeling,Resistance Band Bent Leg Kickback (kneeling),Legs,P2,False,NOT_VERIFIED,SPINE_CUE,Steps,Uses 'flat/straight back' as a rigid dynamic cue; for loaded hinges/rows/planks a stable neutral spine is clearer.,Use 'brace and maintain a stable/neutral spine' unless flat contact with a support is the actual goal.
ea_resistance_band_calf_press_sitting_on_chair,Resistance Band Calf Press Sitting on Chair,Legs,P2,False,NOT_VERIFIED,SPINE_CUE,Steps,Uses 'flat/straight back' as a rigid dynamic cue; for loaded hinges/rows/planks a stable neutral spine is clearer.,Use 'brace and maintain a stable/neutral spine' unless flat contact with a support is the actual goal.
ea_resistance_band_clam,Resistance Band Clam,Legs,P1,False,NOT_VERIFIED,FORCED_ROM,Steps,Unqualified maximum-range cue may push a user beyond the range they can control without symptoms or compensation.,"Use the largest controlled, pain-free range available without compensation; regress range if alignment or symptoms deteriorate."
ea_resistance_band_kneeling_leg_half_circle,Resistance Band Kneeling Leg Half Circle,Legs,P2,False,NOT_VERIFIED,SPINE_CUE,Steps,Uses 'flat/straight back' as a rigid dynamic cue; for loaded hinges/rows/planks a stable neutral spine is clearer.,Use 'brace and maintain a stable/neutral spine' unless flat contact with a support is the actual goal.
ea_resistance_band_kneeling_leg_half_circle_on_bench,Resistance Band Kneeling Leg Half Circle on Bench,Legs,P2,False,NOT_VERIFIED,SPINE_CUE,Steps,Uses 'flat/straight back' as a rigid dynamic cue; for loaded hinges/rows/planks a stable neutral spine is clearer.,Use 'brace and maintain a stable/neutral spine' unless flat contact with a support is the actual goal.
ea_resistance_band_one_leg_kickback_bent_position,Resistance Band One Leg Kickback (bent Position),Legs,P1,False,NOT_VERIFIED,SPINE_CUE,Steps,Uses 'flat/straight back' as a rigid dynamic cue; for loaded hinges/rows/planks a stable neutral spine is clearer.,Use 'brace and maintain a stable/neutral spine' unless flat contact with a support is the actual goal.
ea_resistance_band_one_leg_kickback_bent_position,Resistance Band One Leg Kickback (bent Position),Legs,P1,False,NOT_VERIFIED,FORCED_ROM,Steps,Unqualified maximum-range cue may push a user beyond the range they can control without symptoms or compensation.,"Use the largest controlled, pain-free range available without compensation; regress range if alignment or symptoms deteriorate."
ea_resistance_band_standing_hip_abduction,Resistance Band Standing Hip Abduction,Legs,P2,False,NOT_VERIFIED,SPINE_CUE,Steps,Uses 'flat/straight back' as a rigid dynamic cue; for loaded hinges/rows/planks a stable neutral spine is clearer.,Use 'brace and maintain a stable/neutral spine' unless flat contact with a support is the actual goal.
ea_seated_calf_machine,Seated Calf Machine,Legs,P1,False,NOT_VERIFIED,FORCED_ROM,Steps,Unqualified maximum-range cue may push a user beyond the range they can control without symptoms or compensation.,"Use the largest controlled, pain-free range available without compensation; regress range if alignment or symptoms deteriorate."
ea_seated_calf_raises_dumbbell_on_knee,Seated Calf Raises Dumbbell on Knee,Legs,P1,False,NOT_VERIFIED,FORCED_ROM,Steps,Unqualified maximum-range cue may push a user beyond the range they can control without symptoms or compensation.,"Use the largest controlled, pain-free range available without compensation; regress range if alignment or symptoms deteriorate."
ea_seated_leg_curl_machine,Seated Leg Curl Machine,Legs,P1,False,NOT_VERIFIED,FORCED_ROM,Steps,Unqualified maximum-range cue may push a user beyond the range they can control without symptoms or compensation.,"Use the largest controlled, pain-free range available without compensation; regress range if alignment or symptoms deteriorate."
ea_single_leg_romanian_deadlift_dumbbell,Single Leg Romanian Deadlift Dumbbell,Legs,P2,False,NOT_VERIFIED,SPINE_CUE,Steps,Uses 'flat/straight back' as a rigid dynamic cue; for loaded hinges/rows/planks a stable neutral spine is clearer.,Use 'brace and maintain a stable/neutral spine' unless flat contact with a support is the actual goal.
ea_single_leg_romanian_deadlifts_right_cable_resistance_band,Single Leg Romanian Deadlifts Right Cable Resistance Band,Legs,P2,False,NOT_VERIFIED,SPINE_CUE,Steps,Uses 'flat/straight back' as a rigid dynamic cue; for loaded hinges/rows/planks a stable neutral spine is clearer.,Use 'brace and maintain a stable/neutral spine' unless flat contact with a support is the actual goal.
ea_sissy_squat_bodyweight,Sissy Squat Bodyweight,Legs,P1,True,PASS,PRIOR_REAUDIT,Purpose; Purpose/Steps; Steps,This card was not materially changed in REV2 for the prior finding(s); the previous finding remains open.,"Add supported regression, shallow initial ROM, gradual exposure, and stop if anterior knee pain occurs.; Replace with 'can', 'may', 'often', 'a useful option', or a specific observable training effect."
ea_sissy_squat_bodyweight,Sissy Squat Bodyweight,Legs,P1,True,PASS,FORCED_ROM,Purpose; Purpose/Steps; Steps,Unqualified maximum-range cue may push a user beyond the range they can control without symptoms or compensation.,"Use the largest controlled, pain-free range available without compensation; regress range if alignment or symptoms deteriorate."
ea_sissy_squat_bodyweight,Sissy Squat Bodyweight,Legs,P1,True,PASS,SUPERLATIVE_CLAIM,Purpose; Purpose/Steps; Steps,"Uses a best/most/only/comparative claim without a defined population, outcome or evidence threshold.","State the direct training effect, or soften to 'can', 'may', 'often', 'a useful option' and define the comparison if it matters."
ea_smith_machine_narrow_stance_heels_elevated_squats,Smith Machine Narrow Stance Heels Elevated Squats,Legs,P1,True,PASS,FORCED_ROM,Steps,Unqualified maximum-range cue may push a user beyond the range they can control without symptoms or compensation.,"Use the largest controlled, pain-free range available without compensation; regress range if alignment or symptoms deteriorate."
ea_sumo_squat_over_shoulder_resistance_band,Sumo Squat Over Shoulder Resistance Band,Legs,P2,False,NOT_VERIFIED,SPINE_CUE,Steps,Uses 'flat/straight back' as a rigid dynamic cue; for loaded hinges/rows/planks a stable neutral spine is clearer.,Use 'brace and maintain a stable/neutral spine' unless flat contact with a support is the actual goal.
ea_sumo_squat_in_between_legs_resistance_band,Sumo Squat in Between Legs Resistance Band,Legs,P2,False,NOT_VERIFIED,SPINE_CUE,Steps,Uses 'flat/straight back' as a rigid dynamic cue; for loaded hinges/rows/planks a stable neutral spine is clearer.,Use 'brace and maintain a stable/neutral spine' unless flat contact with a support is the actual goal.
ea_suspension_trainer_with_grips_split_squat,Suspension Trainer with Grips Split Squat,Legs,P1,False,NOT_VERIFIED,KNEE_TOE_RULE,Purpose/Steps,Uses knee-behind-toes / knee-past-toes as a universal rule. Knee travel can be normal; alignment and control matter more.,"Cue a stable whole foot and knee tracking in line with the toes; let range depend on controlled, pain-free mechanics."
ea_barbell_clean_deadlift,Barbell Clean Deadlift,Powerlifting,P2,False,NOT_VERIFIED,SPINE_CUE,Steps,Uses 'flat/straight back' as a rigid dynamic cue; for loaded hinges/rows/planks a stable neutral spine is clearer.,Use 'brace and maintain a stable/neutral spine' unless flat contact with a support is the actual goal.
ea_barbell_clean_pull,Barbell Clean Pull,Powerlifting,P2,False,NOT_VERIFIED,SPINE_CUE,Steps,Uses 'flat/straight back' as a rigid dynamic cue; for loaded hinges/rows/planks a stable neutral spine is clearer.,Use 'brace and maintain a stable/neutral spine' unless flat contact with a support is the actual goal.
ea_barbell_clean_and_jerk_split_squat,Barbell Clean and Jerk Split Squat,Powerlifting,P1,False,NOT_VERIFIED,KNEE_TOE_RULE,Purpose/Steps,Uses knee-behind-toes / knee-past-toes as a universal rule. Knee travel can be normal; alignment and control matter more.,"Cue a stable whole foot and knee tracking in line with the toes; let range depend on controlled, pain-free mechanics."
ea_barbell_deadlift,Barbell Deadlift,Powerlifting,P2,False,NOT_VERIFIED,SPINE_CUE,Steps; Title↔Steps,Uses 'flat/straight back' as a rigid dynamic cue; for loaded hinges/rows/planks a stable neutral spine is clearer.,Use 'brace and maintain a stable/neutral spine' unless flat contact with a support is the actual goal.
ea_barbell_deadlift,Barbell Deadlift,Powerlifting,P2,False,NOT_VERIFIED,DUPLICATE_STEPS,Steps; Title↔Steps,"Steps are exactly identical to another differently named exercise: Barbell Deadlift 360 Degrees, Barbell Deadlift, Barbell Deadlift (front POV), Barbell Deadlift (side POV).","Check whether these are true variants. If the movement differs, rewrite the distinguishing setup/execution cue; if identical, consider alias/dedup metadata."
ea_barbell_deadlift_front_pov,Barbell Deadlift (front POV),Powerlifting,P2,False,NOT_VERIFIED,SPINE_CUE,Steps; Title↔Steps,Uses 'flat/straight back' as a rigid dynamic cue; for loaded hinges/rows/planks a stable neutral spine is clearer.,Use 'brace and maintain a stable/neutral spine' unless flat contact with a support is the actual goal.
ea_barbell_deadlift_front_pov,Barbell Deadlift (front POV),Powerlifting,P2,False,NOT_VERIFIED,DUPLICATE_STEPS,Steps; Title↔Steps,"Steps are exactly identical to another differently named exercise: Barbell Deadlift 360 Degrees, Barbell Deadlift, Barbell Deadlift (front POV), Barbell Deadlift (side POV).","Check whether these are true variants. If the movement differs, rewrite the distinguishing setup/execution cue; if identical, consider alias/dedup metadata."
ea_barbell_deadlift_side_pov,Barbell Deadlift (side POV),Powerlifting,P2,False,NOT_VERIFIED,SPINE_CUE,Steps; Title↔Steps,Uses 'flat/straight back' as a rigid dynamic cue; for loaded hinges/rows/planks a stable neutral spine is clearer.,Use 'brace and maintain a stable/neutral spine' unless flat contact with a support is the actual goal.
ea_barbell_deadlift_side_pov,Barbell Deadlift (side POV),Powerlifting,P2,False,NOT_VERIFIED,DUPLICATE_STEPS,Steps; Title↔Steps,"Steps are exactly identical to another differently named exercise: Barbell Deadlift 360 Degrees, Barbell Deadlift, Barbell Deadlift (front POV), Barbell Deadlift (side POV).","Check whether these are true variants. If the movement differs, rewrite the distinguishing setup/execution cue; if identical, consider alias/dedup metadata."
ea_barbell_muscle_clean,Barbell Muscle Clean,Powerlifting,P2,False,NOT_VERIFIED,DUPLICATE_STEPS,Title↔Steps,"Steps are exactly identical to another differently named exercise: Barbell Muscle Clean, Barbell Power Clean.","Check whether these are true variants. If the movement differs, rewrite the distinguishing setup/execution cue; if identical, consider alias/dedup metadata."
ea_barbell_power_clean,Barbell Power Clean,Powerlifting,P2,False,NOT_VERIFIED,DUPLICATE_STEPS,Title↔Steps,"Steps are exactly identical to another differently named exercise: Barbell Muscle Clean, Barbell Power Clean.","Check whether these are true variants. If the movement differs, rewrite the distinguishing setup/execution cue; if identical, consider alias/dedup metadata."
ea_plate_thruster,Plate Thruster,Powerlifting,P1,True,PASS,PRIOR_REAUDIT,Purpose; Purpose/Steps; Steps,This card was not materially changed in REV2 for the prior finding(s); the previous finding remains open.,"State the direct effect of the exercise without ranking it against another method.; Use 'move through the largest controlled, pain-free range you can maintain without compensation.'"
ea_plate_thruster,Plate Thruster,Powerlifting,P1,True,PASS,FORCED_ROM,Purpose; Purpose/Steps; Steps,Unqualified maximum-range cue may push a user beyond the range they can control without symptoms or compensation.,"Use the largest controlled, pain-free range available without compensation; regress range if alignment or symptoms deteriorate."
ea_plate_thruster,Plate Thruster,Powerlifting,P1,True,PASS,SUPERLATIVE_CLAIM,Purpose; Purpose/Steps; Steps,"Uses a best/most/only/comparative claim without a defined population, outcome or evidence threshold.","State the direct training effect, or soften to 'can', 'may', 'often', 'a useful option' and define the comparison if it matters."
ea_arnold_press_cable_resistance_band_standing,Arnold Press Cable Resistance Band Standing,Shoulders,P2,False,NOT_VERIFIED,SPINE_CUE,Steps,Uses 'flat/straight back' as a rigid dynamic cue; for loaded hinges/rows/planks a stable neutral spine is clearer.,Use 'brace and maintain a stable/neutral spine' unless flat contact with a support is the actual goal.
ea_backhand_raise,Backhand Raise,Shoulders,P2,False,NOT_VERIFIED,SPINE_CUE,Steps,Uses 'flat/straight back' as a rigid dynamic cue; for loaded hinges/rows/planks a stable neutral spine is clearer.,Use 'brace and maintain a stable/neutral spine' unless flat contact with a support is the actual goal.
ea_band_behind_neck_shoulder_press,Band Behind Neck Shoulder Press,Shoulders,P1,False,NOT_VERIFIED,BEHIND_NECK,Purpose/Steps,Behind-neck positioning can demand substantial shoulder external rotation/abduction and cervical positioning that is not appropriate for every user.,"Prefer a front-of-body variation by default; if retained, label Advanced and require pain-free shoulder mobility and controlled range."
ea_band_face_pull,Band Face Pull,Shoulders,P2,False,NOT_VERIFIED,DUPLICATE_STEPS,Title↔Steps,"Steps are exactly identical to another differently named exercise: Band Face Pull, Resistance Bands Facepull.","Check whether these are true variants. If the movement differs, rewrite the distinguishing setup/execution cue; if identical, consider alias/dedup metadata."
ea_barbell_back_wide_shrug,Barbell Back Wide Shrug,Shoulders,P2,False,NOT_VERIFIED,DUPLICATE_STEPS,Title↔Steps,"Steps are exactly identical to another differently named exercise: Barbell Back Wide Shrug, Barbell Back Wide Shrugs.","Check whether these are true variants. If the movement differs, rewrite the distinguishing setup/execution cue; if identical, consider alias/dedup metadata."
ea_barbell_back_wide_shrugs,Barbell Back Wide Shrugs,Shoulders,P2,False,NOT_VERIFIED,DUPLICATE_STEPS,Title↔Steps,"Steps are exactly identical to another differently named exercise: Barbell Back Wide Shrug, Barbell Back Wide Shrugs.","Check whether these are true variants. If the movement differs, rewrite the distinguishing setup/execution cue; if identical, consider alias/dedup metadata."
ea_barbell_behind_neck_push_press,Barbell Behind Neck Push Press,Shoulders,P1,False,NOT_VERIFIED,BEHIND_NECK,Purpose/Steps,Behind-neck positioning can demand substantial shoulder external rotation/abduction and cervical positioning that is not appropriate for every user.,"Prefer a front-of-body variation by default; if retained, label Advanced and require pain-free shoulder mobility and controlled range."
ea_barbell_bent_over_reverse_raise_skier,Barbell Bent Over Reverse Raise (skier),Shoulders,P2,False,NOT_VERIFIED,SPINE_CUE,Steps,Uses 'flat/straight back' as a rigid dynamic cue; for loaded hinges/rows/planks a stable neutral spine is clearer.,Use 'brace and maintain a stable/neutral spine' unless flat contact with a support is the actual goal.
ea_barbell_rear_delt_raise,Barbell Rear Delt Raise,Shoulders,P2,False,NOT_VERIFIED,SPINE_CUE,Steps,Uses 'flat/straight back' as a rigid dynamic cue; for loaded hinges/rows/planks a stable neutral spine is clearer.,Use 'brace and maintain a stable/neutral spine' unless flat contact with a support is the actual goal.
ea_barbell_seated_behind_neck_military_press,Barbell Seated Behind Neck Military Press,Shoulders,P1,False,NOT_VERIFIED,BEHIND_NECK,Purpose/Steps,Behind-neck positioning can demand substantial shoulder external rotation/abduction and cervical positioning that is not appropriate for every user.,"Prefer a front-of-body variation by default; if retained, label Advanced and require pain-free shoulder mobility and controlled range."
ea_barbell_shrugs,Barbell Shrugs,Shoulders,P1,False,NOT_VERIFIED,FORCED_ROM,Steps,Unqualified maximum-range cue may push a user beyond the range they can control without symptoms or compensation.,"Use the largest controlled, pain-free range available without compensation; regress range if alignment or symptoms deteriorate."
ea_barbell_silverback_shrug,Barbell Silverback Shrug,Shoulders,P2,False,NOT_VERIFIED,SPINE_CUE,Steps,Uses 'flat/straight back' as a rigid dynamic cue; for loaded hinges/rows/planks a stable neutral spine is clearer.,Use 'brace and maintain a stable/neutral spine' unless flat contact with a support is the actual goal.
ea_barbell_wide_shrug,Barbell Wide Shrug,Shoulders,P1,False,NOT_VERIFIED,FORCED_ROM,Steps,Unqualified maximum-range cue may push a user beyond the range they can control without symptoms or compensation.,"Use the largest controlled, pain-free range available without compensation; regress range if alignment or symptoms deteriorate."
ea_barbell_z_press,Barbell Z Press,Shoulders,P2,False,NOT_VERIFIED,SPINE_CUE,Steps,Uses 'flat/straight back' as a rigid dynamic cue; for loaded hinges/rows/planks a stable neutral spine is clearer.,Use 'brace and maintain a stable/neutral spine' unless flat contact with a support is the actual goal.
ea_behind_neck_press_resistance_band_cable,Behind Neck Press Resistance Band Cable,Shoulders,P1,False,NOT_VERIFIED,SPINE_CUE,Purpose/Steps; Steps,Uses 'flat/straight back' as a rigid dynamic cue; for loaded hinges/rows/planks a stable neutral spine is clearer.,Use 'brace and maintain a stable/neutral spine' unless flat contact with a support is the actual goal.
ea_behind_neck_press_resistance_band_cable,Behind Neck Press Resistance Band Cable,Shoulders,P1,False,NOT_VERIFIED,BEHIND_NECK,Purpose/Steps; Steps,Behind-neck positioning can demand substantial shoulder external rotation/abduction and cervical positioning that is not appropriate for every user.,"Prefer a front-of-body variation by default; if retained, label Advanced and require pain-free shoulder mobility and controlled range."
ea_bent_over_rear_delt_fly_dumbbell,Bent Over Rear Delt Fly Dumbbell,Shoulders,P2,False,NOT_VERIFIED,SPINE_CUE,Steps,Uses 'flat/straight back' as a rigid dynamic cue; for loaded hinges/rows/planks a stable neutral spine is clearer.,Use 'brace and maintain a stable/neutral spine' unless flat contact with a support is the actual goal.
ea_bodyweight_bent_over_rear_delt_fly,Bodyweight Bent Over Rear Delt Fly,Shoulders,P2,False,NOT_VERIFIED,SPINE_CUE,Steps,Uses 'flat/straight back' as a rigid dynamic cue; for loaded hinges/rows/planks a stable neutral spine is clearer.,Use 'brace and maintain a stable/neutral spine' unless flat contact with a support is the actual goal.
ea_cable_bent_over_one_arm_lateral_raise,Cable Bent Over One Arm Lateral Raise,Shoulders,P2,False,NOT_VERIFIED,SPINE_CUE,Steps,Uses 'flat/straight back' as a rigid dynamic cue; for loaded hinges/rows/planks a stable neutral spine is clearer.,Use 'brace and maintain a stable/neutral spine' unless flat contact with a support is the actual goal.
ea_cable_front_raises_straight_bar,Cable Front Raises Straight Bar,Shoulders,P2,False,NOT_VERIFIED,SPINE_CUE,Steps,Uses 'flat/straight back' as a rigid dynamic cue; for loaded hinges/rows/planks a stable neutral spine is clearer.,Use 'brace and maintain a stable/neutral spine' unless flat contact with a support is the actual goal.
ea_cable_lateral_raises,Cable Lateral Raises,Shoulders,P2,False,NOT_VERIFIED,SPINE_CUE,Steps,Uses 'flat/straight back' as a rigid dynamic cue; for loaded hinges/rows/planks a stable neutral spine is clearer.,Use 'brace and maintain a stable/neutral spine' unless flat contact with a support is the actual goal.
ea_cable_one_arm_front_raise,Cable One Arm Front Raise,Shoulders,P2,False,NOT_VERIFIED,SPINE_CUE,Steps,Uses 'flat/straight back' as a rigid dynamic cue; for loaded hinges/rows/planks a stable neutral spine is clearer.,Use 'brace and maintain a stable/neutral spine' unless flat contact with a support is the actual goal.
ea_cable_rear_delt_fly,Cable Rear Delt Fly,Shoulders,P2,False,NOT_VERIFIED,SPINE_CUE,Steps,Uses 'flat/straight back' as a rigid dynamic cue; for loaded hinges/rows/planks a stable neutral spine is clearer.,Use 'brace and maintain a stable/neutral spine' unless flat contact with a support is the actual goal.
ea_cable_reverse_fly_on_crossover,Cable Reverse Fly on Crossover,Shoulders,P2,False,NOT_VERIFIED,SPINE_CUE,Steps,Uses 'flat/straight back' as a rigid dynamic cue; for loaded hinges/rows/planks a stable neutral spine is clearer.,Use 'brace and maintain a stable/neutral spine' unless flat contact with a support is the actual goal.
ea_cable_seated_rear_lateral_raise,Cable Seated Rear Lateral Raise,Shoulders,P2,False,NOT_VERIFIED,SPINE_CUE,Steps,Uses 'flat/straight back' as a rigid dynamic cue; for loaded hinges/rows/planks a stable neutral spine is clearer.,Use 'brace and maintain a stable/neutral spine' unless flat contact with a support is the actual goal.
ea_cable_upright_row_with_ez_bar,Cable Upright Row with EZ Bar,Shoulders,P1,False,NOT_VERIFIED,UPRIGHT_ROW,Purpose/Steps,Upright-row tolerance varies with shoulder anatomy and range; rigid height or pain claims should be avoided.,"Use a comfortable range, avoid forcing elbows high, and stop if there is pinching at the front/top of the shoulder; offer lateral-raise/cable alternatives."
ea_cable_upright_row_with_straight_bar,Cable Upright Row with Straight Bar,Shoulders,P1,False,NOT_VERIFIED,UPRIGHT_ROW,Purpose/Steps,Upright-row tolerance varies with shoulder anatomy and range; rigid height or pain claims should be avoided.,"Use a comfortable range, avoid forcing elbows high, and stop if there is pinching at the front/top of the shoulder; offer lateral-raise/cable alternatives."
ea_cable_y_raise,Cable Y Raise,Shoulders,P2,False,NOT_VERIFIED,SPINE_CUE,Steps,Uses 'flat/straight back' as a rigid dynamic cue; for loaded hinges/rows/planks a stable neutral spine is clearer.,Use 'brace and maintain a stable/neutral spine' unless flat contact with a support is the actual goal.
ea_dumbbell_bent_arm_lateral_raise,Dumbbell Bent Arm Lateral Raise,Shoulders,P2,False,NOT_VERIFIED,SPINE_CUE,Steps,Uses 'flat/straight back' as a rigid dynamic cue; for loaded hinges/rows/planks a stable neutral spine is clearer.,Use 'brace and maintain a stable/neutral spine' unless flat contact with a support is the actual goal.
ea_dumbbell_bent_over_face_pull,Dumbbell Bent Over Face Pull,Shoulders,P1,False,NOT_VERIFIED,SPINE_CUE,Steps,Uses 'flat/straight back' as a rigid dynamic cue; for loaded hinges/rows/planks a stable neutral spine is clearer.,Use 'brace and maintain a stable/neutral spine' unless flat contact with a support is the actual goal.
ea_dumbbell_bent_over_face_pull,Dumbbell Bent Over Face Pull,Shoulders,P1,False,NOT_VERIFIED,FORCED_ROM,Steps,Unqualified maximum-range cue may push a user beyond the range they can control without symptoms or compensation.,"Use the largest controlled, pain-free range available without compensation; regress range if alignment or symptoms deteriorate."
ea_dumbbell_chest_supported_y_raise,Dumbbell Chest Supported Y Raise,Shoulders,P1,True,PASS,PRIOR_REAUDIT,Purpose; Purpose/Steps,This card was not materially changed in REV2 for the prior finding(s); the previous finding remains open.,"Replace with 'can', 'may', 'often', 'a useful option', or a specific observable training effect."
ea_dumbbell_chest_supported_y_raise,Dumbbell Chest Supported Y Raise,Shoulders,P1,True,PASS,SUPERLATIVE_CLAIM,Purpose; Purpose/Steps,"Uses a best/most/only/comparative claim without a defined population, outcome or evidence threshold.","State the direct training effect, or soften to 'can', 'may', 'often', 'a useful option' and define the comparison if it matters."
ea_dumbbell_external_rotatio,Dumbbell External Rotatio,Shoulders,P2,False,NOT_VERIFIED,DUPLICATE_STEPS,Title↔Steps,"Steps are exactly identical to another differently named exercise: Dumbbell External Rotatio, Dumbbell External Rotation.","Check whether these are true variants. If the movement differs, rewrite the distinguishing setup/execution cue; if identical, consider alias/dedup metadata."
ea_dumbbell_external_rotation,Dumbbell External Rotation,Shoulders,P2,False,NOT_VERIFIED,DUPLICATE_STEPS,Title↔Steps,"Steps are exactly identical to another differently named exercise: Dumbbell External Rotatio, Dumbbell External Rotation.","Check whether these are true variants. If the movement differs, rewrite the distinguishing setup/execution cue; if identical, consider alias/dedup metadata."
ea_dumbbell_face_down_lying_shoulder_pres,Dumbbell Face Down Lying Shoulder Pres,Shoulders,P2,False,NOT_VERIFIED,DUPLICATE_STEPS,Title↔Steps,"Steps are exactly identical to another differently named exercise: Dumbbell Face Down Lying Shoulder Pres, Dumbbell Face Down Lying Shoulder Press.","Check whether these are true variants. If the movement differs, rewrite the distinguishing setup/execution cue; if identical, consider alias/dedup metadata."
ea_dumbbell_face_down_lying_shoulder_press,Dumbbell Face Down Lying Shoulder Press,Shoulders,P2,False,NOT_VERIFIED,DUPLICATE_STEPS,Title↔Steps,"Steps are exactly identical to another differently named exercise: Dumbbell Face Down Lying Shoulder Pres, Dumbbell Face Down Lying Shoulder Press.","Check whether these are true variants. If the movement differs, rewrite the distinguishing setup/execution cue; if identical, consider alias/dedup metadata."
ea_dumbbell_laying_30_degree_shrug,Dumbbell Laying 30 Degree Shrug,Shoulders,P2,True,PASS,PRIOR_REAUDIT,Purpose/Steps,This card was not materially changed in REV2 for the prior finding(s); the previous finding remains open.,Use neutral wording about the movement/muscles; avoid claiming one exercise reverses a lifestyle/postural problem without assessment.
ea_dumbbell_laying_silverback_shrug,Dumbbell Laying Silverback Shrug,Shoulders,P1,True,PASS,JOINT_LOCK,Steps,"Uses 'lock' at a knee/elbow, which can be interpreted as forceful hyperextension.",Use 'fully extend without forceful hyperextension' or simply 'straighten under control'.
ea_dumbbell_leaning_fly,Dumbbell Leaning Fly,Shoulders,P2,False,NOT_VERIFIED,SPINE_CUE,Steps,Uses 'flat/straight back' as a rigid dynamic cue; for loaded hinges/rows/planks a stable neutral spine is clearer.,Use 'brace and maintain a stable/neutral spine' unless flat contact with a support is the actual goal.
ea_dumbbell_rear_full_shrugs,Dumbbell Rear Full Shrugs,Shoulders,P1,False,NOT_VERIFIED,FORCED_ROM,Steps,Unqualified maximum-range cue may push a user beyond the range they can control without symptoms or compensation.,"Use the largest controlled, pain-free range available without compensation; regress range if alignment or symptoms deteriorate."
ea_dumbbell_rear_lateral_raise,Dumbbell Rear Lateral Raise,Shoulders,P2,False,NOT_VERIFIED,SPINE_CUE,Steps,Uses 'flat/straight back' as a rigid dynamic cue; for loaded hinges/rows/planks a stable neutral spine is clearer.,Use 'brace and maintain a stable/neutral spine' unless flat contact with a support is the actual goal.
ea_dumbbell_scott_press,Dumbbell Scott Press,Shoulders,P2,False,NOT_VERIFIED,DUPLICATE_STEPS,Title↔Steps,"Steps are exactly identical to another differently named exercise: Dumbbell Scott Press, Dumbbell Scott Press (360 Degrees).","Check whether these are true variants. If the movement differs, rewrite the distinguishing setup/execution cue; if identical, consider alias/dedup metadata."
ea_dumbbell_scott_press_360_degrees,Dumbbell Scott Press (360 Degrees),Shoulders,P2,False,NOT_VERIFIED,DUPLICATE_STEPS,Title↔Steps,"Steps are exactly identical to another differently named exercise: Dumbbell Scott Press, Dumbbell Scott Press (360 Degrees).","Check whether these are true variants. If the movement differs, rewrite the distinguishing setup/execution cue; if identical, consider alias/dedup metadata."
ea_dumbbell_shoulder_extension,Dumbbell Shoulder Extension,Shoulders,P1,True,PASS,PRIOR_REAUDIT,Purpose; Purpose/Steps; Steps,This card was not materially changed in REV2 for the prior finding(s); the previous finding remains open.,"Replace with 'can', 'may', 'often', 'a useful option', or a specific observable training effect.; Use neutral wording about the movement/muscles; avoid claiming one exercise reverses a lifestyle/postural problem without assessment."
ea_dumbbell_shoulder_extension,Dumbbell Shoulder Extension,Shoulders,P1,True,PASS,SPINE_CUE,Purpose; Purpose/Steps; Steps,Uses 'flat/straight back' as a rigid dynamic cue; for loaded hinges/rows/planks a stable neutral spine is clearer.,Use 'brace and maintain a stable/neutral spine' unless flat contact with a support is the actual goal.
ea_dumbbell_shoulder_extension,Dumbbell Shoulder Extension,Shoulders,P1,True,PASS,JOINT_LOCK,Purpose; Purpose/Steps; Steps,"Uses 'lock' at a knee/elbow, which can be interpreted as forceful hyperextension.",Use 'fully extend without forceful hyperextension' or simply 'straighten under control'.
ea_dumbbell_shoulder_extension,Dumbbell Shoulder Extension,Shoulders,P1,True,PASS,POSTURE_CAUSAL,Purpose; Purpose/Steps; Steps,Attributes posture/tightness to a single lifestyle cause or implies one exercise corrects it without assessment.,Describe the movement/muscles and mobility target; avoid diagnosing a posture problem or promising to reverse it.
ea_dumbbell_shoulder_extension,Dumbbell Shoulder Extension,Shoulders,P1,True,PASS,SUPERLATIVE_CLAIM,Purpose; Purpose/Steps; Steps,"Uses a best/most/only/comparative claim without a defined population, outcome or evidence threshold.","State the direct training effect, or soften to 'can', 'may', 'often', 'a useful option' and define the comparison if it matters."
ea_dumbbell_single_arm_upright_row,Dumbbell Single Arm Upright Row,Shoulders,P1,True,PASS,PRIOR_REAUDIT,Purpose/Steps,This card was not materially changed in REV2 for the prior finding(s); the previous finding remains open.,Make the comparison conditional: 'A single-arm setup may let some users find a more comfortable path.' Add 'stop if you feel pinching at the front/top of the shoulder.'
ea_dumbbell_single_arm_upright_row,Dumbbell Single Arm Upright Row,Shoulders,P1,True,PASS,UPRIGHT_ROW,Purpose/Steps,Upright-row tolerance varies with shoulder anatomy and range; rigid height or pain claims should be avoided.,"Use a comfortable range, avoid forcing elbows high, and stop if there is pinching at the front/top of the shoulder; offer lateral-raise/cable alternatives."
ea_dumbbell_standing_palms_in_press,Dumbbell Standing Palms in Press,Shoulders,P2,False,NOT_VERIFIED,SPINE_CUE,Steps,Uses 'flat/straight back' as a rigid dynamic cue; for loaded hinges/rows/planks a stable neutral spine is clearer.,Use 'brace and maintain a stable/neutral spine' unless flat contact with a support is the actual goal.
ea_dumbbell_upright_shoulder_external_rotatio,Dumbbell Upright Shoulder External Rotatio,Shoulders,P2,False,NOT_VERIFIED,DUPLICATE_STEPS,Title↔Steps,"Steps are exactly identical to another differently named exercise: Dumbbell Upright Shoulder External Rotatio, Dumbbell Upright Shoulder External Rotation.","Check whether these are true variants. If the movement differs, rewrite the distinguishing setup/execution cue; if identical, consider alias/dedup metadata."
ea_dumbbell_upright_shoulder_external_rotation,Dumbbell Upright Shoulder External Rotation,Shoulders,P2,False,NOT_VERIFIED,DUPLICATE_STEPS,Title↔Steps,"Steps are exactly identical to another differently named exercise: Dumbbell Upright Shoulder External Rotatio, Dumbbell Upright Shoulder External Rotation.","Check whether these are true variants. If the movement differs, rewrite the distinguishing setup/execution cue; if identical, consider alias/dedup metadata."
ea_jump_rope_face_pull,Jump Rope Face Pull,Shoulders,P2,False,NOT_VERIFIED,SPINE_CUE,Steps,Uses 'flat/straight back' as a rigid dynamic cue; for loaded hinges/rows/planks a stable neutral spine is clearer.,Use 'brace and maintain a stable/neutral spine' unless flat contact with a support is the actual goal.
ea_kettlebell_shoulder_extension,Kettlebell Shoulder Extension,Shoulders,P2,True,PASS,PRIOR_REAUDIT,Purpose/Steps,This card was not materially changed in REV2 for the prior finding(s); the previous finding remains open.,Use neutral wording about the movement/muscles; avoid claiming one exercise reverses a lifestyle/postural problem without assessment.
ea_kettlebell_silverback_shrug,Kettlebell Silverback Shrug,Shoulders,P2,True,PASS,PRIOR_REAUDIT,Purpose; Purpose/Steps,"REV2 changed this card, but the edit does not close every prior finding. Keep the unresolved prior action(s) below.",Use neutral wording about the movement/muscles; avoid claiming one exercise reverses a lifestyle/postural problem without assessment.
ea_kettlebell_silverback_shrug,Kettlebell Silverback Shrug,Shoulders,P2,True,PASS,POSTURE_CAUSAL,Purpose; Purpose/Steps,Attributes posture/tightness to a single lifestyle cause or implies one exercise corrects it without assessment.,Describe the movement/muscles and mobility target; avoid diagnosing a posture problem or promising to reverse it.
ea_kettlebell_upright_row,Kettlebell Upright Row,Shoulders,P1,True,PASS,PRIOR_REAUDIT,Purpose/Steps; Steps,The Purpose↔Step height contradiction is fixed. Residual wording still says going higher is what 'turns this exercise into shoulder pain'. Use a comfortable range and stop earlier for pinching/pain; avoid a universal threshold-mechanism claim.,"Use one consistent cue: 'Raise only to a comfortable height, generally no higher than shoulder level; stop earlier if you feel pinching.'; Keep the card inside fitness scope: describe the training target; add symptom-based stop/referral guidance instead of promising treatment."
ea_kettlebell_upright_row,Kettlebell Upright Row,Shoulders,P1,True,PASS,SPINE_CUE,Purpose/Steps; Steps,Uses 'flat/straight back' as a rigid dynamic cue; for loaded hinges/rows/planks a stable neutral spine is clearer.,Use 'brace and maintain a stable/neutral spine' unless flat contact with a support is the actual goal.
ea_kettlebell_upright_row,Kettlebell Upright Row,Shoulders,P1,True,PASS,UPRIGHT_ROW,Purpose/Steps; Steps,Upright-row tolerance varies with shoulder anatomy and range; rigid height or pain claims should be avoided.,"Use a comfortable range, avoid forcing elbows high, and stop if there is pinching at the front/top of the shoulder; offer lateral-raise/cable alternatives."
ea_landmine_alternating_single_arm_press,Landmine Alternating Single Arm Press,Shoulders,P2,True,PASS,SUPERLATIVE_CLAIM,Purpose,"Uses a best/most/only/comparative claim without a defined population, outcome or evidence threshold.","State the direct training effect, or soften to 'can', 'may', 'often', 'a useful option' and define the comparison if it matters."
ea_landmine_overhead_press,Landmine Overhead Press,Shoulders,P1,True,PASS,PRIOR_REAUDIT,Purpose/Steps,This card was not materially changed in REV2 for the prior finding(s); the previous finding remains open.,Keep the card inside fitness scope: describe the training target; add symptom-based stop/referral guidance instead of promising treatment.
ea_landmine_seated_alternating_overhead_press,Landmine Seated Alternating Overhead Press,Shoulders,P2,True,PASS,PRIOR_REAUDIT,Purpose/Steps,This card was not materially changed in REV2 for the prior finding(s); the previous finding remains open.,Use neutral wording about the movement/muscles; avoid claiming one exercise reverses a lifestyle/postural problem without assessment.
ea_low_cable_overhead_flyes,Low Cable Overhead Flyes,Shoulders,P2,False,NOT_VERIFIED,SPINE_CUE,Steps,Uses 'flat/straight back' as a rigid dynamic cue; for loaded hinges/rows/planks a stable neutral spine is clearer.,Use 'brace and maintain a stable/neutral spine' unless flat contact with a support is the actual goal.
ea_one_arm_reverse_dumbbell_fly,One Arm Reverse Dumbbell Fly,Shoulders,P2,False,NOT_VERIFIED,SPINE_CUE,Steps,Uses 'flat/straight back' as a rigid dynamic cue; for loaded hinges/rows/planks a stable neutral spine is clearer.,Use 'brace and maintain a stable/neutral spine' unless flat contact with a support is the actual goal.
ea_plate_overhead_shrug,Plate Overhead Shrug,Shoulders,P1,True,PASS,JOINT_LOCK,Steps,"Uses 'lock' at a knee/elbow, which can be interpreted as forceful hyperextension.",Use 'fully extend without forceful hyperextension' or simply 'straighten under control'.
ea_plate_rear_delt_fly,Plate Rear Delt Fly,Shoulders,P2,True,PASS,PRIOR_REAUDIT,Purpose; Purpose/Steps,"REV2 changed this card, but the edit does not close every prior finding. Keep the unresolved prior action(s) below.",Use neutral wording about the movement/muscles; avoid claiming one exercise reverses a lifestyle/postural problem without assessment.
ea_plate_rear_delt_fly,Plate Rear Delt Fly,Shoulders,P2,True,PASS,POSTURE_CAUSAL,Purpose; Purpose/Steps,Attributes posture/tightness to a single lifestyle cause or implies one exercise corrects it without assessment.,Describe the movement/muscles and mobility target; avoid diagnosing a posture problem or promising to reverse it.
ea_resistance_bands_facepull,Resistance Bands Facepull,Shoulders,P2,False,NOT_VERIFIED,DUPLICATE_STEPS,Title↔Steps,"Steps are exactly identical to another differently named exercise: Band Face Pull, Resistance Bands Facepull.","Check whether these are true variants. If the movement differs, rewrite the distinguishing setup/execution cue; if identical, consider alias/dedup metadata."
ea_seated_dumbbell_neutral_grip_front_raises,Seated Dumbbell Neutral Grip Front Raises,Shoulders,P2,True,PASS,PRIOR_REAUDIT,Purpose/Steps; Steps,This card was not materially changed in REV2 for the prior finding(s); the previous finding remains open.,Use neutral wording about the movement/muscles; avoid claiming one exercise reverses a lifestyle/postural problem without assessment.
ea_seated_dumbbell_neutral_grip_front_raises,Seated Dumbbell Neutral Grip Front Raises,Shoulders,P2,True,PASS,SPINE_CUE,Purpose/Steps; Steps,Uses 'flat/straight back' as a rigid dynamic cue; for loaded hinges/rows/planks a stable neutral spine is clearer.,Use 'brace and maintain a stable/neutral spine' unless flat contact with a support is the actual goal.
ea_trap_bar_shrug,Trap Bar Shrug,Shoulders,P2,False,NOT_VERIFIED,SPINE_CUE,Steps,Uses 'flat/straight back' as a rigid dynamic cue; for loaded hinges/rows/planks a stable neutral spine is clearer.,Use 'brace and maintain a stable/neutral spine' unless flat contact with a support is the actual goal.
ea_upright_row_cable_resistance_band,Upright Row Cable Resistance Band,Shoulders,P1,False,NOT_VERIFIED,UPRIGHT_ROW,Purpose/Steps,Upright-row tolerance varies with shoulder anatomy and range; rigid height or pain claims should be avoided.,"Use a comfortable range, avoid forcing elbows high, and stop if there is pinching at the front/top of the shoulder; offer lateral-raise/cable alternatives."
ea_upright_row_dumbbell,Upright Row Dumbbell,Shoulders,P1,False,NOT_VERIFIED,UPRIGHT_ROW,Purpose/Steps,Upright-row tolerance varies with shoulder anatomy and range; rigid height or pain claims should be avoided.,"Use a comfortable range, avoid forcing elbows high, and stop if there is pinching at the front/top of the shoulder; offer lateral-raise/cable alternatives."
ea_upright_row_ez_bar,Upright Row Ez Bar,Shoulders,P1,False,NOT_VERIFIED,UPRIGHT_ROW,Purpose/Steps,Upright-row tolerance varies with shoulder anatomy and range; rigid height or pain claims should be avoided.,"Use a comfortable range, avoid forcing elbows high, and stop if there is pinching at the front/top of the shoulder; offer lateral-raise/cable alternatives."
ea_above_head_chest_stretch,Above Head Chest Stretch,Stretching - Mobility,P2,False,NOT_VERIFIED,SPINE_CUE,Steps,Uses 'flat/straight back' as a rigid dynamic cue; for loaded hinges/rows/planks a stable neutral spine is clearer.,Use 'brace and maintain a stable/neutral spine' unless flat contact with a support is the actual goal.
ea_across_chest_shoulder_stretch,Across Chest Shoulder Stretch,Stretching - Mobility,P2,False,NOT_VERIFIED,SPINE_CUE,Steps,Uses 'flat/straight back' as a rigid dynamic cue; for loaded hinges/rows/planks a stable neutral spine is clearer.,Use 'brace and maintain a stable/neutral spine' unless flat contact with a support is the actual goal.
ea_adductor_stretch_side_standing,Adductor Stretch Side Standing,Stretching - Mobility,P2,False,NOT_VERIFIED,SPINE_CUE,Steps,Uses 'flat/straight back' as a rigid dynamic cue; for loaded hinges/rows/planks a stable neutral spine is clearer.,Use 'brace and maintain a stable/neutral spine' unless flat contact with a support is the actual goal.
ea_armless_prayer_stretch,Armless Prayer Stretch,Stretching - Mobility,P2,False,NOT_VERIFIED,SPINE_CUE,Steps,Uses 'flat/straight back' as a rigid dynamic cue; for loaded hinges/rows/planks a stable neutral spine is clearer.,Use 'brace and maintain a stable/neutral spine' unless flat contact with a support is the actual goal.
ea_arms_behind_back_chest_stretch,Arms Behind Back Chest Stretch,Stretching - Mobility,P2,True,PASS,PRIOR_REAUDIT,Purpose/Steps,This card was not materially changed in REV2 for the prior finding(s); the previous finding remains open.,Use neutral wording about the movement/muscles; avoid claiming one exercise reverses a lifestyle/postural problem without assessment.
ea_back_stretch_dynamic,Back Stretch Dynamic,Stretching - Mobility,P2,False,NOT_VERIFIED,SPINE_CUE,Steps,Uses 'flat/straight back' as a rigid dynamic cue; for loaded hinges/rows/planks a stable neutral spine is clearer.,Use 'brace and maintain a stable/neutral spine' unless flat contact with a support is the actual goal.
ea_back_stretch_standing_with_bench,Back Stretch Standing with Bench,Stretching - Mobility,P2,False,NOT_VERIFIED,SPINE_CUE,Steps,Uses 'flat/straight back' as a rigid dynamic cue; for loaded hinges/rows/planks a stable neutral spine is clearer.,Use 'brace and maintain a stable/neutral spine' unless flat contact with a support is the actual goal.
ea_back_and_shoulder_stretch,Back and Shoulder Stretch,Stretching - Mobility,P2,False,NOT_VERIFIED,SPINE_CUE,Steps,Uses 'flat/straight back' as a rigid dynamic cue; for loaded hinges/rows/planks a stable neutral spine is clearer.,Use 'brace and maintain a stable/neutral spine' unless flat contact with a support is the actual goal.
ea_boat_stretch,Boat Stretch,Stretching - Mobility,P2,False,NOT_VERIFIED,SPINE_CUE,Steps,Uses 'flat/straight back' as a rigid dynamic cue; for loaded hinges/rows/planks a stable neutral spine is clearer.,Use 'brace and maintain a stable/neutral spine' unless flat contact with a support is the actual goal.
ea_both_arms_behind_on_wall_biceps_stretch,Both Arms Behind on Wall Biceps Stretch,Stretching - Mobility,P2,True,PASS,PRIOR_REAUDIT,Purpose/Steps,This card was not materially changed in REV2 for the prior finding(s); the previous finding remains open.,Use neutral wording about the movement/muscles; avoid claiming one exercise reverses a lifestyle/postural problem without assessment.
ea_calve_stretch_foot_on_wall,Calve Stretch Foot on Wall,Stretching - Mobility,P1,True,PASS,PRIOR_REAUDIT,Purpose/Steps,This card was not materially changed in REV2 for the prior finding(s); the previous finding remains open.,Keep the card inside fitness scope: describe the training target; add symptom-based stop/referral guidance instead of promising treatment.
ea_chest_out_hands_behind_hold,Chest Out Hands Behind (hold),Stretching - Mobility,P2,False,NOT_VERIFIED,SPINE_CUE,Steps,Uses 'flat/straight back' as a rigid dynamic cue; for loaded hinges/rows/planks a stable neutral spine is clearer.,Use 'brace and maintain a stable/neutral spine' unless flat contact with a support is the actual goal.
ea_cobra_stretch,Cobra Stretch,Stretching - Mobility,P2,True,PASS,PRIOR_REAUDIT,Purpose; Purpose/Steps,This card was not materially changed in REV2 for the prior finding(s); the previous finding remains open.,Use neutral wording about the movement/muscles; avoid claiming one exercise reverses a lifestyle/postural problem without assessment.
ea_cobra_stretch,Cobra Stretch,Stretching - Mobility,P2,True,PASS,POSTURE_CAUSAL,Purpose; Purpose/Steps,Attributes posture/tightness to a single lifestyle cause or implies one exercise corrects it without assessment.,Describe the movement/muscles and mobility target; avoid diagnosing a posture problem or promising to reverse it.
ea_crescent_moon_pose_quad_stretch,Crescent Moon Pose Quad Stretch,Stretching - Mobility,P2,True,PASS,PRIOR_REAUDIT,Purpose; Purpose/Steps,This card was not materially changed in REV2 for the prior finding(s); the previous finding remains open.,Use neutral wording about the movement/muscles; avoid claiming one exercise reverses a lifestyle/postural problem without assessment.; Qualify the target: 'about ... if comfortable and controlled' or use available pain-free ROM.
ea_crescent_moon_pose_quad_stretch,Crescent Moon Pose Quad Stretch,Stretching - Mobility,P2,True,PASS,POSTURE_CAUSAL,Purpose; Purpose/Steps,Attributes posture/tightness to a single lifestyle cause or implies one exercise corrects it without assessment.,Describe the movement/muscles and mobility target; avoid diagnosing a posture problem or promising to reverse it.
ea_crossover_kneeling_hip_flexor_stretch,Crossover Kneeling Hip Flexor Stretch,Stretching - Mobility,P2,False,NOT_VERIFIED,SPINE_CUE,Steps,Uses 'flat/straight back' as a rigid dynamic cue; for loaded hinges/rows/planks a stable neutral spine is clearer.,Use 'brace and maintain a stable/neutral spine' unless flat contact with a support is the actual goal.
ea_elbow_back_stretch,Elbow Back Stretch,Stretching - Mobility,P2,False,NOT_VERIFIED,DUPLICATE_STEPS,Title↔Steps,"Steps are exactly identical to another differently named exercise: Elbow Back Stretch, Elbows Back Stretch.","Check whether these are true variants. If the movement differs, rewrite the distinguishing setup/execution cue; if identical, consider alias/dedup metadata."
ea_elbows_back_stretch,Elbows Back Stretch,Stretching - Mobility,P2,False,NOT_VERIFIED,DUPLICATE_STEPS,Title↔Steps,"Steps are exactly identical to another differently named exercise: Elbow Back Stretch, Elbows Back Stretch.","Check whether these are true variants. If the movement differs, rewrite the distinguishing setup/execution cue; if identical, consider alias/dedup metadata."
ea_exercise_ball_seated_hamstring_stretch,Exercise Ball Seated Hamstring Stretch,Stretching - Mobility,P2,False,NOT_VERIFIED,SPINE_CUE,Steps,Uses 'flat/straight back' as a rigid dynamic cue; for loaded hinges/rows/planks a stable neutral spine is clearer.,Use 'brace and maintain a stable/neutral spine' unless flat contact with a support is the actual goal.
ea_extension_and_inclination_neck_stretch,Extension and Inclination Neck Stretch,Stretching - Mobility,P2,False,NOT_VERIFIED,SPINE_CUE,Steps,Uses 'flat/straight back' as a rigid dynamic cue; for loaded hinges/rows/planks a stable neutral spine is clearer.,Use 'brace and maintain a stable/neutral spine' unless flat contact with a support is the actual goal.
ea_extension_of_arms_in_vertical_stretch,Extension of Arms in Vertical Stretch,Stretching - Mobility,P2,False,NOT_VERIFIED,SPINE_CUE,Steps,Uses 'flat/straight back' as a rigid dynamic cue; for loaded hinges/rows/planks a stable neutral spine is clearer.,Use 'brace and maintain a stable/neutral spine' unless flat contact with a support is the actual goal.
ea_fixed_bar_stretch,Fixed Bar Stretch,Stretching - Mobility,P2,False,NOT_VERIFIED,SPINE_CUE,Steps,Uses 'flat/straight back' as a rigid dynamic cue; for loaded hinges/rows/planks a stable neutral spine is clearer.,Use 'brace and maintain a stable/neutral spine' unless flat contact with a support is the actual goal.
ea_foam_roller_back,Foam Roller Back,Stretching - Mobility,P2,True,PASS,PRIOR_REAUDIT,Purpose/Steps,This card was not materially changed in REV2 for the prior finding(s); the previous finding remains open.,Use neutral wording about the movement/muscles; avoid claiming one exercise reverses a lifestyle/postural problem without assessment.
ea_foam_roller_calves,Foam Roller Calves,Stretching - Mobility,P1,True,PASS,PRIOR_REAUDIT,Purpose; Purpose/Steps,This card was not materially changed in REV2 for the prior finding(s); the previous finding remains open.,Rewrite: 'Foam rolling can temporarily improve ankle/calf comfort and range of motion and can be used before ankle-demanding activity.'; State the direct effect of the exercise without ranking it against another method.
ea_foam_roller_calves,Foam Roller Calves,Stretching - Mobility,P1,True,PASS,SUPERLATIVE_CLAIM,Purpose; Purpose/Steps,"Uses a best/most/only/comparative claim without a defined population, outcome or evidence threshold.","State the direct training effect, or soften to 'can', 'may', 'often', 'a useful option' and define the comparison if it matters."
ea_foam_roller_lateral_quads,Foam Roller Lateral Quads,Stretching - Mobility,P1,True,PASS,PRIOR_REAUDIT,Purpose/Steps,This card was not materially changed in REV2 for the prior finding(s); the previous finding remains open.,"Use neutral SMR wording; keep pressure tolerable and avoid rolling directly over joints. Do not equate pain with effectiveness.; Replace with 'can', 'may', 'often', 'a useful option', or a specific observable training effect.; State: mild muscular effort/tension can be acceptable; sharp, radiating, joint or neurologic pain is a stop signal."
ea_foam_roller_quads,Foam Roller Quads-,Stretching - Mobility,P2,True,PASS,PRIOR_REAUDIT,Purpose/Steps,This card was not materially changed in REV2 for the prior finding(s); the previous finding remains open.,"State: mild muscular effort/tension can be acceptable; sharp, radiating, joint or neurologic pain is a stop signal."
ea_forearms_pull_with_opposite_hand_stretch,Forearms Pull with Opposite Hand Stretch,Stretching - Mobility,P1,True,PASS,PRIOR_REAUDIT,Purpose/Steps,This card was not materially changed in REV2 for the prior finding(s); the previous finding remains open.,Rewrite as a forearm-flexor/extensor mobility drill; persistent elbow pain should be assessed rather than treated by the card.; Keep the card inside fitness scope: describe the training target; add symptom-based stop/referral guidance instead of promising treatment.; Use neutral wording about the movement/muscles; avoid claiming one exercise reverses a lifestyle/postural problem without assessment.
ea_forearms_stretch_on_wall,Forearms Stretch on Wall,Stretching - Mobility,P2,True,PASS,SUPERLATIVE_CLAIM,Purpose,"Uses a best/most/only/comparative claim without a defined population, outcome or evidence threshold.","State the direct training effect, or soften to 'can', 'may', 'often', 'a useful option' and define the comparison if it matters."
ea_forearms_stretch_on_wall_fingers_facing_down,Forearms Stretch on Wall Fingers Facing Down,Stretching - Mobility,P2,True,PASS,PRIOR_REAUDIT,Purpose/Steps,Purpose links the stretch to outer-elbow ache. Keep the target tissues and technique; avoid implying treatment for elbow pain.,"None specific. Retain the card, but it should still pass the global linter and image/equipment gate after the H3 generator is updated."
ea_front_shoulder_stretch_with_bar,Front Shoulder Stretch with Bar,Stretching - Mobility,P2,False,NOT_VERIFIED,SPINE_CUE,Steps,Uses 'flat/straight back' as a rigid dynamic cue; for loaded hinges/rows/planks a stable neutral spine is clearer.,Use 'brace and maintain a stable/neutral spine' unless flat contact with a support is the actual goal.
ea_half_neck_rolls,Half Neck Rolls,Stretching - Mobility,P1,True,PASS,PRIOR_REAUDIT,Purpose/Steps,"The 'safe version' wording was softened, but the copy still declares backward motion the direction most likely to cause discomfort for a stiff neck. Better: controlled symptom-free range; do not force end range.","Use: 'Move slowly through a comfortable, symptom-free range; do not force end range.' Avoid declaring one direction universally unsafe.; Use neutral wording about the movement/muscles; avoid claiming one exercise reverses a lifestyle/postural problem without assessment."
ea_half_neck_rolls,Half Neck Rolls,Stretching - Mobility,P1,True,PASS,NECK_SPECIALIZED,Purpose/Steps,Direct neck loading or large cervical motion is specialized and needs conservative progression and symptom screening.,"Start unloaded or very light, use controlled neutral-to-comfortable range, avoid forcing end range, and stop for sharp/radiating pain, numbness, tingling, dizziness or neurologic symptoms."
ea_kneeling_hip_flexor_stretch,Kneeling Hip Flexor Stretch,Stretching - Mobility,P2,False,NOT_VERIFIED,SPINE_CUE,Steps,Uses 'flat/straight back' as a rigid dynamic cue; for loaded hinges/rows/planks a stable neutral spine is clearer.,Use 'brace and maintain a stable/neutral spine' unless flat contact with a support is the actual goal.
ea_lats_stretch_on_wall,Lats Stretch on Wall,Stretching - Mobility,P2,True,PASS,PRIOR_REAUDIT,Purpose/Steps,This card was not materially changed in REV2 for the prior finding(s); the previous finding remains open.,Use neutral wording about the movement/muscles; avoid claiming one exercise reverses a lifestyle/postural problem without assessment.
ea_lying_bent_knee_cross_glutes_stretch,Lying Bent Knee Cross Glutes Stretch,Stretching - Mobility,P2,True,PASS,PRIOR_REAUDIT,Purpose; Purpose/Steps,This card was not materially changed in REV2 for the prior finding(s); the previous finding remains open.,Use neutral wording about the movement/muscles; avoid claiming one exercise reverses a lifestyle/postural problem without assessment.
ea_lying_bent_knee_cross_glutes_stretch,Lying Bent Knee Cross Glutes Stretch,Stretching - Mobility,P2,True,PASS,POSTURE_CAUSAL,Purpose; Purpose/Steps,Attributes posture/tightness to a single lifestyle cause or implies one exercise corrects it without assessment.,Describe the movement/muscles and mobility target; avoid diagnosing a posture problem or promising to reverse it.
ea_lying_knee_hugs_lower_back_stretch,Lying Knee Hugs Lower Back Stretch,Stretching - Mobility,P2,True,PASS,PRIOR_REAUDIT,Purpose/Steps,"The 'safest possible' claim was removed, but 'relieves compression' and 'first thing that helps a stiff back' remain treatment-like. Describe supported lumbar/hip flexion and gentle mobility instead.","Replace with relative, observable wording; safety depends on load, technique, symptoms, environment and individual capacity.; Use neutral wording about the movement/muscles; avoid claiming one exercise reverses a lifestyle/postural problem without assessment."
ea_lying_knees_to_floor_lower_back_stretch,Lying Knees to Floor Lower Back Stretch,Stretching - Mobility,P2,True,PASS,PRIOR_REAUDIT,Purpose; Purpose/Steps,The absolute safety wording is fixed. The comparative claim that rotation is lost faster than other directions remains unnecessary; describe the supported rotation directly.,"Replace with relative, observable wording; safety depends on load, technique, symptoms, environment and individual capacity.; State the direct effect of the exercise without ranking it against another method."
ea_lying_knees_to_floor_lower_back_stretch,Lying Knees to Floor Lower Back Stretch,Stretching - Mobility,P2,True,PASS,SUPERLATIVE_CLAIM,Purpose; Purpose/Steps,"Uses a best/most/only/comparative claim without a defined population, outcome or evidence threshold.","State the direct training effect, or soften to 'can', 'may', 'often', 'a useful option' and define the comparison if it matters."
ea_overhead_triceps_stretch_side_angle,Overhead Triceps Stretch Side Angle,Stretching - Mobility,P2,False,NOT_VERIFIED,DUPLICATE_STEPS,Title↔Steps,"Steps are exactly identical to another differently named exercise: Overhead Triceps Stretch Side Angle, Overhand Tricep Stretching Single Arm.","Check whether these are true variants. If the movement differs, rewrite the distinguishing setup/execution cue; if identical, consider alias/dedup metadata."
ea_revolved_head_to_knee,Revolved Head to Knee,Stretching - Mobility,P1,True,PASS,PRIOR_REAUDIT,Purpose; Purpose/Steps,This card was not materially changed in REV2 for the prior finding(s); the previous finding remains open.,"Replace with 'can', 'may', 'often', 'a useful option', or a specific observable training effect."
ea_revolved_head_to_knee,Revolved Head to Knee,Stretching - Mobility,P1,True,PASS,SUPERLATIVE_CLAIM,Purpose; Purpose/Steps,"Uses a best/most/only/comparative claim without a defined population, outcome or evidence threshold.","State the direct training effect, or soften to 'can', 'may', 'often', 'a useful option' and define the comparison if it matters."
ea_runner_stretch,Runner Stretch,Stretching - Mobility,P2,False,NOT_VERIFIED,SPINE_CUE,Steps,Uses 'flat/straight back' as a rigid dynamic cue; for loaded hinges/rows/planks a stable neutral spine is clearer.,Use 'brace and maintain a stable/neutral spine' unless flat contact with a support is the actual goal.
ea_seated_single_leg_hamstring_stretch,Seated Single Leg Hamstring Stretch,Stretching - Mobility,P2,False,NOT_VERIFIED,SPINE_CUE,Steps,Uses 'flat/straight back' as a rigid dynamic cue; for loaded hinges/rows/planks a stable neutral spine is clearer.,Use 'brace and maintain a stable/neutral spine' unless flat contact with a support is the actual goal.
ea_side_chest_stretch_on_wall,Side Chest Stretch on Wall,Stretching - Mobility,P2,True,PASS,PRIOR_REAUDIT,Purpose/Steps,This card was not materially changed in REV2 for the prior finding(s); the previous finding remains open.,Use neutral wording about the movement/muscles; avoid claiming one exercise reverses a lifestyle/postural problem without assessment.
ea_single_arm_extended_pull_downwards_biceps_stretch,Single Arm Extended Pull Downwards Biceps Stretch,Stretching - Mobility,P1,True,PASS,JOINT_LOCK,Steps,"Uses 'lock' at a knee/elbow, which can be interpreted as forceful hyperextension.",Use 'fully extend without forceful hyperextension' or simply 'straighten under control'.
ea_standing_bow_hamstring_stretch,Standing Bow Hamstring Stretch,Stretching - Mobility,P2,False,NOT_VERIFIED,SPINE_CUE,Steps,Uses 'flat/straight back' as a rigid dynamic cue; for loaded hinges/rows/planks a stable neutral spine is clearer.,Use 'brace and maintain a stable/neutral spine' unless flat contact with a support is the actual goal.
ea_standing_hamstring_calf_stretch_with_resistance_band,Standing Hamstring Calf Stretch with Resistance Band,Stretching - Mobility,P2,False,NOT_VERIFIED,SPINE_CUE,Steps,Uses 'flat/straight back' as a rigid dynamic cue; for loaded hinges/rows/planks a stable neutral spine is clearer.,Use 'brace and maintain a stable/neutral spine' unless flat contact with a support is the actual goal.
ea_standing_lateral_stretch,Standing Lateral Stretch,Stretching - Mobility,P1,False,NOT_VERIFIED,FORCED_ROM,Steps,Unqualified maximum-range cue may push a user beyond the range they can control without symptoms or compensation.,"Use the largest controlled, pain-free range available without compensation; regress range if alignment or symptoms deteriorate."
ea_standing_quadriceps_stretch,Standing Quadriceps Stretch,Stretching - Mobility,P2,False,NOT_VERIFIED,DUPLICATE_STEPS,Title↔Steps,"Steps are exactly identical to another differently named exercise: Standing Quadriceps Stretch, Standing Quadriceps Stretch Side Angle.","Check whether these are true variants. If the movement differs, rewrite the distinguishing setup/execution cue; if identical, consider alias/dedup metadata."
ea_standing_quadriceps_stretch_side_angle,Standing Quadriceps Stretch Side Angle,Stretching - Mobility,P2,False,NOT_VERIFIED,DUPLICATE_STEPS,Title↔Steps,"Steps are exactly identical to another differently named exercise: Standing Quadriceps Stretch, Standing Quadriceps Stretch Side Angle.","Check whether these are true variants. If the movement differs, rewrite the distinguishing setup/execution cue; if identical, consider alias/dedup metadata."
ea_band_bent_over_one_arm_kickback,Band Bent Over One Arm Kickback,Triceps,P2,False,NOT_VERIFIED,SPINE_CUE,Steps,Uses 'flat/straight back' as a rigid dynamic cue; for loaded hinges/rows/planks a stable neutral spine is clearer.,Use 'brace and maintain a stable/neutral spine' unless flat contact with a support is the actual goal.
ea_barbell_lying_extension,Barbell Lying Extension,Triceps,P2,False,NOT_VERIFIED,DUPLICATE_STEPS,Title↔Steps,"Steps are exactly identical to another differently named exercise: Barbell Lying Extension, Barbell Lying Triceps Extension.","Check whether these are true variants. If the movement differs, rewrite the distinguishing setup/execution cue; if identical, consider alias/dedup metadata."
ea_barbell_lying_triceps_extension,Barbell Lying Triceps Extension,Triceps,P2,False,NOT_VERIFIED,DUPLICATE_STEPS,Title↔Steps,"Steps are exactly identical to another differently named exercise: Barbell Lying Extension, Barbell Lying Triceps Extension.","Check whether these are true variants. If the movement differs, rewrite the distinguishing setup/execution cue; if identical, consider alias/dedup metadata."
ea_barbell_lying_triceps_skull_crusher,Barbell Lying Triceps Skull Crusher,Triceps,P2,False,NOT_VERIFIED,DUPLICATE_STEPS,Title↔Steps,"Steps are exactly identical to another differently named exercise: Barbell Lying Triceps Skull Crusher, Barbell Lying Triceps Skull Crushers.","Check whether these are true variants. If the movement differs, rewrite the distinguishing setup/execution cue; if identical, consider alias/dedup metadata."
ea_barbell_lying_triceps_skull_crushers,Barbell Lying Triceps Skull Crushers,Triceps,P2,False,NOT_VERIFIED,DUPLICATE_STEPS,Title↔Steps,"Steps are exactly identical to another differently named exercise: Barbell Lying Triceps Skull Crusher, Barbell Lying Triceps Skull Crushers.","Check whether these are true variants. If the movement differs, rewrite the distinguishing setup/execution cue; if identical, consider alias/dedup metadata."
ea_cable_neutral_grip_kickback,Cable Neutral Grip Kickback,Triceps,P2,False,NOT_VERIFIED,SPINE_CUE,Steps,Uses 'flat/straight back' as a rigid dynamic cue; for loaded hinges/rows/planks a stable neutral spine is clearer.,Use 'brace and maintain a stable/neutral spine' unless flat contact with a support is the actual goal.
ea_cable_pushdown,Cable Pushdown,Triceps,P2,False,NOT_VERIFIED,SPINE_CUE,Steps,Uses 'flat/straight back' as a rigid dynamic cue; for loaded hinges/rows/planks a stable neutral spine is clearer.,Use 'brace and maintain a stable/neutral spine' unless flat contact with a support is the actual goal.
ea_cable_reverse_grip_pushdown,Cable Reverse Grip Pushdown,Triceps,P2,False,NOT_VERIFIED,SPINE_CUE,Steps; Title↔Steps,Uses 'flat/straight back' as a rigid dynamic cue; for loaded hinges/rows/planks a stable neutral spine is clearer.,Use 'brace and maintain a stable/neutral spine' unless flat contact with a support is the actual goal.
ea_cable_reverse_grip_pushdown,Cable Reverse Grip Pushdown,Triceps,P2,False,NOT_VERIFIED,DUPLICATE_STEPS,Steps; Title↔Steps,"Steps are exactly identical to another differently named exercise: Cable Reverse Grip Pushdown, Cable Reverse Grip Triceps Push Down Straight Bar on Crossover, Cable Reverse Grip Triceps Pushdown Back Side Pov.","Check whether these are true variants. If the movement differs, rewrite the distinguishing setup/execution cue; if identical, consider alias/dedup metadata."
ea_cable_reverse_grip_triceps_push_down_straight_bar_on_crossover,Cable Reverse Grip Triceps Push Down Straight Bar on Crossover,Triceps,P2,False,NOT_VERIFIED,SPINE_CUE,Steps; Title↔Steps,Uses 'flat/straight back' as a rigid dynamic cue; for loaded hinges/rows/planks a stable neutral spine is clearer.,Use 'brace and maintain a stable/neutral spine' unless flat contact with a support is the actual goal.
ea_cable_reverse_grip_triceps_push_down_straight_bar_on_crossover,Cable Reverse Grip Triceps Push Down Straight Bar on Crossover,Triceps,P2,False,NOT_VERIFIED,DUPLICATE_STEPS,Steps; Title↔Steps,"Steps are exactly identical to another differently named exercise: Cable Reverse Grip Pushdown, Cable Reverse Grip Triceps Push Down Straight Bar on Crossover, Cable Reverse Grip Triceps Pushdown Back Side Pov.","Check whether these are true variants. If the movement differs, rewrite the distinguishing setup/execution cue; if identical, consider alias/dedup metadata."
ea_cable_reverse_grip_triceps_pushdown_ez_bar,Cable Reverse Grip Triceps Pushdown (ez-bar),Triceps,P2,False,NOT_VERIFIED,SPINE_CUE,Steps,Uses 'flat/straight back' as a rigid dynamic cue; for loaded hinges/rows/planks a stable neutral spine is clearer.,Use 'brace and maintain a stable/neutral spine' unless flat contact with a support is the actual goal.
ea_cable_reverse_grip_triceps_pushdown_back_side_pov,Cable Reverse Grip Triceps Pushdown Back Side Pov,Triceps,P2,False,NOT_VERIFIED,SPINE_CUE,Steps; Title↔Steps,Uses 'flat/straight back' as a rigid dynamic cue; for loaded hinges/rows/planks a stable neutral spine is clearer.,Use 'brace and maintain a stable/neutral spine' unless flat contact with a support is the actual goal.
ea_cable_reverse_grip_triceps_pushdown_back_side_pov,Cable Reverse Grip Triceps Pushdown Back Side Pov,Triceps,P2,False,NOT_VERIFIED,DUPLICATE_STEPS,Steps; Title↔Steps,"Steps are exactly identical to another differently named exercise: Cable Reverse Grip Pushdown, Cable Reverse Grip Triceps Push Down Straight Bar on Crossover, Cable Reverse Grip Triceps Pushdown Back Side Pov.","Check whether these are true variants. If the movement differs, rewrite the distinguishing setup/execution cue; if identical, consider alias/dedup metadata."
ea_cable_triceps_push_down_elbow_out_v_bar,Cable Triceps Push Down Elbow Out (v Bar),Triceps,P2,False,NOT_VERIFIED,SPINE_CUE,Steps,Uses 'flat/straight back' as a rigid dynamic cue; for loaded hinges/rows/planks a stable neutral spine is clearer.,Use 'brace and maintain a stable/neutral spine' unless flat contact with a support is the actual goal.
ea_cable_triceps_push_down_ez_bar,Cable Triceps Push Down Ez Bar,Triceps,P2,False,NOT_VERIFIED,SPINE_CUE,Steps,Uses 'flat/straight back' as a rigid dynamic cue; for loaded hinges/rows/planks a stable neutral spine is clearer.,Use 'brace and maintain a stable/neutral spine' unless flat contact with a support is the actual goal.
ea_cable_triceps_push_down_ez_bar_close_grip,Cable Triceps Push Down Ez Bar Close Grip,Triceps,P2,False,NOT_VERIFIED,SPINE_CUE,Steps,Uses 'flat/straight back' as a rigid dynamic cue; for loaded hinges/rows/planks a stable neutral spine is clearer.,Use 'brace and maintain a stable/neutral spine' unless flat contact with a support is the actual goal.
ea_cable_triceps_push_down_ez_bar_wide_grip,Cable Triceps Push Down Ez Bar Wide Grip,Triceps,P2,False,NOT_VERIFIED,SPINE_CUE,Steps,Uses 'flat/straight back' as a rigid dynamic cue; for loaded hinges/rows/planks a stable neutral spine is clearer.,Use 'brace and maintain a stable/neutral spine' unless flat contact with a support is the actual goal.
ea_cable_triceps_push_down_straight_bar,Cable Triceps Push Down Straight Bar,Triceps,P2,False,NOT_VERIFIED,SPINE_CUE,Steps,Uses 'flat/straight back' as a rigid dynamic cue; for loaded hinges/rows/planks a stable neutral spine is clearer.,Use 'brace and maintain a stable/neutral spine' unless flat contact with a support is the actual goal.
ea_cable_triceps_push_down_v_bar,Cable Triceps Push Down V Bar,Triceps,P2,False,NOT_VERIFIED,SPINE_CUE,Steps,Uses 'flat/straight back' as a rigid dynamic cue; for loaded hinges/rows/planks a stable neutral spine is clearer.,Use 'brace and maintain a stable/neutral spine' unless flat contact with a support is the actual goal.
ea_diamond_push_up,Diamond Push Up,Triceps,P2,False,NOT_VERIFIED,SPINE_CUE,Steps,Uses 'flat/straight back' as a rigid dynamic cue; for loaded hinges/rows/planks a stable neutral spine is clearer.,Use 'brace and maintain a stable/neutral spine' unless flat contact with a support is the actual goal.
ea_diamond_push_up_on_knees,Diamond Push-up (on Knees),Triceps,P2,False,NOT_VERIFIED,SPINE_CUE,Steps,Uses 'flat/straight back' as a rigid dynamic cue; for loaded hinges/rows/planks a stable neutral spine is clearer.,Use 'brace and maintain a stable/neutral spine' unless flat contact with a support is the actual goal.
ea_dumbbell_overhead_extension_standing,Dumbbell Overhead Extension Standing,Triceps,P2,False,NOT_VERIFIED,SPINE_CUE,Steps,Uses 'flat/straight back' as a rigid dynamic cue; for loaded hinges/rows/planks a stable neutral spine is clearer.,Use 'brace and maintain a stable/neutral spine' unless flat contact with a support is the actual goal.
ea_dumbbell_seated_kickback,Dumbbell Seated Kickback,Triceps,P2,False,NOT_VERIFIED,SPINE_CUE,Steps,Uses 'flat/straight back' as a rigid dynamic cue; for loaded hinges/rows/planks a stable neutral spine is clearer.,Use 'brace and maintain a stable/neutral spine' unless flat contact with a support is the actual goal.
ea_dumbbell_standing_both_arms_kickback,Dumbbell Standing Both Arms Kickback,Triceps,P2,False,NOT_VERIFIED,SPINE_CUE,Steps,Uses 'flat/straight back' as a rigid dynamic cue; for loaded hinges/rows/planks a stable neutral spine is clearer.,Use 'brace and maintain a stable/neutral spine' unless flat contact with a support is the actual goal.
ea_dumbbell_triceps_kick_back_single_arm,Dumbbell Triceps Kick Back Single Arm,Triceps,P2,False,NOT_VERIFIED,SPINE_CUE,Steps,Uses 'flat/straight back' as a rigid dynamic cue; for loaded hinges/rows/planks a stable neutral spine is clearer.,Use 'brace and maintain a stable/neutral spine' unless flat contact with a support is the actual goal.
ea_floor_tricep_dip,Floor Tricep Dip,Triceps,P2,True,PASS,PRIOR_REAUDIT,Purpose/Steps; Steps,Purpose calls this a 'safe first dip'. Prefer 'easier-to-scale dip variation'; shoulder/wrist comfort and range still vary by user.,"None specific. Retain the card, but it should still pass the global linter and image/equipment gate after the H3 generator is updated."
ea_floor_tricep_dip,Floor Tricep Dip,Triceps,P2,True,PASS,SPINE_CUE,Purpose/Steps; Steps,Uses 'flat/straight back' as a rigid dynamic cue; for loaded hinges/rows/planks a stable neutral spine is clearer.,Use 'brace and maintain a stable/neutral spine' unless flat contact with a support is the actual goal.
ea_overhand_tricep_stretching_single_arm,Overhand Tricep Stretching Single Arm,Triceps,P2,False,NOT_VERIFIED,DUPLICATE_STEPS,Title↔Steps,"Steps are exactly identical to another differently named exercise: Overhead Triceps Stretch Side Angle, Overhand Tricep Stretching Single Arm.","Check whether these are true variants. If the movement differs, rewrite the distinguishing setup/execution cue; if identical, consider alias/dedup metadata."
ea_tricep_cable_kickback_on_crossover_machine,Tricep Cable Kickback on Crossover Machine,Triceps,P2,False,NOT_VERIFIED,SPINE_CUE,Steps,Uses 'flat/straight back' as a rigid dynamic cue; for loaded hinges/rows/planks a stable neutral spine is clearer.,Use 'brace and maintain a stable/neutral spine' unless flat contact with a support is the actual goal.
ea_3_leg_chatarunga_pose,3 Leg Chatarunga Pose,Yoga,P2,False,NOT_VERIFIED,SPINE_CUE,Steps,Uses 'flat/straight back' as a rigid dynamic cue; for loaded hinges/rows/planks a stable neutral spine is clearer.,Use 'brace and maintain a stable/neutral spine' unless flat contact with a support is the actual goal.
ea_3_leg_dog_pose,3 Leg Dog Pose,Yoga,P2,False,NOT_VERIFIED,SPINE_CUE,Steps,Uses 'flat/straight back' as a rigid dynamic cue; for loaded hinges/rows/planks a stable neutral spine is clearer.,Use 'brace and maintain a stable/neutral spine' unless flat contact with a support is the actual goal.
ea_archer_step_back,Archer Step Back,Yoga,P2,False,NOT_VERIFIED,SPINE_CUE,Steps; Title↔Steps,Uses 'flat/straight back' as a rigid dynamic cue; for loaded hinges/rows/planks a stable neutral spine is clearer.,Use 'brace and maintain a stable/neutral spine' unless flat contact with a support is the actual goal.
ea_archer_step_back,Archer Step Back,Yoga,P2,False,NOT_VERIFIED,VAGUE_HOLD,Steps; Title↔Steps,Uses vague timing ('hold for a while/few seconds').,"Use an explicit short pause such as 1–2 seconds, or a defined static-stretch duration when appropriate."
ea_archer_step_back,Archer Step Back,Yoga,P2,False,NOT_VERIFIED,DUPLICATE_STEPS,Steps; Title↔Steps,"Steps are exactly identical to another differently named exercise: Archer Step Back, Archer Stepback.","Check whether these are true variants. If the movement differs, rewrite the distinguishing setup/execution cue; if identical, consider alias/dedup metadata."
ea_archer_stepback,Archer Stepback,Yoga,P2,False,NOT_VERIFIED,SPINE_CUE,Steps; Title↔Steps,Uses 'flat/straight back' as a rigid dynamic cue; for loaded hinges/rows/planks a stable neutral spine is clearer.,Use 'brace and maintain a stable/neutral spine' unless flat contact with a support is the actual goal.
ea_archer_stepback,Archer Stepback,Yoga,P2,False,NOT_VERIFIED,VAGUE_HOLD,Steps; Title↔Steps,Uses vague timing ('hold for a while/few seconds').,"Use an explicit short pause such as 1–2 seconds, or a defined static-stretch duration when appropriate."
ea_archer_stepback,Archer Stepback,Yoga,P2,False,NOT_VERIFIED,DUPLICATE_STEPS,Steps; Title↔Steps,"Steps are exactly identical to another differently named exercise: Archer Step Back, Archer Stepback.","Check whether these are true variants. If the movement differs, rewrite the distinguishing setup/execution cue; if identical, consider alias/dedup metadata."
ea_bow_pose,Bow Pose,Yoga,P2,True,PASS,PRIOR_REAUDIT,Purpose; Purpose/Steps,This card was not materially changed in REV2 for the prior finding(s); the previous finding remains open.,Use neutral wording about the movement/muscles; avoid claiming one exercise reverses a lifestyle/postural problem without assessment.
ea_bow_pose,Bow Pose,Yoga,P2,True,PASS,POSTURE_CAUSAL,Purpose; Purpose/Steps,Attributes posture/tightness to a single lifestyle cause or implies one exercise corrects it without assessment.,Describe the movement/muscles and mobility target; avoid diagnosing a posture problem or promising to reverse it.
ea_cat_pose,Cat Pose,Yoga,P2,True,PASS,PRIOR_REAUDIT,Purpose/Steps,This card was not materially changed in REV2 for the prior finding(s); the previous finding remains open.,Use neutral wording about the movement/muscles; avoid claiming one exercise reverses a lifestyle/postural problem without assessment.
ea_cobra_push_up,Cobra Push Up,Yoga,P1,False,NOT_VERIFIED,MALFORMED_STEP,Steps,"A list item contains embedded numbering/formatting from another step, so the sequence is malformed.",Split the embedded instruction into its own step and normalize numbering/punctuation.
ea_crescent_moon_pose,Crescent Moon Pose,Yoga,P2,True,PASS,PRIOR_REAUDIT,Purpose/Steps,This card was not materially changed in REV2 for the prior finding(s); the previous finding remains open.,Qualify the target: 'about ... if comfortable and controlled' or use available pain-free ROM.
ea_criss_cross_bow_tie_pose,Criss Cross Bow Tie Pose,Yoga,P1,True,PASS,PRIOR_REAUDIT,Purpose; Purpose/Steps,This card was not materially changed in REV2 for the prior finding(s); the previous finding remains open.,"Replace with 'can', 'may', 'often', 'a useful option', or a specific observable training effect."
ea_criss_cross_bow_tie_pose,Criss Cross Bow Tie Pose,Yoga,P1,True,PASS,SUPERLATIVE_CLAIM,Purpose; Purpose/Steps,"Uses a best/most/only/comparative claim without a defined population, outcome or evidence threshold.","State the direct training effect, or soften to 'can', 'may', 'often', 'a useful option' and define the comparison if it matters."
ea_crow_pose,Crow Pose,Yoga,P1,True,PASS,PRIOR_REAUDIT,Purpose/Steps,This card was not materially changed in REV2 for the prior finding(s); the previous finding remains open.,"Add wrist/shoulder risk tags, difficulty=Advanced, cushion/wall/regression guidance, and stop-if-pain cue.; Require difficulty, prerequisites, regressions and relevant joint/region safety tags before publication."
ea_eagle_arms_chin_into_chest,Eagle Arms Chin Into Chest,Yoga,P2,True,PASS,PRIOR_REAUDIT,Purpose/Steps,This card was not materially changed in REV2 for the prior finding(s); the previous finding remains open.,Use neutral wording about the movement/muscles; avoid claiming one exercise reverses a lifestyle/postural problem without assessment.
ea_easy_pose_neck_stretch,Easy Pose Neck Stretch,Yoga,P2,True,PASS,PRIOR_REAUDIT,Purpose/Steps,This card was not materially changed in REV2 for the prior finding(s); the previous finding remains open.,Use neutral wording about the movement/muscles; avoid claiming one exercise reverses a lifestyle/postural problem without assessment.
ea_easy_seated_twist_pose,Easy Seated Twist Pose,Yoga,P2,True,PASS,PRIOR_REAUDIT,Purpose/Steps,This card was not materially changed in REV2 for the prior finding(s); the previous finding remains open.,Use neutral wording about the movement/muscles; avoid claiming one exercise reverses a lifestyle/postural problem without assessment.
ea_extended_side_angle_pose,Extended Side Angle Pose,Yoga,P2,True,PASS,PRIOR_REAUDIT,Purpose/Steps,This card was not materially changed in REV2 for the prior finding(s); the previous finding remains open.,Qualify the target: 'about ... if comfortable and controlled' or use available pain-free ROM.
ea_gate_pose_rounding_spine_looking_up,Gate Pose Rounding Spine Looking Up,Yoga,P1,True,PASS,PRIOR_REAUDIT,Purpose; Purpose/Steps,This card was not materially changed in REV2 for the prior finding(s); the previous finding remains open.,"Replace with 'can', 'may', 'often', 'a useful option', or a specific observable training effect."
ea_gate_pose_rounding_spine_looking_up,Gate Pose Rounding Spine Looking Up,Yoga,P1,True,PASS,SUPERLATIVE_CLAIM,Purpose; Purpose/Steps,"Uses a best/most/only/comparative claim without a defined population, outcome or evidence threshold.","State the direct training effect, or soften to 'can', 'may', 'often', 'a useful option' and define the comparison if it matters."
ea_gate_pose_variation_arm_extended_on_side,Gate Pose Variation Arm Extended on Side,Yoga,P2,True,PASS,PRIOR_REAUDIT,Purpose/Steps,Purpose recommends the variation for a sore shoulder. State the mechanical difference (reduced overhead demand / side reach) rather than prescribing it for pain.,"None specific. Retain the card, but it should still pass the global linter and image/equipment gate after the H3 generator is updated."
ea_half_lotus,Half Lotus,Yoga,P2,True,PASS,PRIOR_REAUDIT,Purpose/Steps,This card was not materially changed in REV2 for the prior finding(s); the previous finding remains open.,Use neutral wording about the movement/muscles; avoid claiming one exercise reverses a lifestyle/postural problem without assessment.
ea_half_monkey_pose,Half Monkey Pose,Yoga,P1,True,PASS,PRIOR_REAUDIT,Purpose/Steps,This card was not materially changed in REV2 for the prior finding(s); the previous finding remains open.,"Require difficulty, prerequisites, regressions and relevant joint/region safety tags before publication."
ea_happy_baby,Happy Baby,Yoga,P2,True,PASS,PRIOR_REAUDIT,Purpose/Steps,"The absolute safety claim is fixed, but 'tends to suit sore backs' is still symptom-prescriptive. Keep the supported hip-opening description and use a stop-if-pain cue.","Replace with relative, observable wording; safety depends on load, technique, symptoms, environment and individual capacity.; Keep the card inside fitness scope: describe the training target; add symptom-based stop/referral guidance instead of promising treatment."
ea_high_plank,High Plank,Yoga,P2,False,NOT_VERIFIED,SPINE_CUE,Steps,Uses 'flat/straight back' as a rigid dynamic cue; for loaded hinges/rows/planks a stable neutral spine is clearer.,Use 'brace and maintain a stable/neutral spine' unless flat contact with a support is the actual goal.
ea_monkey_pose,Monkey Pose,Yoga,P1,True,PASS,PRIOR_REAUDIT,Purpose/Steps,This card was not materially changed in REV2 for the prior finding(s); the previous finding remains open.,"Require difficulty, prerequisites, regressions and relevant joint/region safety tags before publication."
ea_pigeon_glutes_stretch,Pigeon Glutes Stretch,Yoga,P2,True,PASS,PRIOR_REAUDIT,Purpose; Purpose/Steps; Steps,"Major fix is good: the card now explicitly distinguishes strong stretch from pain. Still remove causal/symptom wording about sitting, lower-back and leg discomfort; add stop guidance for radiating pain, numbness or tingling.","Rewrite to mild-tension language and add STOP cues for sharp/radiating pain, numbness or tingling.; Replace with 'can', 'may', 'often', 'a useful option', or a specific observable training effect.; Keep the card inside fitness scope: describe the training target; add symptom-based stop/referral guidance instead of promising treatment.; Use neutral wording about the movement/muscles; avoid claiming one exercise reverses a lifestyle/postural problem without assessment.; State: mild muscular effort/tension can be acceptable; sharp, radiating, joint or neurologic pain is a stop signal."
ea_pigeon_glutes_stretch,Pigeon Glutes Stretch,Yoga,P2,True,PASS,SPINE_CUE,Purpose; Purpose/Steps; Steps,Uses 'flat/straight back' as a rigid dynamic cue; for loaded hinges/rows/planks a stable neutral spine is clearer.,Use 'brace and maintain a stable/neutral spine' unless flat contact with a support is the actual goal.
ea_pigeon_glutes_stretch,Pigeon Glutes Stretch,Yoga,P2,True,PASS,POSTURE_CAUSAL,Purpose; Purpose/Steps; Steps,Attributes posture/tightness to a single lifestyle cause or implies one exercise corrects it without assessment.,Describe the movement/muscles and mobility target; avoid diagnosing a posture problem or promising to reverse it.
ea_pigeon_pose,Pigeon Pose,Yoga,P1,True,PASS,PRIOR_REAUDIT,Purpose/Steps; Steps,This card was not materially changed in REV2 for the prior finding(s); the previous finding remains open.,"Replace with 'can', 'may', 'often', 'a useful option', or a specific observable training effect."
ea_pigeon_pose,Pigeon Pose,Yoga,P1,True,PASS,SPINE_CUE,Purpose/Steps; Steps,Uses 'flat/straight back' as a rigid dynamic cue; for loaded hinges/rows/planks a stable neutral spine is clearer.,Use 'brace and maintain a stable/neutral spine' unless flat contact with a support is the actual goal.
ea_puppy_pose,Puppy Pose,Yoga,P1,True,PASS,PRIOR_REAUDIT,Purpose; Purpose/Steps,"The conditional context helps, but 'the lower back is not involved' and 'the best shape' are still too absolute. Say it reduces lumbar demand for some users while emphasizing shoulder/thoracic range.","Replace with 'can', 'may', 'often', 'a useful option', or a specific observable training effect."
ea_puppy_pose,Puppy Pose,Yoga,P1,True,PASS,SUPERLATIVE_CLAIM,Purpose; Purpose/Steps,"Uses a best/most/only/comparative claim without a defined population, outcome or evidence threshold.","State the direct training effect, or soften to 'can', 'may', 'often', 'a useful option' and define the comparison if it matters."
ea_reclining_pigeon_pose,Reclining Pigeon Pose,Yoga,P1,True,PASS,PRIOR_REAUDIT,Purpose/Steps,This card was not materially changed in REV2 for the prior finding(s); the previous finding remains open.,"Use: 'Often easier to scale because the floor supports the trunk and the user controls the pull.' Avoid prescribing it for a sore back without assessment.; Replace with 'can', 'may', 'often', 'a useful option', or a specific observable training effect.; Keep the card inside fitness scope: describe the training target; add symptom-based stop/referral guidance instead of promising treatment."
ea_resistance_band_glute_bridge_abduction,Resistance Band Glute Bridge Abduction,Yoga,P1,False,NOT_VERIFIED,FORCED_ROM,Steps,Unqualified maximum-range cue may push a user beyond the range they can control without symptoms or compensation.,"Use the largest controlled, pain-free range available without compensation; regress range if alignment or symptoms deteriorate."
ea_revolved_side_angle_pose_with_prayer_hands_beginner,Revolved Side Angle Pose with Prayer Hands Beginner,Yoga,P2,True,PASS,PRIOR_REAUDIT,Purpose/Steps,This card was not materially changed in REV2 for the prior finding(s); the previous finding remains open.,Qualify the target: 'about ... if comfortable and controlled' or use available pain-free ROM.
ea_seated_cross_leg_glute_stretch,Seated Cross Leg Glute Stretch,Yoga,P2,False,NOT_VERIFIED,SPINE_CUE,Steps,Uses 'flat/straight back' as a rigid dynamic cue; for loaded hinges/rows/planks a stable neutral spine is clearer.,Use 'brace and maintain a stable/neutral spine' unless flat contact with a support is the actual goal.
ea_wild_thing_pose,Wild Thing Pose,Yoga,P1,True,PASS,PRIOR_REAUDIT,Purpose/Steps,This card was not materially changed in REV2 for the prior finding(s); the previous finding remains open.,"Add wrist/shoulder/back tags, Advanced difficulty, prerequisite side-plank control, regression and controlled-range cue.; Require difficulty, prerequisites, regressions and relevant joint/region safety tags before publication."
